Algorithm: Kruskal's MST

MST edges:
36328 41868 1
27401 47484 1
3370 30683 1
7613 37214 1
13893 29548 1
24325 40696 1
7626 8008 1
349 18011 1
7639 8120 1
7646 19445 1
19362 28940 1
7647 41070 1
11736 47338 1
5014 8724 1
7605 28649 1
11731 39950 1
27440 36849 1
7656 25525 1
21985 31001 1
36302 40293 1
21992 30363 1
24312 40474 1
18551 39101 1
18551 34582 1
7667 36357 1
15953 27443 1
7669 40836 1
7554 11250 1
333 31196 1
21911 38787 1
7532 17818 1
7534 30690 1
2416 28852 1
7539 12596 1
2902 3990 1
13874 23284 1
3872 13768 1
20403 46340 1
5043 43529 1
7552 31365 1
24307 30141 1
3873 44160 1
20086 33733 1
36567 41123 1
16005 23664 1
19351 35115 1
7579 33969 1
13884 32385 1
20407 48701 1
21949 28429 1
19356 33506 1
27401 43554 1
15995 25694 1
3913 34053 1
36066 44969 1
15925 38135 1
7726 20015 1
11672 36028 1
36044 36812 1
366 4754 1
22060 44299 1
13937 22742 1
22073 43209 1
24259 35004 1
35984 38212 1
2420 14532 1
7719 13963 1
4980 35505 1
3914 41252 1
372 2131 1
4979 31697 1
3916 22517 1
20670 45235 1
4978 7667 1
18531 44334 1
15886 20972 1
19384 38129 1
1096 13865 1
35878 36294 1
3898 39464 1
36274 36999 1
17205 32826 1
22009 49855 1
15952 36551 1
356 1746 1
1110 36899 1
7679 37940 1
7681 40132 1
27473 45474 1
7692 17289 1
27496 39978 1
18550 23261 1
36737 43927 1
22038 40233 1
13934 16648 1
36114 36122 1
4995 47798 1
19372 40775 1
3359 9216 1
22046 27983 1
1104 5501 1
15934 27617 1
2554 11129 1
27539 46263 1
27543 46102 1
7375 14951 1
27122 29124 1
299 682 1
11965 23746 1
3836 4408 1
11964 28370 1
21809 32652 1
7361 19593 1
7361 40663 1
11961 24066 1
11960 33951 1
7366 39405 1
24440 35239 1
24442 38379 1
37260 49045 1
304 1542 1
27152 43384 1
13832 32479 1
37229 49587 1
16109 26786 1
2885 10474 1
27175 46753 1
5092 6446 1
17817 18648 1
11927 15557 1
7393 44419 1
37483 46949 1
37551 48534 1
11987 45936 1
1890 4002 1
11987 35419 1
37531 39704 1
7314 25618 1
37522 42310 1
37517 40929 1
27082 41789 1
11982 39469 1
24450 43538 1
27084 36262 1
7397 49470 1
292 7020 1
24449 48300 1
27092 42932 1
3388 24216 1
11975 21063 1
2677 15581 1
27110 39934 1
19307 40496 1
13821 29046 1
20692 40343 1
2880 41783 1
2881 29180 1
24375 31340 1
16064 40721 1
11873 35677 1
7456 20265 1
36943 39935 1
27243 37935 1
18574 30572 1
1138 4902 1
5066 32562 1
36899 45367 1
11855 25313 1
2415 26283 1
16045 23120 1
7448 11816 1
2559 11684 1
7490 30586 1
21883 28237 1
36799 37356 1
11836 28476 1
7504 22991 1
36759 41079 1
21896 24646 1
21897 34355 1
27319 33862 1
11818 34742 1
11809 22230 1
11893 41762 1
7399 33697 1
19318 26864 1
1146 32372 1
11921 20546 1
7406 41252 1
27188 32423 1
7410 8358 1
7414 42863 1
13842 35009 1
313 14304 1
24408 30080 1
7425 7870 1
27614 34550 1
7425 49922 1
13845 15650 1
1142 29463 1
7430 49652 1
7431 31917 1
11884 38844 1
27219 33632 1
11884 25116 1
24399 45898 1
13853 20325 1
7445 10833 1
319 355 1
429 22458 1
15749 19016 1
15748 34960 1
15748 26299 1
35040 43299 1
8104 25124 1
1537 28534 1
2624 14720 1
1057 30497 1
8110 18718 1
22277 30843 1
35011 49513 1
8115 38306 1
22268 46215 1
1538 3543 1
8121 9646 1
2115 11889 1
430 24500 1
11387 26496 1
8124 12891 1
1053 6143 1
24129 30801 1
34931 40832 1
22289 29198 1
15728 44795 1
17482 18840 1
14011 19003 1
11445 23363 1
35176 44672 1
11440 43063 1
27869 31357 1
1822 23388 1
2181 6393 1
11435 12048 1
35155 41540 1
17233 48704 1
35150 38743 1
24153 30836 1
14006 17699 1
14047 17069 1
8071 49740 1
8073 16181 1
19423 28344 1
14017 41440 1
8080 40156 1
8081 28035 1
2624 6512 1
19429 45140 1
27902 28777 1
35088 39635 1
27904 47610 1
24142 26391 1
11325 35957 1
14060 35428 1
11337 17453 1
34731 39361 1
8188 24339 1
28055 36774 1
450 17960 1
22342 46360 1
34698 43397 1
24097 33321 1
3994 23104 1
15658 16715 1
18432 46129 1
18438 18604 1
8210 45468 1
2975 36339 1
454 5410 1
11319 18117 1
24085 24729 1
15651 36432 1
2078 2917 1
22357 30249 1
15639 33575 1
8233 27818 1
11309 39755 1
1804 10663 1
1540 8330 1
4874 38822 1
27976 31915 1
1815 18951 1
34894 35469 1
27978 40624 1
15717 29995 1
2963 30785 1
34871 39799 1
34870 46357 1
437 30825 1
34866 37316 1
438 21288 1
8032 25147 1
24114 49234 1
2274 49093 1
8151 14798 1
8156 49181 1
14052 46459 1
443 4709 1
28019 32161 1
17889 47156 1
8169 23862 1
19452 27723 1
28032 41881 1
20014 32538 1
3350 39408 1
1087 40684 1
11588 38417 1
22146 40174 1
35665 49666 1
35665 43241 1
11583 25324 1
22152 23755 1
35635 41950 1
7883 13806 1
15818 17040 1
27707 35864 1
15817 40657 1
15832 31312 1
4947 21741 1
4946 19696 1
35580 42598 1
17871 30876 1
22179 26440 1
13978 46597 1
24192 46793 1
3944 31266 1
3349 21541 1
7913 40749 1
397 20247 1
17510 25176 1
7824 42766 1
27628 43656 1
7798 36736 1
3356 36052 1
15872 21204 1
7813 40181 1
19390 21381 1
4965 42192 1
35814 43265 1
7818 19375 1
15865 47996 1
380 16184 1
27642 40450 1
15802 23185 1
4962 25675 1
13945 44900 1
7826 47310 1
22114 45564 1
17867 18825 1
35767 41948 1
7829 32290 1
22116 37744 1
11601 17895 1
3354 6490 1
27664 48063 1
7839 44907 1
2951 14034 1
1827 13201 1
11482 38335 1
35317 45193 1
408 10702 1
7998 27537 1
17506 36161 1
20421 42972 1
409 1589 1
3958 37789 1
11473 12592 1
15775 20453 1
19412 39473 1
4918 22600 1
35239 42024 1
22237 36217 1
20656 39663 1
2952 11691 1
35221 41457 1
24163 40568 1
17229 31900 1
35212 48055 1
27850 40080 1
22243 25165 1
413 41270 1
27857 34710 1
7955 43530 1
13980 46653 1
20419 49336 1
27768 35399 1
11511 15128 1
3950 20227 1
27777 32812 1
7951 21829 1
27781 43701 1
402 3659 1
22198 28323 1
27782 40036 1
35464 47083 1
11995 47911 1
3953 20765 1
7957 20737 1
1075 16454 1
35442 42692 1
11492 13339 1
35401 36355 1
7972 49665 1
19409 31286 1
22211 29283 1
35347 36802 1
407 3126 1
7989 34769 1
6672 9620 1
40389 44501 1
16443 43872 1
26283 34802 1
3701 34292 1
16443 29807 1
12508 32910 1
18758 44854 1
20362 46519 1
40321 42813 1
24704 35765 1
26323 47213 1
6671 13844 1
24708 37773 1
2324 27892 1
1461 17810 1
2577 18218 1
18755 35944 1
21411 29495 1
26331 47866 1
5313 28820 1
21412 28706 1
17555 21380 1
177 5246 1
2057 25336 1
6683 15313 1
6628 23464 1
1455 32503 1
12576 35348 1
5331 33626 1
24745 45751 1
165 8174 1
24745 41014 1
19158 33798 1
40554 41320 1
3691 43214 1
6622 36353 1
12564 21080 1
24735 33154 1
1944 49949 1
40480 41554 1
6631 24687 1
24722 47593 1
26267 35441 1
16456 19560 1
3426 43142 1
40425 43744 1
40424 41714 1
20744 23480 1
18764 24662 1
171 14256 1
13672 14144 1
12429 17474 1
12453 40252 1
189 458 1
39923 42198 1
3419 20267 1
21459 42150 1
13702 40087 1
6760 17782 1
17736 44102 1
19197 39426 1
39835 43800 1
5287 30082 1
13708 45823 1
24678 27295 1
5286 13388 1
21468 47548 1
12423 17356 1
5285 14526 1
19198 46020 1
16379 29958 1
6767 23686 1
21470 23868 1
39768 45508 1
1230 15717 1
12415 12965 1
1229 18927 1
3716 4333 1
26343 43418 1
16426 43188 1
24687 35219 1
6706 7964 1
182 14988 1
12479 18835 1
6710 6742 1
6714 17170 1
26364 39377 1
26367 28745 1
13695 44072 1
5301 19192 1
1455 26312 1
26376 34246 1
3716 48916 1
16407 35510 1
26391 41356 1
26393 27651 1
26393 27702 1
186 2890 1
40019 40072 1
2576 20312 1
13698 28932 1
18742 23046 1
21443 29276 1
3664 19575 1
6453 35425 1
41251 45168 1
26094 40616 1
19125 26371 1
6467 48209 1
5376 49568 1
26094 44147 1
16537 49925 1
1273 34495 1
18815 29548 1
5374 45233 1
6476 34232 1
21301 31389 1
41172 48007 1
13626 40041 1
145 23009 1
6481 9005 1
6484 33323 1
3436 18587 1
146 14097 1
26111 31431 1
13628 22819 1
6493 13519 1
21327 30588 1
24798 32241 1
6439 9076 1
12700 25085 1
3654 38507 1
24827 37932 1
21272 47140 1
3655 19898 1
41480 45331 1
21279 36937 1
16567 24658 1
1280 7281 1
136 21231 1
6434 44402 1
3656 29872 1
26117 47263 1
24819 41717 1
41408 43002 1
12687 25332 1
12683 44072 1
20349 28838 1
12682 38265 1
12675 46410 1
1966 21211 1
17697 18702 1
5382 33688 1
41292 46544 1
1446 13051 1
21360 49294 1
26178 40025 1
12622 43409 1
5346 49940 1
6571 6810 1
17706 46718 1
16490 38724 1
158 7611 1
24772 25545 1
21358 25312 1
6585 13842 1
40723 43794 1
18782 38547 1
24774 44878 1
12591 15036 1
6595 8138 1
6596 13007 1
162 200 1
1259 4566 1
5337 28307 1
18775 22849 1
163 1747 1
17146 21567 1
6606 19685 1
5334 16676 1
13656 16235 1
1449 33721 1
3667 36057 1
6501 7431 1
12652 26318 1
1269 16905 1
17700 22262 1
6504 47205 1
41024 46229 1
12646 23870 1
20220 47421 1
150 35112 1
12640 23199 1
6520 41625 1
196 40305 1
21337 45346 1
6531 28308 1
24779 27875 1
17143 38802 1
6538 11747 1
6538 49680 1
6539 12053 1
6541 28551 1
16501 44966 1
20749 45647 1
16494 25931 1
2329 17618 1
2309 33946 1
26927 32960 1
12121 28948 1
16199 40129 1
2407 48464 1
38121 47011 1
7151 10330 1
1900 12963 1
7156 10496 1
7156 39993 1
3802 16567 1
24496 47455 1
2865 36076 1
24508 36563 1
18628 46029 1
20125 34077 1
12095 21162 1
38000 44137 1
21719 40506 1
26964 27265 1
3397 37205 1
37960 42412 1
26965 30600 1
37951 43302 1
3807 8007 1
12080 32442 1
12149 26812 1
38530 49299 1
20144 30257 1
20714 25403 1
26856 30650 1
18650 46983 1
2859 11245 1
38468 40045 1
3402 7846 1
38451 45293 1
16224 26919 1
38438 44878 1
17789 46930 1
7201 33154 1
12142 28671 1
38334 49394 1
21682 32727 1
7123 33323 1
38309 47824 1
7128 33420 1
1903 3057 1
21694 35853 1
2407 8757 1
26920 37936 1
1179 7574 1
16207 25707 1
7277 43893 1
3821 48528 1
37718 47032 1
3394 10820 1
13803 26066 1
20113 43734 1
37685 48251 1
17802 23740 1
3823 23809 1
21761 47547 1
19287 21565 1
12024 34190 1
16158 26325 1
2869 49293 1
37660 43935 1
12022 26961 1
2678 13802 1
12021 17392 1
17196 27425 1
37637 47044 1
17524 36096 1
27058 31445 1
37615 47371 1
19293 24091 1
21770 27145 1
37565 47947 1
27007 37926 1
1171 16093 1
37924 43382 1
12074 27091 1
26984 43409 1
37901 38901 1
5148 19440 1
21729 37988 1
16186 40819 1
7222 29206 1
26995 31180 1
12064 25661 1
5145 28551 1
12176 27074 1
12044 35499 1
12042 31767 1
1166 13881 1
12040 19078 1
1165 22322 1
37742 48771 1
12033 21632 1
16172 45484 1
7253 25726 1
7255 10124 1
24477 26281 1
16172 24198 1
3749 5412 1
6851 10413 1
20170 35860 1
1930 23620 1
3745 14430 1
1930 3080 1
13730 22994 1
39350 42982 1
39348 48814 1
24609 43475 1
19217 33943 1
16330 38005 1
212 4776 1
18711 39384 1
39297 48264 1
6864 41577 1
26606 40811 1
21552 24376 1
39197 47663 1
2839 17258 1
217 296 1
24602 40960 1
20726 39873 1
6891 20088 1
5242 26843 1
21569 46589 1
16366 20867 1
17740 31950 1
24644 39524 1
6784 32225 1
198 713 1
39658 40956 1
6789 14542 1
39647 47104 1
26482 32312 1
24638 45761 1
26503 33841 1
39595 45013 1
2395 41068 1
5241 49710 1
17156 39238 1
39569 46700 1
21496 45608 1
2396 18838 1
13714 48828 1
13715 31802 1
17543 35371 1
13725 33859 1
12371 14352 1
21511 36245 1
16348 23774 1
26571 36128 1
7007 16348 1
26743 36868 1
38810 43612 1
24563 29039 1
21628 31807 1
1913 42384 1
3774 35627 1
6989 8802 1
1913 4265 1
12211 30893 1
1196 11771 1
18659 30100 1
7002 42980 1
12235 25051 1
3780 5839 1
12204 42562 1
7012 13388 1
12203 18189 1
2164 39199 1
26809 43508 1
24537 30798 1
1910 3502 1
26825 31960 1
20146 34268 1
20145 28210 1
7063 30445 1
21587 47677 1
12302 39278 1
6904 14358 1
24592 33222 1
12293 34612 1
6911 36325 1
39056 40192 1
39054 48056 1
16297 18835 1
26680 43533 1
16293 38742 1
16291 27900 1
5236 12723 1
2979 42743 1
6931 8054 1
17762 36060 1
38980 46769 1
18675 43911 1
38952 49312 1
229 19648 1
12259 21872 1
2314 10900 1
6964 16343 1
6964 25730 1
21619 22510 1
13754 39925 1
29722 36216 1
4497 7759 1
3132 20189 1
9490 48843 1
14431 45282 1
31640 41725 1
20479 46470 1
31622 45178 1
9499 18665 1
9503 41510 1
31607 32205 1
23572 37868 1
18211 45575 1
19684 38057 1
2206 2502 1
17363 27598 1
23062 30730 1
29725 38882 1
23070 27417 1
865 25482 1
29741 46485 1
9524 42828 1
14924 30155 1
9527 47637 1
29750 30071 1
31519 33764 1
14946 17190 1
29612 36764 1
2647 4531 1
23029 37007 1
31733 45829 1
9465 36898 1
4505 40965 1
31728 48604 1
9470 32692 1
2518 4441 1
10457 21637 1
9471 18831 1
10456 32130 1
10402 20198 1
14425 32820 1
9473 31910 1
23595 25874 1
31683 32668 1
31681 48611 1
9475 43797 1
31679 36865 1
10449 15015 1
4498 19180 1
29665 32865 1
1611 4234 1
10446 33927 1
29860 37886 1
10362 49301 1
14855 27249 1
23538 31840 1
23140 28388 1
31331 32858 1
31329 43141 1
31327 38086 1
29848 33580 1
18196 45965 1
29855 29958 1
3151 43569 1
9615 40197 1
31375 34160 1
31290 45625 1
9621 30969 1
31279 38417 1
23154 31711 1
9621 36404 1
851 5033 1
4460 41600 1
10350 45167 1
4250 17636 1
9626 10329 1
9628 15842 1
29873 39621 1
9568 38488 1
2636 5528 1
9556 37072 1
14467 18447 1
4480 6260 1
31458 36117 1
9564 20412 1
2094 26855 1
9565 48667 1
4241 42399 1
9568 26024 1
14474 31419 1
10382 40653 1
14974 38574 1
10379 26987 1
10376 33174 1
10376 25305 1
10374 38152 1
19844 23595 1
14874 35641 1
14871 28276 1
703 13639 1
9589 17572 1
3241 12922 1
31378 39496 1
29828 48987 1
32109 48334 1
29346 34146 1
18268 19248 1
15099 37594 1
32181 49965 1
4559 26568 1
29381 43269 1
9283 30103 1
29388 49462 1
18260 48064 1
20569 24301 1
20568 48133 1
9303 21005 1
19646 29972 1
32109 43569 1
903 6997 1
19896 26404 1
23698 25430 1
29416 39269 1
32089 45281 1
9313 30631 1
14368 35970 1
29423 36088 1
15063 17713 1
15062 48950 1
32064 39497 1
29318 29854 1
4155 41083 1
29282 45467 1
9221 26834 1
32337 41389 1
625 39822 1
10676 18133 1
626 39139 1
10674 46236 1
32285 40621 1
9242 11744 1
9242 24191 1
4568 43318 1
4546 5234 1
9243 49470 1
14343 14807 1
630 17172 1
630 19750 1
4163 29009 1
1721 11935 1
2242 19008 1
32246 35973 1
29328 41707 1
9262 44183 1
32226 48145 1
15105 29329 1
9406 47197 1
10536 37981 1
1603 32420 1
22974 35857 1
9388 42878 1
4524 36882 1
29538 34569 1
31891 48435 1
3260 3801 1
23641 36511 1
18233 19701 1
22997 24088 1
18022 33289 1
23649 34336 1
14412 47402 1
14414 34213 1
14414 40964 1
31821 39553 1
10486 18697 1
18224 36950 1
17352 45262 1
23012 47227 1
9440 39309 1
14417 25432 1
19873 22093 1
18224 30578 1
31993 45840 1
19891 22576 1
32044 38257 1
22942 28558 1
22943 33946 1
897 19221 1
4541 30659 1
22947 44012 1
3108 41802 1
4540 6597 1
32009 35248 1
14388 31806 1
10568 16665 1
2229 13858 1
9344 10407 1
894 43028 1
892 48228 1
10559 27821 1
19885 29232 1
29500 35679 1
14400 46347 1
31934 32594 1
31930 34811 1
23653 40208 1
2201 25447 1
3261 44970 1
18154 20458 1
4375 29406 1
10159 26953 1
20512 34191 1
1654 16576 1
18105 28958 1
816 42415 1
14580 23480 1
2503 3004 1
9952 40161 1
9953 15465 1
776 2987 1
30601 36534 1
14576 36277 1
30205 32018 1
14680 25151 1
14589 15613 1
9961 10897 1
9962 20206 1
9962 24468 1
10140 49557 1
9965 20802 1
4365 43617 1
14589 16386 1
30563 46573 1
10140 30042 1
30160 46156 1
30762 46374 1
30747 44502 1
824 25112 1
23285 45816 1
23287 36554 1
19809 21205 1
30724 39567 1
9885 26078 1
9887 14605 1
2222 21084 1
10174 33742 1
30156 31443 1
10138 45898 1
30704 32076 1
9911 16615 1
30164 32048 1
30683 42094 1
14710 18219 1
4382 9760 1
10172 47713 1
30170 41443 1
9924 24200 1
10163 48452 1
19804 45434 1
30653 33044 1
30407 44653 1
3203 8305 1
4347 34360 1
1645 40992 1
30446 42827 1
30441 49432 1
10031 38646 1
17394 22087 1
2102 3419 1
806 8112 1
4324 6419 1
30305 42802 1
17394 31764 1
19791 38033 1
10045 17292 1
10056 24207 1
18130 27230 1
4326 4873 1
802 45183 1
30392 42255 1
4335 13636 1
2215 31812 1
30381 42867 1
30344 38240 1
10087 33579 1
30347 33773 1
23409 44134 1
779 5117 1
14669 30104 1
23416 39249 1
14669 24703 1
2640 6744 1
30550 35271 1
23333 37122 1
19793 27688 1
23337 47306 1
14597 36407 1
783 2090 1
4355 25429 1
825 18944 1
14600 20104 1
784 29106 1
30498 44918 1
9996 49419 1
20506 43114 1
14654 17212 1
2497 23968 1
4352 47483 1
2214 15106 1
18137 44306 1
4349 48045 1
30463 40162 1
19819 32003 1
31087 46664 1
14533 23213 1
4266 10817 1
29968 48880 1
4433 14857 1
4267 19282 1
9735 48392 1
14791 17102 1
9742 36979 1
14537 43581 1
9745 28317 1
31018 39108 1
10306 32286 1
14785 45366 1
4428 24918 1
14784 14856 1
10270 13791 1
17413 30550 1
10269 34663 1
9755 40481 1
10264 36927 1
3170 24955 1
4423 8374 1
14543 35922 1
739 29569 1
2209 10549 1
4457 29802 1
10342 21348 1
20531 42096 1
23528 28060 1
14836 30298 1
14499 37085 1
9657 40122 1
4257 5455 1
29902 46481 1
4449 18709 1
18070 20964 1
4447 33492 1
739 48241 1
31153 48854 1
31146 46102 1
3233 46104 1
31140 32391 1
10310 31278 1
10307 31315 1
9708 29458 1
9709 41264 1
9711 20079 1
14814 25298 1
1624 30289 1
23200 38309 1
10205 25538 1
10224 14743 1
23257 24442 1
18171 48271 1
4405 6880 1
17386 48642 1
9833 28129 1
1662 7369 1
18088 47728 1
19812 48018 1
30818 36730 1
18093 40312 1
30814 40978 1
30856 45187 1
14561 31119 1
9845 44388 1
3222 27813 1
755 40678 1
30802 40583 1
10199 29512 1
23466 44921 1
9857 13450 1
4397 40936 1
4295 41994 1
23461 31614 1
9865 27840 1
17376 45309 1
9770 41089 1
2225 6509 1
30956 34692 1
4421 46572 1
9772 34313 1
18080 19744 1
10251 27454 1
10249 21689 1
833 39229 1
30899 33760 1
23246 29272 1
19738 21760 1
18271 42058 1
30053 33375 1
30888 43054 1
4283 46550 1
832 29540 1
18177 39191 1
10234 47658 1
14550 32967 1
9812 48558 1
20520 37996 1
831 1451 1
2642 28907 1
9818 47301 1
19521 43532 1
28486 44248 1
11093 44678 1
1562 9416 1
28494 40735 1
33818 42782 1
4049 17516 1
2263 14615 1
8593 21813 1
11083 42549 1
11080 46588 1
11080 42117 1
28521 30528 1
17461 45142 1
33747 44291 1
33744 42919 1
522 21814 1
28542 37779 1
8625 10725 1
14183 29369 1
2538 49579 1
8629 11623 1
4735 27512 1
525 14491 1
15408 31668 1
33691 35694 1
28419 37138 1
33998 35935 1
8485 16247 1
28384 41288 1
28394 28698 1
33969 43936 1
23994 35901 1
33937 46171 1
23992 28527 1
22498 31050 1
11135 16533 1
19514 25265 1
11128 18368 1
4732 14035 1
15468 42661 1
1561 4684 1
19981 27472 1
33881 47477 1
14159 19842 1
28463 42332 1
19520 23532 1
11100 14005 1
4751 47554 1
11099 14236 1
15459 37128 1
11097 15453 1
22616 47206 1
18364 44491 1
8717 47465 1
8718 31530 1
33488 48775 1
10998 37574 1
33468 43075 1
10997 21474 1
14209 28009 1
15356 43349 1
22608 42405 1
22612 22828 1
15338 49052 1
22591 34692 1
973 48395 1
33422 33448 1
14212 18600 1
8747 26405 1
28692 45633 1
4082 22118 1
15332 38829 1
17933 47229 1
972 19095 1
972 3954 1
10972 18397 1
14213 14879 1
23935 29432 1
18371 22139 1
33676 36951 1
11045 48689 1
15402 36807 1
33664 38072 1
33663 41694 1
11044 39546 1
33657 44705 1
22567 22982 1
11042 11999 1
19532 33888 1
14188 47053 1
8483 12897 1
14202 20297 1
33604 34766 1
33598 46973 1
11024 33057 1
8687 34641 1
23927 43757 1
14202 36681 1
3305 6171 1
28631 48947 1
2655 24419 1
33545 35641 1
11006 18657 1
4821 37528 1
11278 37165 1
15595 17685 1
1797 21763 1
11274 35130 1
34450 44213 1
28183 49458 1
11268 35396 1
19475 31854 1
34429 47394 1
4009 16786 1
18423 31633 1
22406 27205 1
22397 35938 1
11263 21565 1
2628 8163 1
8343 32686 1
4815 24447 1
4814 47984 1
34361 36243 1
34352 40845 1
19483 41447 1
11251 25512 1
15576 38002 1
34340 48853 1
28230 30407 1
464 9436 1
22364 42757 1
24066 37439 1
20005 34273 1
19469 22661 1
28136 41878 1
2664 4197 1
11297 43425 1
28141 33252 1
15619 24842 1
8255 44984 1
28143 43785 1
34560 39249 1
8367 26717 1
22384 46694 1
464 16223 1
2442 10837 1
28148 31477 1
20004 48197 1
28152 38233 1
468 742 1
8290 14879 1
34487 37609 1
4829 19102 1
1798 5430 1
20643 40046 1
34091 44009 1
15523 28236 1
22450 27480 1
4787 5397 1
8444 23865 1
11189 13249 1
19502 34108 1
8446 15902 1
34106 49863 1
2266 22448 1
19502 46278 1
24019 26252 1
8451 15698 1
8428 11148 1
8453 25166 1
22465 41732 1
34072 44038 1
24015 47790 1
1556 31141 1
3006 38632 1
15496 20618 1
34033 46566 1
20446 30269 1
15493 36150 1
22478 46607 1
8482 28890 1
2186 11008 1
28235 28450 1
28239 40060 1
34307 38333 1
4014 49105 1
24034 44039 1
18417 33276 1
11233 23665 1
22426 44841 1
11233 19552 1
8384 23636 1
20446 29181 1
4801 33438 1
8767 11435 1
34251 35491 1
15549 24629 1
34239 42830 1
22434 31376 1
19498 31110 1
486 729 1
20638 47837 1
1015 3241 1
4022 39831 1
2444 49514 1
19994 22433 1
20636 49407 1
17436 27854 1
1583 26339 1
22783 49969 1
10802 48784 1
592 41170 1
29081 38438 1
17969 37407 1
4623 30232 1
4623 4667 1
22793 38946 1
15187 34574 1
20580 28955 1
9077 9182 1
32728 44599 1
596 2830 1
4620 9273 1
32648 44471 1
4135 26588 1
3073 43152 1
9085 22593 1
22800 28490 1
14290 23333 1
19611 39431 1
2469 12322 1
10778 23178 1
29131 38395 1
4640 9898 1
10839 34990 1
32859 48264 1
8978 23517 1
4644 28909 1
2652 3154 1
32846 46042 1
18304 39589 1
10834 41057 1
584 44465 1
10828 39786 1
4640 13905 1
941 8255 1
2469 23555 1
32815 45916 1
32807 44454 1
23813 49737 1
10823 20575 1
32782 36640 1
9020 12639 1
4636 8371 1
9025 30013 1
9033 32898 1
29051 33530 1
15199 48306 1
1583 8050 1
10706 27871 1
9167 10250 1
14305 45525 1
23754 37876 1
10711 17106 1
29236 38727 1
14311 32909 1
616 21202 1
10706 35629 1
3083 14418 1
9193 21358 1
617 28517 1
32412 43224 1
3279 36609 1
32407 41108 1
4153 18462 1
32401 49906 1
10700 20159 1
32391 34922 1
15139 47343 1
4155 5938 1
9207 28879 1
3084 41316 1
15134 22978 1
9208 40130 1
23742 34238 1
15164 39093 1
32586 45802 1
9099 23562 1
1586 24789 1
15169 18341 1
4140 23199 1
9108 42492 1
32540 45719 1
1734 2128 1
18293 23192 1
10754 12333 1
32537 39969 1
9120 22264 1
3065 25463 1
9126 47876 1
4143 43003 1
10738 44910 1
29209 35473 1
609 16768 1
22818 48760 1
32489 38528 1
10734 26439 1
10732 37138 1
14302 39569 1
4595 11117 1
22823 44164 1
17940 40674 1
4688 19821 1
4687 23052 1
17311 40568 1
4686 47987 1
1572 6217 1
28808 29634 1
33222 34996 1
8825 27759 1
4095 35501 1
28814 33947 1
23878 44412 1
964 7574 1
556 8963 1
18348 30343 1
8832 28830 1
15290 28530 1
8846 34209 1
561 35430 1
33164 37857 1
15282 32761 1
8863 20328 1
28861 34772 1
4673 47004 1
8867 49458 1
14239 34590 1
8786 47530 1
28733 30767 1
4701 30508 1
8775 40232 1
15329 49107 1
8779 19701 1
19551 37598 1
8781 12622 1
33347 38056 1
33342 45414 1
4089 20737 1
33339 36867 1
8786 13807 1
8873 33121 1
4089 22524 1
8792 32182 1
17309 34969 1
8799 42001 1
33314 36996 1
8802 25801 1
33302 42246 1
28788 47900 1
8808 45937 1
8810 19985 1
8811 47917 1
22656 44567 1
8934 43482 1
18323 43990 1
28939 35186 1
10876 26155 1
32988 43983 1
22718 39228 1
28947 34401 1
18316 29819 1
8932 30410 1
576 18508 1
10868 14622 1
32947 35704 1
8932 41769 1
2252 4984 1
18309 47408 1
4114 6440 1
28969 40614 1
8940 12931 1
28969 42082 1
17444 22458 1
15233 40198 1
32901 38652 1
22734 41614 1
19947 47101 1
8962 33751 1
580 47794 1
568 49231 1
18342 36823 1
33120 34859 1
17314 22159 1
4102 47490 1
3294 48850 1
3056 46413 1
28874 48281 1
8890 9498 1
33085 41571 1
8892 41153 1
23852 37405 1
956 12900 1
25161 30827 1
28888 46327 1
955 18955 1
33064 43470 1
23851 44542 1
4665 33417 1
28895 37749 1
8906 11929 1
14244 34281 1
8909 26150 1
28924 36923 1
572 17137 1
8910 31379 1
2041 21250 1
12982 14515 1
12981 28923 1
25301 47439 1
1328 4946 1
44311 47991 1
16969 18660 1
13173 28368 1
42668 48739 1
44304 48675 1
5625 35694 1
6111 36820 1
1437 43121 1
1327 45802 1
19012 22383 1
45273 49308 1
19000 45638 1
10 15 1
8 1321 1
5626 19559 1
5686 28654 1
13503 34988 1
6203 24796 1
41812 48324 1
19075 37605 1
19089 38988 1
2132 42719 1
25537 27969 1
12984 21898 1
12983 16305 1
13094 31206 1
3525 21298 1
6108 9590 1
20765 43815 1
17034 38252 1
13460 18894 1
3477 17478 1
10 28298 1
13264 27893 1
6121 14973 1
45212 47797 1
43116 46490 1
18870 20756 1
12834 25524 1
2591 11026 1
3622 36533 1
3560 37680 1
25287 36488 1
45196 48584 1
46474 48996 1
25286 49107 1
21004 41282 1
12783 47750 1
43155 48790 1
2751 13188 1
5772 47792 1
5852 36815 1
25236 26494 1
16731 41416 1
12971 46176 1
20777 37626 1
2024 3792 1
46433 49102 1
19073 31362 1
25775 31517 1
5488 25422 1
13105 44903 1
2013 25759 1
25530 41262 1
41758 45846 1
18830 44935 1
5 29151 1
98 45174 1
25658 47843 1
25987 49613 1
6076 44507 1
5779 36128 1
25416 40167 1
12992 13342 1
5499 15314 1
1310 44266 1
45579 49949 1
6078 29494 1
6 16 1
5980 10377 1
5674 6796 1
43360 45781 1
25583 49493 1
13410 37931 1
16928 39535 1
21140 46791 1
3569 31240 1
43366 46564 1
2032 4000 1
5671 24281 1
44169 48661 1
13073 15379 1
1366 3010 1
12734 29385 1
48217 48451 1
41741 48556 1
1331 7093 1
16665 37069 1
6092 16613 1
5972 41358 1
12988 25427 1
17099 34418 1
1311 46590 1
124 21109 1
41791 47765 1
13189 28589 1
2343 16677 1
17591 21518 1
43274 48595 1
5410 5616 1
1289 2093 1
13402 36793 1
5969 14098 1
2607 15806 1
2762 20274 1
20287 34819 1
20900 21863 1
42588 47799 1
5458 14309 1
5629 9680 1
17043 35889 1
6079 20194 1
20824 38072 1
25796 37115 1
120 6229 1
42590 43963 1
6210 32831 1
5678 25497 1
6280 32504 1
56 26690 1
6210 12896 1
42221 42546 1
21208 23781 1
12905 49226 1
44737 49896 1
19020 22329 1
2341 7078 1
12818 40188 1
20336 26853 1
1352 39323 1
5912 13792 1
44708 48996 1
46703 49490 1
6172 40787 1
5552 29941 1
20795 42143 1
5422 12529 1
13575 44166 1
42897 45154 1
6181 47911 1
2712 4278 1
16912 29500 1
13521 24395 1
12923 39083 1
19019 37114 1
6154 42874 1
25725 31492 1
14 1781 1
3448 12567 1
18911 36938 1
12823 35473 1
17124 24719 1
42022 47524 1
25484 41824 1
25010 42333 1
16775 44235 1
2035 25874 1
44839 46572 1
6163 34245 1
5907 18946 1
25889 42983 1
5729 9630 1
45 16575 1
25263 39185 1
25277 46094 1
42073 45025 1
46911 49200 1
13287 25239 1
20979 22659 1
44 22641 1
2354 16714 1
5557 12173 1
20258 39224 1
47014 48882 1
13529 21823 1
12914 42605 1
6322 21925 1
1319 7666 1
16760 43444 1
1997 20584 1
5897 6177 1
6312 10778 1
17602 42398 1
3555 49197 1
2777 20421 1
3481 10133 1
3516 36367 1
12911 33717 1
42869 44301 1
18991 24601 1
12895 34208 1
5751 13698 1
20335 45259 1
25085 28271 1
16782 19290 1
18998 34007 1
12947 20075 1
13299 47731 1
3559 18785 1
13302 49118 1
12896 15239 1
2691 16404 1
41952 48541 1
25712 32879 1
3461 26291 1
1315 27938 1
12902 18950 1
16741 37264 1
12892 20888 1
18950 48454 1
5751 48235 1
12957 27083 1
12833 35777 1
25700 49728 1
120 2331 1
16647 31284 1
24897 37720 1
16784 16829 1
20950 41710 1
44479 44481 1
44489 48942 1
16641 18177 1
25704 42184 1
1350 3458 1
1316 15000 1
21106 47596 1
45053 49784 1
42976 47171 1
17008 21165 1
13124 39039 1
21122 48777 1
44669 44967 1
12830 16121 1
13454 30325 1
6332 43185 1
17115 24488 1
5609 21667 1
6303 48469 1
1980 2177 1
3601 7071 1
1998 4103 1
3550 12165 1
82 26988 1
20346 35049 1
20992 46888 1
17095 44702 1
46618 47754 1
5872 9826 1
25916 49951 1
1296 17935 1
6200 12153 1
1417 22068 1
12812 17659 1
48 38216 1
20299 23697 1
2016 40187 1
6141 8246 1
12812 22712 1
25845 46864 1
6272 27864 1
20818 24503 1
1340 46757 1
5661 38395 1
45906 49924 1
5525 9444 1
13336 26281 1
46017 49922 1
42403 49894 1
17059 45241 1
20313 33677 1
2148 2218 1
21058 46243 1
16835 29629 1
42490 44087 1
6271 47543 1
19051 19334 1
6058 18392 1
18969 37786 1
12840 44446 1
13053 40754 1
19006 37139 1
3496 27657 1
12845 45523 1
6392 23469 1
20915 31126 1
5504 21212 1
13414 20759 1
42288 45849 1
6257 26238 1
12717 38783 1
1336 25543 1
5587 8020 1
5525 11662 1
18933 45382 1
43447 44638 1
43449 44989 1
46182 49973 1
20248 30768 1
6235 44466 1
3581 46872 1
21245 37726 1
2008 2380 1
1985 33754 1
6380 43813 1
17103 17230 1
6271 16444 1
1283 47559 1
25643 39113 1
1442 36639 1
43845 49943 1
5825 15441 1
13490 30996 1
5508 22815 1
5800 37086 1
18978 36184 1
45728 48647 1
25643 31742 1
1369 12297 1
45743 46237 1
16931 47858 1
70 28173 1
2744 32944 1
13368 20622 1
5506 10276 1
21252 30838 1
17690 35653 1
5519 39274 1
13025 27566 1
5826 41134 1
6379 7623 1
25059 36818 1
13217 16147 1
41579 46643 1
25631 46603 1
13051 48910 1
43988 45474 1
13234 41069 1
5657 36069 1
6270 13959 1
43517 45965 1
43517 45880 1
2130 11253 1
25408 30292 1
5812 13130 1
5582 21796 1
5443 15293 1
13205 31854 1
2026 34330 1
5442 12109 1
2008 40518 1
17046 48216 1
2050 40558 1
2054 24858 1
5642 10012 1
13359 30870 1
73 8245 1
5802 32636 1
13349 26648 1
6267 11067 1
6036 47174 1
25599 39429 1
20333 34771 1
3456 13879 1
6263 23582 1
13601 37906 1
44044 44912 1
6007 24999 1
12870 38869 1
6398 46167 1
25598 32861 1
13055 35492 1
1309 42522 1
25594 39954 1
20324 31158 1
25638 48465 1
13414 29023 1
21029 32965 1
42366 44963 1
41613 49314 1
2786 12821 1
25612 44409 1
41605 42193 1
41710 49227 1
43572 47363 1
6260 16434 1
104 13774 1
42249 49806 1
20902 24241 1
5443 14086 1
15244 38307 2
7484 11163 2
25381 31305 2
21871 43218 2
4119 10110 2
5881 25707 2
20954 29091 2
13785 17481 2
19319 42182 2
32921 35816 2
9259 45711 2
7474 47550 2
5882 17697 2
7177 40627 2
36859 37163 2
15106 16446 2
29335 46219 2
3058 30487 2
32921 39711 2
33076 38122 2
7181 37656 2
1142 1181 2
316 3500 2
3397 9341 2
11857 33571 2
10888 31967 2
32274 41973 2
28890 33785 2
9262 11313 2
33064 41324 2
6189 37769 2
2890 44845 2
19272 44796 2
3808 15424 2
14343 43072 2
5069 15438 2
3454 31474 2
1138 6815 2
4661 23854 2
20954 39813 2
20914 33944 2
36974 37969 2
22730 38778 2
17829 26157 2
9245 37412 2
4659 5353 2
572 17221 2
32974 36332 2
42767 43155 2
5567 20980 2
22710 30938 2
26966 49778 2
22883 29613 2
11872 15249 2
5589 14961 2
2296 14224 2
36939 40061 2
5812 11419 2
29327 34167 2
33058 33553 2
5876 15462 2
3858 27173 2
32936 39867 2
3858 16319 2
27229 29313 2
17957 20532 2
570 14773 2
12090 41649 2
36888 47473 2
15234 16408 2
17997 33883 2
10863 26923 2
18310 47469 2
10886 32410 2
36988 41008 2
23846 30082 2
1577 27675 2
13163 43544 2
1578 28680 2
11879 16677 2
571 27065 2
33011 43123 2
16913 23571 2
4682 27457 2
11807 31718 2
36713 38277 2
10624 25316 2
32124 47450 2
26934 34136 2
19568 27325 2
7530 24180 2
2254 44921 2
33177 36984 2
11805 20647 2
33196 47537 2
17834 47200 2
1511 16942 2
10923 13209 2
9300 17923 2
3398 19291 2
12111 22477 2
23705 27066 2
13860 38001 2
15281 21887 2
33164 33492 2
42402 49781 2
4558 27136 2
10631 43118 2
38104 46030 2
44 1383 2
15282 39613 2
5050 46525 2
2193 30247 2
16199 38969 2
10918 45165 2
8843 37632 2
10630 22205 2
3873 25401 2
337 26178 2
27345 36982 2
20773 25513 2
1126 6544 2
10926 37080 2
19560 38291 2
5044 8497 2
7550 17189 2
5044 37700 2
9304 20139 2
16899 28646 2
8822 26710 2
36603 47160 2
12122 24122 2
8821 34019 2
17794 20871 2
9280 42123 2
29397 32581 2
24911 33746 2
558 31011 2
1867 49778 2
16027 49922 2
8825 37539 2
8826 14271 2
14361 22171 2
964 39704 2
20783 44733 2
28817 43294 2
5898 35880 2
18563 42781 2
25843 48158 2
12121 23969 2
29360 43961 2
32204 35252 2
15267 25949 2
18337 30404 2
7170 41805 2
21717 32392 2
326 49219 2
36825 49912 2
17335 38087 2
24885 26943 2
21167 46914 2
2053 7533 2
11844 41097 2
6177 43029 2
3295 44042 2
25018 42960 2
327 23609 2
2309 34108 2
6256 11580 2
19904 31097 2
267 2591 2
21719 23786 2
13783 22369 2
566 48080 2
326 694 2
37993 41624 2
13218 26456 2
325 27942 2
5884 13258 2
325 10329 2
4668 33314 2
29 584 2
23853 34899 2
11820 21294 2
1870 39351 2
27312 27777 2
17947 26946 2
11823 27636 2
44951 48757 2
15098 42570 2
10905 20861 2
1509 40849 2
564 4884 2
15279 26928 2
1316 28292 2
8859 10118 2
3297 21130 2
38078 49099 2
11811 46128 2
18344 37747 2
2462 13886 2
27309 27804 2
13224 15366 2
21891 30808 2
1132 20117 2
26945 30093 2
17948 18475 2
264 10656 2
5164 19640 2
4673 26581 2
1174 45705 2
24370 35270 2
10897 46330 2
3376 44795 2
29364 45136 2
27295 41663 2
2306 22713 2
27102 30038 2
19610 41017 2
32641 35798 2
32642 44389 2
37437 49302 2
3820 15912 2
17600 35797 2
32644 39844 2
7329 10239 2
37421 45197 2
37414 40651 2
7339 9893 2
20288 33727 2
3544 7667 2
595 24899 2
2880 4410 2
27109 31291 2
10781 27014 2
37468 41908 2
10774 33551 2
10765 47877 2
25430 42245 2
10763 19559 2
16706 27592 2
27085 43201 2
2597 47427 2
21783 30214 2
29160 42210 2
7325 21150 2
27084 27507 2
7322 41604 2
37732 46040 2
20400 45716 2
13181 20724 2
25791 48200 2
12042 25146 2
15142 30599 2
16723 18137 2
10702 47677 2
37774 41564 2
2376 7386 2
32717 36591 2
2869 3646 2
2557 24042 2
4630 25029 2
45314 47411 2
300 33450 2
16178 18193 2
7363 14712 2
7251 46177 2
13546 18182 2
27111 36886 2
2881 3172 2
24445 25854 2
9063 21816 2
42618 43669 2
7343 49274 2
13187 47586 2
1884 35444 2
16127 35823 2
7342 40569 2
32666 36299 2
19912 22663 2
6208 42502 2
42615 44162 2
9143 28218 2
7295 18319 2
37599 41417 2
16926 40496 2
3078 25155 2
2693 24426 2
16151 17705 2
27067 41883 2
7277 48895 2
4147 8270 2
10742 26310 2
16147 46669 2
22809 40273 2
23765 37631 2
7306 10063 2
10746 42759 2
21775 35770 2
15156 24206 2
1310 20095 2
32484 36323 2
32478 48290 2
3613 4336 2
14300 30406 2
25811 30865 2
5833 12868 2
32474 42440 2
9156 29686 2
15158 21766 2
10724 17078 2
923 10509 2
16156 43297 2
285 1042 2
12017 16427 2
2870 15782 2
16929 28928 2
29240 40314 2
9109 19906 2
7322 16887 2
21755 38907 2
3537 27891 2
12876 15148 2
10758 23408 2
17432 19527 2
42507 47504 2
13812 41335 2
29239 49575 2
1365 10572 2
2301 24100 2
27040 33095 2
12890 43528 2
23770 36467 2
16142 27939 2
3539 42447 2
18619 26018 2
25416 40163 2
32522 41678 2
9128 37221 2
15150 41021 2
21778 43848 2
16715 20497 2
4602 37748 2
10750 14159 2
4150 38379 2
15155 42274 2
17524 40633 2
9238 31978 2
16915 47351 2
17666 30779 2
273 660 2
310 42100 2
7413 18662 2
10841 15935 2
311 37619 2
23824 27646 2
310 575 2
10667 19931 2
28997 34703 2
37905 48125 2
32873 34115 2
2466 9616 2
12017 49499 2
2767 3272 2
9241 22846 2
23738 40952 2
39 98 2
37881 43342 2
29290 48928 2
1146 17806 2
19603 49021 2
8989 12103 2
2651 26680 2
7222 24226 2
13790 37204 2
309 1386 2
15211 45311 2
94 2564 2
14270 15452 2
1433 34991 2
4118 16045 2
8946 15866 2
13555 46526 2
20573 49183 2
21856 43141 2
37921 38462 2
3534 12207 2
14253 25509 2
16088 18338 2
628 18557 2
12071 35761 2
8949 29510 2
13851 22885 2
22730 49674 2
17521 34118 2
27213 38261 2
32832 43477 2
13435 46981 2
13787 36924 2
1143 47455 2
42728 45864 2
18309 34908 2
5082 30052 2
37069 41863 2
25029 25818 2
2888 16001 2
27199 28151 2
945 5924 2
17963 43275 2
10658 43606 2
15222 49985 2
7416 42105 2
10693 34325 2
2473 10240 2
32760 47021 2
21814 24827 2
24438 27520 2
19313 30765 2
16182 21319 2
27146 27851 2
37803 46836 2
37284 39772 2
29278 40003 2
29034 47539 2
589 8045 2
29278 48474 2
26998 28744 2
2589 45182 2
3385 46478 2
23809 45894 2
19606 29234 2
9029 42590 2
277 36251 2
15204 22884 2
15203 45346 2
4126 38807 2
10698 26790 2
7370 22203 2
1740 12521 2
20583 39398 2
4128 30018 2
19936 42214 2
32746 35340 2
12042 48292 2
3386 24675 2
22858 44018 2
10833 28980 2
27181 49822 2
1591 32106 2
13790 49769 2
32822 46995 2
8999 19552 2
45248 49248 2
37163 49103 2
27176 46520 2
26994 30235 2
9005 30847 2
23819 43365 2
22764 45671 2
20102 26387 2
21826 33182 2
2634 17341 2
2529 26046 2
16114 23626 2
21821 44521 2
32802 44795 2
21735 26798 2
13833 22550 2
25062 42802 2
5095 7687 2
32799 41947 2
37226 46704 2
37233 42932 2
20585 48119 2
12054 21483 2
37243 40371 2
42672 46357 2
11236 26312 2
8382 16868 2
44139 46704 2
24938 40369 2
24034 30912 2
19487 21093 2
16803 44327 2
1792 18453 2
44136 45835 2
4015 5899 2
35454 43547 2
8376 27636 2
7964 12953 2
17464 44909 2
479 832 2
405 460 2
35406 40233 2
11248 30514 2
34339 40882 2
1074 4958 2
15549 29358 2
15542 26160 2
27764 37523 2
18492 48091 2
34233 44657 2
1015 39224 2
28278 30624 2
22195 46663 2
5983 27462 2
5500 9841 2
15795 43453 2
28273 40185 2
35476 36239 2
13995 14984 2
13502 43496 2
44149 47357 2
28272 29408 2
28264 38279 2
11498 18005 2
1552 4295 2
21067 35798 2
2748 9178 2
17467 33978 2
28209 41815 2
44040 46841 2
34394 44428 2
8326 21274 2
1548 36206 2
2949 6673 2
27829 39667 2
11258 38778 2
2371 45566 2
17467 35436 2
11267 21030 2
27832 49513 2
15592 35714 2
44014 48857 2
11272 21679 2
72 294 2
15770 40198 2
15790 26278 2
476 18357 2
27813 44608 2
6071 36269 2
1828 43776 2
14100 46029 2
1023 2318 2
17270 19636 2
2593 17309 2
24169 48337 2
15799 29079 2
25650 46051 2
22413 48957 2
17267 26240 2
4918 45596 2
12995 40805 2
1023 4284 2
24049 31301 2
43414 48430 2
24049 33114 2
7888 15137 2
1785 48061 2
12986 24626 2
3586 23916 2
2738 24964 2
11171 12343 2
34055 41339 2
22160 40365 2
11574 36768 2
3586 15086 2
8470 42736 2
4949 10178 2
1009 4360 2
8458 36531 2
11571 27062 2
18399 48368 2
2628 48998 2
25554 29142 2
17278 30733 2
11178 23541 2
8482 12123 2
1557 45248 2
33996 44101 2
11587 15899 2
24004 47869 2
17281 32521 2
24222 26059 2
2012 2934 2
3353 3905 2
35661 35716 2
7895 38784 2
22149 27670 2
13471 31629 2
19034 30184 2
22149 48963 2
35652 37748 2
499 3707 2
11164 20545 2
28354 31691 2
24013 44497 2
34176 46745 2
17904 28474 2
28316 33240 2
24186 35844 2
13080 39180 2
18496 36061 2
8430 41144 2
5978 16219 2
11195 42238 2
7917 29264 2
492 987 2
8422 44128 2
2998 47983 2
11518 34151 2
35512 42218 2
28300 38399 2
16853 49188 2
1789 12426 2
8416 39943 2
8404 32857 2
13081 19986 2
4946 28062 2
13971 49731 2
22463 29788 2
8449 23734 2
34104 35966 2
44186 45790 2
24199 25821 2
11183 17338 2
4943 43725 2
4914 12602 2
7905 14193 2
3004 22226 2
8441 26809 2
27728 48538 2
35555 41711 2
27737 30651 2
8439 44870 2
15808 23506 2
8125 37917 2
34692 36297 2
43654 48685 2
6011 11042 2
27951 28553 2
17471 19420 2
22343 36884 2
27953 41780 2
6013 23509 2
34715 47865 2
17883 35934 2
20021 20707 2
8193 24982 2
2273 40239 2
8186 23723 2
11377 30616 2
4857 33599 2
3336 28657 2
34744 48489 2
28040 48918 2
34670 37930 2
2624 7696 2
15645 20251 2
25633 35784 2
3976 17973 2
22274 32167 2
4885 7778 2
3330 29492 2
13037 48231 2
2439 9027 2
11337 29236 2
4848 28351 2
3995 23678 2
8208 33595 2
34681 39163 2
34991 42096 2
5511 31526 2
2345 2934 2
20009 29130 2
14036 26291 2
43750 45832 2
24108 34200 2
11345 41411 2
34804 39071 2
34876 43758 2
20781 44019 2
5513 12071 2
1540 3143 2
17247 19761 2
28017 45403 2
3335 38823 2
24117 26066 2
11347 45135 2
17243 26920 2
8153 29306 2
11348 25331 2
34860 48875 2
5514 39544 2
28007 45077 2
3334 44827 2
8172 20303 2
22294 43813 2
34915 35037 2
2548 29985 2
22326 46145 2
3988 46560 2
18449 39187 2
22324 29585 2
8135 8669 2
14057 39126 2
22356 46903 2
11369 49676 2
1810 41731 2
2744 5027 2
11338 20900 2
8166 17443 2
22297 26917 2
11342 14275 2
6031 37571 2
34797 46484 2
11292 38288 2
1029 40861 2
8284 15165 2
43988 44422 2
11446 24364 2
8041 39841 2
11441 24950 2
1065 28229 2
18470 19201 2
6003 19878 2
28165 31135 2
34537 42662 2
8051 21795 2
22388 25169 2
11293 23880 2
1533 38983 2
1064 10473 2
22386 25640 2
19422 49329 2
2954 43432 2
22241 23448 2
28178 37382 2
3962 28402 2
16850 46291 2
61 5610 2
1532 5228 2
1068 19397 2
2952 16631 2
3582 23504 2
13005 18046 2
35160 36936 2
1029 8607 2
3327 45521 2
24160 40804 2
35208 48316 2
14000 14583 2
8025 43986 2
6001 15565 2
20655 33124 2
4830 35840 2
8093 22864 2
28140 34446 2
35101 42597 2
4840 33002 2
11306 31684 2
3467 10670 2
34591 35979 2
16828 35909 2
423 11524 2
4841 21021 2
16825 45403 2
35072 35641 2
13489 36903 2
35064 45754 2
8230 44538 2
43584 48773 2
2440 44503 2
35053 36329 2
2078 2390 2
35042 35746 2
27889 48805 2
34556 42537 2
43521 48829 2
4836 17428 2
11294 46566 2
35136 47853 2
22383 39008 2
20436 28147 2
4838 6208 2
8254 26338 2
1005 9040 2
15759 23743 2
8251 42223 2
8074 23931 2
24146 34469 2
1821 7106 2
14079 28445 2
8077 49715 2
15757 45923 2
7671 33655 2
3890 40735 2
3891 10765 2
25721 49541 2
3891 33203 2
25721 43648 2
3365 27670 2
33445 43186 2
28665 48700 2
7671 13208 2
8730 48846 2
3599 7766 2
42972 48992 2
540 41230 2
17305 49712 2
17931 18445 2
83 7341 2
24306 48596 2
5918 22421 2
27460 38562 2
3887 5026 2
5016 26397 2
8745 21313 2
18555 44238 2
11739 15794 2
6414 10787 2
15338 23554 2
5917 14096 2
15338 33490 2
16776 21080 2
11716 47276 2
5013 32907 2
13449 19971 2
15339 32276 2
1765 25915 2
16893 43447 2
7654 47741 2
42942 46036 2
353 14550 2
27441 44311 2
4069 9132 2
33545 47733 2
20992 35711 2
359 33224 2
7697 41262 2
18366 38085 2
11699 31608 2
11012 21088 2
5933 18842 2
27502 47946 2
23924 31924 2
7702 16357 2
11699 19386 2
24293 31965 2
11698 23241 2
28619 28665 2
8682 28613 2
4725 9120 2
4725 9442 2
33605 40336 2
27474 31769 2
13450 29001 2
7675 40507 2
2190 21987 2
22595 49078 2
15947 19362 2
33478 43944 2
33484 45960 2
33502 44349 2
17854 47850 2
22620 46941 2
19026 34232 2
14207 35985 2
48 37540 2
11003 20934 2
14206 32150 2
13923 23472 2
17206 32024 2
36208 46293 2
15371 37942 2
5033 6628 2
14226 31662 2
11770 12104 2
13883 46953 2
36527 46424 2
3879 22063 2
10933 31664 2
5035 48592 2
21943 32916 2
1864 5350 2
24342 40093 2
10947 33208 2
16001 39668 2
8799 12929 2
36483 38774 2
19354 37160 2
5555 10505 2
22649 24304 2
344 22173 2
8793 48003 2
2676 17774 2
7559 42049 2
28802 47075 2
10928 18693 2
33264 44870 2
33264 47353 2
36570 38188 2
11779 28765 2
2256 48461 2
4690 20212 2
21949 30286 2
17309 43986 2
13877 14714 2
16013 35258 2
27372 29148 2
36550 44013 2
1513 42050 2
11770 48295 2
4692 15024 2
20981 26983 2
20990 37750 2
8775 15054 2
16894 26775 2
19551 21623 2
8769 15085 2
27411 43717 2
5019 34740 2
28722 39530 2
18556 28029 2
2910 19101 2
8777 24359 2
13896 27401 2
2676 17254 2
33387 47935 2
15978 30958 2
8752 40280 2
15333 23138 2
8751 8844 2
5475 38356 2
36351 43931 2
7605 9020 2
7598 28751 2
5907 43553 2
25493 48636 2
11755 37182 2
8783 15857 2
11755 26935 2
15995 44502 2
21953 41624 2
21954 32293 2
3902 40721 2
22634 40210 2
24330 47778 2
36423 45282 2
27405 48786 2
6162 20648 2
2558 26841 2
21958 34983 2
20083 27993 2
8552 43149 2
11100 47788 2
377 48114 2
11615 16438 2
2673 45571 2
512 34626 2
512 31576 2
512 6013 2
5538 29827 2
8553 13386 2
25535 41592 2
35832 45109 2
3923 4530 2
3562 14757 2
27635 42877 2
11612 21842 2
44362 44688 2
4043 6410 2
25683 40927 2
23985 36794 2
8580 33900 2
15889 36742 2
35931 48998 2
25686 43060 2
993 49374 2
12970 16918 2
33803 36748 2
4747 22206 2
35907 38800 2
20670 28291 2
35807 38908 2
27605 29339 2
33838 34646 2
17864 31373 2
33841 37762 2
8570 21654 2
2553 15310 2
27618 35243 2
35863 45312 2
5954 35720 2
1003 31042 2
11595 32507 2
11143 33497 2
35746 40625 2
33954 47196 2
1559 3949 2
505 17159 2
2935 19253 2
6108 33643 2
27667 45299 2
22124 45288 2
3564 35553 2
4036 35289 2
7849 17284 2
14143 23506 2
1558 1643 2
503 2653 2
15835 36183 2
8490 10450 2
15490 37994 2
5961 8274 2
11121 31540 2
5959 44371 2
17224 35155 2
11605 32239 2
11125 17695 2
27647 34635 2
1782 43784 2
11134 20435 2
2141 6306 2
2112 3294 2
6111 22683 2
6110 12946 2
18903 23119 2
15476 36243 2
35764 42059 2
5492 7596 2
1003 1548 2
13950 26652 2
17858 34089 2
27537 38319 2
3358 24986 2
13118 20817 2
8645 15689 2
28572 39378 2
8640 41905 2
11048 21032 2
8637 12471 2
11048 27432 2
36082 42821 2
15404 41516 2
6130 20769 2
3907 18163 2
8631 29553 2
1102 1624 2
525 13313 2
7733 48636 2
7737 27854 2
44503 47607 2
18545 43344 2
5936 25195 2
7705 41314 2
1520 30533 2
8678 33999 2
27527 36121 2
982 1618 2
14189 26335 2
12941 48606 2
33645 34938 2
8627 14487 2
11679 42870 2
4995 9747 2
11040 11605 2
20278 34122 2
3905 42452 2
15934 28239 2
1564 39824 2
11044 26444 2
364 4305 2
7760 23614 2
12965 18296 2
990 41887 2
11648 18690 2
11068 19151 2
15428 15764 2
11647 26510 2
2925 5217 2
33768 38663 2
7760 20803 2
2539 9727 2
25522 38642 2
8605 17306 2
2925 14517 2
1846 40615 2
8601 38227 2
3019 16829 2
11638 46893 2
27592 30418 2
22529 41221 2
3310 33643 2
3026 5135 2
8625 22704 2
24260 39444 2
27557 47008 2
33731 49718 2
4737 43426 2
14180 38027 2
23955 49439 2
28539 47836 2
13443 44543 2
17860 24563 2
522 10798 2
5949 39076 2
20059 27450 2
7746 45892 2
20451 24314 2
13942 15946 2
28535 38043 2
12434 22591 2
16396 19579 2
39941 44502 2
12445 38616 2
12443 45735 2
39931 42284 2
14519 48041 2
6333 25850 2
13701 29580 2
724 10100 2
3514 40294 2
1296 47171 2
1938 2109 2
12433 19385 2
6757 19585 2
9693 19076 2
5288 24337 2
5719 48022 2
844 22189 2
1677 44032 2
187 15961 2
14796 25098 2
24679 33570 2
6738 9517 2
12810 14816 2
19724 27910 2
31078 45759 2
1465 38204 2
18739 48010 2
19188 22493 2
19197 47754 2
3419 47962 2
20183 27580 2
6743 43383 2
18078 36134 2
29950 45148 2
31085 48383 2
12452 42095 2
20317 47636 2
9644 33332 2
5281 8485 2
12416 28563 2
39756 44122 2
29886 33466 2
716 46040 2
13710 19889 2
10333 39833 2
20735 49209 2
3154 37572 2
42036 42970 2
12414 13311 2
23159 23320 2
31240 44458 2
25894 38259 2
6784 44193 2
26466 28957 2
9637 19758 2
5615 40904 2
6787 7493 2
13709 22233 2
14827 33934 2
10314 45393 2
23176 43063 2
13294 16768 2
2825 14287 2
23514 36315 2
17005 19278 2
3730 12904 2
2778 6358 2
1237 29146 2
14502 31943 2
42023 48824 2
5284 33963 2
16998 26050 2
42024 45427 2
20530 29201 2
1679 5505 2
1469 49449 2
12485 18364 2
41942 44902 2
10262 45651 2
738 33895 2
18180 31089 2
5307 42357 2
16417 25293 2
40208 45103 2
18748 29296 2
6692 15748 2
24696 32363 2
20300 27417 2
3712 7607 2
180 8944 2
40199 48755 2
23216 26991 2
23214 46680 2
9754 28255 2
737 1287 2
1944 4945 2
6677 45092 2
14769 42755 2
30027 34532 2
13678 32506 2
25939 28776 2
14543 48955 2
23229 48118 2
30018 47569 2
30943 33731 2
30018 38177 2
736 46645 2
47460 48599 2
21412 39518 2
3709 32346 2
2039 41301 2
3171 4184 2
9770 13518 2
5622 24481 2
18751 28325 2
6722 40245 2
1978 10702 2
23493 41174 2
12469 26039 2
184 15597 2
18986 34055 2
17082 19804 2
2711 6951 2
2129 5668 2
16614 34456 2
40095 47255 2
6724 19717 2
21437 21656 2
6726 18945 2
16407 22113 2
10293 30249 2
17124 49419 2
29966 46941 2
12808 26262 2
1389 16086 2
40167 41816 2
1241 1337 2
21427 49613 2
40157 46552 2
6706 21720 2
12 207 2
13587 41367 2
26359 28391 2
12806 24184 2
12409 27853 2
26364 27405 2
10275 18070 2
17375 39295 2
31012 37749 2
9747 30308 2
21432 48660 2
13298 44511 2
23208 35407 2
18050 49892 2
6854 16006 2
23113 34798 2
2231 12357 2
16335 36709 2
20169 20447 2
39354 48589 2
13730 37240 2
2360 37890 2
25282 31896 2
18708 19733 2
18707 39525 2
21525 22820 2
20483 29475 2
860 3473 2
1474 42484 2
1383 22265 2
14895 16570 2
19698 34493 2
17685 39696 2
19212 27009 2
46740 48003 2
3745 9952 2
6849 40518 2
39424 45618 2
18709 46168 2
1217 14374 2
1981 13332 2
14477 21899 2
1618 1701 2
23102 33320 2
13573 38515 2
31423 47855 2
39377 43428 2
39375 44755 2
31425 43026 2
2599 42886 2
14883 33624 2
1474 7163 2
12327 43464 2
31517 42732 2
14920 22863 2
864 45276 2
3138 6523 2
10410 16311 2
5749 46298 2
16311 42551 2
25283 28915 2
3752 47029 2
14458 32680 2
31549 34761 2
3246 15275 2
5246 36525 2
20541 44483 2
29730 42167 2
14441 37592 2
14440 27040 2
867 12557 2
26595 35143 2
6861 27787 2
5429 44344 2
13394 43584 2
212 41192 2
46622 48622 2
19848 25471 2
17367 22862 2
39291 39887 2
3750 24361 2
18204 45111 2
39270 47942 2
12335 43180 2
214 3700 2
9546 35561 2
6300 34642 2
5250 38576 2
39246 47977 2
21542 25876 2
3626 46186 2
13289 46963 2
2159 36441 2
24637 26800 2
1224 19205 2
1224 4354 2
10352 40697 2
26509 46330 2
26512 48483 2
9613 10224 2
39605 39722 2
6314 35766 2
3150 45962 2
39564 39927 2
9607 19394 2
1684 4159 2
31330 31831 2
25270 47690 2
17369 25167 2
9603 29009 2
6792 14591 2
19710 32134 2
6788 10655 2
25259 41309 2
2600 5660 2
39652 43676 2
16372 30392 2
21207 28390 2
14845 31469 2
1439 7949 2
23136 35198 2
20177 49323 2
31281 39821 2
12398 46482 2
2229 35179 2
14845 45037 2
9617 25311 2
23151 26186 2
9616 26772 2
1299 6724 2
10367 14836 2
26563 35709 2
21508 32512 2
21509 21649 2
18716 28125 2
1218 35066 2
23121 39159 2
1218 18988 2
14479 49541 2
31380 46065 2
20172 27068 2
17748 29939 2
5737 44066 2
856 13111 2
3744 23773 2
14479 21472 2
24620 32212 2
39435 48140 2
20172 39152 2
42071 46784 2
6817 7558 2
9601 30253 2
3240 39850 2
9598 31507 2
6817 26443 2
9598 13595 2
14856 45850 2
205 4583 2
6675 36307 2
26546 34750 2
25271 40441 2
4246 6590 2
39507 43282 2
6824 36861 2
18197 38611 2
14483 16806 2
5611 41381 2
2331 7918 2
9978 17069 2
12652 36911 2
30556 42860 2
30558 44136 2
25180 28926 2
13368 14486 2
41028 41891 2
6508 8303 2
5364 27417 2
17576 28239 2
6509 13051 2
23325 40865 2
10141 19602 2
20509 33649 2
18969 24740 2
30207 39121 2
24790 46519 2
48508 49327 2
26138 31040 2
30535 35194 2
10129 47576 2
41118 48147 2
1650 3076 2
4356 15403 2
2687 6980 2
782 5008 2
6494 19777 2
20751 25387 2
9987 18203 2
17702 38080 2
21248 34999 2
3666 7497 2
18116 43675 2
26117 33618 2
19796 35426 2
18804 36108 2
10133 47835 2
4359 30536 2
5349 44254 2
26166 40444 2
25994 41856 2
9945 21915 2
12629 12678 2
3678 19080 2
18158 32369 2
6561 14752 2
1633 22416 2
10157 22227 2
1958 39220 2
48339 48926 2
20209 41228 2
9938 20501 2
9936 45944 2
41734 42529 2
26178 37579 2
18790 32112 2
12724 31461 2
9949 12367 2
16514 37919 2
3435 3985 2
16590 41615 2
30611 35469 2
30612 37310 2
30195 35702 2
2784 22067 2
23315 46495 2
2355 38383 2
6487 22475 2
17570 32152 2
1286 2364 2
26157 33096 2
30626 35274 2
26163 48191 2
6548 43758 2
30627 31399 2
21346 33607 2
10043 24728 2
10057 38478 2
6434 36212 2
2500 49579 2
14613 45525 2
10053 31774 2
1279 41147 2
26062 28293 2
41403 42571 2
30411 42931 2
20231 49311 2
5648 8103 2
16548 43687 2
6444 35879 2
14612 24339 2
2215 2546 2
10106 42611 2
18122 42371 2
30425 42265 2
23395 48685 2
6414 8898 2
20753 47562 2
799 48319 2
10080 42314 2
10080 14157 2
6416 7088 2
10076 10347 2
14629 19969 2
2638 10551 2
10094 21143 2
30286 33075 2
10073 12955 2
14629 32637 2
26041 42139 2
12693 22079 2
4333 42042 2
14634 25703 2
10059 31533 2
41457 44841 2
14655 25414 2
41225 43157 2
6469 47150 2
3498 3770 2
3651 20644 2
18812 45295 2
6472 47441 2
6474 12789 2
3664 12374 2
26008 49909 2
2358 3195 2
10125 10584 2
16534 44465 2
24801 40326 2
41159 42432 2
6483 45968 2
30255 37570 2
41133 49960 2
6485 28882 2
48904 49096 2
17139 30632 2
41569 46551 2
41300 49853 2
23358 42182 2
41292 43334 2
3203 12504 2
5652 49139 2
5381 24526 2
6452 46439 2
12624 20065 2
26091 38240 2
14650 31908 2
12670 41558 2
12711 14036 2
13625 47968 2
2149 22367 2
30277 43990 2
6401 48832 2
12771 41255 2
20192 31057 2
20744 27669 2
2223 23551 2
26263 40153 2
3640 5103 2
10214 26437 2
19159 31117 2
829 6192 2
18981 19868 2
3642 41441 2
24713 48452 2
30833 41069 2
10218 20938 2
12548 49221 2
14556 22007 2
47725 48770 2
4287 14700 2
40406 43798 2
749 38580 2
1951 5707 2
20198 37782 2
23281 33387 2
17392 46650 2
1659 17940 2
6626 49468 2
3694 9002 2
167 14322 2
5686 45951 2
9852 35479 2
9816 17631 2
18095 30349 2
40483 42817 2
10203 32727 2
24730 46076 2
25221 36739 2
1393 33535 2
2126 21029 2
1629 5407 2
9797 11178 2
6665 22384 2
13673 46720 2
40335 44134 2
2098 5898 2
2816 16805 2
21215 47532 2
3706 27922 2
14758 22322 2
12798 45407 2
25241 49740 2
40314 41926 2
40307 46123 2
6669 16265 2
4415 45749 2
24847 30209 2
10248 21519 2
47520 48227 2
2097 11926 2
12783 39982 2
14555 33886 2
2815 29470 2
4408 46416 2
1248 47525 2
19167 31378 2
5320 15059 2
21390 35217 2
26280 46569 2
30865 35442 2
2493 39831 2
5319 36063 2
40358 42455 2
5319 26221 2
5318 34142 2
17378 18240 2
5318 18797 2
13315 29618 2
13382 26045 2
12597 37772 2
6583 8570 2
24770 37790 2
2328 19096 2
25208 33603 2
2580 16276 2
2495 6233 2
9920 22998 2
10168 45222 2
26193 43696 2
21355 44621 2
3189 6499 2
5405 14745 2
14710 45156 2
13648 45899 2
5629 44848 2
14715 21470 2
16484 27255 2
9907 38109 2
13379 21075 2
40774 48488 2
30636 39148 2
21234 41811 2
2099 49744 2
4375 29607 2
14698 37227 2
16493 22545 2
18968 27528 2
12616 29910 2
9929 30943 2
17712 19047 2
18158 36934 2
1453 6308 2
21352 39500 2
14698 37784 2
9925 35531 2
19147 35762 2
1955 44330 2
12606 37197 2
2504 43095 2
30747 33864 2
40586 43858 2
26226 26746 2
24746 44497 2
1658 2740 2
758 28119 2
25975 31441 2
2381 21935 2
5682 26348 2
2707 14895 2
758 8565 2
40554 42571 2
1951 44959 2
12573 16682 2
13662 43658 2
5684 6219 2
21221 25968 2
26242 37020 2
25213 28761 2
12589 45677 2
13654 49981 2
17409 46133 2
6602 22350 2
1258 12680 2
4388 13595 2
1656 38385 2
30721 36286 2
40630 42004 2
14363 40851 2
26220 30305 2
12749 21280 2
23292 47019 2
40599 43719 2
2222 34223 2
5409 10820 2
3185 12329 2
6610 48512 2
21668 37938 2
31776 46798 2
31774 43803 2
9447 49405 2
7092 48554 2
46349 48045 2
26869 30192 2
20477 47364 2
12250 30127 2
26871 30368 2
6960 29518 2
12251 13347 2
26724 36825 2
3771 22671 2
2032 42796 2
9337 49230 2
3126 19176 2
26881 34619 2
18646 29883 2
12145 32156 2
16221 39549 2
14972 18087 2
1906 3628 2
20389 46692 2
7104 32211 2
4511 45434 2
14989 22109 2
13251 46656 2
2239 6267 2
672 30793 2
12167 15536 2
23 9769 2
9432 24761 2
12166 43747 2
5596 8310 2
31809 36108 2
7085 8913 2
29596 35581 2
12257 13234 2
6966 15891 2
5791 32540 2
12246 47849 2
9443 23277 2
13239 21705 2
16267 29295 2
42317 49138 2
46099 47018 2
16657 18473 2
3791 33344 2
9341 18623 2
1180 48372 2
12134 21586 2
16281 44299 2
14423 46992 2
24583 31607 2
3265 49851 2
16211 46975 2
23037 45685 2
29441 40176 2
25296 44677 2
7118 25823 2
3763 25406 2
26692 42768 2
26904 41743 2
16211 37059 2
13773 40593 2
38315 38527 2
680 42375 2
7121 29765 2
6930 45523 2
29659 30934 2
20722 42023 2
25846 34137 2
31681 47955 2
5764 43275 2
25846 34672 2
21672 28645 2
9459 43393 2
13750 26789 2
649 31715 2
42190 47738 2
9463 12905 2
16219 25439 2
14960 36258 2
42189 44876 2
16215 46049 2
22947 31293 2
7082 40686 2
18032 26888 2
31729 47713 2
6943 36506 2
13400 45526 2
1600 24178 2
24579 42680 2
15056 35935 2
31717 42881 2
12136 22002 2
10460 46410 2
24582 26828 2
46259 47263 2
2853 11691 2
16251 16577 2
2647 16633 2
21639 22497 2
29541 43017 2
5598 6879 2
10516 10874 2
29520 49618 2
5196 15464 2
22987 32976 2
19668 20548 2
38566 49647 2
26817 35639 2
241 2912 2
15003 24991 2
21636 23619 2
15001 37005 2
14410 34331 2
10541 12116 2
10507 10687 2
12839 29529 2
31925 32142 2
7000 36390 2
6999 39380 2
26804 31873 2
10531 33003 2
24542 37569 2
17769 38405 2
10532 45195 2
20476 46130 2
29526 46067 2
7024 28108 2
7030 8885 2
25849 41376 2
18019 24159 2
31891 42920 2
13246 21363 2
25333 26327 2
9381 48413 2
25323 45885 2
20714 36831 2
29523 35773 2
18233 43333 2
9394 43440 2
665 20685 2
5199 48169 2
31884 37445 2
9378 21748 2
9395 19045 2
6974 15937 2
6985 39747 2
31833 42400 2
5214 23660 2
7076 29130 2
23007 23643 2
24529 45700 2
25858 29180 2
16263 47998 2
2379 2994 2
3263 4382 2
881 1309 2
2858 17989 2
29494 48159 2
249 2188 2
9350 18507 2
22951 47727 2
13565 43837 2
18224 42387 2
5218 45571 2
46314 47019 2
672 1912 2
16660 36089 2
24878 37839 2
654 17028 2
20142 33612 2
14997 33650 2
12208 17200 2
13410 41738 2
2481 17779 2
19086 30425 2
659 5726 2
2313 17584 2
14996 39453 2
19252 39251 2
25847 45341 2
38728 41149 2
3109 24338 2
15034 16001 2
12211 38621 2
3121 18390 2
10558 40653 2
42223 48653 2
31963 32346 2
12214 46773 2
10496 31409 2
5213 24673 2
1605 28720 2
29575 45842 2
23579 38870 2
2772 41501 2
9491 30433 2
29675 46186 2
10614 15981 2
9310 9984 2
10448 17082 2
2162 5208 2
1179 40897 2
26911 46897 2
21688 38055 2
14365 25713 2
6901 15330 2
42343 48024 2
2702 17965 2
6910 36631 2
42166 49377 2
45968 47699 2
16298 20929 2
42360 45674 2
15068 39517 2
14367 24191 2
259 2710 2
5802 18979 2
3132 7739 2
5759 23050 2
16304 21877 2
12128 23247 2
10615 27040 2
18255 29978 2
6296 48186 2
3133 31504 2
7124 8895 2
222 2535 2
3407 21441 2
3133 10701 2
26919 44390 2
26669 43125 2
5240 48970 2
110 27724 2
31650 37673 2
23062 35398 2
6888 7437 2
29710 47998 2
871 25581 2
45923 48529 2
23570 29773 2
20 71 2
26648 29921 2
9505 19970 2
26669 42666 2
9500 22612 2
18218 19216 2
38247 48821 2
1438 1772 2
4489 32697 2
4550 7009 2
29706 39334 2
13229 20512 2
29705 40135 2
17341 29917 2
12282 29902 2
17342 25230 2
4387 34404 3
14635 22733 3
10101 37444 3
17276 26806 3
18004 19959 3
31967 36718 3
14715 27291 3
10174 42312 3
4387 32409 3
18437 27009 3
30153 39141 3
4533 24201 3
638 47562 3
14122 24927 3
25398 37287 3
11341 31115 3
9194 11955 3
24019 32986 3
25152 27895 3
30393 47095 3
15031 32535 3
5646 20202 3
8444 31334 3
10549 33269 3
23451 39343 3
3506 37448 3
19454 27836 3
14316 21278 3
14058 23940 3
30148 48516 3
14615 22537 3
9289 48788 3
15683 49249 3
1657 3345 3
1656 44245 3
28321 32666 3
20812 48580 3
4555 5337 3
9883 10948 3
9359 30467 3
3320 38503 3
9356 11577 3
11191 22813 3
5528 35836 3
4798 29531 3
34230 46873 3
19037 27439 3
17477 47705 3
4381 23162 3
10172 15959 3
1553 10120 3
3110 30518 3
4019 39510 3
10166 24711 3
484 40856 3
19039 22940 3
34249 40350 3
2973 4346 3
13473 30198 3
4381 24610 3
32372 36063 3
10625 26112 3
14114 18791 3
30165 45965 3
34257 37050 3
10166 12271 3
9211 24967 3
622 42146 3
28062 38539 3
23303 37778 3
32363 34789 3
655 35264 3
17343 23487 3
22431 31003 3
23298 32596 3
19993 31405 3
30407 35466 3
14613 18940 3
10044 38626 3
4024 6440 3
4172 33766 3
34170 35205 3
15537 40539 3
4791 19675 3
19459 20354 3
9909 31857 3
14116 38149 3
30697 31147 3
3277 8520 3
13239 30074 3
22332 49676 3
22333 40170 3
9206 11344 3
32384 33848 3
4533 36520 3
656 7128 3
34199 41026 3
4301 7572 3
28293 49873 3
4856 28486 3
30675 45999 3
805 20591 3
34208 44711 3
16930 46842 3
48153 48714 3
9175 30767 3
13094 18011 3
754 19867 3
22480 37541 3
32445 36511 3
19512 44216 3
15152 45113 3
33978 44918 3
1717 4721 3
14736 41156 3
4150 5493 3
14405 22131 3
25222 33170 3
1372 28085 3
1004 20050 3
14144 29775 3
9383 15554 3
17462 33339 3
19509 43760 3
10537 25352 3
17984 35284 3
47895 48985 3
4398 21871 3
29399 45091 3
9856 20965 3
47928 49875 3
29231 47901 3
10088 47676 3
14735 37913 3
34006 49662 3
921 20330 3
14564 43110 3
19991 43138 3
8529 35247 3
9829 11928 3
3210 6439 3
10536 35296 3
12704 37786 3
15014 35552 3
15476 37358 3
612 10779 3
612 5732 3
9169 40856 3
2506 39615 3
30090 40671 3
4761 31903 3
29227 32007 3
19986 36322 3
15703 18375 3
15703 22813 3
641 10659 3
20304 42196 3
10722 15044 3
9836 34748 3
2702 45760 3
9837 43405 3
8518 10594 3
8515 34314 3
922 25118 3
19787 21485 3
29526 40966 3
5964 18271 3
11349 49119 3
13326 29349 3
17401 34936 3
15481 37886 3
20647 46783 3
9875 45546 3
34083 41959 3
23385 49625 3
11178 12865 3
10184 31853 3
23283 48246 3
14128 18727 3
14633 45181 3
13356 43589 3
9875 10385 3
11172 34906 3
23377 44624 3
4552 9208 3
14630 32805 3
1786 5405 3
32417 36059 3
8456 27078 3
4340 9979 3
3499 49130 3
17341 28587 3
24984 49990 3
4781 43213 3
6018 10289 3
14726 26808 3
16929 30383 3
15503 34305 3
9881 38469 3
1644 7793 3
3102 25351 3
23373 42318 3
13472 16284 3
28326 35400 3
25616 47689 3
1394 9068 3
4152 10057 3
34046 44755 3
9377 40848 3
1346 39699 3
34815 39555 3
14730 30142 3
34033 37229 3
2499 14462 3
4397 19950 3
9185 47175 3
15150 21649 3
17037 49853 3
29237 36296 3
22317 33443 3
1372 28022 3
3005 22293 3
34806 49343 3
44216 47424 3
20577 47289 3
9188 34101 3
3182 42260 3
29521 47780 3
34806 45188 3
34061 40208 3
2244 7090 3
14128 24942 3
2636 47435 3
4586 9661 3
497 1232 3
902 18935 3
9374 23382 3
14647 21421 3
1650 20870 3
17059 44824 3
14603 32986 3
23690 33947 3
48667 49171 3
6001 26058 3
3330 27721 3
8273 22193 3
23714 33742 3
14357 27292 3
10023 20374 3
15608 32544 3
8274 48679 3
19766 34639 3
14669 29187 3
2242 6272 3
34526 45224 3
17424 27762 3
43975 47805 3
4564 5766 3
1037 16985 3
4359 17706 3
34649 47702 3
30465 47807 3
30470 35124 3
3486 4167 3
62 477 3
30542 36947 3
29457 37191 3
29449 46840 3
18944 35913 3
17637 29365 3
2740 38935 3
34481 42359 3
32076 45201 3
30573 45581 3
28098 44207 3
34665 46134 3
3571 32340 3
10141 43262 3
30446 35062 3
10655 27324 3
28096 49684 3
8215 10328 3
9962 23014 3
5525 9386 3
23672 48549 3
23422 44288 3
32012 33548 3
10130 36173 3
4366 4613 3
25183 39029 3
4830 31641 3
1374 10935 3
3 17657 3
19464 48938 3
468 469 3
34501 36579 3
15110 31211 3
8285 47400 3
10115 14543 3
10580 32795 3
9972 43359 3
22395 28274 3
466 20961 3
1033 40245 3
28115 46699 3
5521 37279 3
22359 34218 3
28114 46522 3
2524 12317 3
18972 44850 3
5801 46806 3
5522 18080 3
9318 38059 3
23407 27111 3
10122 40606 3
13221 37006 3
15639 36416 3
9996 33613 3
5653 29116 3
15640 33401 3
14650 33014 3
24964 40380 3
32189 32741 3
15060 29522 3
14602 48030 3
8233 46907 3
34596 37838 3
785 22984 3
906 4981 3
24077 30323 3
30483 45230 3
11307 22154 3
63 895 3
22905 24519 3
458 6748 3
28118 47156 3
22939 39080 3
14374 15775 3
4316 30142 3
10648 10698 3
8227 9202 3
29343 40200 3
23711 45495 3
17997 37606 3
13234 25776 3
30517 32196 3
5801 7376 3
8266 43050 3
13233 47393 3
4001 18316 3
6004 16833 3
43974 44069 3
5806 10500 3
30202 45703 3
4561 31346 3
30514 47464 3
456 41477 3
29349 44927 3
11296 45964 3
29354 31119 3
10125 40065 3
24083 31646 3
30278 42677 3
4316 48972 3
10635 36401 3
34575 40078 3
4000 27221 3
17593 24952 3
4317 10846 3
5519 9510 3
9230 46817 3
25063 27446 3
4375 15433 3
15090 32299 3
2268 25465 3
11249 32374 3
19461 45925 3
32323 40592 3
4573 37211 3
10679 15569 3
22951 33697 3
10631 38960 3
19910 31408 3
3473 44137 3
4013 32978 3
19803 32534 3
1021 14806 3
14367 38970 3
9232 48469 3
5819 18874 3
653 24968 3
10037 47868 3
18419 20689 3
2524 32235 3
8351 16848 3
16851 38640 3
30190 37559 3
29418 47500 3
17334 48969 3
29471 30267 3
23310 38132 3
8201 26453 3
19996 24642 3
25387 42840 3
458 23017 3
30647 47878 3
14575 38573 3
14065 24438 3
30649 39176 3
623 26381 3
5648 35390 3
8377 23874 3
9310 48170 3
5630 13116 3
2523 5688 3
1422 16870 3
2242 38171 3
5647 43412 3
4339 40151 3
10111 23930 3
10683 17587 3
4375 48996 3
4806 11095 3
6012 18023 3
4806 19528 3
9934 38916 3
10682 14776 3
10040 10172 3
31990 37213 3
28 3521 3
23739 32377 3
15662 32754 3
28237 49720 3
28070 30401 3
11242 45585 3
1652 42431 3
22950 25161 3
43855 46173 3
13333 19074 3
5663 36010 3
4163 7681 3
5997 16679 3
9338 36250 3
44021 48423 3
11324 17357 3
34429 36466 3
14688 31717 3
30618 37422 3
13236 43497 3
9951 23864 3
1424 4284 3
5519 25694 3
28481 41867 3
30438 45338 3
8307 12110 3
5632 45729 3
9953 18808 3
29318 47662 3
2442 41959 3
30198 49488 3
34465 43482 3
34670 45003 3
776 10658 3
14685 43049 3
34670 44954 3
28177 37769 3
789 6150 3
1652 16343 3
628 6571 3
3326 4137 3
15585 37362 3
30192 31744 3
48992 49162 3
18247 22905 3
15585 17489 3
32000 38681 3
2220 28785 3
19049 41957 3
8204 24931 3
13216 20092 3
30627 42412 3
14693 19946 3
11256 12463 3
14332 31891 3
4343 14163 3
19649 37319 3
22408 34357 3
8330 44610 3
895 49548 3
15586 49944 3
9282 37947 3
18420 25494 3
23732 24966 3
23311 47279 3
9948 36210 3
5996 14641 3
32004 33720 3
10578 38006 3
19998 35446 3
15591 47427 3
472 5463 3
22772 45554 3
1582 46869 3
10461 10983 3
33277 41853 3
9612 10889 3
10932 26691 3
8808 48408 3
18353 21193 3
9612 10656 3
22772 46388 3
4464 8552 3
13173 24772 3
25488 43129 3
9607 33695 3
1742 1877 3
15209 34336 3
14487 18658 3
8815 40861 3
4125 12488 3
939 45041 3
10933 37095 3
968 29929 3
31284 46401 3
9463 49941 3
10945 19278 3
31302 34387 3
22653 44605 3
3046 4164 3
3129 10977 3
31720 38621 3
2022 28307 3
20610 45471 3
33282 44505 3
45277 49408 3
29032 29776 3
31309 35720 3
13288 40690 3
1571 2104 3
1621 2274 3
964 14659 3
9595 26230 3
23880 42053 3
5900 15311 3
3522 36390 3
13173 15687 3
2595 23463 3
4639 12751 3
5853 8487 3
3131 48201 3
3287 48780 3
5856 8691 3
4471 46382 3
18060 46405 3
31390 44380 3
14869 27584 3
1757 4286 3
20974 28786 3
13140 42485 3
1610 2982 3
33261 39599 3
1571 35487 3
44882 48098 3
10927 27861 3
9601 41423 3
1608 48766 3
9599 22317 3
13259 24989 3
31365 45821 3
29038 33887 3
25296 32066 3
704 14614 3
29831 30677 3
4217 46157 3
13441 24421 3
13259 42142 3
8825 26056 3
10926 16624 3
9457 49936 3
28715 33380 3
44757 48096 3
2208 35120 3
22783 43474 3
10968 46290 3
22783 34747 3
9038 35544 3
10963 30218 3
47040 49367 3
10806 34465 3
22782 34360 3
15 224 3
4086 26649 3
25305 41599 3
14837 41557 3
9644 13614 3
23159 46244 3
32744 43933 3
10342 11493 3
2095 40336 3
10803 37536 3
19936 40037 3
5616 16286 3
32722 32871 3
19549 36587 3
23016 47406 3
15334 20350 3
22626 24708 3
14830 36759 3
10958 48698 3
5616 12139 3
10975 37257 3
45330 49047 3
8753 24850 3
4083 46548 3
31213 37644 3
9654 36167 3
9044 26062 3
713 23028 3
44811 48830 3
18224 24190 3
29617 35605 3
550 47803 3
15310 38364 3
14219 43247 3
10467 39589 3
10349 48212 3
4213 41462 3
44808 44914 3
18224 23646 3
18355 49553 3
23897 32327 3
2519 20416 3
18222 30235 3
31738 43628 3
22649 40693 3
4694 14931 3
14967 27826 3
3491 45111 3
3546 3636 3
25011 46604 3
2191 44345 3
1681 19156 3
22635 33409 3
3042 15253 3
14495 47006 3
10344 20652 3
33190 45497 3
10345 41274 3
23025 46787 3
5911 21956 3
9460 12991 3
10958 47414 3
8782 28336 3
25108 43598 3
20542 47707 3
23558 48068 3
14944 29111 3
5751 23559 3
23830 25778 3
4492 34277 3
33030 36109 3
28920 35218 3
31496 41399 3
15242 24281 3
5747 19548 3
9546 39078 3
17963 21141 3
9536 17710 3
4116 19561 3
18046 48354 3
864 2635 3
9533 21885 3
29762 31960 3
19 5480 3
693 31125 3
29781 36096 3
8895 27362 3
10396 24437 3
8896 28289 3
5743 33492 3
4238 13862 3
8899 23474 3
15229 26392 3
28985 35251 3
45051 47357 3
2464 31694 3
17095 47782 3
31489 45713 3
18327 40354 3
10850 12610 3
10398 26672 3
31492 34817 3
10399 12317 3
4650 23679 3
20481 38781 3
3548 8859 3
8931 28402 3
1696 29998 3
9524 18970 3
8931 33450 3
2251 3989 3
32953 33456 3
692 1331 3
13164 20303 3
9512 16521 3
9516 37175 3
32937 48961 3
45137 49837 3
32936 34891 3
3481 42785 3
10425 16520 3
29728 46279 3
32925 49263 3
5567 42692 3
20537 32040 3
2596 14479 3
10876 47778 3
1693 19880 3
20879 27491 3
28971 44076 3
32985 42687 3
28947 29395 3
8917 25510 3
8960 18989 3
3248 10037 3
18044 27962 3
692 14408 3
5748 26083 3
10873 24242 3
17642 24042 3
4657 42583 3
32961 43559 3
22680 39936 3
25097 32796 3
14234 21422 3
10445 27097 3
2459 17603 3
29815 36421 3
2731 6470 3
19684 42103 3
29815 36075 3
22760 25488 3
20882 41376 3
29672 38569 3
8980 33800 3
5572 23293 3
9570 15998 3
33142 39266 3
19845 22977 3
18954 31449 3
31412 46842 3
23873 30863 3
10922 22249 3
1581 34521 3
33188 36076 3
5737 40126 3
16977 46674 3
5856 45927 3
15292 37714 3
3049 48431 3
8835 39201 3
28858 47899 3
23545 32143 3
29019 31002 3
1573 28999 3
25029 28323 3
4678 37278 3
31674 34349 3
9483 31242 3
43 39518 3
1752 6405 3
14887 40109 3
10441 34966 3
9492 34919 3
3251 39733 3
23050 27159 3
15222 15922 3
4495 12274 3
3289 21682 3
19946 48364 3
8971 13267 3
33101 35703 3
15260 19339 3
25483 35753 3
698 34797 3
567 36982 3
2022 3361 3
31465 45979 3
33084 46717 3
2530 14850 3
9569 28488 3
10381 12706 3
29806 40876 3
29805 33606 3
4674 14481 3
25484 45797 3
15270 45341 3
31657 46454 3
15214 37154 3
4081 48532 3
44955 47176 3
25458 42477 3
14234 45997 3
2019 8694 3
32868 46943 3
10442 46216 3
5886 10889 3
2253 29703 3
25523 44201 3
22812 33481 3
20630 46936 3
9787 12630 3
14769 25263 3
4744 7752 3
33789 47493 3
19622 22447 3
3173 6541 3
14297 36609 3
30039 34319 3
33776 36014 3
3312 7038 3
14771 29304 3
22994 42323 3
11078 49987 3
11078 46928 3
17625 22083 3
18226 24428 3
17290 23627 3
33802 39717 3
25531 30519 3
18287 32967 3
31881 47270 3
10739 21909 3
18903 48758 3
8591 34498 3
15446 17992 3
4281 17266 3
3017 21933 3
15426 29085 3
29205 29822 3
18178 20677 3
2262 43727 3
9794 16119 3
1563 1839 3
4050 13116 3
743 2619 3
9793 19902 3
22999 36981 3
9409 33858 3
25070 27648 3
4426 5975 3
11058 14554 3
30995 39851 3
45521 46714 3
23623 29211 3
4735 37934 3
2481 29511 3
5945 14328 3
21001 26418 3
29165 42705 3
8630 17755 3
4610 29815 3
29161 38456 3
28564 30073 3
4734 49865 3
9753 17616 3
2039 39408 3
22996 45896 3
2709 27680 3
32524 40717 3
739 40067 3
9404 14119 3
23224 27804 3
9123 38510 3
23487 40554 3
10259 45030 3
5953 15761 3
9122 49479 3
10751 33292 3
9121 40005 3
46279 49348 3
3170 15969 3
10263 12659 3
23953 49545 3
2709 33665 3
31890 34022 3
11120 37707 3
9391 11398 3
19984 39569 3
8542 29241 3
3314 45383 3
25327 35330 3
4042 49517 3
22508 39487 3
8546 19775 3
10730 16238 3
25235 46150 3
18177 20361 3
15158 22041 3
30866 41761 3
9153 21599 3
28443 31729 3
23478 44669 3
10733 23084 3
11133 20447 3
5784 14296 3
4406 20770 3
22495 25387 3
9820 30627 3
2507 35912 3
13323 13353 3
32469 35282 3
33919 35331 3
13099 44477 3
30059 34610 3
5835 31689 3
3012 21205 3
14551 39310 3
17911 36780 3
20493 35295 3
22978 46974 3
748 31233 3
2480 8682 3
47521 48611 3
3014 23885 3
5695 10631 3
11098 38173 3
2600 44783 3
8571 49271 3
8576 11026 3
32924 40537 3
3313 11496 3
33838 39022 3
8570 16733 3
1627 27674 3
10735 22162 3
3561 41764 3
4748 43100 3
20522 40064 3
8581 10532 3
52 14866 3
33829 49917 3
9393 37629 3
22511 48187 3
29215 32028 3
5955 13107 3
17917 31133 3
30884 30946 3
18177 45991 3
15160 40197 3
16928 33389 3
9392 43342 3
1605 13467 3
3314 7719 3
30053 42739 3
30890 34913 3
1413 23311 3
23979 47532 3
14168 17055 3
1420 47820 3
23252 37930 3
28664 48457 3
14817 45816 3
14283 35802 3
15359 29155 3
2537 26462 3
5718 24454 3
9706 24026 3
843 24711 3
2227 4472 3
15355 31769 3
19931 26359 3
29603 33459 3
4622 33682 3
47127 49734 3
2468 24290 3
4441 46950 3
8728 49386 3
5550 35512 3
17370 48520 3
9694 23225 3
33493 47757 3
19929 46974 3
15182 44224 3
9721 16288 3
727 34051 3
3161 31446 3
879 48387 3
45388 48396 3
9431 41025 3
15362 21384 3
18301 36621 3
595 17677 3
17373 42056 3
20850 46518 3
33477 37815 3
977 27077 3
14208 15846 3
9714 39389 3
14812 26108 3
4626 18300 3
2509 35219 3
22790 24254 3
10988 21242 3
9052 39184 3
23513 47024 3
18194 42959 3
14280 15293 3
4708 33939 3
29607 49793 3
2227 34613 3
10802 15415 3
4448 23279 3
14512 28076 3
4210 37365 3
14975 28494 3
31185 47123 3
13125 40085 3
22619 37721 3
8730 12676 3
3038 35206 3
22609 37729 3
33443 45461 3
14981 23722 3
9693 33117 3
14210 14239 3
28672 39891 3
1677 9389 3
23189 44365 3
2453 41526 3
4444 5081 3
28672 44397 3
10797 38919 3
28680 42533 3
9686 21321 3
10312 45311 3
37 192 3
31151 43718 3
10291 10979 3
5577 14767 3
33655 46655 3
13122 25277 3
32603 41502 3
9744 11790 3
9091 34173 3
839 45911 3
9743 44258 3
19972 21048 3
31024 41795 3
15388 42558 3
32612 43855 3
28602 34540 3
25431 26818 3
45488 47993 3
33617 36777 3
8677 47417 3
9734 12710 3
735 34930 3
987 3280 3
14779 38822 3
10270 43448 3
1350 4652 3
8638 26906 3
13117 40856 3
51 220 3
16881 22965 3
3257 16222 3
31825 36040 3
29579 35901 3
4614 10440 3
23612 41360 3
8647 27313 3
25050 36741 3
1704 28628 3
20628 41611 3
23775 35942 3
2016 39032 3
44603 49266 3
19610 28556 3
5715 24745 3
5933 37060 3
5716 7826 3
23926 31333 3
33562 48576 3
3033 5896 3
31078 41549 3
29110 39041 3
11010 33296 3
14800 29666 3
5927 9706 3
9083 36977 3
4207 14209 3
4134 27424 3
25043 39678 3
28643 32607 3
8680 18760 3
14201 46067 3
20299 49707 3
9088 29002 3
8679 49817 3
29118 33750 3
32623 46261 3
5935 34665 3
13124 18376 3
17375 18703 3
3315 6474 3
14793 44371 3
19878 27479 3
31064 42333 3
19533 34119 3
11026 46804 3
3542 38773 3
31064 45860 3
31068 48451 3
39815 39939 3
6767 17555 3
26446 40079 3
15898 36340 3
5082 17717 3
7761 17207 3
3787 20913 3
35948 36417 3
19383 36929 3
6768 6987 3
11898 33184 3
3915 31156 3
13708 47916 3
16093 19880 3
16244 24196 3
7769 8113 3
26844 47853 3
11634 29957 3
27213 42538 3
37039 43654 3
1935 27029 3
6324 46231 3
6778 47063 3
4983 6895 3
39748 39843 3
20144 43170 3
24534 31803 3
3629 14605 3
15903 20037 3
6773 31097 3
42734 45025 3
22079 22751 3
1504 45403 3
7755 33734 3
13709 26138 3
24249 39824 3
35903 40969 3
7780 45857 3
24665 27784 3
7079 29996 3
13942 43624 3
25685 45938 3
18737 33147 3
11622 28592 3
13704 21046 3
7787 25247 3
37099 46786 3
2886 26354 3
5085 12686 3
2824 5181 3
22096 31633 3
19318 31094 3
24668 49831 3
7776 26995 3
22091 28026 3
5464 15000 3
35914 48734 3
6761 45722 3
2759 28352 3
6332 7633 3
5417 28423 3
16093 45785 3
1470 12967 3
12431 21363 3
20691 44145 3
24529 27529 3
39861 42286 3
7078 18015 3
13542 22676 3
2618 5199 3
39592 39813 3
27533 38310 3
12193 21136 3
5424 41420 3
3738 22484 3
115 181 3
21100 25908 3
20067 27108 3
3738 13155 3
43026 49246 3
16250 36327 3
2828 22981 3
24274 29409 3
16369 18422 3
42263 46931 3
13517 47755 3
20177 33269 3
19249 21881 3
24279 30275 3
26536 27411 3
13761 36656 3
26531 30293 3
12381 48298 3
1875 49367 3
38620 44112 3
7033 22909 3
22044 48081 3
12897 27050 3
5074 38212 3
38609 46293 3
38607 41813 3
12821 18243 3
2172 5019 3
11880 27005 3
3854 43688 3
26466 28737 3
11669 24720 3
7431 7781 3
38542 45442 3
3910 28600 3
39680 40902 3
42048 45410 3
7741 35821 3
39685 47624 3
2676 30128 3
27558 31821 3
11886 44326 3
6784 31795 3
17738 49704 3
7742 34208 3
1522 31086 3
6780 34022 3
2924 23047 3
7730 38943 3
7719 33512 3
17545 18835 3
24397 37224 3
27225 31673 3
12950 16771 3
5274 12672 3
7435 48929 3
7061 22607 3
2178 6258 3
20064 24045 3
366 26916 3
36036 39375 3
18576 35637 3
25768 32896 3
26479 27512 3
27552 42520 3
12492 29580 3
4954 23123 3
15832 20399 3
27153 39430 3
6337 14845 3
7376 23052 3
26908 42592 3
35687 36004 3
13959 36642 3
22132 28627 3
16609 46776 3
7871 10237 3
43228 43330 3
6101 47724 3
20401 40814 3
7871 27456 3
7871 49541 3
27148 28783 3
27674 43495 3
24232 30681 3
255 264 3
37214 47009 3
20766 22210 3
17728 47018 3
6695 25951 3
40201 46335 3
27673 36012 3
11956 14494 3
7854 45034 3
40222 41266 3
13545 22893 3
43214 49925 3
7379 28923 3
24516 32716 3
178 33053 3
3934 38336 3
37299 43326 3
1151 23892 3
13965 19432 3
13970 31850 3
7365 29041 3
7889 46905 3
19170 35536 3
26325 33067 3
19174 24180 3
25665 25869 3
16434 28309 3
38280 42678 3
7362 48789 3
25942 44551 3
5102 5599 3
15810 46074 3
121 49563 3
20106 33500 3
40257 49658 3
21685 33300 3
12803 13045 3
11957 22217 3
6677 37359 3
6677 15586 3
3352 13559 3
26910 40279 3
16213 22879 3
27691 46538 3
19312 25909 3
40262 46909 3
5414 26931 3
4951 11811 3
20047 23356 3
21810 27570 3
79 532 3
7802 19595 3
16401 33044 3
21444 40513 3
12165 33861 3
38463 46778 3
13699 20056 3
35828 38865 3
7402 49519 3
19389 41975 3
1304 16405 3
41977 46173 3
11924 15699 3
26390 27174 3
6116 18385 3
11924 19178 3
35810 38855 3
27640 34881 3
377 43462 3
22100 26741 3
1095 4856 3
18528 21686 3
16396 27131 3
93 43174 3
1145 44132 3
24248 29656 3
3720 31882 3
185 1335 3
11615 21388 3
6742 13483 3
16228 21776 3
4970 34623 3
17213 49873 3
2686 18475 3
35850 38453 3
384 22686 3
20100 32472 3
13948 45007 3
3843 26805 3
27658 33120 3
40101 43127 3
13768 24520 3
12150 16008 3
41946 48725 3
2072 37122 3
27178 29539 3
306 10716 3
26892 46553 3
7112 11052 3
12475 48022 3
12137 45393 3
13958 17365 3
15859 44928 3
94 1228 3
22112 34036 3
18525 40371 3
12979 34279 3
2001 8024 3
24683 35144 3
21132 24160 3
5184 15565 3
27236 36992 3
11605 27324 3
21664 47049 3
40071 49264 3
3465 10987 3
27651 33020 3
22115 23166 3
26872 39730 3
6967 8247 3
6294 40062 3
6906 20256 3
7583 27590 3
24593 27824 3
27290 42852 3
1122 10027 3
6902 45448 3
12303 27778 3
7582 21800 3
39097 48241 3
16042 19723 3
16300 35969 3
3860 4877 3
1863 8392 3
39103 41323 3
7597 25711 3
38833 46611 3
38850 39927 3
3879 22150 3
21888 48165 3
6912 28886 3
27386 39565 3
11838 16630 3
343 1274 3
17761 41317 3
7498 7800 3
38830 46312 3
18558 40768 3
16038 35847 3
2616 16090 3
327 24309 3
24374 44003 3
11844 17466 3
39074 43064 3
1119 2504 3
15994 25132 3
2173 34139 3
13739 14004 3
11852 49439 3
7612 40493 3
36406 38711 3
24375 47376 3
27408 28787 3
13537 28704 3
18674 30060 3
3405 35891 3
16305 21691 3
27408 37184 3
26640 32338 3
16306 32240 3
235 7148 3
5215 12366 3
38824 40047 3
12304 30513 3
1121 30229 3
20162 33511 3
11852 15054 3
6287 14387 3
21620 32788 3
16303 24198 3
20724 22473 3
6174 30540 3
1120 44370 3
36448 41514 3
16769 30670 3
16042 40928 3
27401 47234 3
25874 42170 3
26647 49278 3
27338 31357 3
5048 46852 3
36680 46356 3
7533 23677 3
6945 27823 3
6944 23381 3
7513 23390 3
2901 45247 3
6170 39740 3
24577 36548 3
27338 45532 3
3375 36094 3
27324 47138 3
25750 31019 3
6168 20538 3
228 6792 3
5045 27452 3
6288 41569 3
7520 44624 3
16276 20209 3
38918 43002 3
20381 30566 3
21189 32263 3
16031 26033 3
3768 12340 3
1202 2353 3
6952 24144 3
337 13966 3
2294 24696 3
19338 31074 3
36733 37756 3
2848 41725 3
42831 44613 3
12906 27179 3
36697 37096 3
21609 38566 3
27313 34519 3
7560 25772 3
12278 47743 3
20152 45763 3
38891 48512 3
6919 31374 3
24348 25067 3
26729 28464 3
6925 40484 3
3875 23171 3
13746 13796 3
5055 7761 3
21936 40173 3
3771 32450 3
2069 2430 3
5055 12085 3
7568 30592 3
5232 47591 3
19235 23938 3
38985 48584 3
16285 39875 3
38991 44554 3
6935 24750 3
38998 48571 3
42850 43875 3
20722 33724 3
1118 7943 3
5042 28858 3
6931 19031 3
6962 44013 3
5434 6221 3
26688 49049 3
20156 42202 3
2375 2398 3
5205 24111 3
24298 42147 3
18708 32045 3
12836 47881 3
12356 47218 3
27495 40366 3
39397 41288 3
358 9192 3
26573 46676 3
21202 46138 3
39406 48073 3
19329 36293 3
38664 47357 3
6185 12495 3
39426 46128 3
12202 40149 3
5205 18991 3
12199 31957 3
6854 11240 3
211 44216 3
16331 48455 3
39348 46010 3
25879 31956 3
7678 8681 3
39364 43677 3
38682 40174 3
27468 29106 3
1323 1427 3
42985 47854 3
12347 24731 3
36223 46249 3
5437 19251 3
12347 44897 3
18551 19603 3
7010 45224 3
12376 41699 3
17829 25051 3
2853 39707 3
21124 35847 3
7703 32987 3
17856 19533 3
3902 22902 3
36154 42626 3
3362 10664 3
15941 19426 3
36145 46459 3
7453 24119 3
7024 14174 3
22042 46069 3
1220 32711 3
361 46243 3
2854 5420 3
3904 5816 3
42072 44649 3
39462 49808 3
25884 46195 3
6834 41534 3
21106 32917 3
12373 18931 3
5264 33482 3
3378 35664 3
6833 17094 3
15948 29151 3
7023 8756 3
17175 25883 3
26558 27241 3
1932 36482 3
13537 34862 3
24394 34521 3
21508 27863 3
39211 46197 3
21195 48961 3
13735 27090 3
36361 43589 3
15976 42764 3
13897 24746 3
2839 3564 3
39203 43628 3
1116 12953 3
16053 34404 3
7640 32686 3
26614 33143 3
2374 27682 3
36862 47543 3
36864 39398 3
21868 23619 3
39218 48512 3
16261 20738 3
15983 33699 3
12314 35471 3
2291 22040 3
12315 47283 3
25738 26534 3
7482 47574 3
27415 34800 3
12317 22163 3
24599 27240 3
36332 37676 3
36374 48116 3
13736 33909 3
27417 41969 3
42125 42241 3
36364 41332 3
12218 26314 3
27418 47262 3
5209 27156 3
11727 12412 3
239 36552 3
21527 49837 3
42964 47773 3
16329 16771 3
42791 46378 3
12207 12356 3
5004 34854 3
13730 43849 3
17584 44778 3
6860 39585 3
7672 11498 3
15951 26860 3
6860 12078 3
27251 30769 3
11714 49185 3
27262 48709 3
3621 28668 3
323 659 3
12917 41096 3
16316 17058 3
12209 48203 3
11736 40804 3
17847 41466 3
17159 31436 3
25830 40033 3
11734 15193 3
27439 30381 3
2398 3192 3
39265 49665 3
213 35654 3
39270 49729 3
20077 30723 3
8002 35987 3
40724 43281 3
18482 34376 3
24841 47649 3
35305 38423 3
41308 49736 3
13003 24094 3
16152 36516 3
35306 48967 3
27091 41980 3
5341 21980 3
6066 9964 3
22223 48374 3
40693 44917 3
37482 49567 3
20020 45777 3
1071 36296 3
27823 29566 3
17141 26996 3
1260 32283 3
17145 19038 3
21718 30044 3
22261 22385 3
14040 46593 3
12647 28342 3
24943 38457 3
42580 44006 3
20207 49936 3
40989 43234 3
7326 9854 3
24885 40641 3
25814 26812 3
6376 24930 3
43655 49535 3
18458 22378 3
24169 32840 3
27956 30532 3
3612 36778 3
21351 24729 3
1453 6627 3
37475 40138 3
27057 28243 3
41573 47989 3
6581 31564 3
2768 35282 3
6064 9377 3
15753 42320 3
15779 43472 3
16594 26860 3
20251 41406 3
34963 47319 3
1447 8732 3
5448 46574 3
7227 15475 3
27051 38674 3
7327 20710 3
12096 13595 3
16482 31657 3
15797 25062 3
12745 28480 3
34932 41585 3
22202 35456 3
5336 18627 3
12747 23586 3
24494 43558 3
16194 42591 3
1306 48045 3
4922 27306 3
1162 2794 3
21367 31947 3
41367 42309 3
22202 35044 3
37447 45417 3
5408 12018 3
16472 25723 3
26099 34924 3
5408 21579 3
7159 19221 3
12684 28710 3
24882 26623 3
1891 29148 3
2878 31044 3
15789 15851 3
11416 36510 3
7989 25825 3
7218 37046 3
12592 16369 3
7283 12468 3
37466 44529 3
7988 45735 3
1072 43713 3
16191 27199 3
16704 38252 3
12730 47756 3
1288 2598 3
37849 38332 3
6597 11094 3
4894 19170 3
35362 47391 3
11491 45596 3
6598 16492 3
19280 49818 3
17492 40218 3
6362 41841 3
26064 38144 3
26210 38938 3
27864 38815 3
6247 8496 3
27937 33030 3
21336 42897 3
24154 35235 3
17141 41917 3
6531 42560 3
22253 22396 3
37961 41408 3
151 48053 3
6050 32291 3
13813 43641 3
16511 31115 3
1451 2129 3
20225 39614 3
27937 42366 3
152 24639 3
21339 37097 3
21312 29545 3
17502 48516 3
3965 20369 3
99 984 3
21259 27809 3
12632 27469 3
2586 12769 3
3662 14375 3
35188 39506 3
21314 26205 3
1963 17697 3
13809 46233 3
19135 34324 3
37608 45308 3
19277 19815 3
3969 6677 3
7313 9475 3
19301 33005 3
24491 33468 3
4900 5503 3
13008 19993 3
12639 21658 3
7184 24106 3
6525 20249 3
11426 13909 3
16815 30700 3
6517 34446 3
15762 21695 3
22258 22425 3
11438 28800 3
13636 39629 3
25837 40463 3
5375 36864 3
18602 21539 3
41611 46200 3
16584 33847 3
24492 40799 3
37509 45421 3
35227 48962 3
6561 34971 3
1499 5660 3
6062 20624 3
1441 26064 3
40821 48699 3
3810 20265 3
6245 40614 3
1965 18814 3
27839 43975 3
26989 44503 3
26173 44409 3
26133 47100 3
156 4392 3
40795 49632 3
22234 23380 3
37628 41569 3
7291 49758 3
42437 49020 3
3961 47144 3
5346 27227 3
35262 44767 3
12616 39598 3
6573 18560 3
12007 32586 3
20212 45416 3
68 10135 3
8077 9421 3
13005 34008 3
16542 28450 3
8028 46761 3
6366 28119 3
16188 38199 3
12630 21782 3
8118 22873 3
3436 46293 3
17232 47414 3
7964 25682 3
18861 26037 3
1897 8391 3
6552 9794 3
17800 34503 3
27844 39821 3
40851 44314 3
8017 40874 3
6558 24486 3
7292 38194 3
27083 42735 3
291 27584 3
3971 13210 3
13670 16063 3
12027 31470 3
40434 46079 3
6228 6731 3
35520 46743 3
41546 44159 3
20750 49292 3
5323 6624 3
12658 23613 3
397 47683 3
16573 19395 3
1158 22598 3
1441 1898 3
8144 31827 3
5123 19521 3
35530 43247 3
7139 12490 3
38213 46429 3
41843 49019 3
26274 35667 3
20120 30346 3
13980 25645 3
7350 9208 3
7238 47684 3
11362 26646 3
17720 24096 3
21803 47074 3
13628 29241 3
35504 35895 3
26123 38142 3
3429 47751 3
12118 16823 3
436 21076 3
169 29924 3
3467 30585 3
38163 41282 3
22190 25602 3
21317 40656 3
6639 27798 3
2785 3234 3
7922 42092 3
16721 20483 3
24182 29568 3
26268 44697 3
19113 26445 3
43302 44431 3
5394 17560 3
16205 39690 3
2408 38640 3
7238 37258 3
2781 20161 3
132 33976 3
17889 28986 3
11521 48973 3
19058 21738 3
3940 15943 3
279 45842 3
26033 31874 3
7358 17431 3
35572 38075 3
17720 45950 3
17120 38256 3
20190 27942 3
40349 47608 3
1897 16926 3
12524 14260 3
24199 35913 3
24707 45256 3
6415 39282 3
20362 40697 3
12518 20509 3
299 46479 3
12129 31241 3
12790 41302 3
6197 25572 3
37325 49201 3
2869 10644 3
6026 48989 3
19111 40403 3
2941 3253 3
37579 43181 3
21148 27524 3
1434 5656 3
19164 21635 3
16523 30158 3
18631 49216 3
17118 29429 3
35541 38695 3
16523 37950 3
13775 35192 3
16800 27117 3
1330 7340 3
21269 49807 3
35559 43220 3
5324 34683 3
26283 47779 3
2680 45615 3
16712 41126 3
4869 7661 3
12531 43237 3
7217 44715 3
6493 39051 3
24888 29269 3
12847 26202 3
2583 25838 3
27022 49724 3
5513 13603 3
21377 23945 3
3816 27361 3
7337 10930 3
24479 48062 3
26942 44190 3
41419 44708 3
15722 24491 3
1496 9566 3
41801 49199 3
26242 27224 3
6503 8539 3
2579 4107 3
5453 33200 3
24830 49342 3
38107 38396 3
12569 21382 3
40518 42669 3
7151 28935 3
18450 23694 3
1253 34725 3
34904 42328 3
41552 43458 3
7145 42764 3
6626 14444 3
43605 48074 3
7949 37775 3
16722 20424 3
7230 35237 3
11494 49045 3
38051 46494 3
24754 37538 3
2300 45945 3
19156 21443 3
12100 19466 3
40592 41491 3
35428 40722 3
1968 24256 3
6504 28657 3
4927 28408 3
401 41129 3
35433 40916 3
7959 13723 3
1539 17695 3
12580 26578 3
26019 46507 3
13819 16598 3
3468 10599 3
43354 46313 3
7156 46257 3
26981 42974 3
6615 34158 3
2006 8470 3
16565 25612 3
2748 47462 3
5328 6545 3
40483 46308 3
17655 23312 3
41426 47449 3
2880 18758 3
12566 33018 3
11415 31153 3
24845 46895 3
399 48345 3
1990 10272 3
1077 36871 3
17797 43925 3
24479 25494 3
21044 28288 3
24464 40054 3
11974 43908 3
5326 24554 3
26060 27019 3
1285 3774 3
19432 39019 3
35087 36608 3
19404 49136 3
7944 33113 3
2344 6943 3
24821 39768 3
21382 22731 3
7947 28006 3
5388 40890 3
21792 24407 3
435 24347 3
12855 48810 3
7940 30739 3
21794 42759 3
7297 11464 3
16461 25811 3
6634 41008 3
3951 8561 3
19403 40854 3
5443 21268 3
11974 49118 3
10496 40432 4
29302 38783 4
16966 26365 4
2109 7509 4
22999 25591 4
38738 48242 4
5213 7774 4
2032 10640 4
2402 6102 4
20151 48051 4
12214 32203 4
29295 46048 4
1723 34863 4
13565 36459 4
9422 39066 4
32301 44470 4
626 28453 4
22874 25423 4
3622 14297 4
45724 49675 4
18936 25434 4
13751 25672 4
12248 33653 4
32388 38146 4
26726 28317 4
32386 40555 4
277 1773 4
621 9755 4
10695 41475 4
38912 39144 4
12049 12530 4
277 853 4
32379 39181 4
9450 16780 4
25393 34865 4
38892 44328 4
17801 26394 4
23604 29359 4
23746 49826 4
13278 28449 4
5139 45837 4
9196 44186 4
1307 4053 4
13553 26618 4
26717 38901 4
12256 32399 4
9199 34041 4
6963 15141 4
23022 39533 4
10472 48608 4
12858 15746 4
878 10287 4
9453 25971 4
13213 39754 4
3084 25390 4
12252 23726 4
23739 26527 4
12066 14103 4
22863 42416 4
5146 5155 4
16660 18185 4
9228 39597 4
17094 49443 4
32332 40129 4
21624 26817 4
2242 28465 4
22862 49611 4
234 41246 4
15124 44805 4
25319 49112 4
4573 46418 4
10676 35418 4
24561 45625 4
4160 15887 4
21628 31974 4
4155 34255 4
2032 35030 4
26999 41081 4
2481 46900 4
10693 29548 4
21610 31975 4
9441 32904 4
37837 47589 4
10482 25564 4
12221 19974 4
2765 38887 4
7180 8733 4
10483 20304 4
15127 44109 4
2164 9403 4
915 45146 4
2868 20272 4
32343 34593 4
14384 33471 4
12110 28491 4
31988 49597 4
9347 16104 4
29385 30374 4
7083 15196 4
12113 21268 4
262 37110 4
32146 36361 4
13563 18837 4
12161 32950 4
20294 36775 4
19266 47773 4
24500 43672 4
3263 29598 4
26865 45688 4
16678 40655 4
10624 16238 4
12152 25280 4
10577 13299 4
15087 19511 4
16202 36814 4
38415 47624 4
38413 40578 4
28 3444 4
18004 49404 4
7094 40148 4
10638 13970 4
10550 41457 4
2031 5443 4
10553 17639 4
4186 9420 4
20912 27312 4
22957 36388 4
10644 30510 4
7164 10841 4
7159 44892 4
26945 33558 4
3402 21480 4
2608 6723 4
25337 42663 4
9338 35718 4
32175 34679 4
21658 27290 4
264 562 4
5187 43228 4
10561 49151 4
15095 33038 4
13561 39187 4
16229 31895 4
38083 41113 4
26849 43428 4
12167 30587 4
20707 31659 4
23690 25612 4
5171 35496 4
12127 40431 4
9318 25349 4
18258 31941 4
7122 18505 4
14370 39768 4
5592 8030 4
29435 30605 4
38309 41383 4
42358 43288 4
38244 45562 4
32071 45499 4
2361 43416 4
21697 29689 4
4177 8652 4
26910 47945 4
38258 45597 4
10606 21146 4
15063 24218 4
38286 46427 4
17792 20647 4
15068 22987 4
19263 26250 4
5174 36946 4
12130 39034 4
644 3890 4
2863 25243 4
7149 18040 4
1906 24444 4
12143 46962 4
29394 47056 4
15050 28718 4
9334 31472 4
20908 39129 4
20131 39666 4
12136 23337 4
10586 29658 4
19661 23459 4
22943 47063 4
5593 25900 4
658 1311 4
38173 44926 4
15057 18926 4
32043 41986 4
19258 45670 4
641 9077 4
42338 48624 4
38173 49727 4
1177 33033 4
23681 35148 4
19891 31172 4
13773 25823 4
1717 8789 4
103 12460 4
103 3525 4
10510 47020 4
29547 49166 4
9245 31782 4
1437 14428 4
22881 31749 4
24876 45189 4
10516 37137 4
6246 38641 4
2168 13785 4
2566 2963 4
26967 46352 4
12837 33839 4
15003 15676 4
665 8537 4
38653 38702 4
26806 37186 4
14343 23339 4
20704 48186 4
7022 42598 4
25323 49832 4
6252 42958 4
4565 6199 4
16935 29917 4
16692 28301 4
632 782 4
9403 34458 4
31852 37173 4
9239 10627 4
37906 43572 4
10501 30869 4
15119 41077 4
26984 42652 4
17536 30175 4
5210 34937 4
23733 26980 4
2682 9533 4
26780 34090 4
4162 25459 4
46272 49634 4
10526 31231 4
12836 24160 4
5151 5775 4
7209 12732 4
7208 17999 4
31864 33325 4
1412 4314 4
5209 20147 4
7001 29236 4
16696 42108 4
9398 34421 4
32275 42906 4
7201 44266 4
38537 46963 4
3528 28443 4
18655 26837 4
7175 14195 4
10541 15538 4
29509 31775 4
9367 17832 4
20562 30119 4
1190 15162 4
23711 37296 4
15021 38857 4
25376 29621 4
32213 37517 4
9265 45305 4
37996 46967 4
14393 40731 4
38010 42628 4
890 27388 4
13242 28069 4
31950 45713 4
26960 45018 4
31956 35389 4
10646 34845 4
26958 47326 4
9359 12834 4
14393 40023 4
22900 45242 4
29524 44937 4
16688 31537 4
632 6201 4
10650 23465 4
7025 19072 4
46228 48826 4
24548 30778 4
5439 16420 4
3403 26078 4
38622 42635 4
21723 47881 4
19657 38464 4
38603 40375 4
14403 28812 4
7217 34855 4
37981 47729 4
7179 44975 4
16251 46838 4
12190 35665 4
12189 28253 4
13245 49373 4
4191 40363 4
9377 23167 4
15020 46725 4
21719 33057 4
26822 38923 4
23651 29751 4
3184 39177 4
6620 12774 4
30766 39732 4
17136 32152 4
6352 27662 4
2099 32499 4
6615 32012 4
4394 25514 4
164 17691 4
2046 40942 4
12570 23268 4
7 306 4
3185 6665 4
48032 48302 4
6610 15493 4
16466 18886 4
25214 47024 4
1257 40447 4
4391 19790 4
3221 4146 4
16464 46589 4
13592 26570 4
25130 42020 4
4292 31391 4
20193 32149 4
17146 36406 4
13328 35189 4
30116 48180 4
16459 20378 4
4294 11445 4
16478 37580 4
13663 37298 4
6350 20885 4
40499 45153 4
756 42381 4
30784 46566 4
3494 15135 4
5329 15564 4
18165 34549 4
40776 47237 4
5341 40709 4
5342 14788 4
2328 6620 4
2388 43697 4
21358 30493 4
40745 41933 4
6582 46434 4
21350 47214 4
12614 13564 4
4381 26659 4
19755 41310 4
3647 26152 4
2706 22863 4
12723 40416 4
10159 20324 4
6561 25302 4
10156 14821 4
9943 13882 4
16500 37880 4
161 3841 4
30146 38628 4
25135 32978 4
762 36697 4
2327 22689 4
18101 22048 4
9902 25825 4
9902 48543 4
41769 49404 4
19807 49431 4
13666 42940 4
9911 39326 4
9911 40820 4
4383 34725 4
30164 39809 4
1453 37975 4
1955 2188 4
48131 49927 4
5629 49139 4
41895 48206 4
40259 48342 4
41913 45206 4
12801 36709 4
30922 38869 4
5624 9936 4
3633 5520 4
6340 40009 4
47501 49459 4
6340 41421 4
9779 31632 4
12799 43280 4
6672 23061 4
6671 23265 4
4281 26579 4
10246 43748 4
1977 16497 4
30046 37594 4
10236 10355 4
30904 31640 4
6680 14015 4
5703 48191 4
30009 34521 4
13306 28221 4
26342 49467 4
30959 39043 4
25243 33725 4
16426 46573 4
47401 48571 4
13682 34901 4
5413 8352 4
30016 44236 4
30017 35498 4
2490 33753 4
30944 45202 4
9776 27055 4
30020 35784 4
30940 35457 4
9778 39261 4
1393 1682 4
14742 47818 4
25960 39460 4
6646 25603 4
14556 17642 4
16446 37364 4
10221 10802 4
9826 12642 4
16454 26109 4
4289 39971 4
47652 48084 4
4404 43267 4
752 1535 4
6637 45214 4
169 48649 4
30823 44155 4
13326 28967 4
9840 31605 4
9841 11974 4
30110 43064 4
6655 20527 4
25243 26191 4
833 5331 4
30050 39628 4
5318 15912 4
17604 26211 4
30058 41316 4
1247 41312 4
12527 33096 4
30064 41758 4
30627 44060 4
10227 12933 4
25958 48742 4
748 41047 4
1405 15088 4
12774 42920 4
41846 47173 4
25234 30973 4
6649 8079 4
13619 23666 4
5651 17833 4
24811 41746 4
10035 46794 4
26070 44882 4
25168 31608 4
790 22589 4
12681 13146 4
18121 26014 4
49011 49345 4
14608 36221 4
6410 24663 4
30421 32878 4
14612 37288 4
13618 39434 4
19781 36047 4
13616 46673 4
26062 36100 4
3206 15457 4
17071 38474 4
807 1995 4
17582 19058 4
6451 46611 4
10018 27183 4
25150 43385 4
2498 21213 4
807 23059 4
10020 23232 4
48958 49407 4
41289 45176 4
10047 34830 4
10024 19516 4
1 17855 4
2045 10747 4
1276 7209 4
30283 43999 4
20496 42184 4
3660 26909 4
18818 29254 4
30370 38038 4
3206 39993 4
24823 25622 4
1401 34378 4
134 8074 4
21264 43944 4
12694 15098 4
16577 39114 4
23380 41687 4
10074 12115 4
41474 47453 4
1641 41924 4
12695 27510 4
10088 12372 4
16577 44564 4
6414 38293 4
20227 40032 4
4330 18081 4
10082 44494 4
24829 27011 4
1644 16397 4
26026 31100 4
23392 43601 4
30317 31326 4
17073 21314 4
132 8272 4
16561 22942 4
10057 20606 4
2791 48309 4
794 15260 4
4350 7035 4
41445 42000 4
30393 40956 4
6433 36580 4
10059 22900 4
6428 22279 4
10060 15157 4
3206 24862 4
5645 7888 4
5658 38424 4
21241 30112 4
13598 21481 4
17053 44661 4
41699 44884 4
5661 5805 4
9962 24654 4
21242 27809 4
9963 13669 4
30578 38319 4
14587 45187 4
150 5385 4
17609 32419 4
23328 45787 4
1634 6957 4
2609 4794 4
17055 43962 4
16519 44924 4
26126 26195 4
16521 43638 4
13639 16293 4
20360 43734 4
30190 46696 4
20360 38153 4
40891 48317 4
25203 41896 4
2100 7876 4
10154 22566 4
9951 19463 4
13597 46562 4
2044 16588 4
30609 33127 4
21337 47757 4
6529 34448 4
30605 42192 4
10149 11023 4
151 8326 4
25192 26719 4
4370 6262 4
9997 14032 4
4355 6241 4
41630 42162 4
12712 25200 4
784 22155 4
9995 18289 4
6395 19664 4
145 269 4
48778 49196 4
48785 49790 4
18140 42419 4
20225 38414 4
4353 10067 4
10120 37313 4
10117 31189 4
2796 34777 4
6461 37529 4
30473 43516 4
19777 24731 4
16584 34403 4
21323 46032 4
10134 30606 4
6381 23756 4
21245 34393 4
6386 14681 4
14591 22129 4
6496 47328 4
30236 35329 4
18804 46861 4
1403 23489 4
40234 48327 4
2385 7220 4
2218 20985 4
17059 47309 4
21318 35657 4
30252 44570 4
30518 48699 4
2149 37035 4
9993 20298 4
6863 26045 4
4483 38741 4
3750 44715 4
31496 40879 4
16324 28924 4
9554 21179 4
13570 22377 4
31485 31786 4
4237 45552 4
21526 28366 4
20537 25785 4
1214 37262 4
23551 26105 4
4239 31864 4
31464 40581 4
21525 43345 4
23105 43778 4
26586 48343 4
19218 34873 4
4241 17757 4
16985 49962 4
217 1018 4
19695 21064 4
23078 35011 4
24604 48220 4
3521 26919 4
25875 36708 4
13732 40887 4
693 9471 4
42118 44541 4
3143 24874 4
14920 18012 4
9531 14821 4
9531 19835 4
10404 33748 4
6877 49033 4
4485 8154 4
23092 28978 4
3139 44629 4
18443 18788 4
12366 12787 4
4471 37008 4
703 10405 4
20873 38797 4
3519 33212 4
18197 43700 4
9591 20384 4
13719 26078 4
9594 28392 4
1217 37040 4
3414 29068 4
17745 44210 4
5267 16554 4
23132 48504 4
26541 37540 4
204 14267 4
5268 29624 4
1222 1461 4
39552 44697 4
19091 48235 4
13273 21892 4
6857 29132 4
25281 40891 4
3491 13207 4
700 4625 4
31425 49241 4
2833 24804 4
12352 45573 4
21520 43566 4
5750 16469 4
9570 18896 4
25280 37261 4
6311 10440 4
1930 45312 4
2776 15295 4
6848 37203 4
39435 42630 4
39438 45502 4
26684 32273 4
5235 12935 4
39016 49876 4
39027 44794 4
4498 30962 4
5237 10776 4
20884 30014 4
9483 13144 4
39035 48819 4
31670 39424 4
1301 9139 4
1699 42591 4
21189 45020 4
21582 27582 4
6915 45678 4
16296 28833 4
6289 34338 4
871 6415 4
223 24544 4
14430 20794 4
4214 43715 4
5225 10376 4
24573 32319 4
10464 27736 4
14960 23341 4
1480 40638 4
3765 45981 4
6947 13134 4
5600 35238 4
9466 47670 4
9488 24066 4
6943 27070 4
14959 45094 4
24578 32797 4
31720 36750 4
9469 43080 4
22 23028 4
26695 44660 4
13258 36875 4
6888 23302 4
23055 42731 4
4492 11061 4
29713 48486 4
12305 37176 4
31588 42452 4
6892 34689 4
9514 29838 4
18998 42131 4
13742 34359 4
39108 40037 4
12307 39626 4
2206 4992 4
3136 16538 4
39166 40379 4
12312 40964 4
31563 48674 4
14932 36941 4
691 1677 4
31552 45779 4
9496 17580 4
16656 36272 4
6909 20587 4
684 32073 4
6909 15111 4
31642 45743 4
21576 32565 4
17680 44462 4
39073 41317 4
31628 40681 4
1619 17066 4
3132 38806 4
20879 30500 4
12302 27891 4
13395 24146 4
46536 46630 4
9505 31718 4
23053 41797 4
26650 37343 4
23496 36830 4
3722 36672 4
6745 36365 4
31084 45364 4
1236 26626 4
187 39268 4
14532 25854 4
9721 44820 4
9726 40232 4
1237 3991 4
12448 43980 4
14798 47773 4
16403 20078 4
41980 45610 4
10292 18378 4
5416 13102 4
26382 34719 4
184 40178 4
1295 40047 4
9738 17677 4
725 6591 4
39844 42704 4
6760 24958 4
26420 44075 4
25254 39269 4
24656 38859 4
24658 48699 4
18078 28101 4
16393 31803 4
6334 11037 4
10291 33762 4
2037 3559 4
29948 49298 4
13 29208 4
14819 15639 4
5718 7258 4
24669 32449 4
13700 31816 4
18986 47985 4
3168 39789 4
10270 44805 4
20363 22788 4
40173 41336 4
19728 29472 4
736 13885 4
16414 35282 4
26355 42440 4
26352 39967 4
26350 32338 4
47287 48114 4
23214 35118 4
24690 43060 4
5307 6190 4
5708 26467 4
5308 35685 4
6686 37287 4
6686 30933 4
14543 18836 4
5309 21003 4
19819 43880 4
6722 18864 4
10290 20318 4
9743 32005 4
3167 5098 4
2058 5681 4
4269 5253 4
31032 45997 4
6717 11880 4
12 3576 4
29928 38916 4
2156 20096 4
12 1526 4
9746 49201 4
18182 26634 4
12474 35103 4
2820 6676 4
17689 46957 4
26363 46377 4
29865 47878 4
4249 5146 4
39597 40439 4
46979 49923 4
9615 47053 4
42066 42543 4
19837 29572 4
3151 49106 4
39632 49606 4
29865 33443 4
710 4832 4
17744 35019 4
21486 37801 4
14490 46280 4
4461 46713 4
16996 28499 4
13391 34502 4
3239 7055 4
4460 44576 4
24641 32619 4
12383 16277 4
23539 28740 4
1385 3325 4
4465 29478 4
20533 32572 4
29841 42441 4
23141 23804 4
23536 45852 4
39560 47527 4
14848 21103 4
39651 43250 4
42067 47306 4
9609 20572 4
6808 45488 4
5731 39263 4
26515 43530 4
31320 41474 4
12396 19125 4
5424 22598 4
39813 45917 4
1230 46516 4
13292 17491 4
16623 40985 4
18066 49315 4
848 22671 4
29906 46545 4
31180 36270 4
1937 5300 4
20373 27925 4
39773 40708 4
9672 25468 4
10316 22708 4
845 17105 4
16383 30601 4
1678 10820 4
6328 7540 4
5287 41740 4
26427 30725 4
17413 48009 4
16372 40582 4
26478 32296 4
47011 49308 4
198 18614 4
31247 48983 4
12407 26400 4
9632 37442 4
18954 48462 4
13710 45134 4
24572 33655 4
31233 49386 4
39719 45263 4
1680 8143 4
2825 35554 4
1230 2980 4
9651 21323 4
39757 43458 4
47041 48129 4
3601 7646 4
5503 10270 4
23912 46740 4
24307 43813 4
3364 7804 4
11723 49064 4
2754 7663 4
1517 26664 4
25722 48381 4
34362 38193 4
7659 23287 4
10990 25549 4
28673 42579 4
1568 3687 4
13906 18623 4
3957 21423 4
33432 35095 4
3583 30982 4
8725 17841 4
538 9955 4
28657 30348 4
36244 39382 4
11485 18827 4
15361 20019 4
36246 38481 4
27463 33061 4
20992 29714 4
28216 37061 4
36259 46516 4
15355 49480 4
11719 32534 4
36261 40811 4
28665 29169 4
35359 37895 4
28219 38618 4
13062 25368 4
27420 45216 4
11742 45106 4
43427 49413 4
33411 48787 4
5017 31876 4
17933 28611 4
20613 37594 4
5551 15219 4
4705 28551 4
25590 47356 4
1071 11966 4
3303 11775 4
7632 35863 4
10975 13103 4
8757 13632 4
1352 9453 4
1024 46190 4
33374 40845 4
8745 15901 4
27430 30880 4
15785 30453 4
13904 17184 4
4080 6818 4
7649 45127 4
12917 22614 4
17451 24655 4
11261 48488 4
17873 48088 4
22224 41864 4
21977 43292 4
2374 25816 4
8328 18704 4
11740 16640 4
544 37814 4
22225 32164 4
8696 31496 4
8374 15887 4
8688 19767 4
27795 39221 4
360 2916 4
8373 14271 4
1107 1735 4
15941 36530 4
14205 19290 4
36178 40682 4
5000 7450 4
35408 42376 4
17930 45183 4
11700 21365 4
4072 49437 4
405 3809 4
15943 34930 4
13070 19753 4
4067 40058 4
20626 38169 4
11035 26585 4
3360 6918 4
22201 27037 4
8675 45324 4
3461 29245 4
24040 45150 4
7706 22691 4
13065 25839 4
15570 32973 4
24284 44052 4
13474 36820 4
36137 44336 4
22040 46753 4
3032 5710 4
22424 35527 4
11711 12173 4
8714 10948 4
20443 47372 4
8715 24971 4
4810 46620 4
2915 30509 4
20073 32723 4
18484 43006 4
15363 41352 4
22591 31077 4
22593 40832 4
18880 40001 4
1110 30092 4
28655 45494 4
356 35238 4
22595 42139 4
5003 33580 4
35374 48848 4
23921 27912 4
25715 49443 4
17514 19186 4
23923 41854 4
42986 46145 4
11009 37671 4
28637 37303 4
8365 19860 4
17304 21898 4
34412 41409 4
4716 35252 4
22031 28758 4
35397 46422 4
28643 45257 4
6073 28722 4
22590 30358 4
2739 30948 4
1512 34473 4
11782 22584 4
3604 44456 4
4095 4698 4
11784 17286 4
11449 42893 4
7550 11142 4
17661 30136 4
8275 21609 4
2661 46805 4
4832 43680 4
16024 44082 4
1867 36202 4
15765 21020 4
27342 47737 4
1317 23964 4
34530 41995 4
27865 31838 4
7561 17894 4
5038 41397 4
36557 47480 4
44858 47018 4
10930 28631 4
6165 9347 4
18350 47860 4
22655 41731 4
20979 42041 4
34531 34871 4
18350 24687 4
414 10462 4
14227 18360 4
8817 20930 4
5902 18821 4
1513 3520 4
14088 19645 4
2903 37853 4
13866 31254 4
22260 22375 4
11806 27083 4
15288 18868 4
18568 24850 4
5523 22820 4
16902 39922 4
28843 30053 4
2900 30588 4
417 49246 4
8061 46088 4
11429 49375 4
17503 17663 4
13499 40175 4
33163 37493 4
562 13032 4
8254 25967 4
13533 45789 4
3582 4929 4
11798 42233 4
34532 47128 4
1127 28077 4
8270 8793 4
11439 28324 4
24354 48665 4
35168 48278 4
19021 33848 4
24159 34396 4
34541 43158 4
12909 22965 4
13870 36967 4
963 20234 4
21909 49740 4
8055 12613 4
5897 8437 4
1862 42172 4
7609 10191 4
7606 12885 4
28191 31145 4
25493 49332 4
4914 23064 4
3302 29434 4
10956 31947 4
19959 33805 4
7609 20855 4
2368 19448 4
13132 21972 4
28188 49174 4
3044 32245 4
22403 23314 4
12913 31510 4
4695 46258 4
11457 28769 4
17935 45422 4
547 19023 4
14212 40392 4
22631 48792 4
17899 34910 4
14213 15416 4
12916 41700 4
44773 47582 4
10965 46918 4
23900 26844 4
27410 37257 4
20988 46369 4
24051 44496 4
3326 21904 4
8774 14602 4
11753 20163 4
20034 32059 4
28786 47939 4
412 18341 4
24965 47338 4
11453 28397 4
4092 6121 4
1122 22458 4
5036 13613 4
6163 47383 4
8290 31351 4
7575 23915 4
16767 21761 4
28788 47195 4
43988 48247 4
2004 7672 4
5907 12925 4
36536 42885 4
16005 28135 4
11450 45947 4
16809 26127 4
969 2789 4
8797 20805 4
87 2815 4
27393 41169 4
28181 40539 4
35244 44836 4
4914 8531 4
13136 49184 4
35421 46495 4
36487 44489 4
20084 20772 4
36494 49752 4
4913 43394 4
33314 37338 4
1570 13566 4
33308 49466 4
11121 36465 4
382 16090 4
35785 38081 4
8536 23434 4
35549 49005 4
13462 30320 4
35790 37305 4
4759 19349 4
35794 39594 4
18504 37247 4
5975 13069 4
3349 24917 4
21090 42622 4
4757 29696 4
22452 45820 4
11607 28528 4
6082 43710 4
27640 32018 4
1011 14632 4
19392 39469 4
27662 40199 4
22490 49308 4
2425 6218 4
3010 43362 4
78 266 4
8522 35960 4
18390 46402 4
4043 15977 4
22119 28376 4
4762 17719 4
35758 40125 4
7828 39408 4
2285 21642 4
8530 25430 4
23992 45834 4
1002 4003 4
11617 36927 4
2553 6008 4
1012 26343 4
33868 40562 4
23976 36914 4
44397 49901 4
513 43961 4
8569 47453 4
35526 47298 4
7795 45150 4
25685 36101 4
22095 44302 4
7788 8967 4
15457 19473 4
3015 17101 4
15884 48327 4
24183 44245 4
79 24925 4
17219 18119 4
17915 36257 4
13945 37339 4
28440 29125 4
6117 17497 4
7806 11828 4
2696 28191 4
34150 42253 4
43293 44108 4
11591 47228 4
11111 33383 4
35852 45232 4
21019 31208 4
28454 48735 4
4046 35530 4
44388 45933 4
21006 26175 4
15493 43297 4
8469 19103 4
5972 7495 4
2938 37460 4
17869 20536 4
393 43777 4
17868 24207 4
5967 9529 4
8473 18120 4
8454 10244 4
11559 18195 4
18394 48974 4
13962 42576 4
4032 25084 4
14141 46089 4
1786 34524 4
4033 34898 4
13962 17840 4
5969 44857 4
44209 49266 4
7894 25995 4
496 4296 4
11570 24086 4
22168 22999 4
35609 47469 4
2187 3503 4
392 745 4
2749 47070 4
3006 32047 4
18507 49816 4
35590 39836 4
3351 46245 4
1084 10446 4
34036 39381 4
11170 40307 4
3353 15567 4
7851 40514 4
8504 45608 4
2112 21519 4
2941 25374 4
11145 37660 4
4767 13647 4
4945 22207 4
7847 39758 4
35574 46554 4
2671 35597 4
17226 47729 4
19513 47037 4
13972 22198 4
27723 32904 4
22489 44500 4
11536 15692 4
19988 22551 4
33984 48488 4
4034 29415 4
16860 49822 4
8484 10293 4
501 12629 4
17282 22818 4
7863 12675 4
33989 35060 4
28378 41889 4
4023 27516 4
8490 9738 4
11151 26333 4
7858 20715 4
27677 42446 4
5972 28781 4
24984 47365 4
4956 13077 4
11048 38605 4
2347 4679 4
8629 23451 4
24030 45941 4
19995 29015 4
16802 46744 4
11226 27229 4
8633 34353 4
12953 13694 4
8387 27736 4
2544 28129 4
22056 49699 4
15926 30286 4
22558 47555 4
24273 47275 4
3906 40616 4
43342 45599 4
4803 38143 4
24270 31523 4
6129 36882 4
27774 46733 4
27559 29372 4
36003 37054 4
28275 35987 4
23948 46531 4
28552 47909 4
17458 30915 4
15930 17245 4
11223 22047 4
11662 43692 4
1830 27551 4
28557 43923 4
11056 21163 4
23944 49134 4
7738 37213 4
43079 45294 4
15389 48031 4
25712 32569 4
11041 20717 4
15563 26994 4
5984 38479 4
21101 33372 4
27530 30227 4
11495 43359 4
2918 18388 4
15392 46681 4
25566 38342 4
2345 43696 4
7710 47223 4
15386 22347 4
8668 15158 4
14112 37538 4
13454 32605 4
22200 49423 4
6133 8853 4
36074 41075 4
33680 35528 4
35456 41082 4
8382 19405 4
22559 42845 4
11045 27544 4
17857 45604 4
25516 44128 4
23957 43246 4
5942 39340 4
33663 38104 4
19405 48408 4
16780 35520 4
8650 49622 4
15798 34279 4
44561 47641 4
11636 44774 4
24251 40464 4
28500 30463 4
4794 44329 4
35506 47544 4
35914 43268 4
11209 11227 4
4795 46261 4
7770 30168 4
18381 36386 4
27597 34915 4
1789 17131 4
11085 40766 4
13506 22774 4
7925 23107 4
8404 35681 4
7926 31451 4
11639 24226 4
3945 24419 4
11522 48913 4
7782 32033 4
7920 36153 4
20669 46389 4
7921 10058 4
17459 39743 4
23971 32971 4
34180 34355 4
4797 13587 4
994 15961 4
25530 42659 4
8585 36149 4
22188 49030 4
13942 37371 4
11626 37601 4
13942 25379 4
11217 27218 4
17922 36601 4
4740 12999 4
20056 21650 4
7752 37413 4
28533 31661 4
75 842 4
23962 44057 4
11510 38060 4
3949 4116 4
11652 41293 4
3595 28162 4
5529 7289 4
3560 23472 4
8619 29880 4
8391 10832 4
27560 42216 4
15548 47755 4
5529 14674 4
2997 4192 4
25562 42071 4
44164 47885 4
25690 38837 4
6123 31536 4
2421 34933 4
11215 48846 4
11078 20312 4
7559 44293 4
11077 22363 4
11215 49487 4
2748 43597 4
35968 46198 4
35971 37905 4
11072 20907 4
4054 45726 4
15188 45013 4
25036 28653 4
2882 4264 4
17487 33559 4
593 33842 4
28048 36199 4
11974 29507 4
1153 13227 4
21800 31013 4
15672 33574 4
37372 42844 4
15188 39767 4
13024 41843 4
24101 25286 4
6207 24233 4
447 41103 4
19307 22077 4
5849 19334 4
593 776 4
1152 7788 4
6013 49327 4
7353 47296 4
7353 14441 4
34954 35347 4
16123 16460 4
9052 10228 4
20011 25647 4
15674 35562 4
27115 31408 4
11379 12510 4
9054 16357 4
2273 45278 4
13182 19297 4
15194 28182 4
15738 21803 4
28049 29069 4
1425 7285 4
17814 24692 4
13189 42323 4
32633 43001 4
29114 42250 4
16141 19957 4
37454 39862 4
32622 47177 4
7330 9378 4
11337 14320 4
34923 36030 4
27100 47534 4
293 23122 4
2961 31358 4
293 16693 4
8176 46576 4
19456 19973 4
23777 31017 4
28043 34609 4
19306 22580 4
14286 34507 4
9078 27857 4
43712 44395 4
13432 29507 4
37416 43904 4
12883 20889 4
29101 47444 4
9046 39465 4
5109 46961 4
5110 8486 4
15727 35316 4
27108 35278 4
37428 45444 4
7336 9049 4
34745 42466 4
17434 48034 4
7382 34798 4
12890 44826 4
4852 36158 4
42679 45198 4
18589 42431 4
24424 38890 4
20102 35611 4
10825 20820 4
37196 42515 4
14071 25168 4
14034 43381 4
3468 29574 4
587 27334 4
29026 49217 4
24952 25901 4
14069 40029 4
27947 31236 4
37232 49469 4
27182 32092 4
10834 37606 4
1056 26697 4
3977 13739 4
28088 30108 4
63 32008 4
8992 14505 4
6010 27172 4
4641 21055 4
15207 37836 4
7395 39240 4
37150 49988 4
12891 38391 4
21828 35293 4
19604 38341 4
37161 46774 4
2959 12112 4
32818 33964 4
2298 21674 4
37292 48850 4
5100 9548 4
10810 21456 4
8123 15283 4
43667 47065 4
34970 35763 4
19937 37717 4
11383 39030 4
27135 39968 4
1739 32292 4
7362 23152 4
17474 34580 4
25030 37378 4
12890 14953 4
13433 44916 4
9045 28483 4
2730 28872 4
1574 20993 4
1881 33536 4
8122 23724 4
24429 30125 4
4636 36084 4
13831 46056 4
304 9570 4
19939 20706 4
25783 45963 4
11976 25603 4
34980 42535 4
29032 37553 4
32762 35637 4
8123 8130 4
32761 43251 4
20106 24308 4
27139 38063 4
2964 15082 4
1497 9230 4
5582 8529 4
7284 9411 4
32464 41263 4
5127 24663 4
10726 25811 4
37650 49092 4
5127 30129 4
24954 30245 4
66 428 4
9167 15951 4
22826 24277 4
45647 47564 4
3824 45516 4
32448 39155 4
34868 39484 4
15707 32577 4
3827 42014 4
12007 19228 4
20930 45550 4
2026 20654 4
22820 33801 4
9152 38391 4
6027 46237 4
32483 34616 4
32480 49867 4
3987 27791 4
27988 30762 4
15711 27560 4
13205 14750 4
12007 39537 4
32476 46988 4
19629 22814 4
10731 49835 4
37636 49840 4
8152 30994 4
4868 43113 4
24114 29066 4
5513 47460 4
2871 37300 4
21146 23009 4
18856 32182 4
7259 30225 4
7258 20156 4
42511 45278 4
12028 17473 4
2965 44348 4
29240 34287 4
28006 33024 4
12863 16818 4
16172 48775 4
13422 48710 4
7246 14403 4
615 2940 4
613 15371 4
8159 19319 4
20649 35349 4
28010 43453 4
19633 41211 4
17246 36194 4
29228 47426 4
37681 38618 4
29211 39688 4
5453 7973 4
42513 47583 4
9178 45563 4
6021 20000 4
22304 31176 4
32431 38739 4
9180 17593 4
15684 35137 4
29169 48527 4
2301 12456 4
13025 43284 4
9109 20115 4
9113 35669 4
45541 47328 4
5457 13830 4
604 31865 4
2677 33052 4
15721 41787 4
1733 26217 4
14049 24058 4
8171 37201 4
9119 32938 4
24457 46035 4
11984 44107 4
25802 48559 4
5577 29700 4
11977 27750 4
15174 44126 4
931 1297 4
3576 22235 4
13032 17393 4
20400 27534 4
10765 20500 4
11979 23978 4
7312 27400 4
10764 23840 4
434 7309 4
9105 23027 4
27085 37536 4
37486 48215 4
29159 41094 4
22805 25176 4
5842 31422 4
18606 37556 4
27983 47027 4
7302 43468 4
10743 17204 4
1811 16158 4
9137 34745 4
20110 20166 4
18287 35976 4
11341 35271 4
32517 45264 4
34885 41462 4
9144 27619 4
18444 39484 4
443 46291 4
16149 47305 4
4863 30093 4
19916 39593 4
11367 23993 4
13491 43715 4
2526 22304 4
24956 39665 4
9127 49484 4
22807 23776 4
12875 41047 4
20016 43187 4
32523 35935 4
25805 30978 4
19313 38618 4
34784 44237 4
15163 15479 4
15688 39540 4
37550 40061 4
3077 36661 4
16145 31831 4
28026 39142 4
4108 8718 4
20269 40738 4
3972 24050 4
36906 42428 4
19588 44144 4
27909 36962 4
11866 40703 4
13437 48874 4
14019 16149 4
19017 40002 4
8112 33979 4
36926 46953 4
42769 44990 4
21864 38239 4
15242 23089 4
14074 17754 4
14244 34830 4
6185 6808 4
2463 29054 4
13439 42598 4
1577 18611 4
23846 37502 4
28914 31156 4
22702 32712 4
7467 35643 4
35086 44142 4
17882 46516 4
7466 45053 4
6009 10479 4
33026 46352 4
34611 40480 4
15751 38061 4
4662 10514 4
33023 44094 4
25470 35786 4
36978 45756 4
948 47053 4
2731 32158 4
18464 39400 4
27229 39837 4
2194 16748 4
5867 31625 4
18923 41322 4
1036 42784 4
1141 3907 4
7442 48231 4
36996 45860 4
14248 27705 4
11404 41575 4
11881 23421 4
4842 49490 4
18427 24314 4
424 33417 4
19951 28302 4
424 31167 4
10871 21429 4
14246 16130 4
28948 48933 4
3855 37967 4
950 31647 4
4658 34506 4
10872 37914 4
1994 43856 4
5868 40347 4
7455 17123 4
11873 13931 4
17318 35789 4
33114 47637 4
27895 33707 4
20268 28796 4
15269 30891 4
18342 37706 4
16039 29493 4
3377 19666 4
42802 47352 4
25019 46380 4
1802 3429 4
4670 13001 4
15266 21576 4
25638 40225 4
567 723 4
21879 32981 4
8888 43774 4
20962 42311 4
11824 44834 4
5053 37524 4
27317 49465 4
20340 36620 4
19574 39833 4
3864 5207 4
8864 12939 4
23863 39405 4
28855 44832 4
43903 49822 4
11827 48006 4
13008 28576 4
2069 3389 4
3053 15395 4
3862 40880 4
15617 22137 4
14078 20525 4
28890 48990 4
24074 35558 4
5061 22256 4
3058 25269 4
3551 31614 4
22264 34953 4
1507 12169 4
13154 48428 4
28125 49728 4
24379 30921 4
1507 5941 4
2676 26128 4
27263 36080 4
22698 48511 4
7471 26542 4
36888 38168 4
15633 46060 4
3857 14661 4
28129 40325 4
3552 45912 4
7482 42803 4
3859 9242 4
24069 44531 4
5883 9903 4
3999 6818 4
20402 40645 4
1034 18144 4
36841 44335 4
27899 41527 4
22372 25097 4
11298 12349 4
2461 25738 4
325 16199 4
11921 14147 4
17965 33509 4
5511 17863 4
45193 47458 4
11903 25500 4
11393 41589 4
27193 44915 4
68 27569 4
11886 40366 4
28102 44638 4
8945 40050 4
425 11922 4
428 12960 4
16096 42999 4
6192 45230 4
24409 40808 4
22736 42726 4
22744 25353 4
21838 38569 4
3380 4089 4
8950 16645 4
23832 43365 4
25769 35180 4
18308 29237 4
8229 49193 4
2676 32358 4
425 26117 4
22352 35680 4
2194 44710 4
5864 36048 4
4847 44182 4
45239 48293 4
10864 12824 4
2549 35176 4
20591 34007 4
35020 43996 4
5863 49791 4
10840 44992 4
37080 47789 4
4643 19058 4
37016 37156 4
2115 20513 4
37059 43229 4
45226 46306 4
22730 26736 4
22729 30224 4
4883 32964 4
20022 37876 4
11450 14042 5
13975 37499 5
26150 32215 5
24708 32749 5
11287 41768 5
12688 23817 5
3225 42629 5
24760 35206 5
11320 39634 5
12634 33304 5
12739 36179 5
14550 18187 5
24022 35620 5
3226 5161 5
813 25451 5
4300 29953 5
12648 23616 5
28155 28924 5
20232 49730 5
24758 29600 5
3466 38498 5
11193 20741 5
27792 47679 5
1402 16078 5
24188 43198 5
24821 39830 5
1535 17476 5
30216 33838 5
824 1540 5
30140 48068 5
11388 26815 5
1290 24269 5
4003 34078 5
3445 30067 5
30333 33420 5
3942 7381 5
1451 44314 5
32071 46609 5
1459 39357 5
11363 31972 5
1440 35520 5
4300 40086 5
28075 31054 5
1550 20913 5
4298 24990 5
10099 36901 5
11450 25421 5
1011 16578 5
28158 40265 5
11562 42192 5
3469 48758 5
3977 4738 5
27936 30712 5
1055 18462 5
13336 23376 5
3653 10155 5
26096 31808 5
12588 47528 5
1055 21707 5
14004 46780 5
1245 32802 5
28328 37323 5
12504 19312 5
12590 13819 5
30159 37254 5
23406 44829 5
12714 49018 5
1062 49402 5
1245 4373 5
11255 28230 5
24763 42943 5
1426 3065 5
20021 42794 5
2115 2818 5
10120 17431 5
1039 6896 5
28007 40965 5
10240 31960 5
12641 37722 5
12703 19467 5
30273 33198 5
24017 27112 5
25986 38888 5
2499 22548 5
12692 44531 5
1046 39273 5
27801 35417 5
11326 33003 5
28150 38858 5
26290 32213 5
20046 34767 5
28235 44999 5
28027 35197 5
10097 35612 5
17652 43153 5
17610 31016 5
13051 21535 5
13348 41900 5
3496 33439 5
12521 48696 5
28082 30101 5
1259 14757 5
20046 36351 5
26132 46850 5
3512 14775 5
20500 34837 5
13601 24799 5
2185 43209 5
20041 22289 5
13971 37055 5
12514 12704 5
3328 35007 5
1279 19396 5
18097 41690 5
11213 41575 5
4021 14938 5
1422 7092 5
25627 29576 5
1285 4461 5
12615 26972 5
10112 20074 5
25170 33940 5
12687 15712 5
11314 48789 5
11401 31660 5
13998 20892 5
27832 30565 5
28283 39074 5
25216 37588 5
24141 39406 5
25591 35850 5
26021 48022 5
14090 15655 5
12553 24241 5
25603 41568 5
12554 15840 5
28065 37112 5
10209 17299 5
26231 47301 5
24049 48797 5
11496 29882 5
17612 26145 5
11407 36419 5
2185 18289 5
24026 39579 5
14061 17401 5
13491 20469 5
13333 17125 5
11265 13407 5
24765 48883 5
11403 43982 5
13991 17768 5
3333 18107 5
17412 48751 5
11473 45927 5
12673 27366 5
3952 8767 5
11227 18273 5
13620 15663 5
3585 9644 5
27783 46171 5
24080 46667 5
12600 36954 5
23471 26945 5
24736 36779 5
12658 16417 5
3643 18517 5
13995 33229 5
13618 46931 5
14575 33346 5
24745 33181 5
28196 35993 5
30253 31988 5
26184 37058 5
28047 31061 5
11514 14967 5
3991 27198 5
12712 41907 5
20193 41268 5
11452 11489 5
30082 39348 5
30322 32367 5
20204 43746 5
1442 15083 5
11284 17085 5
824 13169 5
11483 46938 5
28031 34444 5
13072 44785 5
12544 33658 5
27928 43724 5
27846 39936 5
14122 24464 5
27752 32163 5
1013 28313 5
26167 32024 5
11394 16108 5
2605 48679 5
2186 35985 5
11368 43093 5
11477 14323 5
12673 14615 5
3644 10418 5
11194 23200 5
24709 24834 5
3580 4430 5
802 35911 5
20304 27361 5
13629 38209 5
30328 46586 5
26156 38227 5
24023 42602 5
3643 26111 5
24751 38345 5
1339 6153 5
17591 22143 5
2601 14556 5
13016 19023 5
24135 28843 5
28256 34098 5
30164 40605 5
19792 30076 5
11202 32395 5
11480 26721 5
11273 41600 5
24133 26987 5
13596 46919 5
25634 44756 5
10214 19923 5
3465 39014 5
11456 36034 5
30312 34711 5
12653 21899 5
17613 49446 5
1279 35546 5
3583 10819 5
2546 34387 5
4313 32397 5
1044 47846 5
24060 27889 5
1531 46501 5
12652 46619 5
1290 2679 5
13080 15060 5
24811 36805 5
26823 33116 5
11878 32634 5
14245 20300 5
2194 8196 5
24397 31902 5
26811 36079 5
888 10656 5
3783 25743 5
14248 37932 5
887 11211 5
1315 21960 5
12186 29438 5
20097 45232 5
12184 24365 5
10546 12658 5
1142 6563 5
12893 37290 5
4187 48369 5
25322 31696 5
14412 23374 5
24554 28805 5
4107 24706 5
10885 28832 5
14409 34911 5
3779 46193 5
27249 28907 5
10884 44969 5
26836 45093 5
17767 42330 5
10524 42023 5
24552 33975 5
24903 47334 5
11869 18192 5
28938 46915 5
10877 19068 5
29009 35579 5
11905 40709 5
23670 25434 5
3263 8728 5
2621 42473 5
25774 40143 5
29482 32203 5
11913 28255 5
26859 29859 5
18011 32402 5
12159 13062 5
895 9920 5
10833 47553 5
1486 43612 5
1185 1984 5
13839 49911 5
13839 29711 5
18005 31293 5
24406 39869 5
28977 41699 5
13846 39676 5
26842 34160 5
11890 47990 5
27209 48977 5
3457 29315 5
11893 47764 5
13171 15964 5
10886 29467 5
24406 46158 5
11901 31684 5
13766 19081 5
28989 44374 5
12170 17123 5
28994 47732 5
4185 13184 5
26706 33862 5
10461 27586 5
24577 40181 5
10922 36094 5
4096 48112 5
4214 6692 5
877 5042 5
27336 41689 5
26702 42484 5
2192 35555 5
12267 18730 5
12264 21335 5
10464 11373 5
10920 27322 5
17516 24812 5
10913 37799 5
961 13294 5
3868 26441 5
12276 47491 5
3490 6830 5
10450 40708 5
27363 36654 5
1125 28299 5
14429 39707 5
25746 33521 5
1431 49572 5
23597 45276 5
4099 38791 5
3523 19942 5
25866 26509 5
12272 17352 5
17835 22334 5
11791 23542 5
29639 40370 5
13871 16951 5
1507 29240 5
4103 42255 5
28879 34539 5
28883 49844 5
18024 32046 5
10490 46741 5
23615 30496 5
12221 17448 5
12218 42664 5
12231 36587 5
14243 37458 5
27272 31616 5
882 42485 5
12213 26907 5
29565 44085 5
25477 39470 5
10503 40741 5
11862 29968 5
14416 46721 5
12253 16819 5
10467 43594 5
28847 47179 5
25484 48844 5
1130 13722 5
10898 30762 5
23862 35806 5
17679 42515 5
4180 46248 5
20403 26562 5
25073 40462 5
14416 37433 5
20089 36373 5
4208 12261 5
1607 2654 5
12834 44035 5
19905 37026 5
11992 31499 5
13216 32319 5
11995 13355 5
13809 43677 5
17525 40375 5
10744 46995 5
11995 14772 5
12875 29826 5
13786 47852 5
23734 38629 5
10739 39500 5
26985 39700 5
10738 14170 5
27066 29845 5
12006 18048 5
29298 35273 5
12007 28076 5
12090 21637 5
29138 43743 5
25051 29833 5
13423 20316 5
3540 14912 5
1173 33877 5
29177 36988 5
29327 40330 5
13217 27095 5
17679 34625 5
10655 20440 5
14292 49289 5
29181 34167 5
29184 47255 5
13786 22056 5
3534 7968 5
20121 21197 5
4154 7476 5
12024 20255 5
4150 7577 5
29278 48257 5
12865 14185 5
14319 40059 5
25409 35824 5
12045 13424 5
20112 48809 5
20398 23792 5
3277 21123 5
13799 20605 5
3615 8476 5
1164 26201 5
25059 26312 5
29244 40004 5
29251 31849 5
27031 28280 5
10684 33953 5
12070 46432 5
29291 38498 5
12070 36067 5
29217 32164 5
10681 22632 5
26993 46741 5
14303 40952 5
25053 27154 5
23708 49379 5
13805 39135 5
27055 45641 5
4149 9888 5
4155 31213 5
12865 21165 5
13803 46521 5
27050 43910 5
27134 46094 5
1488 3448 5
17790 37912 5
23688 26947 5
1599 22428 5
3287 5298 5
26912 36373 5
1360 15258 5
10608 41214 5
898 42976 5
10807 18849 5
25066 32114 5
1312 40587 5
29051 40006 5
12131 34435 5
29059 48633 5
10610 25381 5
10805 27043 5
13234 38245 5
10579 31058 5
13544 17657 5
25356 26026 5
12842 22227 5
3794 3957 5
12143 46749 5
29461 35578 5
10581 13265 5
11965 28772 5
10588 46399 5
13833 18179 5
24428 27410 5
13833 16849 5
20475 45111 5
1181 43891 5
26900 27961 5
12097 13661 5
14358 35389 5
2528 8920 5
24497 46532 5
29103 34637 5
25044 27674 5
3397 47171 5
933 1351 5
29376 49219 5
12849 47880 5
23707 47821 5
25374 32400 5
13431 29819 5
13430 15058 5
23778 39651 5
3270 33197 5
931 4074 5
23800 30891 5
11970 14920 5
19932 41099 5
3399 7118 5
3399 3874 5
20391 39177 5
12121 48261 5
10798 44056 5
3388 8324 5
13746 42743 5
29396 45470 5
3532 35999 5
29087 43197 5
13187 23294 5
12885 24874 5
13433 31820 5
3800 29615 5
23515 23755 5
13294 44426 5
24655 35732 5
3730 7619 5
24257 37822 5
3915 12467 5
20181 20340 5
10316 32913 5
3730 10581 5
12429 15623 5
11642 33731 5
18069 27467 5
29906 48620 5
26446 27826 5
23520 44664 5
12816 20111 5
28524 30406 5
11646 21031 5
27602 29293 5
10307 49679 5
4261 18136 5
2509 8681 5
12436 29716 5
10311 10939 5
3920 35573 5
11625 48903 5
23968 41773 5
991 10900 5
29925 44204 5
12814 41738 5
4259 33763 5
3629 16894 5
2177 41165 5
11089 13803 5
14513 44930 5
13290 19417 5
20373 46802 5
24859 38503 5
3908 20882 5
4060 11695 5
3908 4805 5
4060 15461 5
3358 24610 5
12405 45127 5
1470 46615 5
11049 17355 5
13392 42509 5
28569 34478 5
985 42129 5
28570 41198 5
13712 37717 5
852 1501 5
25517 41116 5
10339 32488 5
848 44427 5
10324 27299 5
17546 17548 5
23526 49620 5
13457 46926 5
26454 27346 5
11651 27643 5
12415 41477 5
842 30677 5
989 46382 5
12820 19856 5
20489 47096 5
26459 42459 5
13115 34316 5
11060 19463 5
20061 24231 5
27673 28266 5
12488 20534 5
1526 15276 5
4276 38333 5
30006 38384 5
3710 45436 5
10269 12202 5
28390 32928 5
13385 30661 5
20416 47339 5
25936 32536 5
12804 45884 5
18079 48751 5
3931 5819 5
29999 40795 5
29995 37856 5
2129 2976 5
2187 28329 5
20047 48691 5
3565 9154 5
11576 22733 5
14129 28497 5
11578 16615 5
28348 45334 5
11167 40306 5
12498 39479 5
1627 8012 5
28407 28939 5
25675 43176 5
14141 43965 5
26337 39538 5
11155 37651 5
13093 40294 5
1086 23076 5
836 21665 5
17919 44362 5
24853 45979 5
1465 6366 5
27634 42941 5
20492 31489 5
3229 38401 5
2608 19539 5
4264 16179 5
29955 49762 5
17730 30734 5
12452 23761 5
11615 30294 5
25912 30011 5
28475 37680 5
11098 37290 5
842 15956 5
12441 14395 5
17554 44949 5
11140 20971 5
4271 7362 5
26367 35918 5
29984 39105 5
27652 29950 5
25926 35256 5
11603 19715 5
2552 40366 5
20489 26002 5
29979 39877 5
10291 34645 5
29978 42833 5
3924 24588 5
12975 23546 5
17627 45487 5
12465 31603 5
12317 15090 5
20377 21715 5
4083 4882 5
27418 31802 5
26624 44921 5
10411 10941 5
26635 41089 5
28715 38356 5
19850 25905 5
10408 10781 5
10422 33944 5
10966 44330 5
3756 19945 5
1614 1816 5
17935 48167 5
12915 40930 5
28739 40262 5
1569 3884 5
26613 40523 5
26595 43313 5
862 45098 5
862 48866 5
10989 39290 5
4078 34273 5
26610 33561 5
29767 44032 5
3887 17720 5
13444 43721 5
19968 30430 5
2161 12967 5
13129 24058 5
24607 43305 5
10405 13906 5
10406 38378 5
13901 34497 5
28781 49105 5
10942 44711 5
13397 45323 5
28771 43706 5
2535 9877 5
10941 15360 5
26665 44985 5
26666 28705 5
17415 25857 5
3300 21160 5
10444 45819 5
26679 33901 5
27378 35222 5
13262 49375 5
1478 40040 5
11776 30250 5
24348 34216 5
17515 41772 5
26651 29872 5
3881 38197 5
3881 31775 5
11757 37098 5
24332 27481 5
23574 31362 5
11760 32923 5
869 1213 5
24333 26830 5
29782 43934 5
2636 3011 5
26654 42309 5
27393 31607 5
23897 29512 5
18033 26212 5
18032 32554 5
1122 13009 5
26544 31678 5
17456 32298 5
20173 46065 5
3306 5524 5
17686 46636 5
10362 23921 5
4247 18033 5
27522 35780 5
27521 31873 5
11034 31075 5
3901 15278 5
3742 23329 5
11697 29436 5
17926 19138 5
1519 38356 5
11699 27002 5
3557 39061 5
11700 12321 5
25270 32771 5
13936 28569 5
20376 22949 5
13118 38590 5
23533 36262 5
17457 28152 5
26516 28307 5
3309 5038 5
12390 17013 5
4245 7428 5
13286 45900 5
25513 42850 5
18062 32910 5
3739 30831 5
20488 36887 5
853 23754 5
3307 5738 5
17634 40192 5
24306 35137 5
29800 39743 5
29797 39153 5
17750 43120 5
17685 47231 5
4241 19702 5
18050 41031 5
28664 41541 5
25880 40097 5
3598 22822 5
12932 37455 5
28666 48410 5
26590 37901 5
3749 27460 5
23554 46744 5
862 18270 5
24619 30554 5
26563 39920 5
10368 15891 5
19970 21365 5
26565 49728 5
12367 13074 5
2160 42812 5
978 28466 5
19969 48999 5
3935 26724 5
13124 38872 5
29806 43404 5
27491 31031 5
18054 37480 5
11710 47308 5
10382 33841 5
11714 31437 5
9227 25956 5
17235 28927 5
16339 49096 5
6574 44104 5
15134 22169 5
6053 24899 5
9214 40524 5
15747 24997 5
8104 34564 5
9220 35692 5
43517 45764 5
9224 10074 5
2833 16529 5
625 11907 5
32329 33729 5
22864 31682 5
35059 47243 5
21056 35435 5
6040 6835 5
15122 32929 5
4572 14244 5
40743 46730 5
21359 27610 5
32296 46613 5
6568 35970 5
37967 40809 5
9182 32404 5
9183 39456 5
9183 45826 5
21071 34844 5
21588 48811 5
34995 46954 5
9194 42135 5
21070 39465 5
4583 35520 5
40812 44739 5
39440 43534 5
15741 31325 5
1897 42339 5
39399 44613 5
1897 43740 5
16190 39912 5
6060 33430 5
2474 9249 5
37994 40231 5
32383 34547 5
4883 20222 5
4580 5459 5
8056 40288 5
15107 22427 5
17102 18068 5
4897 26351 5
16347 35615 5
6025 19818 5
32223 43574 5
6019 43066 5
37173 39277 5
65 318 5
32207 44464 5
2865 28343 5
22888 48455 5
16349 41904 5
16197 42894 5
635 11610 5
20748 44523 5
43875 49648 5
5166 37835 5
38076 42493 5
9275 9420 5
22906 44702 5
15761 34117 5
16848 49473 5
22880 48214 5
32285 48395 5
8087 36982 5
6585 32544 5
1919 2400 5
1955 10143 5
5511 31423 5
18269 25190 5
38043 39086 5
18466 40547 5
18467 24738 5
4894 26041 5
2308 34762 5
43641 47506 5
35116 44327 5
6033 47857 5
43682 44467 5
5341 21531 5
19643 21804 5
2006 4215 5
9256 40157 5
6593 35929 5
16837 43853 5
2308 27776 5
43074 46225 5
34812 44407 5
21728 25323 5
2374 2844 5
22316 41827 5
19612 45724 5
40925 45199 5
19612 47673 5
32601 41906 5
32596 34499 5
5237 11582 5
16783 19123 5
15172 24403 5
19144 23083 5
40920 48673 5
2330 4941 5
8152 43349 5
4867 35802 5
2315 32926 5
4868 18673 5
32567 39705 5
21341 49101 5
4610 27566 5
8169 29996 5
448 4100 5
16776 42552 5
32704 49531 5
15679 37076 5
2667 12192 5
7210 37534 5
32664 48533 5
5479 38741 5
7371 29354 5
18869 43293 5
34780 43409 5
4868 25767 5
6134 23652 5
19451 33162 5
21335 36524 5
40954 47252 5
82 297 5
2468 25886 5
32628 40344 5
37283 44118 5
5483 14781 5
7372 28112 5
4594 49411 5
22287 32343 5
22815 32133 5
6927 33294 5
7196 14931 5
22287 22651 5
18282 29927 5
6557 9482 5
7192 27266 5
37256 49670 5
6085 20069 5
611 12815 5
4599 21589 5
15738 37884 5
269 1320 5
6853 7041 5
1730 10736 5
19631 34749 5
6852 27374 5
15739 19006 5
32446 40454 5
6075 28523 5
32433 39507 5
18454 42912 5
18290 19649 5
34861 44273 5
4869 18898 5
152 35690 5
19447 26292 5
5488 36259 5
4872 21667 5
32538 49794 5
34879 47945 5
22302 24424 5
2275 26596 5
5490 40902 5
38096 39036 5
37939 45570 5
21343 35832 5
8139 23334 5
34900 46224 5
434 13029 5
9133 40027 5
37265 43482 5
34929 37304 5
17330 27760 5
15160 47277 5
400 874 5
22973 44893 5
2014 40791 5
44524 45776 5
4934 13610 5
22984 39230 5
9396 19628 5
5224 26969 5
38261 47072 5
15004 36288 5
6836 10917 5
4522 29716 5
9388 13082 5
7404 9035 5
18493 22747 5
31861 49347 5
398 29219 5
38275 42629 5
6835 32922 5
5931 14256 5
21690 31812 5
19026 19890 5
15804 20566 5
9410 32380 5
22198 29906 5
35442 41105 5
21007 27667 5
9369 38492 5
16869 27096 5
35459 44825 5
21696 44272 5
5953 10689 5
1951 22541 5
38231 42699 5
31919 44829 5
3114 24644 5
669 16542 5
38941 39331 5
35466 38107 5
44443 49194 5
22972 47453 5
2428 22810 5
21597 37410 5
16876 34652 5
4931 11153 5
35482 39450 5
9387 9911 5
5886 6674 5
16898 24585 5
35564 49933 5
395 22514 5
31777 45675 5
5557 14141 5
35569 35978 5
21680 48278 5
44922 45992 5
31771 33793 5
9451 47261 5
5893 11654 5
9439 10859 5
4946 13191 5
21385 24480 5
4506 39561 5
2283 13703 5
38328 49761 5
14963 28166 5
38335 43638 5
31749 49503 5
31743 35062 5
1904 32083 5
9466 9546 5
6637 11509 5
6636 46141 5
5917 23005 5
21689 23641 5
5916 34834 5
5916 13630 5
35536 46584 5
31833 38580 5
7911 13014 5
5913 12249 5
6957 36629 5
44792 44867 5
21378 29066 5
35552 46033 5
35557 47222 5
31824 48584 5
16898 22084 5
16351 21015 5
20982 21000 5
672 18640 5
31815 38532 5
5907 19807 5
9434 34371 5
35226 41445 5
4909 43765 5
16851 34537 5
18478 27964 5
32077 43816 5
7391 19380 5
645 1787 5
4911 30643 5
35217 39911 5
2430 48817 5
19046 49586 5
5527 5795 5
6840 13052 5
21697 47971 5
9315 46098 5
9317 45064 5
32050 49151 5
6613 17072 5
8013 28405 5
16853 39049 5
2950 36997 5
15058 15531 5
2310 12853 5
2297 13730 5
8040 38610 5
6598 38816 5
6845 13777 5
21036 42381 5
162 14826 5
8048 37338 5
16481 40762 5
21371 29177 5
4904 7653 5
18470 25094 5
414 48278 5
8041 20554 5
5090 29669 5
262 21222 5
8036 22760 5
8029 8909 5
21031 40658 5
5226 37659 5
21596 43993 5
21372 36762 5
44039 45766 5
8024 31882 5
1823 27473 5
19159 24672 5
655 26719 5
9348 28428 5
6953 23639 5
3110 25220 5
18238 49055 5
15794 43197 5
6623 30490 5
18484 37798 5
656 12237 5
17099 17315 5
9354 11900 5
1879 41530 5
7976 10597 5
9354 18152 5
5965 14981 5
5535 45434 5
44344 48986 5
21010 30633 5
35409 46639 5
5958 14643 5
19667 21728 5
18489 30393 5
15022 27799 5
15046 42314 5
3108 29984 5
2739 17538 5
7397 28785 5
44116 46584 5
164 24697 5
44142 48066 5
2310 13351 5
9335 12600 5
35285 42705 5
35296 41709 5
1951 49378 5
32714 39902 5
7401 16821 5
37131 44459 5
40541 44185 5
651 49273 5
9341 34240 5
19661 45029 5
18483 38453 5
31988 45892 5
22217 38446 5
22213 41349 5
538 32072 5
16630 47523 5
5426 9366 5
34193 41372 5
15370 26876 5
283 32745 5
8404 12667 5
17192 20623 5
33476 48053 5
39174 48755 5
34219 43664 5
33469 41119 5
16628 24453 5
18410 24114 5
20760 20766 5
6870 7992 5
34231 37603 5
7274 38896 5
8391 22359 5
7270 24935 5
33448 38319 5
6297 26767 5
41479 43548 5
16306 17424 5
33583 38299 5
8438 33701 5
41547 48221 5
6328 26770 5
18845 45780 5
7284 35716 5
37647 42334 5
6885 37622 5
34132 40447 5
21783 32591 5
8432 10126 5
33585 42234 5
111 20253 5
34152 45393 5
292 36693 5
41524 48308 5
21784 38340 5
8694 37013 5
2398 27314 5
4720 10490 5
16627 44181 5
33533 37595 5
18615 36802 5
8376 18828 5
33377 37532 5
8377 19645 5
108 14883 5
37449 41835 5
16662 26061 5
5243 9823 5
548 1808 5
15565 16503 5
33364 36317 5
2992 20384 5
15330 41682 5
1923 27642 5
42285 45586 5
2383 26375 5
8374 24813 5
21755 24454 5
33343 44144 5
18849 47206 5
8370 45348 5
4808 28042 5
19304 23101 5
8795 32261 5
4695 17960 5
8746 41256 5
4711 6716 5
21785 43421 5
1927 33690 5
22610 41585 5
34255 48997 5
15552 31478 5
8739 48038 5
19090 26451 5
2870 42667 5
1790 33615 5
6428 46738 5
21767 45534 5
18414 47818 5
34265 48202 5
2079 17496 5
18619 48904 5
4705 12244 5
2258 5109 5
2841 8235 5
15561 38197 5
17271 21384 5
8757 17240 5
6880 44653 5
16594 46567 5
6879 19002 5
6347 11839 5
6366 9537 5
16594 23088 5
6346 49283 5
6345 20585 5
33825 47070 5
1890 37965 5
21552 26687 5
4766 44730 5
513 34776 5
18383 28838 5
39191 49141 5
15485 42880 5
37601 41585 5
33975 39398 5
41733 48310 5
4743 19388 5
6338 30753 5
6337 41702 5
6883 7940 5
1889 2979 5
508 30861 5
3012 42032 5
5409 12584 5
8543 11797 5
2877 15791 5
8541 10706 5
3011 38193 5
8547 40115 5
15473 46046 5
20632 26607 5
19108 34882 5
5410 31702 5
33758 45525 5
4761 10055 5
41818 44897 5
3013 23198 5
41824 46295 5
8527 47384 5
41825 41965 5
2263 25140 5
2657 26241 5
6347 46364 5
4752 7273 5
8460 33693 5
15412 34725 5
17291 42381 5
4779 32509 5
4734 47599 5
15406 19995 5
6335 37790 5
8636 38758 5
4731 40253 5
527 36766 5
7290 12922 5
33680 39105 5
21782 43244 5
22563 48647 5
5416 31432 5
15400 29178 5
5248 36083 5
8663 19492 5
19115 28482 5
41560 46314 5
8673 15694 5
33638 36963 5
6877 9428 5
7326 9607 5
33739 49533 5
7319 49598 5
4775 14293 5
33748 41841 5
499 44215 5
41944 49002 5
34023 43527 5
33743 35382 5
291 13356 5
2265 5918 5
4777 29490 5
37627 47717 5
2456 27379 5
15418 19105 5
16590 35116 5
22546 46704 5
21251 38235 5
8469 13061 5
22550 38369 5
8625 24105 5
1775 7983 5
8628 11520 5
8628 43969 5
6909 47924 5
41136 41148 5
8933 39166 5
32934 35833 5
6186 7273 5
32933 47713 5
19126 30369 5
21524 45245 5
19468 47117 5
21808 22890 5
5467 16840 5
8947 30409 5
461 1379 5
4651 42320 5
41131 46911 5
8232 33930 5
34622 45344 5
42829 47145 5
8957 48483 5
32900 39916 5
580 28895 5
16531 43243 5
6490 36205 5
15226 21098 5
19469 45466 5
7349 47108 5
7231 37579 5
8907 40703 5
19219 32991 5
33008 42099 5
33007 35909 5
21313 39362 5
1993 26681 5
6478 13721 5
17318 20326 5
8917 19876 5
39050 40394 5
15238 47965 5
1928 49804 5
574 30796 5
4657 46178 5
42708 44592 5
6190 9685 5
16744 35003 5
6189 7550 5
6188 34690 5
5466 18316 5
591 7947 5
20584 36387 5
3069 11257 5
9027 36100 5
9029 13480 5
21329 23428 5
9033 16357 5
16187 22806 5
32751 40022 5
34720 46454 5
591 3951 5
4631 4700 5
34706 47690 5
21111 40148 5
211 559 5
5255 37373 5
6512 14027 5
6152 44368 5
9047 11238 5
15196 43078 5
42960 46117 5
6147 38210 5
8183 44617 5
3070 23619 5
15211 45107 5
32872 43966 5
22741 46650 5
34663 47028 5
15216 45634 5
22743 41789 5
5238 35315 5
8215 11326 5
34671 36626 5
1997 5531 5
16768 27422 5
8204 17212 5
6469 18137 5
16522 44495 5
2085 33502 5
21115 37473 5
42910 44148 5
5255 10727 5
15210 37581 5
2846 20124 5
17328 35680 5
86 683 5
5146 44984 5
20607 31384 5
103 2398 5
22660 41892 5
8330 29964 5
4686 6268 5
18419 31099 5
8825 16028 5
33208 42835 5
6446 11086 5
19563 25619 5
2766 48671 5
18350 20244 5
16695 20052 5
6446 30049 5
19565 37317 5
2084 3078 5
22664 47417 5
33195 48443 5
15296 27288 5
8835 34374 5
6236 19836 5
34415 40230 5
22405 29289 5
18423 32344 5
8803 40433 5
8800 27107 5
5443 8030 5
2990 49730 5
553 22669 5
18418 48466 5
4811 39610 5
22653 32872 5
3046 3347 5
16683 33869 5
33294 41828 5
8355 16421 5
34425 40446 5
8344 15853 5
19479 45777 5
41355 49629 5
8339 10445 5
7245 23092 5
15306 16157 5
4818 24099 5
2989 39340 5
556 41407 5
2458 4429 5
39076 43740 5
4672 13211 5
33111 49157 5
7345 12300 5
6214 27265 5
37368 38062 5
8303 43733 5
6212 23239 5
222 979 5
33079 49615 5
15247 19125 5
19473 27569 5
34462 43332 5
34504 36280 5
2412 19105 5
4666 8332 5
97 137 5
15598 48109 5
6204 23743 5
15606 37689 5
21303 38601 5
570 48821 5
6466 26816 5
42671 46670 5
34442 40802 5
21750 33822 5
1796 46091 5
4679 6317 5
6235 19382 5
42509 45771 5
17266 26439 5
6449 43948 5
19081 28995 5
6221 39428 5
22674 38155 5
19573 39368 5
646 805 5
8862 49637 5
15276 44434 5
6219 7910 5
16544 40327 5
1753 34694 5
7239 37288 5
41309 48128 5
8307 19200 5
33131 35313 5
1992 5380 5
7681 24389 5
7684 30968 5
19252 26852 5
46426 47127 5
9755 22787 5
20523 32528 5
5765 30684 5
40017 49643 5
20886 40808 5
6730 36543 5
40008 44311 5
16976 18274 5
36978 45203 5
9768 21739 5
22016 24525 5
6740 40722 5
46471 47859 5
38543 41643 5
5751 30763 5
21446 28685 5
6743 47268 5
23 438 5
14799 22562 5
729 17663 5
16072 45710 5
46338 47935 5
7443 41111 5
31059 41592 5
9731 20940 5
4431 35628 5
2643 26021 5
16983 18994 5
732 35696 5
6727 10540 5
36202 44898 5
6728 27155 5
36211 40115 5
16973 20384 5
36979 40378 5
2393 13249 5
9751 15215 5
46767 49100 5
16989 45103 5
9811 16112 5
30865 41296 5
19189 30903 5
5609 45429 5
5611 5919 5
5291 43776 5
7653 12769 5
21455 48038 5
46767 49096 5
21651 33198 5
38568 45441 5
14740 29278 5
14739 45151 5
2035 29217 5
4405 5197 5
5735 28727 5
20517 30742 5
16992 17171 5
21459 26010 5
5742 17628 5
5004 28820 5
4420 17622 5
14770 19233 5
14770 18617 5
6985 15496 5
39968 42602 5
20878 30728 5
2676 9311 5
9794 17258 5
21436 43581 5
3175 29542 5
14759 38206 5
9800 37065 5
20521 44226 5
5739 24925 5
36297 44368 5
16987 18662 5
353 4719 5
747 10776 5
16088 29068 5
9617 18379 5
15903 46060 5
31276 33026 5
31254 34168 5
45906 47358 5
1681 19683 5
7744 48218 5
21852 31697 5
16414 48999 5
715 952 5
4463 31966 5
2049 27300 5
9644 19239 5
23160 48260 5
4984 46847 5
23164 31153 5
5266 46561 5
27 29071 5
248 31671 5
37026 49495 5
35957 47247 5
31368 46309 5
9595 38042 5
3148 45940 5
1684 45155 5
31347 49967 5
21500 37195 5
5310 13678 5
6685 20215 5
40235 45885 5
19715 20240 5
23139 26391 5
15902 31648 5
250 12311 5
7081 36258 5
18937 34653 5
4464 8679 5
45844 49221 5
35978 36267 5
9615 46961 5
4439 9146 5
7435 13934 5
2096 22303 5
2852 13783 5
16240 34106 5
9697 33896 5
5219 17464 5
234 38584 5
7438 7649 5
183 18907 5
5191 46854 5
4996 33360 5
40095 43685 5
6718 19227 5
4997 11794 5
9719 12868 5
23202 46650 5
1942 10188 5
31082 34903 5
22036 45241 5
7078 13720 5
5802 17965 5
20905 25531 5
19255 27487 5
4449 26086 5
5797 16553 5
31182 36194 5
19715 41812 5
719 37911 5
14828 16126 5
19361 49175 5
16946 25424 5
7726 32933 5
6708 35557 5
365 2795 5
31162 49197 5
37013 37941 5
15933 35747 5
31150 31185 5
16079 46411 5
785 18853 5
5204 48932 5
18726 31032 5
20823 26433 5
20822 28131 5
7533 14702 5
30503 45709 5
198 2570 5
14655 25805 5
9994 46746 5
5064 36148 5
36662 40425 5
334 9617 5
2100 27611 5
4 36185 5
18137 45834 5
5053 9025 5
48417 48585 5
17394 21248 5
21640 49692 5
36746 37426 5
16024 36583 5
30579 36829 5
9963 15042 5
21927 35570 5
7465 31007 5
30563 38095 5
16021 41774 5
2219 7995 5
5690 32672 5
5690 9627 5
4349 33010 5
5279 21031 5
6779 31140 5
9979 30660 5
196 42439 5
20733 47454 5
18722 35916 5
2902 3354 5
36661 42581 5
1649 3499 5
2703 31896 5
200 8148 5
20732 36752 5
30401 46212 5
21491 32294 5
17154 49672 5
30394 35905 5
7481 13459 5
16035 41362 5
39593 47056 5
2356 23451 5
19207 20464 5
7490 36926 5
19785 41640 5
20807 39998 5
30374 46819 5
23380 25481 5
7484 13596 5
14623 29596 5
6802 25618 5
7512 8810 5
21902 46706 5
331 32706 5
39646 42442 5
5659 13694 5
14642 29538 5
14641 32187 5
10027 14273 5
4344 5152 5
30431 43048 5
39734 47665 5
7511 21464 5
48618 49344 5
23361 38819 5
2639 28658 5
10038 13899 5
3 7207 5
21896 23304 5
2100 45029 5
792 8498 5
30712 41081 5
19753 23776 5
9876 29066 5
9883 14087 5
2714 8457 5
20730 48280 5
23293 29526 5
18960 26433 5
6764 12626 5
18960 36607 5
20800 32538 5
347 42577 5
17007 29822 5
6988 19324 5
16383 22094 5
7600 17271 5
39822 40805 5
7600 8275 5
18557 21480 5
39819 44169 5
1656 16630 5
7630 27623 5
20739 43033 5
39887 45847 5
16994 29878 5
30814 40114 5
21967 34361 5
5731 19434 5
20517 23312 5
30805 34216 5
5729 7190 5
36453 48964 5
20739 25830 5
9857 12100 5
7624 33255 5
30787 36923 5
2291 28041 5
38578 43171 5
3182 45307 5
347 45442 5
5022 14778 5
7563 16044 5
7566 39262 5
47626 49821 5
5038 48626 5
21644 46264 5
6773 19879 5
30611 34037 5
7458 49492 5
2040 37961 5
7462 9414 5
30630 30977 5
9955 25142 5
6994 10813 5
39557 48791 5
9958 33720 5
2708 23884 5
14681 41187 5
9960 24874 5
47750 49135 5
5280 18441 5
5033 16203 5
345 1247 5
36458 46880 5
36460 43240 5
36939 41693 5
38598 47150 5
767 12524 5
16061 32871 5
6764 17708 5
47265 48380 5
2940 38451 5
2417 12491 5
5622 39972 5
7569 33452 5
2402 28526 5
19755 21671 5
21469 40740 5
2040 7830 5
21937 29940 5
19243 29714 5
15819 25142 5
14883 22776 5
4502 37812 5
37055 49990 5
5083 36690 5
6962 38563 5
38412 43554 5
19687 34353 5
2860 25151 5
3131 23346 5
38465 40692 5
6820 34832 5
694 9009 5
31676 43097 5
2731 30816 5
254 283 5
2936 19041 5
22155 37591 5
22099 40755 5
5849 19811 5
35702 44107 5
2311 33816 5
9567 42321 5
6673 27938 5
36 12388 5
40353 45312 5
4973 34947 5
4958 7030 5
35723 36033 5
4963 11327 5
9508 24097 5
2024 6745 5
5868 13047 5
35722 36214 5
9570 20002 5
5583 13635 5
31669 32785 5
9570 13107 5
38902 41802 5
6834 19992 5
31612 45629 5
20954 35260 5
31412 41159 5
36 18252 5
7786 38784 5
20953 44146 5
4477 38884 5
684 4655 5
18648 23019 5
20938 37519 5
7862 44694 5
19170 35172 5
31653 36164 5
21505 31293 5
23095 46162 5
5319 38126 5
31492 45898 5
16436 33120 5
31489 35936 5
20935 33759 5
23099 39601 5
4953 9434 5
40366 48396 5
18527 20210 5
23097 39062 5
6824 45658 5
31636 40260 5
4970 11237 5
9555 49538 5
1691 16709 5
38876 39336 5
5581 15219 5
6672 37559 5
14887 48327 5
18925 42145 5
22131 25758 5
20535 23894 5
4478 45101 5
3143 30179 5
686 3494 5
699 6644 5
7093 8407 5
4502 6703 5
31461 37616 5
5851 25968 5
6651 38965 5
45365 48529 5
7427 10058 5
5080 42982 5
35823 36392 5
9562 33661 5
7811 45802 5
21669 44346 5
15856 35528 5
22125 38483 5
35913 48349 5
9518 27881 5
2817 16721 5
45703 48449 5
5577 17279 5
19009 20997 5
14950 45352 5
385 6391 5
7830 24116 5
374 456 5
173 894 5
173 936 5
45420 49450 5
14937 19055 5
1700 48430 5
5185 44225 5
16089 39307 5
7094 38293 5
679 19926 5
31535 44705 5
9520 32611 5
9570 34764 5
1949 42185 5
40285 46319 5
19008 39417 5
6679 28021 5
16442 17512 5
7764 41841 5
173 5666 5
14878 35968 5
22094 48041 5
4961 48212 5
16438 34443 5
253 11339 5
45483 49981 5
35695 49188 6
15560 31342 6
15554 43255 6
2627 46205 6
3659 44057 6
5288 31533 6
348 3350 6
11775 16682 6
4802 15985 6
39777 40700 6
26251 33298 6
4806 13169 6
17838 33536 6
8377 26079 6
17867 36968 6
26447 31507 6
1123 36009 6
3949 31346 6
34421 40959 6
20370 44881 6
6631 11281 6
3659 38211 6
16007 18109 6
7934 27281 6
24032 27460 6
11493 47376 6
34275 34820 6
36952 37913 6
6663 39201 6
15830 37541 6
26554 44097 6
1547 17695 6
3874 13500 6
35412 36228 6
6426 11657 6
2073 48135 6
40358 43942 6
28278 45519 6
2394 11035 6
7422 32600 6
14114 19692 6
39278 46452 6
24323 43015 6
39265 43598 6
7966 23963 6
7974 13930 6
11746 20311 6
1116 44256 6
7458 47182 6
7964 13548 6
11493 32317 6
5389 10593 6
20175 49039 6
11269 25822 6
3427 41284 6
26594 45412 6
1078 1389 6
24348 33306 6
6758 41543 6
36572 36774 6
3874 22519 6
11516 32922 6
12557 34017 6
35499 39841 6
27097 36590 6
3327 8496 6
34253 48504 6
21465 35533 6
12338 40028 6
12683 16741 6
12427 32776 6
16000 26458 6
16464 48547 6
2944 17999 6
1247 42028 6
16551 27268 6
34337 39312 6
19304 25123 6
4009 35970 6
41372 48442 6
18574 35826 6
36638 42345 6
27105 42153 6
11763 37567 6
17150 49241 6
1252 43157 6
21285 36725 6
6663 9635 6
12528 22318 6
475 42567 6
28215 49553 6
8337 49388 6
35728 42171 6
40495 41094 6
15998 22261 6
41364 47711 6
1253 16193 6
5027 17680 6
15582 48811 6
11764 35006 6
36944 45867 6
17899 37277 6
3951 37650 6
3728 45675 6
1277 42815 6
2544 40917 6
7594 35913 6
6812 29108 6
22408 49358 6
34307 37479 6
21294 30494 6
8317 44095 6
5109 8540 6
1214 5936 6
40506 44918 6
4934 34673 6
3427 43966 6
24230 36222 6
14112 22311 6
21866 24522 6
27666 29762 6
34306 42798 6
13880 43536 6
21940 28879 6
24175 46152 6
6630 8882 6
7835 36211 6
34299 44958 6
6766 47590 6
34315 47211 6
7614 46741 6
41347 43917 6
1525 32752 6
40505 49339 6
21945 23949 6
2428 26071 6
41407 44210 6
2552 22750 6
34321 47733 6
28254 39173 6
24042 43372 6
12421 22822 6
7615 25765 6
17815 40028 6
7571 9231 6
20443 48401 6
41418 46168 6
7618 25022 6
27110 28499 6
11146 32960 6
7897 14389 6
7896 21368 6
18568 47850 6
15486 17249 6
36768 49841 6
21895 34653 6
16592 34083 6
36772 44978 6
22178 42365 6
8492 47080 6
8501 14822 6
24836 46269 6
21240 31163 6
4767 33073 6
11830 43819 6
36780 40031 6
11146 13285 6
13858 44548 6
41737 49334 6
1529 5942 6
14146 18948 6
40439 44193 6
8510 48244 6
3862 31094 6
6794 16583 6
200 4937 6
41701 46729 6
11166 24047 6
7902 11707 6
24011 31057 6
7884 24464 6
16099 47333 6
1557 4145 6
7477 38374 6
6374 49478 6
18572 45687 6
27080 34909 6
11157 17397 6
18392 40051 6
4944 31800 6
6792 19637 6
4775 7543 6
14142 45642 6
34015 46552 6
19509 32213 6
17909 48756 6
12401 39971 6
27703 41650 6
4034 15300 6
1286 2335 6
501 8869 6
15472 39358 6
37535 44104 6
6642 40221 6
21881 29656 6
1784 5769 6
35589 38038 6
24203 25693 6
8532 30232 6
36844 43354 6
22167 35844 6
26514 31892 6
6802 20609 6
326 635 6
2831 19459 6
23987 25888 6
8538 23846 6
27075 45514 6
26269 43403 6
2782 23196 6
4759 9633 6
3377 25553 6
37118 39735 6
23986 28197 6
2396 10081 6
4758 38918 6
36840 43475 6
3646 20931 6
1509 38876 6
23996 42772 6
18392 38029 6
8515 35313 6
3647 33875 6
328 18850 6
39619 46463 6
33950 45057 6
8523 36737 6
13669 34763 6
12731 44944 6
4949 29997 6
11817 44151 6
5405 10776 6
35586 36571 6
1002 23042 6
3861 18207 6
125 14969 6
1133 9232 6
6798 24778 6
2389 35820 6
7481 34991 6
3351 9107 6
11561 27953 6
35649 45238 6
34192 45514 6
3328 8854 6
36645 49357 6
6872 18326 6
2998 5751 6
37479 48832 6
4793 10057 6
15538 24569 6
2383 15745 6
16058 44539 6
4941 5633 6
36655 41138 6
5044 42419 6
34166 49163 6
1085 34928 6
11800 15410 6
17271 23658 6
41533 45873 6
8427 18742 6
19401 32269 6
37483 38271 6
27688 46479 6
16374 39627 6
34134 37727 6
2446 7929 6
15546 37533 6
4801 7679 6
15823 30370 6
1444 3083 6
2544 20487 6
11780 25271 6
11517 16192 6
398 22666 6
16575 22667 6
2943 39036 6
13855 45957 6
7466 20959 6
169 3688 6
41546 48648 6
26609 34521 6
12554 22762 6
3441 48456 6
28289 45061 6
11209 38228 6
21508 31946 6
41503 47655 6
40459 45023 6
36614 48140 6
5044 15838 6
18763 21912 6
8463 34313 6
12711 26680 6
15499 37280 6
11174 37627 6
27269 31304 6
7476 29163 6
7322 28058 6
34072 37971 6
7417 46069 6
1129 38841 6
11532 44458 6
26006 40759 6
16444 40649 6
7322 37441 6
4942 26922 6
39482 40890 6
3319 9526 6
17518 32481 6
6390 42085 6
27323 40936 6
2900 22930 6
13975 26414 6
18399 28896 6
5400 32549 6
1442 25440 6
11817 12158 6
39564 45309 6
37080 41874 6
7873 15014 6
17872 26130 6
6785 29293 6
4952 21751 6
35539 43245 6
24217 27869 6
39678 46063 6
5394 19220 6
12709 16700 6
13856 28365 6
24722 28387 6
7921 33485 6
3652 6354 6
16029 47118 6
1251 21926 6
7475 15095 6
12335 17004 6
34108 49559 6
3442 40167 6
8449 22784 6
18599 39881 6
6412 15523 6
41593 42090 6
40599 41120 6
1052 28808 6
1877 17935 6
5353 39908 6
2686 21200 6
7713 31721 6
16104 19405 6
27965 33429 6
6549 10696 6
14047 15482 6
3676 29895 6
364 6269 6
1066 48141 6
3980 19810 6
21344 38055 6
2884 20801 6
17885 37111 6
18452 29927 6
27970 36830 6
1095 15604 6
8135 27343 6
11371 12454 6
40881 48073 6
6818 15470 6
36096 45945 6
16507 48835 6
20064 26962 6
34982 49849 6
430 26803 6
4903 31165 6
15921 49283 6
40165 48278 6
37243 47146 6
366 5292 6
1054 10901 6
18454 23454 6
40142 46853 6
11386 23245 6
2420 14513 6
16508 31812 6
37024 47950 6
1953 7241 6
27861 44727 6
432 4302 6
37020 49910 6
11381 46402 6
13676 20749 6
27215 46109 6
34956 35392 6
4877 20771 6
22053 29564 6
14045 31914 6
15879 21762 6
11347 31955 6
36170 48982 6
3987 11127 6
303 440 6
11698 39623 6
15694 28652 6
36174 44831 6
6530 22254 6
8160 27714 6
40314 46109 6
7441 40132 6
36183 40397 6
36159 38223 6
24295 38087 6
7794 36593 6
8162 22180 6
40953 43403 6
2671 9299 6
21860 35834 6
19138 30353 6
1046 21736 6
21829 36086 6
40041 42726 6
21163 22142 6
8167 13682 6
34859 46932 6
20214 25795 6
3359 4193 6
7390 7954 6
22045 44097 6
4996 5646 6
12632 23274 6
13935 39133 6
19155 33402 6
3345 8196 6
15936 30732 6
17206 38279 6
11360 15288 6
5097 6420 6
36132 41547 6
2883 46447 6
6715 22246 6
40300 44520 6
21814 40890 6
15705 32738 6
12472 17444 6
15701 18500 6
13852 33266 6
1256 44559 6
13640 42092 6
15937 48182 6
27911 35920 6
40656 44654 6
22075 35704 6
21365 25062 6
11413 13759 6
26343 42371 6
2276 33975 6
18712 46898 6
11651 29135 6
14019 25868 6
27875 46497 6
35072 36500 6
6848 40541 6
22260 26817 6
424 26965 6
40230 40653 6
2924 31054 6
1217 24773 6
5345 8055 6
35148 37001 6
8096 46311 6
16422 40124 6
1058 28433 6
11654 39134 6
24259 46102 6
37040 37708 6
35939 41678 6
20671 46310 6
7388 10419 6
3424 14009 6
15891 29050 6
1260 19703 6
35946 40133 6
16110 34102 6
4979 35614 6
7767 31689 6
11425 29813 6
22260 40922 6
12592 24174 6
4977 6095 6
3431 24122 6
5340 21816 6
14015 32570 6
35928 44280 6
8062 21252 6
3842 4040 6
24699 45692 6
2818 8146 6
12496 34160 6
4894 8502 6
22075 43434 6
370 2010 6
6568 10648 6
13937 15704 6
2958 49598 6
8113 30543 6
20673 38285 6
27938 43916 6
6841 36935 6
26178 34995 6
7741 8205 6
6704 19270 6
26178 29237 6
11390 13892 6
15918 37513 6
40649 46629 6
35169 48034 6
34994 43006 6
8116 15497 6
8050 9550 6
8118 35396 6
11669 38464 6
21365 41633 6
8119 15860 6
1930 19174 6
7733 36322 6
4973 15955 6
3344 17203 6
36012 44921 6
8097 27128 6
19314 40949 6
11947 43236 6
16340 36062 6
8102 46615 6
4887 8522 6
13848 26481 6
35150 36573 6
2276 18987 6
13642 19153 6
35030 36894 6
26209 38600 6
26386 41756 6
5306 16088 6
176 35998 6
2806 10952 6
13939 46509 6
24260 38786 6
11436 41767 6
1822 14694 6
11951 44150 6
35897 37069 6
21424 22016 6
12623 19582 6
24314 45367 6
3664 45935 6
12661 17207 6
12515 40033 6
21833 33865 6
17727 26029 6
8246 38699 6
1113 44644 6
21452 22167 6
14077 20035 6
22114 39460 6
26584 26640 6
18426 33838 6
35333 38442 6
2155 14839 6
3664 13987 6
5104 26703 6
21376 36442 6
27436 49713 6
6475 29588 6
15614 44374 6
15614 22549 6
35781 49471 6
27433 37864 6
8265 33104 6
34553 48727 6
14075 32702 6
21321 39429 6
2979 23206 6
11314 16183 6
21992 40228 6
34615 39206 6
2272 4574 6
8234 48867 6
3692 13769 6
40333 41693 6
36295 44804 6
7665 30118 6
3428 6277 6
6747 13131 6
2417 49423 6
11730 27988 6
15966 36547 6
5011 45579 6
8240 46261 6
15628 16473 6
7654 15729 6
41159 42725 6
35330 45018 6
34587 48198 6
11302 38001 6
34587 41632 6
3660 47371 6
3725 23787 6
20081 45040 6
28166 30222 6
16544 17365 6
1506 9947 6
11739 45680 6
36346 42255 6
8294 25008 6
28167 49303 6
28168 42414 6
7639 10908 6
17578 34055 6
13672 32575 6
17468 37314 6
17840 48679 6
11599 14602 6
26087 38149 6
19999 41380 6
7451 32112 6
1074 4085 6
34466 37107 6
12339 30587 6
11597 44840 6
13995 44192 6
34452 46098 6
5014 19165 6
35780 38376 6
8269 20366 6
27815 39911 6
1800 4555 6
39923 47230 6
8273 11613 6
16441 39041 6
5013 24665 6
1883 35898 6
15971 23829 6
12664 43789 6
6750 29175 6
6746 45651 6
39913 45773 6
3661 43186 6
39304 46318 6
1031 2720 6
21303 37095 6
3414 24024 6
34508 35277 6
2277 24154 6
1030 11465 6
2561 17418 6
4003 41002 6
6455 23211 6
6730 46098 6
3897 21876 6
18594 34369 6
7797 27886 6
26130 39035 6
24749 33420 6
16517 25535 6
13835 19232 6
24611 34731 6
26315 35974 6
449 43266 6
24412 29579 6
6502 33774 6
12461 48637 6
27632 39319 6
35279 49738 6
19309 24364 6
6501 30012 6
12370 17756 6
35280 37809 6
7444 49021 6
2830 10744 6
2675 48889 6
40002 40564 6
14068 20392 6
5366 7326 6
2621 3656 6
1238 10022 6
28029 34437 6
27621 37628 6
12349 20134 6
15687 36081 6
24105 30936 6
2583 10083 6
6817 10871 6
13660 34151 6
445 36552 6
21439 31564 6
13925 39297 6
8197 17282 6
2821 18656 6
22332 33458 6
35857 44765 6
8180 16038 6
11958 23875 6
40983 49502 6
28041 46802 6
34743 41581 6
20014 30594 6
1221 21652 6
26222 34538 6
27491 39356 6
5370 13368 6
41068 42021 6
6745 41692 6
26114 26350 6
8218 13054 6
8009 16416 6
1543 43695 6
355 976 6
35815 38861 6
6496 39642 6
26112 34573 6
15783 44633 6
4846 8341 6
15870 40178 6
17150 29814 6
5074 25812 6
34651 38879 6
6620 26862 6
28109 38746 6
12511 13947 6
36287 48856 6
40538 41100 6
34643 45979 6
8231 13496 6
36289 44504 6
15953 30990 6
27829 28733 6
187 966 6
19463 43716 6
15778 23824 6
2547 44770 6
16401 35421 6
15660 34791 6
11327 28239 6
5366 14759 6
6500 47083 6
17852 42449 6
22106 35141 6
18800 39376 6
12673 26635 6
299 22737 6
6497 22570 6
454 730 6
17713 23249 6
37055 44170 6
3995 7597 6
17816 25730 6
34673 40626 6
15952 19071 6
21373 21774 6
24675 25208 6
2484 14040 6
866 24184 6
45445 45573 6
4228 7469 6
690 4660 6
9521 31087 6
45425 47263 6
867 36909 6
31587 41914 6
1184 10598 6
1695 9781 6
10429 49470 6
5576 24424 6
253 27431 6
31597 44173 6
45399 49312 6
13770 17876 6
19854 49099 6
9500 17858 6
2730 24139 6
23561 27548 6
20481 41875 6
9529 42684 6
9529 28783 6
19848 46661 6
29760 37364 6
18044 30615 6
694 1210 6
31528 33221 6
29748 46040 6
23579 27358 6
5847 15257 6
14924 33495 6
29740 43846 6
17178 43808 6
4487 31835 6
10418 43951 6
31560 38065 6
5848 33589 6
254 20888 6
9485 18370 6
18924 34656 6
9477 20389 6
5862 40602 6
13165 34178 6
7113 21066 6
5864 38764 6
38349 41470 6
25470 39477 6
29670 31231 6
31699 42464 6
21602 32187 6
255 6596 6
21677 41948 6
21677 45153 6
9468 30714 6
25475 25743 6
9467 33797 6
41 23556 6
23043 32256 6
18930 24368 6
25450 34608 6
1184 2015 6
10440 15554 6
21671 42975 6
13179 48831 6
10440 34736 6
9492 31072 6
1183 41418 6
25425 30554 6
10443 48487 6
12144 28754 6
1199 48691 6
23043 24589 6
31660 45033 6
16916 47614 6
45260 49187 6
23591 39242 6
23132 36968 6
21615 22047 6
3240 38879 6
1619 43479 6
705 33097 6
26861 28174 6
5825 33430 6
20534 35714 6
13212 47920 6
10363 45628 6
16934 22575 6
704 2337 6
20486 47903 6
18061 37019 6
4470 10135 6
25395 38825 6
14867 24318 6
18199 38398 6
7084 16800 6
2350 31634 6
45886 49350 6
9638 13010 6
9637 19828 6
29879 39275 6
3237 43643 6
2029 20054 6
3238 30524 6
5591 24511 6
1371 43643 6
23155 26148 6
23545 39353 6
31283 34046 6
7081 19469 6
31287 32259 6
18941 37987 6
24566 37191 6
17537 46210 6
19710 21537 6
5587 33578 6
31495 42235 6
9559 33335 6
21661 31454 6
5840 46923 6
5184 17649 6
14462 17849 6
23099 32794 6
29784 30956 6
12155 36238 6
13198 49294 6
10392 25805 6
10400 37857 6
23558 40128 6
19696 39539 6
17367 18472 6
2232 6564 6
9535 28618 6
13197 42006 6
863 41188 6
31417 46964 6
31397 47266 6
31401 47165 6
25058 31706 6
5827 36706 6
9579 12091 6
45683 49200 6
10375 41837 6
13206 22756 6
13206 20642 6
18032 23682 6
18931 44459 6
31427 34188 6
17638 34124 6
31432 35094 6
19703 25737 6
20711 28842 6
4241 33153 6
10392 23712 6
9339 9735 6
26921 49603 6
21018 49915 6
31987 49910 6
9345 30083 6
19036 30157 6
9343 49182 6
15045 15895 6
1713 11974 6
29470 42475 6
10563 11551 6
230 3124 6
230 2875 6
16855 26945 6
32004 49300 6
10577 48975 6
4540 8004 6
2739 14966 6
5529 24293 6
13076 18889 6
10554 27824 6
29501 35016 6
18014 21357 6
10548 37491 6
10549 15240 6
4532 4627 6
25537 38884 6
19031 48579 6
21012 43634 6
29497 45530 6
2107 5471 6
2011 32605 6
1346 40634 6
9353 28972 6
44208 48653 6
16858 21649 6
4185 24758 6
893 36414 6
4185 4907 6
2089 13167 6
7140 19408 6
21698 48752 6
25588 43040 6
32085 33995 6
9311 15630 6
13482 48566 6
3571 12632 6
29415 43108 6
29415 32671 6
19658 37910 6
32100 32450 6
22923 39877 6
29402 45064 6
4550 8011 6
5524 36949 6
38957 40487 6
2314 24524 6
13783 13900 6
15079 42163 6
4544 5008 6
15052 42098 6
7138 40838 6
29459 33601 6
10584 30418 6
44119 45727 6
44104 48018 6
19890 22836 6
17650 35239 6
1600 5161 6
31946 33328 6
5170 49614 6
29444 33497 6
29443 32190 6
6951 47665 6
6950 20840 6
13475 18766 6
13480 26318 6
5986 43207 6
18224 44457 6
5908 12090 6
18024 46820 6
13131 49074 6
9426 13673 6
14989 40023 6
31826 38862 6
5178 27850 6
26718 48616 6
29578 37004 6
5905 19645 6
7126 42114 6
44752 48866 6
4516 27546 6
10496 39071 6
2348 10499 6
1917 16352 6
14413 22342 6
19879 27917 6
5549 45553 6
29623 36431 6
3796 12270 6
18028 23613 6
10462 24931 6
2367 2712 6
2367 4894 6
14420 21160 6
20960 34442 6
9461 10227 6
19236 20365 6
13124 28116 6
31763 40303 6
5888 29260 6
9453 47152 6
13139 18331 6
9447 37975 6
9445 42279 6
13137 13821 6
23015 24630 6
15018 45023 6
13116 39507 6
5946 18299 6
1349 47046 6
44460 45903 6
31907 41308 6
9381 44742 6
25530 36317 6
9381 35945 6
20277 29654 6
15013 35388 6
3114 23484 6
3477 8409 6
25532 37588 6
16864 39475 6
10541 36866 6
24987 37476 6
4530 34362 6
2522 38145 6
10509 33304 6
9407 17275 6
10503 21797 6
19670 35894 6
10506 39788 6
1903 4428 6
25512 48969 6
5938 29486 6
16890 29911 6
26915 35168 6
25373 43542 6
31873 33335 6
21691 43366 6
10516 40026 6
4522 48420 6
29544 31594 6
29540 41413 6
44538 46333 6
31887 46883 6
10160 16573 6
14691 34750 6
30623 42874 6
17030 28868 6
13315 15455 6
10 2168 6
2854 28634 6
9941 45666 6
25241 47225 6
7031 18934 6
14689 24325 6
2102 31073 6
9936 10817 6
5623 42824 6
13306 31024 6
5703 13794 6
7044 16137 6
47313 47340 6
20841 21984 6
14570 28696 6
16252 21606 6
25223 31407 6
10138 40357 6
7025 46218 6
30563 48958 6
23326 41016 6
14675 17809 6
14679 16166 6
30205 46215 6
10146 26510 6
4303 7715 6
38629 46878 6
25127 33658 6
2708 31130 6
10149 11729 6
10151 11605 6
20316 48539 6
10153 22798 6
25120 48702 6
23459 46181 6
10176 24785 6
30149 44168 6
23446 35825 6
30724 35037 6
9884 45573 6
1632 4199 6
47027 48392 6
5615 29358 6
30752 45536 6
9902 25764 6
30756 45782 6
16996 37692 6
30784 38601 6
757 902 6
5615 9713 6
23462 44138 6
826 9928 6
4397 47682 6
30121 34130 6
47167 47874 6
14706 35565 6
2854 29527 6
13298 15275 6
10171 28565 6
12 28065 6
30676 33157 6
9917 27442 6
4382 49664 6
23301 41818 6
14590 19064 6
14712 19330 6
765 10508 6
30696 39951 6
9904 14942 6
4386 11938 6
6990 26394 6
20851 43708 6
763 15662 6
48866 49990 6
30323 33772 6
2062 49382 6
4337 34321 6
19789 38718 6
30400 44577 6
19247 26211 6
25175 49608 6
25176 30240 6
793 18346 6
10100 36420 6
48842 49178 6
23369 30216 6
17060 34559 6
17768 25655 6
4323 39333 6
10038 36485 6
1399 16515 6
21638 42296 6
18136 38125 6
7003 15031 6
21635 39838 6
49697 49840 6
3210 4022 6
30358 39524 6
17613 19273 6
30370 35947 6
1401 35650 6
5643 23814 6
3779 38451 6
5658 7131 6
30388 47989 6
10061 37652 6
48961 49088 6
23386 27968 6
23373 46985 6
10057 28153 6
48959 49763 6
2499 26182 6
14664 25196 6
14658 19155 6
1648 5556 6
30516 43619 6
2358 47915 6
38650 42567 6
25213 45559 6
30536 31125 6
12194 49842 6
5685 41689 6
4354 49475 6
14592 22540 6
8 5937 6
2042 6347 6
23415 25012 6
10133 21906 6
8 24468 6
47820 48649 6
4361 20192 6
1637 13281 6
3780 43513 6
26794 30278 6
25187 35914 6
20819 47127 6
5663 14031 6
48466 49921 6
14646 22627 6
4348 38928 6
17175 23438 6
14736 31106 6
242 26796 6
14652 31025 6
14602 44868 6
13377 31406 6
9999 15891 6
785 1598 6
48343 48594 6
784 13346 6
12233 31189 6
235 6001 6
14533 33769 6
26840 30973 6
17772 41319 6
14802 32327 6
6973 16952 6
26745 31580 6
4262 12448 6
14804 37833 6
19820 29203 6
38528 48499 6
9710 17034 6
1486 4295 6
31120 37179 6
13246 23630 6
20789 28517 6
24533 33221 6
843 7354 6
16963 20838 6
9743 15430 6
13256 30972 6
7064 24186 6
13764 40308 6
4430 6380 6
10280 22471 6
13402 21284 6
12176 36524 6
5777 42209 6
31033 36423 6
2489 23647 6
46347 48746 6
18184 28141 6
23206 29161 6
10293 14326 6
31071 34632 6
16264 25301 6
31074 42306 6
728 18749 6
23168 28112 6
26846 37451 6
14828 15614 6
5793 6876 6
14512 24286 6
25356 34342 6
23519 23717 6
17369 28023 6
14499 45565 6
10325 33647 6
18070 33075 6
46014 47194 6
5592 29700 6
20907 29230 6
19833 21646 6
38493 42415 6
10337 18563 6
2030 5813 6
29884 43953 6
9681 20935 6
19720 22474 6
25068 36531 6
31134 40764 6
17084 41726 6
3529 3680 6
3529 20014 6
5596 13680 6
2487 46376 6
46108 49383 6
2636 23214 6
2227 36717 6
18073 41846 6
46104 47316 6
9674 18668 6
29915 46388 6
6966 29783 6
25354 38063 6
31167 42832 6
30863 39210 6
23259 31222 6
30837 39711 6
10222 24253 6
30839 35323 6
4287 8268 6
14741 44900 6
18954 45162 6
30075 41589 6
4407 18332 6
3223 42649 6
30863 44636 6
26824 31946 6
23253 32871 6
30878 40591 6
9809 27798 6
832 22884 6
30880 43602 6
30887 37833 6
746 41745 6
46899 47197 6
5725 8119 6
30119 47829 6
30811 35517 6
19747 21263 6
38572 44730 6
10206 40072 6
10206 41127 6
4291 23250 6
9842 13029 6
30889 45504 6
23469 34876 6
753 4536 6
4290 43546 6
10213 30655 6
5734 6556 6
38762 46553 6
3180 11051 6
9825 37071 6
9762 41798 6
21 27 6
9768 29063 6
38792 39780 6
14774 45274 6
18179 44574 6
738 38135 6
5758 5958 6
20522 43057 6
25290 27134 6
20384 43271 6
4425 6640 6
30995 36491 6
3168 12691 6
26835 35781 6
10274 35205 6
31009 43580 6
38793 41554 6
733 44755 6
46628 49172 6
4412 9102 6
16245 22273 6
10245 12755 6
23237 35956 6
20876 32237 6
17632 25844 6
30911 33288 6
9789 10628 6
23237 31906 6
8542 13601 6
30031 44530 6
13763 34903 6
19818 24714 6
25086 38873 6
10255 40710 6
7061 41603 6
1669 4537 6
30942 46218 6
5138 24284 6
28797 39761 6
2631 30588 6
19557 19695 6
12038 49298 6
27029 29966 6
17584 48430 6
13801 21324 6
20346 34873 6
6261 43453 6
28797 43137 6
4694 5121 6
20247 36222 6
1894 12783 6
23894 26549 6
22652 23580 6
10945 18202 6
33314 33793 6
552 48318 6
33318 44453 6
2653 30364 6
18348 24445 6
1990 16432 6
4097 33301 6
26654 29306 6
22667 29861 6
6236 34589 6
15295 41783 6
6237 7318 6
5449 20516 6
17450 30325 6
102 40158 6
4685 22812 6
558 17947 6
33220 43822 6
10926 38524 6
8823 12293 6
17120 20734 6
556 32560 6
18358 34356 6
22629 44333 6
14212 28639 6
42223 46323 6
25861 31767 6
1302 2200 6
28710 40009 6
42202 43928 6
19284 29132 6
544 40475 6
27037 39529 6
21189 44830 6
19226 45747 6
22619 34991 6
4708 8449 6
4708 15377 6
10989 27278 6
12310 18792 6
1300 44730 6
28737 39488 6
2192 2330 6
22645 31089 6
2654 39220 6
14218 41287 6
6900 29626 6
10954 21013 6
16669 27614 6
549 9851 6
42304 46005 6
23870 41168 6
42240 48076 6
10961 13636 6
548 24887 6
22632 40400 6
33362 49587 6
5242 40695 6
21179 36388 6
15332 27932 6
42672 46596 6
4660 37147 6
16184 27242 6
23840 41010 6
10879 29525 6
43928 49751 6
1313 26685 6
3610 20326 6
22706 23668 6
4663 27630 6
8914 11336 6
28915 41683 6
4664 7600 6
5143 7925 6
4107 4306 6
33035 36962 6
33037 35050 6
2761 33416 6
96 189 6
17585 44047 6
949 36342 6
10863 29512 6
20341 25932 6
1922 36575 6
32942 42652 6
21124 43273 6
22728 39542 6
3293 7250 6
10869 15106 6
1994 32709 6
28900 34291 6
10869 24959 6
18315 42435 6
276 16062 6
17117 37178 6
42703 47142 6
1747 26896 6
1578 1738 6
19593 45516 6
42551 42900 6
4103 15031 6
18860 21799 6
25808 35610 6
37792 49564 6
4102 24513 6
8870 25778 6
6903 24961 6
15275 42364 6
33137 38928 6
1310 26571 6
1574 22257 6
15280 33651 6
3614 4041 6
21144 46860 6
8847 46414 6
23867 44568 6
16708 35155 6
7240 29806 6
4104 22043 6
2679 29388 6
10887 20576 6
23851 42859 6
42609 48699 6
13548 17152 6
12880 24151 6
3817 38703 6
4666 35615 6
16178 36801 6
10990 16304 6
6210 38323 6
22694 32574 6
2339 40686 6
28882 29643 6
1167 2786 6
20594 36634 6
20594 41579 6
2084 39812 6
11079 19590 6
20727 34854 6
8616 15766 6
18838 48982 6
1563 21224 6
8614 10492 6
4741 7488 6
1160 1545 6
19289 34890 6
25936 39804 6
28530 41922 6
13592 18809 6
33779 41729 6
37601 43802 6
518 14296 6
25940 29691 6
3018 17029 6
13808 21262 6
8596 25995 6
16310 47269 6
41959 44645 6
28552 48599 6
19525 39666 6
4058 28853 6
4058 12997 6
33729 46322 6
6336 8934 6
18374 45977 6
11062 44081 6
22544 34141 6
3017 32691 6
39176 47629 6
33742 41905 6
15419 16262 6
2690 36230 6
15420 39290 6
8616 17185 6
12806 13664 6
11067 42526 6
23981 38319 6
11991 19639 6
12757 47129 6
8558 17728 6
16600 47378 6
15466 18823 6
25976 34561 6
5409 29556 6
15468 37779 6
511 17677 6
25967 49446 6
17913 39514 6
11116 48326 6
2877 4063 6
11116 49296 6
3012 46296 6
33896 44085 6
33899 45311 6
13593 49977 6
28481 44675 6
25942 29247 6
3633 13777 6
14171 39263 6
21772 28620 6
22521 35605 6
24460 41074 6
5248 20571 6
1212 11187 6
3014 47285 6
16617 27877 6
21220 43009 6
41859 44696 6
15458 20248 6
21220 44620 6
23976 25172 6
33852 40128 6
37542 45660 6
1562 2225 6
6319 18025 6
27051 35685 6
8716 38230 6
21200 40409 6
283 14848 6
22589 23646 6
6311 31044 6
8700 16937 6
21206 49266 6
33546 46442 6
4714 14740 6
33553 40518 6
11010 43693 6
15373 40271 6
19970 24360 6
33570 41944 6
7279 20063 6
2655 41952 6
4071 41780 6
12830 40415 6
17931 41911 6
12025 19220 6
19546 37327 6
4711 32467 6
17306 21741 6
22607 41618 6
22607 25064 6
10992 13079 6
18359 36878 6
11017 31476 6
6298 46125 6
10992 25286 6
6302 18048 6
15356 43750 6
18361 44954 6
39161 43584 6
6886 21335 6
4714 10628 6
11044 18757 6
8665 44317 6
1476 46870 6
8663 36453 6
19097 30453 6
22570 49020 6
6335 27332 6
4729 20164 6
3028 32571 6
8658 39759 6
11036 43710 6
8642 10059 6
14186 23046 6
11047 21911 6
3754 16895 6
3631 7269 6
17457 36245 6
524 21448 6
8629 11039 6
982 4989 6
8689 38735 6
33582 44537 6
11020 44308 6
6323 39218 6
19534 47187 6
42040 47203 6
7282 10138 6
8678 36947 6
18842 40443 6
25775 45458 6
16157 26895 6
11033 43330 6
28605 33910 6
18369 34396 6
15383 20052 6
25909 28455 6
14189 40740 6
983 6526 6
2591 21740 6
22839 37234 6
1728 38081 6
3278 13881 6
22833 25289 6
32441 44559 6
2748 18984 6
614 28005 6
2591 26269 6
5500 30497 6
3083 5189 6
6082 12386 6
22825 33191 6
32462 46551 6
612 2696 6
22824 43882 6
18678 23341 6
17428 30901 6
32474 49923 6
2001 47605 6
24944 46057 6
3276 20999 6
2004 8448 6
43456 44275 6
23743 27765 6
9207 26749 6
9201 35977 6
12091 46728 6
13002 33231 6
20577 37341 6
21724 45848 6
4153 9779 6
29251 38113 6
17658 23427 6
2650 22900 6
1727 42880 6
10705 32685 6
43413 45521 6
43407 48615 6
12976 43447 6
22807 37155 6
6185 45033 6
29183 45420 6
9127 42401 6
23766 48087 6
7200 22300 6
2469 27928 6
43178 44440 6
29175 37765 6
12980 32965 6
17983 20770 6
18873 21127 6
29170 31392 6
32541 45047 6
12971 27019 6
43134 49690 6
19921 27169 6
6120 16934 6
26688 35882 6
1328 39240 6
24934 38169 6
32489 41961 6
14299 36800 6
4599 5137 6
9146 33838 6
32498 39964 6
9142 39949 6
9140 11330 6
12985 39142 6
9208 14002 6
3077 37349 6
10744 31360 6
5493 37360 6
29200 42200 6
16797 49323 6
3807 14581 6
1897 26029 6
32519 44227 6
4562 17617 6
16847 49725 6
1425 1959 6
1596 24520 6
12102 14541 6
18894 49201 6
6016 22628 6
12101 21803 6
4561 21840 6
25608 49638 6
32183 47789 6
6019 18456 6
65 12362 6
908 4785 6
16844 38270 6
908 14532 6
23711 43350 6
32236 46656 6
14347 23078 6
9252 16543 6
14361 19198 6
9296 16221 6
29392 34938 6
38113 45624 6
13047 15909 6
62 23162 6
9288 39994 6
6942 43367 6
904 21710 6
32135 44355 6
7158 29759 6
9286 44503 6
18265 31722 6
9285 25276 6
17338 26147 6
13748 19003 6
15091 21116 6
32163 37608 6
2741 41963 6
43534 48122 6
29298 40097 6
13009 47999 6
7165 38726 6
2400 39523 6
16191 20958 6
1724 36281 6
1334 1350 6
22864 36238 6
13009 21773 6
4572 11836 6
18885 22942 6
22863 42306 6
29283 39786 6
6045 41328 6
22858 24764 6
3087 3373 6
266 39299 6
9215 18607 6
21061 26681 6
3765 10018 6
10652 22044 6
6032 48414 6
43682 43875 6
29321 43870 6
13493 36337 6
3578 37164 6
15111 46258 6
20471 49151 6
29313 45356 6
9128 16655 6
32280 39965 6
43585 44901 6
9238 35666 6
16828 37795 6
10667 43222 6
22871 46856 6
16192 34630 6
21051 41851 6
32780 33614 6
9044 11385 6
12923 24692 6
18623 48998 6
29042 48227 6
17660 43626 6
2374 17069 6
10814 41623 6
19280 35757 6
12925 17713 6
10822 36166 6
9010 36024 6
10823 40369 6
9007 21523 6
12067 30512 6
12915 38894 6
32813 41071 6
7212 36408 6
23797 34277 6
18869 23335 6
24485 33958 6
16777 24791 6
10797 44789 6
29085 38761 6
1170 22675 6
25716 29336 6
6162 23752 6
593 6530 6
37911 48412 6
29078 37102 6
7213 23458 6
2086 42452 6
32721 36325 6
6154 15867 6
23830 37542 6
16762 22402 6
39055 47941 6
23827 36048 6
1922 26803 6
4651 26889 6
2466 7494 6
23830 34451 6
2757 9774 6
32882 45540 6
42827 46690 6
580 1128 6
2695 7848 6
5468 9424 6
37828 46182 6
8939 37919 6
8936 15429 6
2051 42584 6
7222 44836 6
4124 13211 6
22761 47092 6
42885 44135 6
32833 42852 6
32837 33909 6
32839 41975 6
1318 26910 6
42954 49135 6
42843 46802 6
29005 41779 6
1744 29528 6
10843 34392 6
943 41890 6
37865 49527 6
18621 28402 6
23788 46020 6
9100 43625 6
17976 39475 6
32650 44162 6
25706 26434 6
13514 34163 6
29121 44790 6
271 32522 6
9095 9746 6
3594 8158 6
10783 43831 6
13511 18772 6
7210 20988 6
29109 36230 6
9090 42216 6
20579 35052 6
10786 32078 6
39026 44547 6
13516 19484 6
29118 33439 6
272 1674 6
37939 38489 6
19234 27067 6
19609 40627 6
17441 24163 6
9078 20289 6
9081 39102 6
29097 44656 6
931 47128 6
19271 45777 6
24932 48414 6
7202 32987 6
23780 42630 6
32593 46885 6
32566 45285 6
43119 44469 6
9106 41671 6
19928 20521 6
17103 32426 6
21553 37402 7
12363 22430 7
17534 47348 7
16274 22051 7
16325 28823 7
2852 4863 7
5211 27630 7
1476 48666 7
16299 43331 7
5268 35931 7
17765 44504 7
39517 49401 7
12328 15734 7
20149 49781 7
17170 22750 7
26727 49185 7
2848 39375 7
20719 26286 7
6833 34639 7
3406 4244 7
17539 48909 7
12336 44933 7
21600 22705 7
26782 36655 7
2061 38585 7
16280 46287 7
16276 47736 7
17543 26776 7
21632 23859 7
16281 28883 7
16299 31506 7
26711 28719 7
39124 48313 7
12218 16251 7
13744 40453 7
18720 38955 7
12283 21403 7
6898 14444 7
26643 28083 7
1931 24152 7
19219 42785 7
26690 44681 7
1478 42130 7
17758 28784 7
38987 39848 7
1977 7119 7
6839 42172 7
12379 14699 7
39090 45909 7
39229 46461 7
39540 42142 7
232 23500 7
6854 15013 7
12379 25429 7
6883 25715 7
38930 44696 7
1215 26852 7
6902 8713 7
6957 26356 7
5222 27160 7
26580 43426 7
5253 35524 7
18665 18829 7
12322 15040 7
2318 26516 7
21599 48913 7
16338 32547 7
12278 29014 7
24560 47957 7
16327 43514 7
3778 26340 7
18686 42538 7
12271 21722 7
16347 26863 7
18699 24869 7
20159 32513 7
39516 44151 7
26730 29212 7
5211 41508 7
21628 35966 7
16285 32267 7
21605 39277 7
3738 27340 7
12210 42714 7
3776 43633 7
39563 40484 7
26522 39503 7
26551 44110 7
225 321 7
16356 40008 7
12342 32956 7
2830 28165 7
26749 28728 7
6918 31960 7
12375 30976 7
24631 39428 7
20271 32223 7
2051 2388 7
6037 7428 7
21050 39698 7
25634 29002 7
43624 45387 7
43630 45603 7
1336 10412 7
5517 21507 7
6017 34081 7
25636 44262 7
25606 30550 7
43879 44432 7
19050 48862 7
13038 18921 7
43892 46969 7
13040 41773 7
25600 45827 7
5522 11479 7
43416 47386 7
18875 22634 7
6094 17150 7
21086 32825 7
21084 32573 7
43283 43585 7
16802 27321 7
25654 32651 7
6074 30984 7
19056 45725 7
13048 32128 7
1332 18965 7
20780 21082 7
25646 46202 7
18880 43810 7
6046 25265 7
70 33159 7
21054 29820 7
6041 47953 7
21001 27033 7
25560 48322 7
5975 23306 7
25558 33146 7
25556 48139 7
21018 26933 7
24988 36377 7
2013 27109 7
44423 45244 7
5953 6557 7
21020 43554 7
2736 6222 7
2015 21404 7
2734 40804 7
13119 14997 7
20994 29265 7
13456 33948 7
5545 46346 7
44591 45258 7
13060 23502 7
6005 21053 7
43950 48173 7
1341 2165 7
13051 34796 7
16849 34222 7
44011 48817 7
5996 41919 7
25586 47886 7
2001 23436 7
1423 35762 7
21025 29451 7
16853 28227 7
13064 23678 7
44072 49070 7
3569 6639 7
13071 27004 7
58 47774 7
42789 45723 7
6206 6297 7
95 17110 7
25781 39597 7
1993 15185 7
21132 27319 7
2760 4777 7
13541 18052 7
42759 48849 7
1433 2037 7
96 41888 7
5467 43087 7
25753 40907 7
13532 42234 7
20771 23326 7
12910 16560 7
5472 13416 7
16763 27977 7
25748 43019 7
6221 34115 7
12852 49702 7
2130 9005 7
16685 29688 7
25837 43376 7
1306 18521 7
17118 45963 7
25829 48864 7
20248 48754 7
88 255 7
42559 49831 7
13550 28016 7
5455 29098 7
5456 21980 7
3612 23045 7
3612 15572 7
5458 23383 7
1311 41789 7
1429 49229 7
1999 33564 7
12949 21257 7
16782 42184 7
3462 6803 7
81 3009 7
81 1219 7
6127 11759 7
3463 33284 7
6123 8307 7
12944 40648 7
3594 5031 7
5486 40764 7
16784 44597 7
3590 4304 7
5491 31431 7
2750 37927 7
6108 39022 7
6099 31552 7
6155 19650 7
12911 29731 7
12914 29766 7
16769 40620 7
2341 23004 7
25736 46602 7
6159 13452 7
3603 15345 7
25730 38324 7
17647 40275 7
13522 39539 7
42950 43177 7
5477 49894 7
12933 20184 7
12938 17380 7
25716 27866 7
42989 46771 7
24919 38320 7
3519 34060 7
13398 29186 7
5753 28762 7
5750 27752 7
18954 28583 7
20298 28373 7
13271 42972 7
13275 20621 7
13277 15526 7
46692 48162 7
13264 40283 7
5736 26315 7
13278 39900 7
18991 30114 7
46951 48020 7
3516 11993 7
25105 28874 7
13390 26859 7
25254 38731 7
20297 34388 7
5598 28175 7
25325 34662 7
5780 15598 7
5599 25180 7
2032 4016 7
3527 17821 7
46288 49541 7
19000 47399 7
5716 32436 7
46325 48142 7
16966 29927 7
46370 47428 7
13401 16782 7
46390 47686 7
46416 47451 7
5766 10084 7
21 65 7
3 496 7
3496 3531 7
48360 49736 7
13334 20736 7
2602 37874 7
20308 37545 7
1397 24194 7
25187 28395 7
25183 44388 7
13341 14182 7
13332 38191 7
3501 32050 7
5653 13337 7
13363 39102 7
2704 18692 7
49248 49879 7
3499 26472 7
18973 27116 7
23385 33998 7
18983 43662 7
17011 39364 7
17017 19868 7
1389 29639 7
3492 46287 7
5697 18193 7
18984 22351 7
13308 15336 7
1391 18356 7
2031 12800 7
25230 45427 7
17033 21857 7
13381 34361 7
5690 35455 7
20831 35635 7
17081 36906 7
5679 28187 7
5677 18348 7
37 37433 7
3549 19052 7
5569 17385 7
25467 46474 7
1358 37661 7
2139 16076 7
5860 10426 7
25455 41848 7
2138 46181 7
20942 40536 7
5869 21457 7
13180 44597 7
25452 26607 7
3545 8543 7
25443 29829 7
1415 4317 7
16923 26276 7
2024 11889 7
1363 11501 7
5878 34066 7
44666 49555 7
44703 47477 7
3480 8042 7
44785 45624 7
16897 31428 7
44804 48662 7
5899 29706 7
16908 37388 7
13193 41660 7
5565 8925 7
20960 24371 7
5875 22456 7
25023 36781 7
25027 37043 7
20283 24392 7
20284 20307 7
5872 23770 7
46030 48665 7
13214 26846 7
20918 31414 7
13418 37674 7
2726 9966 7
2726 5440 7
16934 47400 7
2725 30461 7
45915 48989 7
13227 47709 7
25392 36580 7
25357 35880 7
5796 42445 7
25066 41840 7
2701 18306 7
13411 39845 7
25339 31491 7
19001 27664 7
2352 11879 7
45553 48789 7
13425 36824 7
25425 35774 7
25050 49633 7
5578 48937 7
25422 37515 7
25420 43084 7
13199 47971 7
5841 13352 7
21168 28864 7
2598 3939 7
20932 28207 7
5839 33491 7
20931 39234 7
5833 45893 7
16928 41926 7
1367 7920 7
13209 48014 7
6622 21514 7
2155 2743 7
24717 25348 7
21382 36758 7
1951 4857 7
5325 45855 7
6631 15944 7
167 14540 7
40518 42921 7
40531 44079 7
2814 42080 7
13661 39514 7
2327 3536 7
40563 48675 7
18773 25100 7
3690 22139 7
18773 40760 7
6614 20496 7
6613 41394 7
40368 44864 7
26316 46583 7
2577 19211 7
16437 28187 7
40329 43982 7
1947 38044 7
17727 39432 7
26313 48197 7
12520 46964 7
1459 43151 7
6612 18937 7
3701 28320 7
21390 49177 7
40395 41391 7
40401 49854 7
1459 7559 7
3426 10121 7
24713 26497 7
21389 40144 7
16494 44858 7
40759 48327 7
6577 29071 7
16491 46183 7
1957 44890 7
5346 9088 7
6571 28177 7
6570 16807 7
6569 10615 7
1958 3151 7
12603 30708 7
40849 49894 7
26171 37257 7
5351 16847 7
3432 48733 7
12631 41744 7
12632 19077 7
40916 43314 7
1266 16899 7
17145 24838 7
12585 30184 7
13657 33301 7
13656 32255 7
5335 15755 7
3687 5460 7
17712 24574 7
12590 37731 7
19153 24196 7
1245 1314 7
18780 40196 7
12593 49625 7
5340 29279 7
26197 38600 7
21359 42934 7
3431 28484 7
13645 44131 7
5342 15566 7
39807 44658 7
26454 40067 7
6775 49166 7
5280 46588 7
17151 46886 7
16377 21662 7
12420 23640 7
18730 28661 7
26442 48657 7
193 45502 7
2394 41015 7
1937 17282 7
12428 30852 7
6762 34249 7
39836 42386 7
12429 37011 7
19197 39130 7
24664 34833 7
6752 14252 7
24642 45228 7
6802 7560 7
39592 43339 7
16367 43298 7
18724 42468 7
26479 36191 7
21481 43406 7
39656 45285 7
2395 16489 7
39908 41837 7
12407 37837 7
16374 19550 7
26468 39662 7
6782 31209 7
197 3257 7
12411 12757 7
39691 47929 7
39706 48447 7
13691 16056 7
24685 31703 7
6711 36948 7
3421 41848 7
40136 43147 7
2820 5458 7
20187 36330 7
26360 43429 7
1240 44624 7
6702 22097 7
24684 24923 7
21421 31749 7
16416 33851 7
12483 46501 7
1944 24818 7
6680 18197 7
19176 22405 7
19173 33748 7
2816 45031 7
17730 28043 7
26403 33499 7
5292 43952 7
40002 42822 7
40007 42146 7
26393 47792 7
21441 40288 7
3420 20276 7
12466 22176 7
12637 23473 7
17729 45673 7
6722 31669 7
26380 46673 7
40045 45087 7
12466 45776 7
6721 24299 7
17729 20555 7
40108 44439 7
119 12976 7
19100 49672 7
17129 17961 7
41898 45185 7
24847 35190 7
41917 43401 7
3446 15365 7
41943 44037 7
24851 41149 7
19099 43897 7
25941 42540 7
118 36022 7
19099 43892 7
18839 37552 7
25916 28404 7
16618 17285 7
12812 23826 7
117 24962 7
24855 38332 7
1290 28243 7
1974 32293 7
25990 48225 7
18832 46328 7
12740 19139 7
6353 24207 7
20348 32617 7
12759 15969 7
41835 48492 7
6326 14611 7
1290 39512 7
17080 28959 7
24846 47950 7
3636 6856 7
12788 18416 7
18838 48184 7
6343 49783 7
21215 23282 7
42224 43122 7
2774 6275 7
24874 41033 7
6291 12408 7
6288 48966 7
42187 49517 7
3451 11599 7
13565 45133 7
6281 21596 7
6279 47236 7
5431 28280 7
5436 6121 7
42234 47966 7
42305 49768 7
6271 22255 7
21177 46652 7
21173 37293 7
6263 32827 7
16678 32421 7
42097 49584 7
3628 20117 7
12818 29089 7
21209 22790 7
42041 44783 7
1439 18069 7
42069 42355 7
6309 38222 7
12823 13804 7
41720 44087 7
1981 42874 7
16634 30333 7
13573 17620 7
5429 37500 7
21199 40441 7
12831 24178 7
24866 28858 7
25874 38133 7
41229 47100 7
6498 45653 7
148 1520 7
26109 49282 7
1271 3583 7
41175 44250 7
2149 34819 7
1963 17339 7
5376 31800 7
6469 22703 7
17700 20738 7
6463 29033 7
6454 11903 7
140 41202 7
2149 11385 7
21298 30025 7
5383 43369 7
21296 46141 7
5384 24191 7
6514 31233 7
3672 16512 7
24784 40670 7
26136 29084 7
19137 39930 7
40959 43594 7
26135 43468 7
6517 13824 7
16515 43611 7
6446 36321 7
26131 27147 7
12643 39342 7
26130 46174 7
20354 47947 7
5364 46839 7
2800 26041 7
6502 19353 7
5365 49961 7
26018 42310 7
134 147 7
16577 43479 7
16578 21026 7
2055 2189 7
21265 36812 7
132 47219 7
21262 25423 7
6413 18576 7
20348 40135 7
16577 30212 7
21260 28341 7
130 40875 7
16587 21449 7
12712 28261 7
16588 34085 7
5403 25437 7
6372 44051 7
2382 17187 7
16557 33486 7
3658 23653 7
20752 44737 7
12684 16594 7
2793 13764 7
21287 25057 7
16556 49524 7
13615 14232 7
6435 26341 7
20176 34304 7
41436 47333 7
2383 16886 7
17581 20275 7
1280 18568 7
13612 27056 7
16571 37948 7
2333 30580 7
20226 45131 7
32948 49250 7
32909 46736 7
4115 41175 7
14258 33828 7
8949 35948 7
8949 15735 7
14251 17059 7
32919 48347 7
28968 38334 7
23836 47599 7
10866 21185 7
32939 38978 7
576 35640 7
4651 28942 7
8924 30129 7
22723 33850 7
15235 15283 7
575 6210 7
28949 35356 7
10872 19905 7
2251 12637 7
17954 27365 7
32970 33527 7
22712 36082 7
10877 41277 7
18303 45781 7
4627 40203 7
9039 16798 7
9039 16249 7
22782 25799 7
10808 35251 7
4127 27914 7
3069 18075 7
4636 26502 7
2467 10719 7
32804 39438 7
32806 41957 7
3287 31321 7
10881 33851 7
10828 37314 7
29020 34842 7
17965 38230 7
8989 48962 7
8988 14877 7
32847 39272 7
15221 17264 7
19601 35704 7
944 8786 7
581 5283 7
32892 38099 7
14231 37219 7
8877 31582 7
4102 35165 7
19575 30965 7
22686 32280 7
33140 34070 7
19953 49967 7
33141 43540 7
10908 27314 7
17945 20627 7
22673 35528 7
3297 39627 7
17943 30921 7
10893 23143 7
20604 31454 7
15287 48845 7
8839 18419 7
10920 24360 7
14231 24652 7
23875 46317 7
33189 49008 7
28824 41426 7
3298 43872 7
8827 38788 7
33251 38026 7
28893 30405 7
28929 41895 7
33017 33324 7
953 15003 7
15242 29356 7
22700 46483 7
953 46453 7
8906 25054 7
28902 30825 7
4664 15237 7
28898 33825 7
8901 47541 7
1749 33374 7
32727 44916 7
569 18789 7
19586 40340 7
10888 15201 7
14243 39395 7
18332 22187 7
10892 33318 7
8890 37742 7
957 8090 7
33089 35790 7
4103 22977 7
4103 20930 7
9181 49933 7
4154 6685 7
9201 29793 7
10698 19743 7
19638 23054 7
4581 41421 7
29256 40100 7
22845 41239 7
10703 34058 7
3083 28599 7
9188 47507 7
15147 41186 7
10709 30388 7
23743 34084 7
1729 14536 7
22826 31654 7
10715 24907 7
613 5569 7
9172 12864 7
22825 31278 7
2472 11405 7
14300 41206 7
9153 26178 7
32479 38573 7
2526 15509 7
14328 36429 7
22884 40831 7
32260 36818 7
9245 44940 7
29320 36575 7
32271 44157 7
15112 19592 7
32280 35658 7
29306 40482 7
9240 47949 7
32289 40296 7
10669 33213 7
17992 22476 7
3078 30076 7
17333 23801 7
9229 36856 7
32340 38407 7
23740 45722 7
4575 7352 7
19911 38519 7
18269 26702 7
917 24362 7
18272 36653 7
622 12150 7
15138 18230 7
10791 22366 7
10774 23250 7
2109 49568 7
29122 38983 7
1735 24765 7
932 16551 7
32621 48702 7
1585 25400 7
15181 20455 7
1736 11558 7
22797 44813 7
4619 21992 7
9082 9687 7
29134 29786 7
23790 39559 7
23793 36209 7
4623 20130 7
23797 48919 7
14280 27267 7
22790 40528 7
22789 27566 7
23803 33131 7
20583 23004 7
19932 45797 7
592 15744 7
17982 29105 7
4602 5059 7
10743 42829 7
4144 39928 7
18289 33093 7
23766 26809 7
10748 17919 7
32520 41217 7
9127 16631 7
29178 46239 7
22806 35012 7
604 22376 7
1733 33894 7
23881 39851 7
2197 31978 7
10759 36348 7
3284 8829 7
23775 25823 7
4140 13979 7
32578 47717 7
17981 26370 7
32593 33877 7
10768 10890 7
23776 34128 7
10772 41891 7
22467 47876 7
11142 21575 7
2448 11153 7
28395 47699 7
15484 38313 7
8492 9010 7
501 30679 7
33999 35292 7
11153 33078 7
4777 23014 7
18398 43070 7
34034 38683 7
4030 4825 7
4038 32329 7
34053 47922 7
495 39518 7
34093 35445 7
4781 26769 7
2112 38705 7
11180 20867 7
3005 42248 7
4785 10340 7
24021 34006 7
28321 49393 7
15510 42026 7
28444 36133 7
11097 15617 7
4047 46776 7
8572 9597 7
8569 26915 7
8563 45283 7
15463 20470 7
28461 44405 7
33875 33950 7
11105 25772 7
997 33928 7
33875 42253 7
8557 30853 7
34124 34910 7
511 45773 7
33887 42521 7
511 13917 7
1560 14508 7
22507 29393 7
11125 17521 7
11127 15528 7
4761 29462 7
28404 28989 7
4762 28226 7
8524 47831 7
28211 47346 7
28240 42299 7
28239 48043 7
4014 14585 7
34312 42380 7
15575 35538 7
478 17420 7
11244 46718 7
4013 13535 7
8365 41033 7
24047 33164 7
8358 39003 7
11252 13989 7
1019 29287 7
15586 20923 7
4821 33190 7
8320 26107 7
15589 39151 7
14093 34598 7
8317 34424 7
2185 24231 7
8315 27498 7
8311 14564 7
8309 47022 7
34441 41801 7
3323 6653 7
492 5809 7
15512 24717 7
491 19564 7
8432 47935 7
17271 31356 7
4790 16312 7
1013 10465 7
8426 13518 7
8423 36871 7
14117 23601 7
4023 13402 7
19500 37591 7
514 42649 7
8402 32867 7
4799 9813 7
11216 30433 7
8391 18355 7
24029 36827 7
485 1192 7
34254 40152 7
3323 42908 7
11222 20290 7
8387 32461 7
15552 32535 7
4077 40709 7
10980 30999 7
33390 48977 7
8751 34970 7
4081 47205 7
4081 38760 7
28689 37238 7
8744 26401 7
8738 39859 7
33428 36883 7
28676 37666 7
8736 18864 7
8733 27261 7
33383 44612 7
28669 30175 7
28665 42120 7
4713 7463 7
28664 31348 7
18360 38558 7
10994 32295 7
1767 4265 7
33469 41438 7
11000 41972 7
11002 47611 7
11005 24254 7
8781 19217 7
19559 38269 7
8812 15035 7
10933 14247 7
33280 35059 7
1759 4602 7
10933 15657 7
22654 26331 7
19958 26131 7
3299 35263 7
4694 5376 7
20455 26165 7
10953 11830 7
8709 24326 7
549 4741 7
970 21092 7
33356 38627 7
548 6759 7
33365 37086 7
4084 33525 7
22631 32805 7
33372 36513 7
8758 49099 7
8758 16835 7
4704 39891 7
22525 25146 7
18375 42093 7
1564 5539 7
11067 24651 7
11067 36428 7
15422 29277 7
11067 38063 7
28529 44678 7
33764 46100 7
22533 30754 7
19976 32053 7
8597 41645 7
17921 30380 7
3309 40659 7
15440 32938 7
15453 43889 7
28497 35570 7
8585 20493 7
33823 49379 7
28493 43775 7
11091 30302 7
33828 46113 7
8580 28808 7
28485 37262 7
2263 23869 7
11032 48108 7
2452 47953 7
33524 36322 7
8702 18411 7
8700 26352 7
33538 49588 7
3033 16746 7
534 46241 7
980 986 7
4722 17852 7
17296 23874 7
4724 41185 7
8677 12485 7
9247 12421 7
33632 41040 7
28606 49350 7
2080 26196 7
11039 40314 7
15390 28521 7
8650 21645 7
33683 38149 7
33692 33847 7
11049 30121 7
33699 34873 7
18374 40403 7
732 32353 7
30005 39962 7
10269 21033 7
31001 34091 7
14781 36160 7
14783 45033 7
10270 48451 7
9749 10988 7
23209 46329 7
14538 26195 7
10279 36186 7
14537 28168 7
4430 12958 7
14777 45642 7
9730 37304 7
4434 6208 7
10302 33629 7
10303 11365 7
2636 18047 7
1675 21194 7
14812 32216 7
3232 32950 7
2104 2838 7
9705 10777 7
10309 19938 7
9786 37482 7
9822 38841 7
2103 4448 7
9819 45648 7
9814 38954 7
9810 18847 7
2507 49281 7
23248 33011 7
10247 21003 7
9796 13649 7
9794 32748 7
30036 33219 7
2103 15900 7
9698 9839 7
10253 35563 7
23483 41946 7
10255 46979 7
9774 18043 7
4279 5497 7
3171 48532 7
3171 22663 7
10257 34213 7
17413 30079 7
739 4923 7
14541 19166 7
9606 41796 7
14842 49992 7
14844 47905 7
19836 40590 7
9617 42274 7
18195 22074 7
31308 49577 7
9614 11838 7
14490 18796 7
10352 45773 7
14847 39420 7
14848 25386 7
31336 37434 7
10346 31092 7
9605 49415 7
23538 46734 7
23120 24510 7
9580 22459 7
19844 38565 7
4474 22760 7
29809 39292 7
9570 18695 7
1688 28075 7
1688 43022 7
14886 36214 7
2228 32725 7
29934 35052 7
4261 7655 7
18189 18460 7
29927 31373 7
2509 18743 7
9683 30184 7
31154 46445 7
19717 33998 7
720 32241 7
23175 26103 7
31178 33111 7
14506 21239 7
9824 9878 7
1679 3177 7
14502 18079 7
14833 22378 7
10327 39487 7
3236 4325 7
717 26324 7
23164 42960 7
31237 42934 7
9643 35328 7
14842 26176 7
19711 27930 7
23342 39108 7
14640 47489 7
10029 12070 7
30456 36112 7
14646 14718 7
10115 14579 7
30281 36618 7
10117 23057 7
30275 43483 7
4351 46196 7
2214 14705 7
14653 17704 7
23409 37745 7
4322 24614 7
23410 36227 7
30519 48474 7
30520 34624 7
19771 49776 7
9986 21005 7
23337 37955 7
1635 12330 7
14591 46423 7
18109 34978 7
781 2971 7
19800 28592 7
14634 38810 7
4329 34243 7
30345 42283 7
14627 48785 7
10091 21239 7
30370 49461 7
30337 31613 7
10068 34891 7
795 32094 7
30390 40641 7
30329 30743 7
794 23855 7
30397 35181 7
30218 37986 7
30314 44705 7
4338 39899 7
30313 49293 7
10102 47695 7
30410 46099 7
30415 47756 7
4340 36613 7
17403 31415 7
30299 39208 7
18120 43263 7
30430 41454 7
30131 37465 7
30167 39965 7
30663 47255 7
18159 23891 7
30674 48676 7
19807 31365 7
2099 34106 7
4388 13237 7
14721 15722 7
10180 36474 7
14723 22924 7
30138 46581 7
30138 46139 7
10163 49690 7
9865 47373 7
758 1258 7
2640 29484 7
23277 29240 7
14562 48177 7
9844 15098 7
14737 49520 7
23273 26485 7
10212 36457 7
2223 26621 7
10217 31324 7
19802 35649 7
4364 38755 7
9960 36368 7
18150 47411 7
10146 45994 7
10147 23783 7
10148 14244 7
3217 34251 7
14583 14662 7
18154 21850 7
9950 49632 7
9947 49938 7
9946 44300 7
31434 35507 7
1654 28425 7
23307 46830 7
30636 31264 7
30637 41542 7
30183 37102 7
819 8344 7
30182 43612 7
19803 42595 7
30654 42400 7
14699 19778 7
768 2575 7
4540 14725 7
2480 2958 7
3262 28861 7
892 43047 7
14391 29879 7
15044 21641 7
10564 31923 7
31990 47212 7
15046 34150 7
29467 39548 7
2106 25574 7
22950 29100 7
19889 33653 7
10557 22993 7
19661 32155 7
897 12760 7
15052 49382 7
10583 34672 7
14376 46724 7
32027 49249 7
648 37943 7
20476 26206 7
9325 29824 7
4544 11813 7
1715 6517 7
17415 43832 7
10509 22857 7
20477 28350 7
18231 22333 7
22986 38189 7
3116 15176 7
22975 35779 7
14406 38042 7
14405 45336 7
664 917 7
9384 9770 7
31911 41702 7
10536 46406 7
19660 34368 7
662 28547 7
9376 32485 7
9375 16500 7
29512 40371 7
9370 25207 7
4190 11816 7
29507 44498 7
17345 39475 7
891 8053 7
9357 19069 7
9357 16305 7
2087 39872 7
1718 5868 7
17336 36014 7
905 7076 7
29383 48219 7
32176 47079 7
9274 19693 7
10641 37077 7
22906 26644 7
10642 18758 7
9268 49692 7
10644 26489 7
15101 27957 7
9291 38677 7
32211 47508 7
907 17475 7
4562 24922 7
1720 27717 7
29342 49055 7
908 7805 7
32226 35238 7
9259 35121 7
18268 21170 7
10651 21340 7
32250 33336 7
9309 34305 7
29443 30648 7
9319 12102 7
10599 19740 7
900 13340 7
32071 46030 7
18005 28717 7
14369 34754 7
3266 21537 7
10608 22880 7
22928 27939 7
32089 44714 7
9311 10731 7
29556 30559 7
32099 38848 7
19654 33260 7
15079 31353 7
2477 42650 7
9303 33556 7
641 15824 7
4551 33382 7
639 45926 7
18004 36509 7
10623 42911 7
4173 5522 7
31647 46913 7
23056 37436 7
687 7399 7
31603 37109 7
869 2276 7
23578 46911 7
31613 39871 7
29703 40914 7
18037 29195 7
31621 34948 7
14434 18526 7
4495 24836 7
2105 35824 7
29718 32227 7
4222 24981 7
29676 41269 7
19684 46355 7
31657 46073 7
31662 44089 7
29672 36856 7
23042 45344 7
9482 42944 7
10447 43017 7
10448 12046 7
18218 44333 7
14914 43690 7
10386 13548 7
29796 48842 7
10389 34273 7
10392 34316 7
10396 17861 7
9559 9804 7
23099 33569 7
2515 9539 7
31488 37419 7
9551 43633 7
14903 49105 7
14456 23696 7
4218 16056 7
14454 44959 7
23087 34834 7
14923 17411 7
4233 15941 7
9524 36999 7
31551 49080 7
9523 40175 7
9523 35848 7
31564 46667 7
9519 35330 7
17358 28152 7
10494 32948 7
9454 48165 7
29608 31133 7
9443 15349 7
9442 46060 7
23010 41313 7
9431 27482 7
9430 24497 7
9428 41181 7
4514 33043 7
1606 8629 7
23616 24817 7
9423 11264 7
29615 30671 7
31834 35139 7
29574 38235 7
9421 48212 7
9421 45070 7
9413 33030 7
4518 42542 7
29567 41966 7
883 14455 7
10506 10831 7
4522 7696 7
14998 16476 7
29644 39745 7
4500 48230 7
18218 48489 7
3253 37934 7
19864 27413 7
10452 14131 7
14426 36823 7
4216 22744 7
14944 41012 7
680 7412 7
31705 39298 7
10458 46462 7
4742 5262 7
9470 33589 7
9468 14068 7
3128 15926 7
10462 11088 7
31733 41239 7
4213 14866 7
14420 47297 7
1608 38315 7
18025 27214 7
10466 41590 7
677 1062 7
18559 28308 7
17515 32728 7
21956 42445 7
7610 32566 7
5025 7044 7
36437 43574 7
15996 26755 7
27399 31539 7
7599 31038 7
7596 14807 7
1863 40696 7
7586 35380 7
13892 33211 7
3879 11990 7
13883 22310 7
7566 41063 7
36545 45098 7
27368 42664 7
7564 15849 7
7563 19459 7
7556 35417 7
2903 33885 7
7555 38187 7
16024 40192 7
24316 35475 7
357 14651 7
11272 46449 7
36255 36984 7
22009 27849 7
11719 36366 7
27440 31481 7
7654 9636 7
13905 42180 7
19363 24391 7
7649 24063 7
7648 35797 7
21920 22684 7
7639 46822 7
15973 24212 7
11746 11754 7
7634 10515 7
36362 44506 7
7626 37301 7
3883 27634 7
2909 3147 7
21961 24736 7
3883 8998 7
5059 15950 7
1132 35084 7
36800 37995 7
19332 45113 7
36809 42775 7
5056 47172 7
5057 5165 7
16039 34020 7
36829 48861 7
27290 40910 7
36830 38195 7
7489 49068 7
18571 23097 7
5065 14036 7
19329 41537 7
7470 9099 7
11864 34253 7
7462 28242 7
19320 28258 7
27241 32043 7
21864 38168 7
3378 44921 7
36963 37245 7
3855 26548 7
1128 33783 7
7548 41566 7
21916 35503 7
13876 14173 7
336 13664 7
36657 42346 7
7533 38716 7
5048 10118 7
5048 36818 7
3869 7295 7
5049 23703 7
3868 28765 7
22019 37612 7
7528 31051 7
334 24045 7
7515 11571 7
7512 16216 7
19334 48218 7
7506 27830 7
36760 49981 7
27309 45626 7
1871 36548 7
2900 13147 7
27615 48809 7
7820 45630 7
7815 48804 7
7812 7942 7
24247 37412 7
13944 22217 7
27624 40073 7
15880 19387 7
15880 30665 7
11615 45125 7
35870 47965 7
15880 38739 7
22112 32118 7
15880 43781 7
3356 37192 7
18530 26301 7
35905 39399 7
7779 26071 7
2287 26734 7
3919 17221 7
7774 25837 7
20673 21059 7
4980 19169 7
1098 2235 7
27664 35687 7
17870 23222 7
35621 43070 7
24214 49389 7
11576 29289 7
27694 32987 7
15820 27397 7
22149 32542 7
7872 27596 7
1836 29752 7
2937 38525 7
2284 23615 7
35981 36973 7
7835 9657 7
15847 18270 7
27659 42429 7
1090 9279 7
15849 47069 7
35773 39301 7
3925 37381 7
35793 47460 7
17866 37120 7
3356 10074 7
2554 19708 7
3360 13352 7
7706 17958 7
22042 37427 7
7705 9802 7
15937 37866 7
24289 41010 7
2917 11329 7
22035 32029 7
7700 11439 7
36187 48499 7
36189 41832 7
362 3840 7
2916 37352 7
359 15148 7
11701 38046 7
5000 34775 7
7695 41217 7
22026 40139 7
15945 37543 7
11707 46316 7
36219 46013 7
7684 12483 7
2920 14445 7
3357 16057 7
4983 41828 7
7746 28938 7
1848 38665 7
17859 45878 7
7742 18145 7
27557 28933 7
2675 7421 7
36019 38564 7
36036 48977 7
7731 14675 7
2892 41826 7
7720 15085 7
7719 12730 7
27544 33590 7
2919 34521 7
7717 33022 7
36077 45578 7
19375 48871 7
1851 12362 7
36098 46140 7
2420 2491 7
12097 26838 7
37935 46412 7
2867 22792 7
1171 47350 7
7196 19686 7
1172 10417 7
7189 22073 7
7187 37899 7
7172 7321 7
38015 42397 7
3805 16988 7
38035 39709 7
3808 45321 7
24497 34042 7
7155 39493 7
38104 46381 7
16199 39180 7
7143 34791 7
20707 44119 7
261 49317 7
38178 44557 7
26926 44027 7
5170 28111 7
1178 28991 7
2119 42167 7
13803 22132 7
3821 38365 7
27036 36589 7
2869 40534 7
2869 28795 7
27031 47024 7
3818 31612 7
27017 42090 7
5142 48035 7
12046 19409 7
37818 47439 7
38214 42508 7
37824 43188 7
275 11845 7
3816 5094 7
17801 23654 7
37867 42632 7
37872 43783 7
12067 42930 7
37876 47955 7
19275 48997 7
2408 35328 7
12191 46856 7
7065 24575 7
7064 29638 7
1909 10559 7
13764 18649 7
26829 44748 7
12182 36646 7
1485 6735 7
16244 34586 7
26821 43321 7
21650 39796 7
26818 48008 7
1909 2375 7
18655 28954 7
13762 21336 7
1192 1989 7
26809 43681 7
1192 23869 7
12198 24978 7
12201 17594 7
1194 6129 7
12206 35175 7
18659 23065 7
17789 32962 7
38233 40935 7
7136 7293 7
21694 43830 7
18634 38654 7
17180 19908 7
7116 25761 7
38345 47101 7
16213 47380 7
18641 40090 7
7109 15715 7
21669 30654 7
37720 44113 7
17178 24678 7
21664 32894 7
1907 22641 7
26855 34553 7
20141 37277 7
38481 46176 7
12168 18401 7
16238 27850 7
2856 20645 7
7066 36115 7
37236 38919 7
37165 38394 7
13834 15246 7
7388 10807 7
2170 37210 7
7381 28441 7
16114 39130 7
37206 48342 7
11946 19710 7
1149 1772 7
11948 37458 7
5096 28679 7
37163 40968 7
11952 46694 7
7378 33609 7
13830 17579 7
37286 43292 7
27135 30890 7
37290 42329 7
37295 46377 7
27133 29568 7
37319 46448 7
7361 49368 7
7354 23977 7
24406 38389 7
21862 41461 7
7440 16830 7
20688 29942 7
21857 42576 7
7435 42617 7
7428 8360 7
27214 40053 7
37046 41067 7
21851 35920 7
2888 49174 7
37047 45948 7
13825 39774 7
1144 12260 7
37080 47578 7
37096 48815 7
7412 44059 7
2886 19393 7
21836 49042 7
37127 44361 7
7400 19298 7
37153 41131 7
24423 49832 7
5128 28929 7
37554 46759 7
7299 38322 7
18609 47756 7
5124 6928 7
19292 40995 7
17810 41180 7
16153 36119 7
27062 46271 7
17807 38375 7
21768 23488 7
21766 26271 7
7306 21711 7
20111 37296 7
18617 20443 7
7275 48844 7
7275 15858 7
16158 36548 7
18618 20140 7
16158 42210 7
16170 47524 7
37706 41236 7
16171 19149 7
16140 20327 7
2412 26440 7
16120 18927 7
37351 42283 7
11970 15813 7
2299 12043 7
37369 49724 7
7343 42902 7
2677 6427 7
21796 23588 7
7336 19043 7
16138 39196 7
7680 31601 7
27101 27507 7
37460 44574 7
2170 2504 7
27094 27960 7
37473 47644 7
7326 8288 7
5116 39755 7
13813 45681 7
18602 20185 7
7315 34122 7
27839 31043 7
8163 17713 7
458 2885 7
14022 21067 7
8163 33932 7
22230 35035 7
34620 34975 7
24165 45401 7
1069 19048 7
11460 41524 7
444 16381 7
15650 27174 7
15750 24154 7
35270 39769 7
27829 33709 7
11317 42130 7
8014 11778 7
11318 43389 7
445 3113 7
1038 49939 7
22239 49611 7
28033 39113 7
8092 18167 7
1806 27423 7
24163 37581 7
15750 45152 7
17876 49594 7
11481 32583 7
1802 26953 7
1802 36589 7
7958 13139 7
35056 39810 7
11495 16912 7
27813 46922 7
27814 37080 7
28014 32728 7
14052 22089 7
11491 45142 7
11401 35116 7
7984 28980 7
7986 47762 7
19419 27143 7
15749 26883 7
17228 48391 7
3329 35845 7
20006 31883 7
15692 39201 7
8001 11131 7
15783 24432 7
1803 18565 7
34590 43830 7
34607 40294 7
17875 42574 7
22319 45100 7
11332 14717 7
15765 49772 7
27886 35858 7
14002 30746 7
20031 20363 7
2550 17446 7
15763 23449 7
15668 43680 7
17249 22340 7
35172 38229 7
19459 33270 7
24155 32370 7
24149 35495 7
416 630 7
2973 39837 7
1064 35586 7
35167 35869 7
15762 39216 7
2623 28093 7
8058 17549 7
11431 21417 7
4900 19074 7
20030 43919 7
20030 32872 7
8189 32644 7
17881 28072 7
22334 34186 7
22325 49582 7
34674 36780 7
15657 48284 7
4851 45598 7
8202 36371 7
20430 40950 7
8086 14187 7
17234 49416 7
2974 24021 7
8200 39802 7
35111 49848 7
34766 46768 7
24097 47218 7
1531 46809 7
20428 40760 7
34713 35170 7
14066 36211 7
28065 46406 7
1044 8121 7
20653 38060 7
35123 44156 7
34746 45554 7
413 45411 7
34745 49392 7
8181 38933 7
20028 21329 7
15803 34914 7
19398 40076 7
35551 47565 7
28158 47582 7
2427 28745 7
19471 22719 7
1055 25885 7
8115 13329 7
14081 47002 7
8277 12817 7
8277 10229 7
19402 47483 7
27753 41441 7
3977 33196 7
3338 22840 7
27938 44128 7
1538 1994 7
11292 18604 7
15611 31817 7
465 23955 7
34545 39651 7
3348 33510 7
7933 22914 7
8112 33442 7
11368 19527 7
4870 36098 7
34918 49572 7
15738 16787 7
35614 48652 7
8127 8171 7
4875 37609 7
7892 44025 7
34463 42082 7
11274 40405 7
11276 37374 7
35605 42154 7
20019 30088 7
22166 25159 7
2179 47382 7
11392 18679 7
34468 48373 7
2986 33989 7
22396 48250 7
1050 46955 7
34889 46987 7
1030 5539 7
35582 49187 7
34967 46774 7
19440 35719 7
8122 25218 7
11388 11701 7
1830 27559 7
11351 39682 7
11351 40356 7
8106 46085 7
4885 14914 7
34578 42615 7
427 9406 7
7935 22645 7
22380 46598 7
2116 18283 7
35494 35779 7
11501 44229 7
20023 29519 7
3987 8339 7
2964 18997 7
4929 11161 7
34569 39451 7
11501 15640 7
27770 30088 7
11516 32882 7
23127 49217 8
14824 46059 8
2962 14904 8
14476 20829 8
22312 42511 8
15700 19314 8
15719 44145 8
14444 16555 8
15693 26820 8
14440 47848 8
13806 22548 8
23129 30181 8
3317 17379 8
22521 35641 8
3313 4203 8
20377 38377 8
15676 29145 8
21518 35851 8
21218 23182 8
1678 19808 8
13423 16035 8
2968 20516 8
2683 29013 8
23191 47725 8
22481 26212 8
15671 22804 8
2840 27958 8
16961 21806 8
16330 46160 8
14478 49109 8
23191 34812 8
22526 30515 8
2784 20387 8
23064 30440 8
23573 43370 8
16952 23505 8
2783 21409 8
2668 20294 8
3135 31781 8
13641 31018 8
14872 43568 8
24846 29093 8
3009 8352 8
23511 24333 8
16117 47563 8
1784 10263 8
16508 44091 8
14875 32360 8
15685 26297 8
14836 28026 8
14159 31149 8
21221 33566 8
21223 44933 8
2781 31990 8
15454 47091 8
25051 41568 8
15470 20985 8
14496 20566 8
23141 44841 8
20911 22845 8
3151 10052 8
1888 14398 8
20356 43390 8
20934 40227 8
24446 47310 8
14898 45197 8
13817 16477 8
21336 26678 8
16925 40174 8
1502 22947 8
3433 25426 8
15707 16108 8
23133 41447 8
23515 34961 8
1927 21252 8
16929 33373 8
23174 47922 8
23994 32984 8
16924 20869 8
2027 5454 8
21809 49769 8
3147 43842 8
20757 28161 8
22462 42140 8
14054 23721 8
2726 40640 8
2615 16539 8
14461 25409 8
20906 48454 8
2875 37011 8
3392 17523 8
20693 21860 8
16145 39135 8
3493 39587 8
13771 44963 8
17253 45776 8
23329 28998 8
17179 35569 8
16565 38301 8
23331 29024 8
17036 31113 8
22429 47058 8
14667 29405 8
20390 34339 8
14112 41222 8
13379 22022 8
20829 41787 8
13767 21743 8
24569 41907 8
14080 23906 8
20803 38900 8
14664 19711 8
13377 44015 8
17025 30281 8
22434 23153 8
3399 24254 8
17023 20436 8
13607 19075 8
17462 34581 8
21696 36441 8
23430 28300 8
14693 23570 8
24801 31367 8
24530 46160 8
13775 15939 8
21693 45721 8
20752 43078 8
16211 33496 8
14582 35061 8
23317 47888 8
25129 26817 8
2797 46151 8
2981 7057 8
16252 18141 8
23371 36125 8
20814 23015 8
2986 25934 8
2795 47262 8
24810 26482 8
3499 4837 8
13362 22110 8
2639 12297 8
24058 36064 8
1483 14527 8
17062 17526 8
25151 49979 8
24558 31845 8
1911 33453 8
2121 15628 8
13760 40159 8
14623 33507 8
22401 46652 8
17557 29193 8
3328 12101 8
23345 49448 8
1968 9423 8
13765 44786 8
24043 40890 8
23351 25114 8
22419 44664 8
13755 30865 8
3213 22738 8
1638 4540 8
2064 42785 8
1485 11867 8
16263 34525 8
1794 21987 8
2989 41202 8
1909 32232 8
17054 36357 8
23393 33065 8
14099 18358 8
2705 5502 8
1555 37902 8
21751 31804 8
16176 16938 8
3409 14774 8
13798 16201 8
3006 29314 8
22466 48103 8
3408 36852 8
3171 4165 8
20702 39243 8
22341 30593 8
17525 23234 8
21258 47139 8
22402 42894 8
13744 16215 8
14768 49239 8
24482 25418 8
24482 34051 8
20704 36468 8
14068 23039 8
14790 27840 8
1557 37974 8
15492 25759 8
17166 45247 8
14800 43785 8
24010 42851 8
13405 30917 8
25072 29185 8
23494 33419 8
1449 19779 8
2643 11764 8
1542 17301 8
23493 39493 8
21244 47300 8
2682 42362 8
15495 27938 8
14130 35424 8
23210 48627 8
20891 44780 8
16173 22525 8
2864 7965 8
14566 49680 8
23451 24886 8
16281 42848 8
16578 21099 8
3442 7380 8
21706 29891 8
14719 46831 8
23295 48861 8
16278 43932 8
2976 28015 8
15541 17317 8
14709 43073 8
20802 39543 8
3398 9640 8
14704 31317 8
25114 49609 8
2709 38997 8
24574 27827 8
2664 15187 8
13393 18380 8
22461 29736 8
23252 43428 8
14753 14795 8
14745 38070 8
13746 30615 8
14556 21168 8
24488 46376 8
14556 23367 8
3223 32888 8
14820 33408 8
14072 47222 8
14738 21116 8
13786 15250 8
23273 36609 8
15515 37961 8
2788 6486 8
20864 43617 8
15655 23145 8
16193 43805 8
13932 24321 8
1729 39216 8
1756 2176 8
14233 36711 8
2918 42240 8
20463 22243 8
2074 13431 8
3455 47670 8
13998 19902 8
17425 42787 8
3428 25760 8
3456 8608 8
13928 15830 8
2950 3857 8
2650 16970 8
1942 19355 8
1825 34908 8
3466 23075 8
13554 17815 8
13927 31174 8
13697 30249 8
2923 17820 8
20660 32478 8
3284 4267 8
22806 24390 8
2752 27679 8
21091 44513 8
22072 28877 8
16791 34338 8
13683 24337 8
24889 35862 8
15905 39487 8
3086 34597 8
24170 45873 8
16715 40699 8
22819 43377 8
16800 19709 8
22821 48609 8
21428 49203 8
1991 15610 8
17229 21634 8
15157 40840 8
21172 45080 8
1986 34673 8
22017 46575 8
2915 18432 8
2914 48330 8
22012 42974 8
21046 31753 8
14001 42285 8
22012 40205 8
3419 44261 8
3045 33277 8
24303 31493 8
13922 27859 8
15952 43423 8
15102 41275 8
13914 28175 8
3364 30400 8
17553 25926 8
15099 40544 8
13907 39007 8
21451 41407 8
15120 28362 8
14322 18659 8
14228 14283 8
22034 46059 8
13999 27964 8
24296 45428 8
3088 38941 8
14327 27939 8
22871 25410 8
22654 41174 8
3424 4733 8
2623 18172 8
15306 26814 8
22241 39785 8
15115 19781 8
15946 15982 8
14225 47043 8
23729 34986 8
22880 42361 8
13922 47901 8
3353 49422 8
23824 36629 8
20662 29789 8
13529 19802 8
21391 40926 8
22744 23535 8
1581 31060 8
17105 30000 8
2935 39632 8
3350 3999 8
13524 32314 8
24223 33102 8
17587 36496 8
22760 48445 8
3354 7380 8
22767 32351 8
20766 40963 8
15848 20889 8
22186 25835 8
23813 32201 8
16441 49832 8
23833 28197 8
13538 38810 8
3061 8601 8
15818 24804 8
13540 16157 8
22158 31213 8
15819 21196 8
24709 27539 8
20744 21055 8
16740 30363 8
16748 48814 8
22774 46954 8
15820 38547 8
2814 9749 8
22174 42129 8
22148 35611 8
13529 26171 8
15228 35750 8
16761 38986 8
23839 47905 8
1745 20263 8
24732 44040 8
24248 41894 8
16777 33010 8
2763 10497 8
15799 28102 8
1585 25586 8
15254 18865 8
24175 24992 8
15180 40578 8
16721 39002 8
1735 16689 8
3073 9692 8
15177 16536 8
2817 26398 8
15889 35014 8
13549 31417 8
22196 49650 8
24255 30752 8
17208 45346 8
15895 49882 8
1734 40641 8
16723 24194 8
2086 7035 8
21134 47935 8
15857 32032 8
15857 43929 8
16437 43585 8
23845 36611 8
23806 26597 8
15864 42895 8
23849 34599 8
22903 45049 8
20459 24052 8
2943 7348 8
17443 19757 8
24247 35574 8
3286 4637 8
17566 41755 8
3071 21956 8
22193 26141 8
15878 31016 8
25015 29874 8
3257 45629 8
16625 41005 8
16370 27244 8
1537 13555 8
21493 42362 8
17454 20791 8
13644 46319 8
14991 48623 8
3481 4762 8
23612 35188 8
17544 45883 8
16366 28290 8
15380 45287 8
23612 29176 8
15382 17540 8
15382 21899 8
14418 40762 8
14979 46762 8
14978 18173 8
1566 2124 8
16486 26453 8
15008 21601 8
16882 24283 8
3117 37027 8
14409 14882 8
3448 47317 8
1509 45239 8
17600 34467 8
14020 27300 8
20552 33098 8
2900 20295 8
21879 45845 8
16488 30556 8
13712 19816 8
22998 38309 8
3259 5369 8
20552 20574 8
3416 12152 8
24860 27319 8
3479 4406 8
14022 36384 8
16104 17061 8
21848 24622 8
15425 25630 8
21842 30250 8
16092 32199 8
16917 21268 8
15738 32067 8
2023 3787 8
20629 39879 8
24624 32574 8
22535 31843 8
16915 40532 8
14944 33569 8
23581 45305 8
15428 28072 8
13591 48166 8
20717 23696 8
14434 32499 8
13840 17958 8
3020 29732 8
2804 6056 8
15743 27092 8
20966 48979 8
14200 39281 8
16054 27381 8
14419 46770 8
3432 23692 8
15743 44414 8
20402 21559 8
1773 2800 8
17569 25448 8
20999 35049 8
16068 21665 8
15403 23380 8
2106 4145 8
1505 40074 8
23039 40118 8
2779 3006 8
15740 23316 8
3380 40654 8
14430 14816 8
21958 33223 8
21031 38853 8
20474 49501 8
13895 43090 8
20612 46226 8
1568 42060 8
1454 3613 8
16385 37041 8
13887 48423 8
24974 27148 8
10792 37646 8
15076 28960 8
22938 25434 8
13480 25885 8
13479 14586 8
21183 36778 8
15058 35152 8
3040 19016 8
24655 28503 8
24653 30384 8
15998 45701 8
21984 25618 8
2083 26306 8
16845 47450 8
16670 27731 8
21984 46316 8
24668 34335 8
20572 33099 8
21984 39167 8
15094 25375 8
24667 49541 8
21364 36488 8
15317 35251 8
17424 24974 8
1718 3026 8
17309 26901 8
1823 4821 8
15322 46278 8
16468 47413 8
20761 32965 8
15982 15985 8
23917 47722 8
15759 31386 8
16861 47461 8
3037 34858 8
22962 42709 8
2737 25335 8
17348 42234 8
3373 21030 8
24989 25822 8
1709 39651 8
2126 40509 8
21010 25415 8
15017 34071 8
15366 18844 8
15015 29764 8
16880 17015 8
20783 38222 8
23919 45784 8
3260 32930 8
13868 31756 8
13866 31856 8
20654 39179 8
2906 3261 8
15337 33513 8
2117 46041 8
24343 25792 8
21192 24050 8
2069 24692 8
16377 22372 8
2115 43950 8
15044 22112 8
15433 37367 8
23665 43555 8
16016 19610 8
21927 39516 8
2011 28117 8
13567 45956 8
22957 44417 8
17200 44720 8
15038 43696 8
22959 28996 8
7909 29853 8
35312 42437 8
2279 10245 8
407 7156 8
4925 26203 8
2428 25200 8
7954 16802 8
7945 9649 8
11117 16692 8
4938 5162 8
11119 27016 8
4039 11554 8
35521 47477 8
11142 26191 8
35540 44330 8
28497 46644 8
35570 39404 8
35572 40754 8
35579 36403 8
7894 22723 8
11147 39796 8
11150 13362 8
28378 31493 8
35603 49520 8
1006 18441 8
391 9339 8
11159 16466 8
7879 15890 8
11165 41227 8
35646 48620 8
4913 43436 8
35164 41088 8
8053 49238 8
8052 39658 8
35177 36705 8
8028 12085 8
2189 48017 8
11036 31564 8
2189 38035 8
4064 39387 8
8023 20168 8
28597 47333 8
18478 35557 8
28594 40701 8
4913 23397 8
11169 16588 8
8016 30423 8
28541 43414 8
989 9967 8
28541 41251 8
989 20907 8
11062 45020 8
35277 37916 8
8011 33531 8
28535 34807 8
28528 47398 8
4915 26612 8
11086 39547 8
4915 26880 8
28185 43027 8
35944 47149 8
35947 37194 8
4012 4155 8
370 34709 8
28215 32979 8
35961 48798 8
4982 11282 8
11261 12434 8
28206 35558 8
4984 7235 8
11265 14467 8
7738 17497 8
11267 30884 8
19377 25462 8
7770 17887 8
20001 39808 8
364 19530 8
7711 20102 8
1032 14281 8
11293 47850 8
11296 41593 8
11296 46250 8
36125 44759 8
36136 42495 8
36136 46408 8
2546 48252 8
4998 29371 8
36191 42301 8
4023 21041 8
390 3870 8
7872 46846 8
1008 40894 8
35655 46365 8
2426 12332 8
7865 35078 8
35702 39527 8
19395 31717 8
35726 35997 8
28321 32761 8
7833 32802 8
7833 13849 8
7828 8657 8
382 1642 8
11018 36071 8
35787 42182 8
7822 39162 8
11222 19079 8
28276 43213 8
7804 8859 8
7790 48376 8
19388 43387 8
28256 49332 8
11230 35996 8
374 34660 8
28244 37387 8
28242 33077 8
11238 18985 8
34573 41401 8
8307 32109 8
10815 46013 8
19474 38015 8
18423 44395 8
34505 47925 8
4831 5055 8
4124 24870 8
8277 22062 8
8274 16931 8
29016 29129 8
34562 41261 8
463 12346 8
28989 34858 8
10846 30663 8
34438 42511 8
34580 41916 8
8244 15528 8
28970 46597 8
8241 21614 8
34588 38646 8
8240 42158 8
34590 42071 8
4842 45092 8
28946 47246 8
4110 4495 8
456 28062 8
34648 35853 8
18428 41838 8
29126 34850 8
8435 15981 8
34133 42764 8
8417 18805 8
34211 45346 8
8402 11326 8
4143 19026 8
10753 46073 8
4799 12416 8
29162 43742 8
34247 37245 8
8390 24332 8
482 39520 8
34263 39777 8
482 10100 8
34650 44203 8
18414 49106 8
8377 47090 8
8375 34002 8
34312 43247 8
4808 16607 8
19485 44987 8
8338 15798 8
4131 26485 8
10798 41735 8
8319 43325 8
2269 37197 8
34418 38025 8
4825 25033 8
35008 40452 8
965 27485 8
34874 43940 8
4873 16772 8
8140 10170 8
17939 41673 8
28787 44788 8
18448 35316 8
34920 44834 8
8130 48686 8
433 665 8
34947 49185 8
4880 31316 8
34989 40483 8
10948 46213 8
10927 45650 8
17935 33862 8
19965 40381 8
8096 15377 8
35077 39892 8
8093 11743 8
28668 39178 8
35097 43456 8
8081 41748 8
28652 30524 8
28649 41132 8
28637 34144 8
35131 36360 8
28628 39797 8
10905 37101 8
456 653 8
34654 49238 8
8219 46037 8
28894 38249 8
8204 22270 8
28887 35333 8
34693 39468 8
8193 26752 8
34719 49962 8
958 21648 8
34723 39618 8
8187 35134 8
4857 31875 8
8175 39826 8
28128 41795 8
960 21411 8
34790 36578 8
961 4735 8
2274 28067 8
8160 21338 8
442 13982 8
34820 48996 8
34838 49435 8
8153 11969 8
34847 48593 8
34848 40330 8
34857 46552 8
10927 21281 8
27423 28079 8
1108 7569 8
11710 40857 8
286 2503 8
20076 24512 8
3894 40907 8
18611 36979 8
7286 16851 8
5127 33611 8
7279 33876 8
18617 24355 8
11726 18311 8
5134 7432 8
37710 47991 8
7256 42515 8
2410 47388 8
7255 47999 8
18621 28056 8
27421 28442 8
27417 47439 8
37763 41365 8
11750 42770 8
37791 44990 8
17836 22111 8
11754 47266 8
11759 18708 8
277 1107 8
20083 34592 8
7235 21869 8
1123 2079 8
27528 37641 8
27602 36646 8
1096 47245 8
20055 30378 8
37339 41724 8
298 43245 8
37370 41016 8
7344 9835 8
7341 39689 8
7340 43662 8
27556 41399 8
27548 43386 8
3906 22514 8
7333 20653 8
2412 3312 8
7224 40903 8
1104 21014 8
27528 32443 8
37484 38512 8
37514 44352 8
5120 30932 8
7308 33154 8
27521 29645 8
37554 43879 8
11699 22374 8
27504 27548 8
3900 8806 8
37563 41328 8
7301 29236 8
7100 36107 8
27253 41178 8
7106 16241 8
38383 45666 8
27237 38763 8
11876 49276 8
3855 23153 8
3854 36174 8
27227 27512 8
27226 47590 8
7103 24310 8
7102 9212 8
5182 27140 8
27215 27555 8
11887 41949 8
7113 21901 8
11891 39693 8
3851 6947 8
27199 35056 8
11896 24857 8
27194 48836 8
251 28702 8
250 6726 8
7082 36471 8
3845 6751 8
11933 12789 8
2171 6157 8
27174 37604 8
3841 48404 8
5174 23585 8
27382 28244 8
7223 43145 8
5147 22281 8
37924 49530 8
19271 31997 8
11779 27472 8
7166 42196 8
11794 46376 8
262 48823 8
38107 49804 8
7149 28645 8
7140 46801 8
19263 31516 8
38248 40401 8
1096 35376 8
7126 43082 8
38297 49635 8
11822 18033 8
11835 14249 8
1132 35048 8
11836 33989 8
7123 10870 8
27290 49992 8
38315 49061 8
18638 23900 8
27284 33942 8
38339 45226 8
11854 27842 8
20023 23468 8
11360 18713 8
5018 38731 8
36366 38241 8
27969 30590 8
36450 37480 8
27968 33217 8
11375 49890 8
11378 16483 8
20020 26347 8
344 28997 8
11383 45601 8
27942 44426 8
36501 45823 8
36529 48182 8
349 5160 8
7567 12187 8
36561 36860 8
11407 46411 8
11409 29336 8
11418 20226 8
36747 37205 8
2550 5707 8
27887 43921 8
1062 5915 8
36762 48924 8
5054 38548 8
27881 29258 8
27879 44889 8
355 25844 8
36204 37885 8
3996 6090 8
36209 46475 8
11315 43454 8
36210 38755 8
28101 45503 8
7682 19704 8
28077 42649 8
19365 33413 8
7678 44101 8
7676 39852 8
11328 32721 8
28070 33442 8
20009 47983 8
27870 29847 8
5005 40373 8
11334 18225 8
36277 42148 8
5007 29573 8
3989 9927 8
28035 49551 8
11338 12812 8
28032 42749 8
11342 29771 8
7647 8611 8
5016 34619 8
7633 27566 8
3984 39391 8
5086 21725 8
27716 47206 8
11554 13069 8
3938 6775 8
11566 17777 8
313 40599 8
2414 10133 8
7416 31706 8
37098 37504 8
11582 15552 8
11583 44730 8
11585 14959 8
27686 37346 8
311 1933 8
11587 45677 8
7427 7605 8
7407 21886 8
37129 49776 8
11589 14743 8
7389 8674 8
7387 7946 8
20051 25099 8
11602 48872 8
7373 14213 8
27630 27764 8
11614 22328 8
37298 49944 8
20054 40228 8
27604 33213 8
11497 16070 8
3967 22693 8
27865 40066 8
7501 46529 8
36794 45326 8
7497 9666 8
1067 35090 8
11454 32474 8
27840 30747 8
325 40292 8
11471 32450 8
19330 46652 8
7483 9186 8
27823 33519 8
36929 49103 8
10723 32356 8
20041 34600 8
11508 13766 8
17873 29912 8
11517 11978 8
36981 40882 8
1078 15137 8
7440 10891 8
11524 36163 8
17872 25081 8
37015 40360 8
37025 43751 8
315 316 8
11541 49732 8
30503 49807 8
9319 21006 8
19659 34309 8
4547 45048 8
9312 49840 8
9977 36698 8
9979 12780 8
30543 32246 8
9309 10566 8
9988 25089 8
9303 22799 8
30524 36661 8
783 30698 8
18261 23689 8
9287 29699 8
30564 35615 8
4557 21141 8
2497 6269 8
9283 16058 8
19648 33525 8
9277 17750 8
10008 12033 8
30474 41305 8
10018 34703 8
32202 49574 8
4348 5068 8
19647 41143 8
10025 33604 8
4562 31729 8
30433 37877 8
9344 43865 8
9365 44331 8
9914 37732 8
9918 20820 8
2222 11541 8
9363 45203 8
31949 38225 8
30641 47126 8
30637 45428 8
31953 45129 8
18154 41077 8
30625 40851 8
4536 15074 8
9949 38102 8
31986 39818 8
4562 38512 8
31998 47938 8
4539 8747 8
32009 41496 8
9952 23068 8
9337 45755 8
32021 39176 8
9334 21224 8
30589 35668 8
19661 30012 8
777 1628 8
4543 34101 8
648 1944 8
32041 42112 8
19618 24558 8
9179 28171 8
9175 35155 8
32457 44239 8
32459 40737 8
612 1697 8
808 2491 8
32472 39314 8
10120 44016 8
32487 34727 8
30253 32459 8
32500 49762 8
607 1007 8
10133 13746 8
812 9098 8
18277 34146 8
19616 45378 8
9107 32101 8
9106 49440 8
4311 21536 8
10144 30503 8
4311 4955 8
32612 39413 8
10152 43003 8
9088 33092 8
819 2299 8
30184 49215 8
30184 44115 8
10163 12646 8
10073 27590 8
632 19351 8
30419 48344 8
19784 45623 8
10052 33409 8
9245 34769 8
794 24025 8
9243 44330 8
18131 37042 8
629 3318 8
10064 31135 8
9241 33331 8
32293 34396 8
796 23481 8
9233 25244 8
30693 38789 8
32305 40053 8
625 24627 8
10081 28840 8
4574 15332 8
4575 41342 8
32350 46668 8
10093 29381 8
18269 42331 8
4579 13904 8
18272 39490 8
9198 31522 8
19635 41544 8
9193 17229 8
9527 34471 8
31460 41743 8
31461 39727 8
19698 34372 8
9556 35403 8
18206 32300 8
4482 10861 8
4433 16543 8
31499 41416 8
31060 45543 8
31505 42557 8
9535 16092 8
9529 42531 8
2484 40840 8
31028 41921 8
9564 31318 8
9748 20909 8
31530 41978 8
31008 48565 8
9751 16439 8
31535 39978 8
9753 11910 8
30997 38114 8
31556 41226 8
31560 45114 8
2490 27087 8
4423 41742 8
30976 47316 8
4488 20531 8
704 26415 8
31276 48978 8
707 21594 8
716 1794 8
31223 47738 8
9644 37785 8
9647 35750 8
9649 41974 8
9650 38166 8
2487 7415 8
31345 47530 8
9606 10304 8
31203 46023 8
9598 24092 8
4448 40186 8
31574 36699 8
31179 32082 8
9595 38185 8
703 2843 8
19717 47893 8
31381 39920 8
4472 5396 8
9689 30829 8
18191 33211 8
31395 33012 8
2485 9502 8
31423 32892 8
9564 43739 8
9714 17507 8
9392 42160 8
9836 37543 8
31827 38918 8
753 4664 8
9843 13567 8
9413 47318 8
9846 16397 8
19671 49749 8
9403 39457 8
667 854 8
2223 13728 8
9398 12398 8
31879 38696 8
31879 46206 8
19752 49396 8
671 12543 8
30739 45175 8
664 19380 8
4393 49531 8
4393 12959 8
9883 11742 8
9388 39081 8
9888 38389 8
9388 17386 8
9387 25230 8
9384 12280 8
764 3401 8
9377 28152 8
9370 23054 8
9472 45122 8
19734 36073 8
30951 34218 8
30935 36322 8
9783 16884 8
9785 24556 8
30922 36290 8
4417 29702 8
9510 13205 8
30916 45469 8
31600 44000 8
19685 32123 8
30900 41401 8
9485 41952 8
19684 32178 8
9062 23578 8
9466 21217 8
30870 39281 8
2235 3966 8
9459 29937 8
9812 45915 8
9458 49919 8
9817 36336 8
30858 44974 8
31772 41517 8
18169 37851 8
9438 35792 8
9431 43844 8
9831 13188 8
4185 32745 8
8660 21726 8
10526 49757 8
529 18390 8
4729 33736 8
18015 38697 8
18015 37187 8
19529 49193 8
8639 26434 8
8635 37656 8
8634 12791 8
18371 33347 8
19884 28786 8
4736 20386 8
8623 19988 8
33616 48396 8
522 44586 8
893 36779 8
4183 20195 8
10567 34868 8
10572 49493 8
29472 48799 8
520 8293 8
897 2571 8
33772 37813 8
519 6669 8
10586 17873 8
29456 47240 8
33777 44990 8
4208 43749 8
874 16690 8
33443 36029 8
10454 27761 8
8729 30415 8
10454 30288 8
33444 47837 8
29646 46482 8
877 32842 8
18027 19965 8
29627 39758 8
8725 36312 8
29605 48982 8
19543 26493 8
10481 45338 8
29445 36873 8
33474 47081 8
29584 29856 8
881 10125 8
881 44956 8
10496 24786 8
882 4590 8
29572 48995 8
29566 36853 8
29566 36506 8
18366 29051 8
8697 20182 8
29555 30358 8
33611 43360 8
34051 46591 8
17995 29861 8
504 627 8
33974 35986 8
502 35807 8
33986 44399 8
10657 37208 8
8483 19870 8
19905 27182 8
4160 27945 8
34020 43758 8
8474 18594 8
4158 41242 8
10680 35479 8
10682 11905 8
33966 45836 8
2265 24300 8
8464 29612 8
29278 43259 8
8462 8856 8
29277 32378 8
10695 48279 8
29271 46589 8
18401 18801 8
8453 20928 8
29241 36260 8
2265 37867 8
921 11565 8
8446 29321 8
10632 16273 8
899 2123 8
10598 26873 8
29439 40519 8
10598 45328 8
29436 49549 8
8595 31858 8
18377 34712 8
517 23015 8
8587 19190 8
8581 47650 8
29408 38087 8
10621 17417 8
33855 41492 8
19902 22397 8
4709 48043 8
2449 2993 8
29365 37835 8
4166 44343 8
2448 45672 8
8545 30821 8
8543 33911 8
10649 18374 8
29337 47136 8
8541 23542 8
33901 45335 8
33911 34267 8
10651 12235 8
4760 32376 8
8923 34846 8
10258 35177 8
30007 41473 8
8974 25363 8
10279 19013 8
29989 35289 8
32888 45368 8
29968 33297 8
29966 32426 8
10296 10868 8
8952 10267 8
8942 32611 8
10307 15570 8
29947 43557 8
32953 40925 8
4646 16861 8
32961 44633 8
4261 5870 8
10313 24524 8
19827 30168 8
8916 32670 8
8911 38069 8
29910 41315 8
848 14652 8
2512 21966 8
19830 20163 8
33081 44483 8
18336 18486 8
8889 21020 8
32754 49709 8
9057 44487 8
4299 15249 8
4626 43361 8
824 9595 8
2249 5693 8
32725 32733 8
4297 7607 8
30126 44422 8
10198 45820 8
591 10770 8
4631 11195 8
10202 41856 8
4633 15650 8
10206 21616 8
849 40849 8
10214 11151 8
9021 14006 8
30081 41856 8
32790 34776 8
30076 43677 8
32792 36992 8
4637 46447 8
8997 33859 8
8996 22857 8
30067 37077 8
4284 8133 8
584 5128 8
10250 31943 8
18038 47731 8
8806 13309 8
33294 33979 8
554 3043 8
8800 33321 8
865 1570 8
18356 35498 8
10424 31723 8
4696 46599 8
29728 46513 8
8784 11830 8
29721 33688 8
10431 14556 8
33352 38562 8
29712 32671 8
33276 49333 8
18038 21293 8
18357 36119 8
33367 45330 8
4703 26227 8
870 5368 8
29688 30190 8
8759 9567 8
8756 28334 8
4223 21622 8
545 46628 8
19864 26000 8
543 22973 8
8741 15485 8
8865 33269 8
19835 44588 8
8877 34136 8
10347 23471 8
29858 33216 8
4673 30832 8
29852 46711 8
4674 10058 8
29843 34900 8
8866 14123 8
10358 10762 8
853 22980 8
10360 18414 8
29836 35745 8
29834 46046 8
18976 26781 8
854 15463 8
8861 32660 8
4245 22930 8
33165 48724 8
18347 41730 8
29804 44560 8
559 21570 8
2255 8644 8
33242 40004 8
33265 37030 8
33266 48297 8
8809 47151 8
29784 41805 8
17731 39061 8
5535 15633 8
6618 32673 8
12448 25116 8
13030 13192 8
20270 34843 8
44192 46406 8
6609 13241 8
13020 39546 8
6604 28604 8
19155 22996 8
2157 28463 8
56 14625 8
6599 36909 8
6598 40694 8
3718 35787 8
18899 22809 8
12466 36098 8
13014 18745 8
6589 12161 8
40691 48113 8
13012 49213 8
168 243 8
5322 25484 8
5322 25507 8
3729 41237 8
5323 19562 8
3574 16749 8
44409 45840 8
40452 41177 8
169 10404 8
44403 49357 8
12433 41498 8
5529 39696 8
5328 7587 8
26415 38228 8
6629 24150 8
17654 19388 8
2326 30203 8
5330 8059 8
20182 45594 8
40523 46150 8
1234 44752 8
40547 44389 8
1326 18535 8
12502 23757 8
25685 47449 8
40889 43708 8
6539 34401 8
6008 45485 8
63 4468 8
40942 40995 8
6524 19085 8
5519 33161 8
12526 18780 8
26330 37559 8
40984 45726 8
5518 12185 8
6019 41573 8
3700 45431 8
5516 20301 8
6027 12717 8
18809 34411 8
18811 33812 8
41227 47137 8
41229 41774 8
12993 31510 8
40724 47452 8
17657 32976 8
44153 44393 8
5344 9491 8
12996 24231 8
158 649 8
2388 3706 8
12483 41667 8
44079 47968 8
59 10226 8
17652 38300 8
40773 47871 8
40825 43184 8
12991 16427 8
5350 11939 8
44002 49514 8
12493 32047 8
25671 44088 8
2329 26855 8
43957 46087 8
5355 25501 8
26628 45239 8
26665 35596 8
36 45599 8
2571 35871 8
39812 45369 8
17758 37198 8
39823 48865 8
6764 7544 8
25496 32011 8
18737 22768 8
39960 42541 8
39805 48086 8
5858 9152 8
12326 46712 8
5292 17255 8
45199 46622 8
6741 19190 8
19016 45246 8
19186 38518 8
2572 26328 8
45155 48133 8
40 4419 8
26687 40394 8
25476 41414 8
6790 7019 8
3765 31022 8
45644 48822 8
45615 48774 8
45603 49224 8
26695 42656 8
39654 41085 8
45580 48318 8
17646 41794 8
45070 48335 8
39686 45898 8
5576 42399 8
6775 38199 8
18930 35869 8
26684 28811 8
5282 38630 8
5576 11034 8
6765 24493 8
13129 29664 8
12284 37864 8
12410 44989 8
6679 11812 8
18915 44931 8
12396 42782 8
25567 26255 8
25577 34443 8
26497 42806 8
40288 42523 8
174 24921 8
3734 41575 8
3570 4147 8
26535 39022 8
40340 42242 8
40348 46347 8
26452 46553 8
6658 28566 8
2575 18123 8
18761 22166 8
44534 47108 8
6651 23420 8
5543 27122 8
40402 40946 8
5304 32056 8
12338 14131 8
26582 34391 8
6715 21083 8
13109 24492 8
18746 44688 8
18917 46485 8
1348 39266 8
25533 31578 8
19183 27288 8
1216 23217 8
12545 43647 8
5305 17582 8
5899 14528 8
44889 45286 8
40198 42432 8
6698 23275 8
180 7576 8
18916 31543 8
6695 20271 8
5307 46364 8
1279 33529 8
116 611 8
42035 47874 8
115 46637 8
12852 45968 8
42066 47304 8
20225 45538 8
12682 33145 8
1277 43869 8
6306 45087 8
26063 37091 8
42020 45172 8
112 2726 8
26056 48276 8
26056 41925 8
25860 45393 8
42824 47227 8
6293 39022 8
111 749 8
6292 34038 8
6289 25217 8
26041 38979 8
5411 46206 8
125 773 8
12864 22628 8
6139 8861 8
19065 30514 8
12640 16851 8
83 5048 8
6352 11072 8
18834 31330 8
6347 6453 8
12852 49750 8
26039 40434 8
6159 32768 8
20223 24239 8
5414 12794 8
5415 46387 8
42891 43977 8
26111 40021 8
41966 43522 8
3665 5558 8
6337 7100 8
42853 47164 8
6245 48245 8
25884 31456 8
25993 30765 8
20239 36343 8
42404 46134 8
6197 6234 8
6255 46605 8
12820 35543 8
12756 19048 8
42452 49083 8
6204 10776 8
42668 42735 8
12773 49335 8
6241 21081 8
5449 19116 8
42568 46576 8
12777 31991 8
42480 47772 8
12800 42914 8
25937 31198 8
25922 33272 8
42512 44950 8
1300 7989 8
42192 44997 8
6287 11559 8
12700 39361 8
6192 24378 8
20229 26605 8
6285 11838 8
42225 49458 8
42707 48538 8
6276 11840 8
1284 2205 8
43032 48992 8
2587 27965 8
42306 45495 8
18849 41591 8
26003 45172 8
5463 20261 8
1285 18066 8
6264 46811 8
6194 33407 8
42338 49187 8
12822 47159 8
25753 38895 8
19121 29945 8
12911 31495 8
41482 45283 8
12575 32732 8
6055 20178 8
43428 47072 8
25748 27022 8
17713 18575 8
6064 45120 8
25752 40819 8
12575 25100 8
43333 47222 8
26221 35670 8
6420 44756 8
12587 32775 8
5392 9371 8
5392 48081 8
25754 38226 8
6416 44502 8
41523 46798 8
3688 19269 8
12557 20634 8
26272 29227 8
41254 48544 8
18888 35079 8
6452 26318 8
6450 36153 8
3697 9013 8
5384 27562 8
12557 17436 8
6040 6116 8
25724 44179 8
74 39297 8
6440 6784 8
12561 19946 8
19052 39507 8
26249 45438 8
6045 47701 8
1253 15717 8
3694 25246 8
26245 47887 8
3692 14247 8
136 11020 8
25804 35153 8
41697 41844 8
25777 30093 8
6117 25787 8
41707 42788 8
1313 4728 8
12629 41476 8
5488 33674 8
12880 26600 8
6130 22328 8
1265 45245 8
26181 42243 8
41715 46109 8
26156 34847 8
26154 33199 8
6132 27647 8
6133 7660 8
20214 29963 8
41735 46499 8
5405 12078 8
12638 39843 8
12871 26664 8
6396 43871 8
43303 48728 8
41545 48352 8
6413 34119 8
6077 43824 8
6404 49534 8
25758 47496 8
76 4213 8
1260 40133 8
6399 44175 8
5495 33365 8
27158 44174 8
6109 10326 8
26191 32700 8
6390 7158 8
12608 17323 8
6388 19324 8
25772 35538 8
12613 35989 8
12891 48181 8
41681 43276 8
26921 27189 8
7005 36206 8
12049 33004 8
6851 15757 8
3798 28523 8
12123 35135 8
27016 41530 8
209 5620 8
47639 48150 8
26921 49597 8
5257 20171 8
48188 49785 8
13310 30609 8
5673 25695 8
6953 36089 8
26918 48362 8
5598 12290 8
5782 20857 8
12193 22952 8
25395 46162 8
1193 1598 8
13316 25881 8
18697 49330 8
2397 21117 8
6 2138 8
25201 26953 8
6853 11898 8
26779 28292 8
25286 34720 8
26702 30756 8
18655 37274 8
25428 40560 8
5723 6708 8
5614 15574 8
26766 26949 8
6947 19421 8
7023 43978 8
5693 26133 8
38672 46960 8
3504 5081 8
3829 45194 8
5693 24929 8
6846 16188 8
5633 23683 8
6850 38198 8
5670 40497 8
5208 5421 8
13204 22418 8
12053 28677 8
46176 47112 8
13206 37027 8
26794 34759 8
6886 33786 8
5747 30301 8
6862 40034 8
18950 33584 8
18 41365 8
13225 29557 8
6863 36384 8
25357 42906 8
6963 40511 8
5692 16330 8
3527 7801 8
6864 38217 8
20141 46065 8
6868 22899 8
1182 10319 8
6964 18994 8
11997 29150 8
21 1662 8
1186 49764 8
20304 26513 8
26864 35959 8
18952 33651 8
20295 43232 8
5220 40544 8
5692 15199 8
46557 47969 8
25218 45807 8
19000 46991 8
3785 10608 8
2564 45096 8
5599 33701 8
1180 47390 8
25311 48938 8
39355 44593 8
38917 49683 8
27036 38126 8
6991 23587 8
46349 47093 8
6982 28767 8
20117 23993 8
12087 49407 8
6859 38827 8
39306 43418 8
3506 14962 8
5736 35100 8
6961 42470 8
39201 49748 8
12175 24331 8
39301 39367 8
1392 28243 8
46401 48573 8
3510 5564 8
3526 6758 8
1150 10274 8
27153 41189 8
25447 27638 8
5192 20379 8
1170 45594 8
3805 17443 8
3544 27669 8
18937 32374 8
13189 25718 8
20152 48268 8
18688 20683 8
25440 39932 8
11953 24895 8
39571 44532 8
6800 7679 8
6809 21173 8
6813 47368 8
5708 41088 8
3839 36917 8
220 38338 8
5816 27055 8
17635 23688 8
5267 27231 8
1401 7601 8
3772 12777 8
7064 28540 8
3838 12598 8
26962 44222 8
2596 10969 8
39045 48258 8
17764 36440 8
39611 49132 8
13156 20478 8
12 1678 8
5714 37943 8
2316 19341 8
7080 41042 8
39041 49697 8
200 48937 8
7075 10265 8
3516 6761 8
3767 6940 8
47156 47868 8
5620 9690 8
39040 46651 8
6928 20640 8
7069 39757 8
25456 48968 8
39596 42142 8
45784 49803 8
12075 16433 8
18962 35851 8
1149 45755 8
27096 33689 8
5230 39925 8
5720 6033 8
12114 15461 8
0 18026 8
38572 44580 8
11977 22700 8
5804 46559 8
13193 14842 8
13352 38269 8
13347 38010 8
38627 48144 8
18947 47201 8
13270 28086 8
6833 44993 8
13351 47087 8
2 3261 8
11962 45840 8
6939 43807 8
30 240 8
5195 15362 8
7059 29516 8
11958 33586 8
27129 45128 8
2400 39650 8
12237 21532 8
12056 22215 8
5228 39634 8
79 20911 9
6091 38930 9
571 782 9
20835 44086 9
22701 48544 9
31480 35645 9
576 1184 9
4487 43582 9
8887 40099 9
23067 33447 9
6130 9667 9
4666 33940 9
14901 46585 9
20837 23797 9
31472 32669 9
3141 45173 9
8897 18917 9
33297 42646 9
15251 35744 9
33058 43564 9
33076 44051 9
15245 43564 9
5694 35543 9
15267 39525 9
14930 33800 9
19592 21896 9
43248 46556 9
31540 38672 9
8866 16247 9
18966 38448 9
6105 6687 9
5623 24543 9
5693 11664 9
9527 28265 9
6114 7694 9
8873 18431 9
8877 31827 9
31510 43674 9
33011 48640 9
5704 12625 9
697 3702 9
23074 43244 9
17033 49591 9
33134 37378 9
20600 48089 9
15236 46525 9
19062 48568 9
6067 22032 9
18207 36786 9
31531 37470 9
17017 37231 9
8908 10337 9
18336 39270 9
23096 49673 9
15266 16892 9
18327 23428 9
31352 46437 9
5647 38392 9
6193 13889 9
8737 25326 9
706 31556 9
5650 8462 9
42698 44414 9
48934 49859 9
48771 48894 9
543 43036 9
8748 19542 9
19550 39570 9
9605 26379 9
33399 37820 9
17367 36571 9
33397 45491 9
15341 21195 9
42728 49130 9
14854 36953 9
16745 42204 9
8752 25350 9
6187 45640 9
42761 43204 9
17115 42122 9
1763 4744 9
5654 15438 9
4466 19061 9
6183 15267 9
9600 35897 9
31361 40476 9
1995 26218 9
5634 31992 9
8723 20052 9
31265 46033 9
2339 7398 9
6218 25070 9
33510 45515 9
1769 29704 9
33509 47986 9
22591 44295 9
20570 38936 9
16719 23850 9
8718 47646 9
33495 37923 9
31287 44114 9
6215 14292 9
42564 44311 9
8722 41136 9
33362 41397 9
33467 42706 9
31287 49211 9
42600 48810 9
9617 11794 9
19075 46486 9
31308 42896 9
14846 29865 9
3151 28138 9
15354 21986 9
708 34424 9
33447 36799 9
2761 9775 9
2486 28947 9
541 5310 9
18197 29910 9
9567 11006 9
9576 11718 9
1687 34400 9
8803 29738 9
5476 46894 9
23115 29151 9
2754 11491 9
42946 47025 9
6143 12758 9
47994 48564 9
9568 34718 9
31428 40588 9
17103 45518 9
31431 44402 9
4684 11637 9
1757 8876 9
5626 47100 9
6134 11639 9
8831 42650 9
8832 22102 9
33183 46078 9
699 20249 9
18348 29074 9
8835 30812 9
4679 8498 9
17036 43621 9
5689 12613 9
5625 39897 9
33163 40841 9
8850 32562 9
1754 40004 9
33149 42318 9
4470 29485 9
48663 48683 9
16750 34909 9
22633 43890 9
42830 45730 9
8777 32196 9
33352 49309 9
6172 7441 9
1996 44012 9
42842 48971 9
15324 22568 9
14859 16237 9
21119 30922 9
4468 18288 9
8785 36445 9
5472 31777 9
3143 6782 9
14863 35825 9
15313 49125 9
22643 27429 9
14864 15403 9
6165 35233 9
22645 34829 9
8794 23023 9
42863 42884 9
33319 42897 9
42887 48397 9
9584 12737 9
5680 44297 9
48023 48936 9
553 21401 9
31594 46193 9
15013 46435 9
3092 23233 9
44 40583 9
9389 25833 9
46078 48226 9
5904 47346 9
1722 8083 9
32276 38850 9
45 44868 9
31896 40611 9
46079 49085 9
32278 36789 9
15118 41399 9
16896 44578 9
5914 38866 9
4572 11041 9
44671 46820 9
15110 44194 9
16942 24616 9
2732 35934 9
2367 15133 9
15110 15899 9
9246 28350 9
9246 26482 9
9245 46175 9
44929 49205 9
32305 32453 9
19022 29657 9
5802 40085 9
32262 49351 9
15111 15484 9
20908 29587 9
4567 37875 9
5592 35371 9
5948 22319 9
4578 17533 9
5941 21067 9
32374 45769 9
15139 38951 9
19638 20041 9
46256 48001 9
2736 8853 9
22844 34062 9
31883 32068 9
9188 15327 9
5599 32261 9
31872 48180 9
5951 10949 9
614 28257 9
21005 21124 9
9174 26864 9
18234 23202 9
5940 20082 9
16959 35239 9
16885 24568 9
4577 7568 9
1725 29742 9
18233 48946 9
623 44773 9
5940 14034 9
16888 26605 9
2348 2490 9
5548 25086 9
1708 18664 9
625 36001 9
9232 12507 9
1724 3332 9
16917 34114 9
45768 49622 9
9348 22379 9
9351 33269 9
22955 41590 9
18239 48595 9
15041 47059 9
2089 35116 9
1716 22365 9
32085 33452 9
19654 38416 9
15079 19427 9
5575 28761 9
5851 8874 9
2022 21504 9
2477 41982 9
639 40603 9
3102 11687 9
5824 13260 9
45735 46443 9
45514 49663 9
5829 7692 9
18252 19333 9
32044 43866 9
5842 15821 9
9320 22560 9
5838 33538 9
9326 36507 9
5836 34941 9
4538 43114 9
5830 9664 9
32009 49014 9
33 869 9
22897 35460 9
4529 40207 9
32193 47382 9
32198 33393 9
45053 45610 9
2698 11766 9
44999 45793 9
31920 37878 9
31916 48845 9
32178 33399 9
9267 21821 9
20965 29434 9
15102 42608 9
5591 48910 9
22972 40211 9
20965 37877 9
32229 47673 9
31869 42744 9
5805 28178 9
5806 41225 9
9280 33543 9
5570 39489 9
32157 47703 9
32154 38069 9
25167 37828 9
5571 9360 9
20915 49907 9
19013 20481 9
32148 41986 9
31935 48842 9
20945 24882 9
17346 40986 9
9361 27884 9
64 194 9
587 45383 9
20589 27125 9
5613 14904 9
23045 45303 9
20867 34229 9
9497 32874 9
9504 20506 9
5728 12932 9
9489 49170 9
585 11589 9
32837 36908 9
18957 37170 9
17083 37201 9
8983 36547 9
15213 26864 9
15215 47130 9
5731 41706 9
18219 35395 9
5524 47754 9
18301 37084 9
22779 23651 9
9475 17316 9
62 21945 9
32755 42487 9
18993 32823 9
66 24169 9
31656 48526 9
1741 4008 9
4634 39491 9
9023 29425 9
2697 34711 9
21036 35108 9
5521 13906 9
19599 27932 9
581 7397 9
16831 28741 9
32889 43931 9
2652 13939 9
14 99 9
31577 42208 9
6043 44393 9
32891 48261 9
8963 19169 9
18211 28620 9
22734 48058 9
17007 34861 9
13 23 9
18210 30039 9
32930 40813 9
8933 24832 9
32744 32889 9
19602 42434 9
31582 39690 9
9512 42193 9
21046 49707 9
4647 26826 9
8973 27217 9
15217 25938 9
14938 23016 9
6032 29288 9
43715 49583 9
66 33928 9
31588 40396 9
23058 46013 9
17320 30098 9
32865 35763 9
15165 22472 9
32502 34738 9
32517 41203 9
2737 47131 9
9132 39228 9
44265 48609 9
5604 31311 9
5967 31168 9
44214 44357 9
44272 48935 9
4607 18305 9
22806 31733 9
20550 22109 9
5972 12219 9
46444 49990 9
4611 40164 9
9094 49766 9
4513 13513 9
17350 43078 9
669 41470 9
9147 14871 9
5774 27230 9
53 1021 9
18285 37536 9
22821 46215 9
44391 45217 9
21005 45635 9
19630 31846 9
14995 49820 9
5953 17602 9
2032 14944 9
18224 46478 9
32462 42196 9
679 1012 9
15193 40425 9
9058 43780 9
9052 20625 9
5738 28410 9
21023 31143 9
9461 27196 9
5736 37530 9
31747 39128 9
5743 21655 9
9041 33527 9
4629 36261 9
32743 46442 9
19044 25640 9
18896 35215 9
23033 37532 9
17100 23416 9
16818 48979 9
18295 41195 9
15188 38332 9
57 17062 9
9457 35246 9
9074 45699 9
2092 3471 9
9450 21851 9
19679 34465 9
15181 45370 9
32644 33362 9
9084 36619 9
9448 24910 9
9089 48155 9
16857 23067 9
14983 22539 9
204 13065 9
5270 21866 9
20685 49410 9
18562 26471 9
16029 37130 9
36713 49756 9
36722 37596 9
332 822 9
5054 17532 9
16033 39315 9
16356 34546 9
7545 14432 9
39523 41888 9
21894 23118 9
16034 25652 9
21892 34932 9
2059 22163 9
5054 47900 9
36780 41492 9
2295 19637 9
21502 36714 9
1864 10892 9
18558 35757 9
5029 21124 9
5276 10453 9
39634 47038 9
7596 18651 9
7594 31524 9
343 48169 9
16003 26186 9
16003 30200 9
6825 23830 9
7569 28590 9
36535 38788 9
6794 23316 9
1864 43595 9
36578 40068 9
1866 2847 9
36589 38886 9
36614 44673 9
7546 46212 9
2834 3089 9
7447 10641 9
17158 42041 9
5075 30146 9
16076 20731 9
5077 15255 9
7432 17372 9
6853 20095 9
7431 10935 9
37034 49637 9
5080 26751 9
319 11995 9
37044 37826 9
314 35041 9
18579 38154 9
6861 26124 9
16330 31575 9
7423 21921 9
37079 43612 9
7421 25787 9
18580 19644 9
36839 39072 9
7497 22540 9
39473 49855 9
6835 18350 9
7493 18084 9
7490 22248 9
326 15389 9
6841 49472 9
39447 46602 9
7489 22604 9
16373 41944 9
16043 37619 9
39444 44870 9
21872 24336 9
16049 40549 9
36863 47703 9
36883 37421 9
1930 32141 9
36946 46721 9
16064 28898 9
36096 41343 9
4987 45180 9
6706 35837 9
19379 47556 9
7719 28190 9
21429 43234 9
4991 19488 9
36077 43834 9
364 1733 9
19374 49168 9
4994 46771 9
7734 29946 9
36097 38375 9
16410 33611 9
362 22959 9
5301 23206 9
22045 30712 9
7709 7830 9
2820 25509 9
18746 28011 9
2820 31308 9
5306 10095 9
40271 44613 9
6678 14177 9
6690 23417 9
35949 36136 9
15895 26978 9
19382 47003 9
4979 45852 9
7763 39996 9
7756 19529 9
6724 33935 9
181 2061 9
35984 49037 9
35985 43557 9
21425 42949 9
35996 41182 9
36018 43913 9
16411 44697 9
15918 28994 9
2392 21533 9
5279 39212 9
7670 24127 9
7668 16176 9
39807 49168 9
36300 42799 9
7659 20294 9
7653 34557 9
15972 36383 9
7631 27593 9
15979 30712 9
36276 41353 9
18726 24919 9
7626 40558 9
15985 31635 9
5019 47957 9
7621 20595 9
20683 40936 9
36416 47448 9
7611 17041 9
18556 49778 9
7687 39918 9
36171 38624 9
18744 35648 9
5000 19610 9
20741 35527 9
36209 39991 9
5297 27137 9
6738 29298 9
18739 35505 9
15944 44329 9
16326 26947 9
19369 38008 9
5292 10765 9
39962 45575 9
36244 39584 9
7673 13056 9
19195 26190 9
7672 25545 9
36255 40841 9
39878 43530 9
7158 46424 9
6968 12258 9
7177 20409 9
5161 7988 9
18628 31908 9
5161 28932 9
7171 33859 9
1898 44459 9
6968 15351 9
21714 46156 9
7160 9201 9
7196 34046 9
7157 12328 9
5166 19528 9
19239 23485 9
21705 31335 9
262 18379 9
7143 9724 9
1901 3380 9
2863 4683 9
38223 48578 9
20720 37263 9
279 24733 9
1917 27618 9
19282 23119 9
6954 21453 9
37752 47787 9
16177 49236 9
38910 39747 9
7238 40353 9
7236 31446 9
259 41024 9
1895 27570 9
21605 37359 9
38884 40333 9
20704 26844 9
5143 31740 9
38883 41442 9
38867 39087 9
16264 36218 9
21617 38153 9
18654 34249 9
7103 46111 9
38370 47277 9
38583 44441 9
7057 28707 9
16246 30051 9
7058 34193 9
7058 48805 9
18646 30387 9
7094 45832 9
2681 43627 9
5200 9883 9
16223 20649 9
38420 43948 9
21665 30571 9
38431 46147 9
38438 46949 9
38441 40416 9
7074 26898 9
17177 35700 9
2404 19659 9
7010 20208 9
16261 18142 9
38709 41240 9
7128 42615 9
7000 31399 9
7127 15117 9
16210 47639 9
38681 39899 9
38681 39859 9
7125 37617 9
5136 5985 9
2862 12481 9
7017 12843 9
7024 9055 9
243 20230 9
21680 28559 9
7028 30795 9
5179 16875 9
7114 20498 9
16219 40565 9
5103 22898 9
37233 47020 9
7375 14972 9
217 3621 9
37283 39319 9
39186 40019 9
37289 39634 9
1882 37658 9
37299 46427 9
39171 40906 9
21557 26849 9
21816 31172 9
37360 41419 9
2299 21704 9
2317 2863 9
18696 43510 9
5107 41331 9
296 12009 9
39130 46096 9
7341 27316 9
6888 24090 9
21831 23954 9
312 19762 9
2886 33831 9
16323 42388 9
7414 32388 9
20729 20787 9
18701 23001 9
16317 18022 9
21836 43534 9
18699 41475 9
7340 43313 9
2886 7790 9
39229 42194 9
7395 36783 9
16315 46886 9
16109 18008 9
37167 49091 9
16312 39241 9
19317 35669 9
19317 27256 9
38982 42014 9
5122 12060 9
21583 26559 9
16147 31277 9
37587 43531 9
19295 20583 9
6935 21872 9
7294 14863 9
6937 15725 9
5125 32052 9
16298 19062 9
21594 33417 9
7287 8312 9
7285 33996 9
37653 38365 9
2305 6125 9
1892 22755 9
37702 46905 9
38948 48175 9
16276 23242 9
16302 19568 9
16136 30645 9
2879 25981 9
16137 26179 9
17167 21308 9
16137 39521 9
37418 44859 9
7333 44808 9
2399 6152 9
39111 44713 9
1846 18663 9
7327 20196 9
7326 25532 9
7326 19403 9
37483 38820 9
223 613 9
2682 30491 9
1888 35474 9
16145 23085 9
7306 24233 9
128 1052 9
2996 38493 9
5406 13734 9
5405 9073 9
126 3346 9
6366 14652 9
19494 25894 9
2444 42982 9
41722 46794 9
34269 37122 9
34278 41631 9
15545 16094 9
4806 31025 9
17270 28771 9
21241 26420 9
1793 1951 9
8367 10032 9
34341 48321 9
18419 29641 9
8341 36980 9
8341 10326 9
15518 18501 9
21218 43229 9
34094 42054 9
8450 40920 9
21222 37338 9
15504 35814 9
18833 37790 9
8440 30147 9
16597 41717 9
8433 47048 9
8334 21328 9
16595 18762 9
34166 43599 9
8424 12008 9
15536 27941 9
15537 15854 9
2445 4420 9
15541 20691 9
8403 49370 9
22440 30449 9
22361 30696 9
4837 11361 9
4838 15670 9
41530 43964 9
4838 28065 9
22376 32756 9
15625 47978 9
22374 41817 9
34583 37341 9
8245 32414 9
8242 12794 9
2787 19672 9
8239 26563 9
8238 16756 9
458 471 9
8232 24100 9
41485 47549 9
34632 42936 9
21276 34916 9
34639 45539 9
1805 15289 9
4829 11100 9
4820 26414 9
1796 14101 9
18420 49748 9
21245 35556 9
2987 43023 9
17138 19094 9
22400 34678 9
6393 13932 9
8306 25418 9
34079 39152 9
19114 31284 9
34514 41356 9
22394 49597 9
2984 3048 9
6403 30926 9
18830 42231 9
6407 12688 9
34544 47684 9
1800 35610 9
19085 36052 9
1987 41400 9
8633 33968 9
21170 27536 9
1986 45706 9
19523 24467 9
16672 49560 9
21172 30217 9
8617 47487 9
22537 47896 9
33765 40906 9
19528 31547 9
8611 8817 9
42314 48010 9
2771 34205 9
15431 48939 9
5439 18750 9
15435 39143 9
15436 16058 9
18377 23608 9
109 27705 9
33639 37461 9
33516 47085 9
18365 39721 9
8702 12250 9
101 367 9
6230 25403 9
33536 36729 9
18369 22051 9
101 44701 9
17295 28155 9
42200 45482 9
4727 34802 9
1772 49072 9
33645 45186 9
8660 49038 9
42466 47566 9
15395 49049 9
22567 32241 9
8650 44490 9
42443 47596 9
34019 44888 9
507 3780 9
33953 36638 9
8521 28198 9
4766 21011 9
504 1538 9
5423 31099 9
18847 22972 9
6326 25197 9
41991 43978 9
22502 35809 9
16617 41935 9
2778 14713 9
41976 48216 9
499 16892 9
19508 28382 9
4779 13289 9
119 175 9
17133 17631 9
16607 27297 9
15460 31543 9
15441 48575 9
8593 18932 9
8582 9710 9
4748 46817 9
3015 25931 9
22517 47474 9
8579 11577 9
8572 17364 9
8570 21140 9
34646 47305 9
42135 46052 9
4754 7865 9
6297 8003 9
6306 35396 9
18847 46119 9
113 16214 9
33915 49473 9
33917 41963 9
6313 15019 9
7919 34882 9
40598 48250 9
40561 45305 9
4928 49918 9
7951 36026 9
35492 43773 9
7933 44307 9
7923 8932 9
398 28386 9
19403 22077 9
35518 47888 9
7968 23047 9
2942 24879 9
22180 34349 9
7904 7923 9
167 30694 9
16460 30418 9
40484 47237 9
35599 44783 9
15815 31771 9
19159 29988 9
8009 30264 9
35239 39977 9
411 31748 9
19414 32729 9
4914 30151 9
6592 8916 9
40670 48827 9
16482 49091 9
19154 26124 9
35285 36969 9
7886 11207 9
16482 48113 9
40638 42295 9
8002 44310 9
22217 43721 9
4918 36360 9
7985 34983 9
4920 19614 9
7981 16683 9
2280 30363 9
175 14023 9
6667 36528 9
7825 42180 9
6667 42280 9
18523 44170 9
40323 43259 9
19391 28333 9
15869 40742 9
19390 26948 9
7812 34413 9
15848 34306 9
16432 36489 9
16428 17324 9
5313 9271 9
20667 20718 9
7789 23001 9
4972 47228 9
375 24954 9
2287 22404 9
35909 44810 9
7871 15371 9
18510 43228 9
35631 44765 9
6637 43949 9
20662 23334 9
35642 43628 9
6641 45963 9
18768 27960 9
6646 9464 9
171 2785 9
35237 42189 9
22144 29558 9
15828 35690 9
7869 11721 9
7868 38884 9
4954 23877 9
15840 35711 9
18514 32734 9
35752 47357 9
17225 21022 9
41179 42767 9
15696 17665 9
34830 49008 9
34833 45977 9
8155 12283 9
16540 47590 9
8152 10179 9
143 163 9
144 41053 9
8140 47985 9
34892 40075 9
5378 24452 9
5371 33239 9
146 45031 9
2799 37680 9
8131 26423 9
433 25462 9
5366 26692 9
22287 45858 9
6502 32636 9
34945 37790 9
5386 13629 9
19118 42454 9
6427 18388 9
41437 41957 9
8202 17674 9
15659 30164 9
34713 42398 9
19122 33720 9
15670 25446 9
8182 21513 9
34964 39602 9
4859 24327 9
2970 24719 9
445 46510 9
4860 47768 9
6442 18647 9
2437 35060 9
15691 47463 9
4863 29518 9
16546 26250 9
1957 15036 9
35151 47211 9
1822 12239 9
6565 12486 9
16493 30075 9
40790 41999 9
15763 30843 9
4904 6247 9
15765 18021 9
4906 48028 9
8056 14581 9
8027 41837 9
16491 49074 9
18788 34988 9
40757 49914 9
4912 12957 9
40754 48163 9
40751 48912 9
40745 42597 9
1824 11030 9
18462 33317 9
6522 46748 9
427 26477 9
35022 48660 9
16511 34048 9
427 593 9
15747 24861 9
35047 39081 9
35048 35237 9
152 2727 9
4715 33948 9
40903 49127 9
8089 25227 9
17234 31059 9
21344 31912 9
19424 40338 9
8074 33715 9
420 49905 9
35128 44914 9
21347 42835 9
26063 42482 9
26089 32857 9
12075 37125 9
23600 46631 9
875 2644 9
24026 31555 9
20478 22454 9
874 36779 9
23598 49997 9
10473 34816 9
13614 27516 9
26984 35307 9
26061 31398 9
29654 46947 9
11212 44408 9
13787 40460 9
2585 6065 9
12692 39465 9
1275 41323 9
1275 28602 9
24808 30679 9
12087 12322 9
23607 49272 9
12671 36087 9
1274 18049 9
26097 38912 9
10490 32493 9
26100 36349 9
10492 17852 9
1012 18789 9
10493 42323 9
3805 25975 9
29568 34780 9
12710 45727 9
4235 16388 9
29762 37485 9
2147 29674 9
4230 49655 9
3819 27255 9
10419 22792 9
24841 39261 9
12725 25758 9
4017 31965 9
2128 31523 9
12718 31667 9
11224 16086 9
3816 8125 9
26015 26683 9
10433 35500 9
24796 26204 9
26019 43232 9
1443 2134 9
23579 34380 9
26028 39932 9
24828 42077 9
26993 47507 9
13602 17202 9
10440 33652 9
3654 45715 9
29685 33796 9
10442 47721 9
29678 42486 9
10445 21549 9
3811 30451 9
1015 44227 9
1262 5022 9
26161 49491 9
29505 43064 9
4029 30885 9
2581 29300 9
12125 14512 9
23657 30968 9
24015 24295 9
2567 37474 9
24014 34078 9
12132 44469 9
24772 32683 9
1008 18494 9
3400 32989 9
14389 16877 9
29486 38494 9
24778 31416 9
11161 37151 9
29464 31192 9
12603 16105 9
1600 19472 9
28355 38360 9
26193 38508 9
26202 40299 9
3265 43257 9
899 35758 9
26207 49268 9
12589 15078 9
3266 8766 9
26882 36954 9
19990 33154 9
18005 26556 9
20219 30990 9
28315 33446 9
11190 43729 9
23625 44209 9
14412 43830 9
23632 48624 9
884 2716 9
24021 25560 9
1554 49341 9
26128 31843 9
26943 44145 9
14410 21746 9
10510 48772 9
12104 15783 9
26941 32036 9
1268 11011 9
24036 24069 9
17572 33358 9
10518 30870 9
29533 38785 9
17703 28902 9
19880 29103 9
14406 28796 9
3260 27165 9
10536 32952 9
17528 32356 9
12636 30230 9
26149 39946 9
14403 16600 9
11174 46458 9
26151 31226 9
1009 23167 9
3619 20072 9
25837 26459 9
1306 9551 9
12854 40969 9
10258 15720 9
11982 12817 9
23491 25188 9
25841 28731 9
4270 14869 9
29986 33486 9
25842 33053 9
1156 33662 9
27078 27285 9
10289 44854 9
20436 21895 9
13561 29042 9
28128 44859 9
24066 25612 9
10296 39020 9
12840 47846 9
1498 49413 9
27077 47088 9
13565 21484 9
29950 48137 9
28137 49461 9
14526 20387 9
1546 8918 9
10307 48274 9
3621 38500 9
14516 43365 9
1437 35502 9
3392 9142 9
11971 31590 9
24097 36709 9
23458 27970 9
30137 35576 9
13540 27888 9
1314 16648 9
4294 27902 9
11327 29950 9
4293 37019 9
2547 34631 9
17667 28937 9
17890 20425 9
10207 48875 9
3457 3996 9
30096 38824 9
30090 45139 9
4258 21749 9
11974 39092 9
3456 28608 9
28103 32760 9
12866 30269 9
28107 31855 9
1037 1364 9
10226 21231 9
10232 10889 9
13552 42714 9
12858 42695 9
30048 49902 9
23481 46074 9
1306 38339 9
1499 30306 9
11980 14656 9
12022 28476 9
17689 18594 9
1548 19674 9
28198 34681 9
11263 16166 9
3241 10650 9
28213 48138 9
25932 39064 9
10369 24145 9
17804 29308 9
29820 42831 9
1162 7222 9
28219 29587 9
10373 14003 9
29813 46266 9
1023 7641 9
12016 30036 9
14108 32382 9
1550 7568 9
11243 14892 9
10384 40957 9
1496 13416 9
29793 45853 9
19997 25072 9
14467 21366 9
12775 45832 9
28245 35302 9
10399 22574 9
12762 24279 9
10403 20542 9
3324 3543 9
14113 21460 9
18062 39580 9
18069 29950 9
25865 30503 9
1158 20150 9
20490 40079 9
2608 7199 9
14505 47990 9
3235 12486 9
848 45676 9
4255 45201 9
1622 23204 9
11269 41577 9
13809 26754 9
3237 6197 9
18064 38404 9
24053 30431 9
12150 35991 9
14092 33994 9
4008 39616 9
2545 15822 9
4252 4997 9
24463 31192 9
3624 10269 9
19836 39178 9
12000 39928 9
13576 13973 9
29847 34424 9
14488 22469 9
3627 8113 9
27057 47239 9
10357 38118 9
12011 34635 9
23839 24315 9
28978 36167 9
13703 40333 9
26417 48794 9
10859 46485 9
28972 31445 9
2531 7084 9
28967 45725 9
11008 44657 9
13706 22517 9
26418 26926 9
948 23789 9
28958 33687 9
17758 43151 9
4110 34937 9
14244 49899 9
14262 39836 9
28939 41213 9
4109 19556 9
10885 36108 9
28653 48670 9
1232 21681 9
12307 13163 9
17950 41717 9
28908 31733 9
3417 42422 9
4106 27005 9
28655 45749 9
26448 28815 9
10996 49553 9
955 27400 9
13742 26250 9
14273 28196 9
10806 17551 9
12474 15794 9
3308 30596 9
1203 46319 9
10806 36694 9
13746 47684 9
12462 42747 9
982 3768 9
10820 20376 9
17731 31564 9
26393 45751 9
23930 41855 9
13699 14511 9
29027 43420 9
1565 49048 9
19952 19959 9
28613 40646 9
20456 39511 9
11028 29423 9
4124 22589 9
11027 44349 9
11022 29724 9
28997 46868 9
2612 41788 9
980 40743 9
12451 42888 9
26411 42941 9
23825 35240 9
3289 27275 9
10855 20886 9
13702 22448 9
26581 32349 9
12375 19336 9
28830 30374 9
24600 41028 9
24625 49585 9
14220 45708 9
12374 30207 9
1473 7082 9
24623 35239 9
14231 17695 9
12372 25878 9
28818 35030 9
1572 34416 9
1211 36518 9
23899 48087 9
10926 13959 9
12376 29491 9
12342 37883 9
17757 28946 9
24602 28126 9
2122 19839 9
26615 26846 9
12329 25003 9
10928 26143 9
23885 45739 9
966 18502 9
19956 26277 9
3752 35688 9
12331 46749 9
19959 33298 9
968 7440 9
12330 15224 9
26472 40242 9
3294 35467 9
957 4124 9
26448 35730 9
24648 47952 9
1575 12427 9
10896 43223 9
1229 14497 9
28691 30841 9
23910 25510 9
26464 42735 9
12410 29012 9
1574 49469 9
4084 15575 9
10971 41797 9
23858 31555 9
29073 48042 9
3736 32757 9
12398 30443 9
12397 17017 9
26500 30392 9
10907 29335 9
17745 35147 9
24633 25644 9
12381 17282 9
10957 16479 9
28851 33858 9
20163 26102 9
961 5549 9
24629 42878 9
24599 39270 9
10914 21077 9
12549 23150 9
1000 1672 9
14158 40843 9
4044 44315 9
12184 12759 9
23729 45649 9
11109 44574 9
4162 42920 9
20468 48327 9
24543 31018 9
2612 3996 9
4161 26630 9
17993 26481 9
12549 32060 9
26269 45046 9
24715 35143 9
3786 11403 9
17771 25531 9
915 22584 9
14325 43045 9
10685 43094 9
28464 31830 9
29277 36738 9
13670 27519 9
26798 44965 9
14318 40085 9
29270 47508 9
1590 39966 9
10701 28107 9
13670 49636 9
1484 5765 9
2634 3070 9
24753 46452 9
19893 49748 9
17787 36937 9
19895 38953 9
10610 14272 9
14366 15325 9
24760 41876 9
12588 45147 9
20388 24510 9
2200 14461 9
29388 34003 9
29383 42544 9
4036 16801 9
29366 42564 9
12588 26624 9
29346 49702 9
3426 7455 9
17568 48587 9
24001 24194 9
10650 41644 9
20472 26469 9
28393 39581 9
29332 37254 9
3690 41159 9
11144 39811 9
4037 30117 9
12174 36283 9
24533 45827 9
12558 42047 9
12175 29565 9
2188 3138 9
23727 30638 9
4131 47978 9
12246 30190 9
29116 36893 9
989 46566 9
12499 17735 9
10786 11223 9
12258 40906 9
26713 49457 9
3284 41280 9
12263 23692 9
17538 39789 9
12487 35866 9
13750 17680 9
23949 34673 9
29093 32113 9
10797 27382 9
13678 43339 9
4058 34961 9
11057 26772 9
14283 28667 9
29089 33650 9
11052 24802 9
4131 27790 9
11051 16974 9
13688 47869 9
19972 35742 9
12479 28274 9
10799 11079 9
12479 22250 9
12270 42003 9
23803 26444 9
1240 5818 9
1459 38958 9
26792 32396 9
4151 38077 9
1195 13972 9
14305 48610 9
1483 17548 9
12542 36887 9
28473 40449 9
12217 30486 9
996 2227 9
29224 44211 9
29221 41950 9
23760 43600 9
19913 46148 9
4048 23999 9
12540 42455 9
23516 42398 9
12230 28996 9
924 26929 9
11095 28151 9
925 7995 9
2164 9772 9
19919 41806 9
994 48767 9
24707 43102 9
10770 43210 9
12522 40283 9
13754 26142 9
11090 16868 9
29128 34638 9
3708 41948 9
4052 14756 9
3876 12221 9
9858 35241 9
14731 18019 9
13428 46813 9
30773 30841 9
1414 33093 9
20085 32100 9
13192 29188 9
9869 40105 9
25439 49519 9
9875 49118 9
1077 4781 9
27781 31409 9
3876 26136 9
1415 21227 9
11487 37918 9
1364 2883 9
20287 31268 9
1656 30577 9
9903 16537 9
9905 13401 9
13170 18281 9
765 1070 9
765 13575 9
3549 12480 9
2222 2788 9
3875 44999 9
9927 39147 9
9928 11426 9
25476 35608 9
1071 25046 9
13420 22786 9
27707 30630 9
17638 18858 9
9813 31209 9
24204 32658 9
3178 4446 9
17383 19737 9
25063 39663 9
20293 22674 9
3534 21761 9
9826 16822 9
3535 23014 9
27417 42194 9
2598 16745 9
1117 48795 9
20083 20963 9
9940 23557 9
19745 26668 9
17387 21603 9
1119 2003 9
2551 31453 9
1660 19949 9
1367 6880 9
30809 38071 9
13205 23627 9
27404 46194 9
3370 47043 9
1078 27001 9
2117 41649 9
25424 42613 9
27762 40560 9
30540 48287 9
1351 28580 9
14003 40852 9
1065 18102 9
25497 45132 9
11785 24109 9
11788 40377 9
2496 38315 9
27875 38419 9
3968 11503 9
30544 39176 9
11427 42307 9
3871 47790 9
1126 34951 9
9985 24220 9
11422 29640 9
13125 13224 9
20323 22598 9
9988 35250 9
1060 21759 9
27901 29406 9
14662 25851 9
9993 33204 9
25536 30532 9
11413 38089 9
9994 25804 9
9998 39381 9
30487 44561 9
17594 19343 9
10001 22520 9
3562 49403 9
23317 31779 9
3957 42215 9
30633 41958 9
13145 18651 9
1417 47073 9
24348 25755 9
25483 44286 9
11459 23379 9
23310 45001 9
1653 38681 9
2181 4332 9
18154 23449 9
1067 41364 9
25493 33368 9
27853 35532 9
30614 36961 9
3934 24957 9
3193 41263 9
30601 38528 9
9958 20901 9
27856 46790 9
14681 35683 9
30586 46662 9
27365 27952 9
9963 22234 9
27364 34054 9
9964 18074 9
18148 37664 9
25494 48100 9
24157 36665 9
13129 26843 9
4436 40617 9
24264 41265 9
23186 46513 9
20415 48962 9
27518 46434 9
31143 42961 9
9696 32248 9
13333 43693 9
24296 32333 9
13377 27435 9
31123 44526 9
11659 41780 9
25203 29906 9
9708 21765 9
25210 26018 9
9710 40994 9
722 8910 9
25212 27624 9
31094 46100 9
23197 44849 9
4436 7306 9
17372 45605 9
1107 11576 9
31093 33756 9
1394 6687 9
727 14467 9
31083 42098 9
2601 11894 9
31080 33247 9
9728 33654 9
17618 44169 9
2228 34197 9
11689 45120 9
14843 22652 9
1681 47856 9
24281 42933 9
19710 49391 9
11679 20179 9
4457 12401 9
1680 45369 9
1104 6889 9
4456 38252 9
4456 17285 9
31233 45705 9
11675 36145 9
23165 48202 9
2487 9020 9
31077 41621 9
14831 24352 9
13351 25382 9
17511 46025 9
31195 39038 9
13351 24311 9
24269 30088 9
14828 24250 9
25178 42344 9
9669 10266 9
13340 16391 9
9679 11240 9
24266 26609 9
3157 12580 9
14825 30015 9
3488 22541 9
2225 2275 9
4419 21274 9
30917 34325 9
24237 27482 9
25284 39610 9
11592 25629 9
13265 13442 9
1089 23559 9
744 1746 9
11727 12492 9
27675 34810 9
4415 6616 9
11731 25681 9
14757 17213 9
744 37798 9
9777 33048 9
13958 46915 9
25313 28514 9
9805 29373 9
4412 13236 9
27680 49739 9
745 32697 9
11585 39480 9
3487 9837 9
13408 20567 9
24216 29970 9
19739 41668 9
30883 35024 9
1115 25018 9
20409 36795 9
11606 43778 9
25245 48893 9
4433 18248 9
20524 46970 9
11650 23724 9
25252 28028 9
1386 45078 9
9742 28032 9
31045 33031 9
13292 15349 9
11637 46372 9
14784 26581 9
11615 22947 9
11719 47174 9
11720 16704 9
3364 17762 9
25766 40282 9
30997 38884 9
13946 44795 9
11720 44268 9
11602 16672 9
14778 32446 9
1384 26401 9
18182 20279 9
9763 31327 9
13277 35395 9
30968 37884 9
9769 41078 9
11722 43269 9
23224 49916 9
9771 30955 9
10125 46960 9
27924 32241 9
812 9248 9
3865 35533 9
27936 48805 9
25715 32577 9
1509 41101 9
30236 31242 9
3575 19286 9
2591 8658 9
12947 20300 9
3975 36452 9
12949 44609 9
14622 44888 9
11389 29225 9
10124 12083 9
11359 18319 9
3469 44225 9
25604 44840 9
17829 21736 9
17832 29799 9
27943 45777 9
30380 34362 9
10062 16034 9
17398 27960 9
13865 16716 9
30212 41994 9
12920 17145 9
24917 44716 9
13484 15856 9
24968 46181 9
24103 38199 9
25590 48414 9
25607 48945 9
10073 14141 9
3334 21311 9
27186 31905 9
30223 41301 9
2181 38824 9
10136 39313 9
10073 29484 9
1130 1753 9
798 4767 9
25650 34281 9
804 29283 9
30275 45509 9
30307 47455 9
3377 40541 9
30304 31414 9
30282 31619 9
1332 21273 9
24121 39016 9
24943 49262 9
3858 34295 9
13511 16206 9
24936 47682 9
4323 5676 9
3857 15845 9
14050 29615 9
10109 13381 9
3336 6912 9
14607 18027 9
11368 11911 9
2560 12609 9
10111 25213 9
30321 31143 9
30349 47874 9
12957 15780 9
3577 5482 9
13491 42086 9
1142 28288 9
25612 43446 9
13030 36375 9
13030 22257 9
13517 21243 9
27288 49526 9
28019 40059 9
30261 45824 9
3462 21175 9
14615 15391 9
12964 40667 9
20018 44098 9
3984 20127 9
12970 14473 9
11375 19928 9
27276 34799 9
28065 41575 9
1644 18105 9
10011 19055 9
10177 16500 9
11806 21538 9
13866 30929 9
3374 5791 9
25579 48614 9
10042 35978 9
13869 15280 9
24356 42440 9
24439 46372 9
10153 35791 9
23353 40993 9
3973 32012 9
1422 6687 9
1344 38962 9
10024 26355 9
11957 36077 9
14576 43772 9
13076 19009 9
25565 46673 9
12905 39735 9
27333 39023 9
11407 16483 9
27911 30304 9
17650 28179 9
28047 44669 9
19774 36455 9
11970 32722 9
30146 44282 9
4309 49309 9
1643 31005 9
23375 41446 9
12901 42556 9
816 1710 9
2639 8014 9
14569 28895 9
30392 49206 9
12905 21847 9
10057 29477 9
27906 46589 9
11943 29857 9
23426 38323 9
27523 47776 10
6742 28789 10
3762 8730 10
41388 47002 10
17856 38086 10
16162 19967 10
2853 3385 10
3387 41553 10
3392 14173 10
39722 49795 10
6975 21617 10
6983 16512 10
18599 26499 10
39690 48500 10
11986 20989 10
27243 31613 10
5210 15070 10
6776 9661 10
38566 45030 10
16398 29279 10
17813 17819 10
2684 37619 10
3391 27343 10
40022 49419 10
17850 30947 10
27447 38767 10
13746 35673 10
27220 41869 10
13822 46911 10
6983 41565 10
3856 49247 10
37690 44959 10
12281 38326 10
1498 3136 10
3892 31194 10
12279 35914 10
3387 12609 10
6984 28688 10
13910 21357 10
21765 45657 10
13748 29731 10
19206 23545 10
6987 14812 10
7277 40048 10
247 46008 10
5295 15410 10
38735 46410 10
1476 7351 10
18599 41979 10
16170 28639 10
3838 24685 10
16375 24684 10
18738 24117 10
21778 40810 10
189 21984 10
21464 27030 10
38648 47267 10
27187 46648 10
6756 27265 10
1156 16992 10
6762 12443 10
27102 43214 10
11703 48932 10
17824 43454 10
38599 45255 10
2176 13500 10
11693 13348 10
11707 42121 10
27107 31781 10
18737 33206 10
11909 27612 10
11902 20243 10
12307 28103 10
27505 38314 10
7029 44333 10
19194 49056 10
5187 41421 10
3383 19472 10
17512 25709 10
11924 41484 10
12311 27439 10
3850 6168 10
38442 49647 10
13816 41052 10
16386 47017 10
27184 36662 10
2824 9789 10
24450 31551 10
7302 10778 10
39882 43753 10
11719 33918 10
11974 47702 10
17828 31904 10
1906 33809 10
27155 35170 10
3896 18508 10
13831 17151 10
26671 40754 10
3761 39876 10
39806 42952 10
2302 48357 10
39770 44725 10
16245 45691 10
6773 45453 10
24287 45981 10
7317 43480 10
24588 41146 10
3893 43330 10
13929 27165 10
6749 7724 10
39951 40664 10
24298 27546 10
37596 42256 10
11944 39943 10
1149 22767 10
18659 20046 10
26659 33174 10
21651 27091 10
193 36437 10
13923 16457 10
17854 35683 10
27214 40786 10
7057 11054 10
3385 5284 10
24429 41030 10
18605 32108 10
216 29105 10
7176 17921 10
20722 25501 10
13791 16971 10
26889 41362 10
3796 11963 10
39200 44455 10
6880 13459 10
39194 46155 10
24348 27775 10
12063 31929 10
3874 31389 10
26887 48472 10
1513 14902 10
11779 30529 10
16208 30152 10
38252 49651 10
27331 41737 10
7137 30655 10
218 25181 10
1170 25185 10
11807 36079 10
5163 40699 10
12167 26736 10
37956 39139 10
19221 44023 10
5156 22515 10
2168 34840 10
12170 48318 10
1495 13626 10
1917 41972 10
26848 44440 10
7183 26388 10
16319 36804 10
27004 36583 10
6939 16492 10
5251 40873 10
6949 13308 10
38948 40295 10
7128 10943 10
18627 30300 10
2867 5568 10
27003 27954 10
11809 37834 10
21542 28049 10
5174 13443 10
13783 25322 10
7156 35180 10
21574 28993 10
1511 25267 10
39075 45233 10
5237 23443 10
26978 41249 10
6907 35807 10
39066 48928 10
39064 46583 10
11802 44094 10
16293 36815 10
11794 17690 10
6912 24717 10
21580 44958 10
1173 27876 10
7150 45891 10
26964 38502 10
27336 49486 10
17526 32921 10
5237 31664 10
7149 29703 10
6914 15186 10
3799 31549 10
26926 33016 10
38025 47852 10
6887 25047 10
227 22743 10
7138 15133 10
219 4953 10
38204 41499 10
21589 32792 10
38179 48430 10
6938 24786 10
26844 47341 10
13868 42894 10
38167 48765 10
16288 30530 10
2680 4782 10
6891 7427 10
3396 43310 10
26936 44177 10
17182 47004 10
3803 6142 10
39102 41038 10
16266 19182 10
2869 23888 10
13899 24159 10
1482 40534 10
6824 23075 10
18717 45221 10
26748 35399 10
18717 41796 10
255 16119 10
5137 34857 10
5139 23737 10
7245 29527 10
2560 8148 10
2851 42342 10
1197 21347 10
1516 36127 10
6834 30187 10
3393 10378 10
7114 40235 10
11853 30778 10
2306 34548 10
2851 16858 10
16269 26598 10
5180 14477 10
39622 43565 10
37717 46800 10
2622 3866 10
200 38865 10
7109 32846 10
7111 17930 10
3766 26607 10
7258 14769 10
27431 49059 10
38838 45630 10
12217 22371 10
3770 44473 10
11744 46041 10
6813 33879 10
12245 19758 10
24464 48518 10
2682 22398 10
26732 38989 10
5137 20514 10
7250 31147 10
12243 32328 10
5255 6572 10
16185 16889 10
12190 49058 10
37878 49784 10
27041 36567 10
24475 33655 10
6957 30652 10
12183 23901 10
1164 25641 10
39335 46411 10
37880 39117 10
7222 8915 10
26816 29530 10
39322 44997 10
12180 44125 10
7217 9361 10
13764 47753 10
5153 30717 10
1188 5818 10
11811 16304 10
11771 30190 10
26844 46898 10
7194 41970 10
24333 29424 10
2832 4403 10
17830 26350 10
5260 10539 10
5260 7457 10
5259 17144 10
27405 30030 10
39416 45942 10
16179 47665 10
16269 39368 10
11762 21028 10
6794 12052 10
19260 32775 10
7122 16001 10
38899 43587 10
27395 30014 10
11841 28862 10
6851 44082 10
11768 36796 10
3823 32167 10
21519 37393 10
37862 41419 10
5960 33461 10
13017 20933 10
3578 33442 10
24949 46393 10
44186 47429 10
24951 42549 10
1426 13047 10
16860 25632 10
44266 44983 10
5960 45537 10
5978 37699 10
2346 31762 10
3576 5969 10
5954 49072 10
25603 38986 10
13039 39048 10
44420 49559 10
5540 46179 10
20326 47169 10
12990 21644 10
2697 5863 10
1326 2098 10
12966 47464 10
24931 44013 10
24932 29144 10
3590 4275 10
25675 49095 10
61 31600 10
25670 28537 10
5952 26114 10
5998 11070 10
44026 44770 10
2345 23658 10
17658 29949 10
24935 44861 10
1331 39796 10
21024 35028 10
25642 39712 10
16900 29120 10
46 16456 10
5555 49618 10
13087 15636 10
13089 17076 10
2733 32544 10
13091 19195 10
13471 28244 10
16899 49958 10
16900 20986 10
44781 49468 10
5892 10896 10
24987 37345 10
20277 25297 10
13108 35047 10
19019 32347 10
42 48328 10
17595 25250 10
25522 36673 10
13060 31739 10
51 36068 10
2131 36248 10
5543 6514 10
19027 49620 10
3471 41056 10
5543 34243 10
16882 37899 10
25589 46358 10
25586 33022 10
13517 33180 10
24977 29323 10
19027 44736 10
5934 9318 10
17652 32428 10
16890 33458 10
25577 41548 10
5921 22934 10
44774 47584 10
5482 26446 10
6153 27683 10
84 3978 10
42975 44061 10
42998 43467 10
17673 17684 10
6136 12484 10
16778 36775 10
21100 26378 10
17669 19766 10
24884 25793 10
25812 37140 10
25810 33161 10
25793 32392 10
5488 7098 10
20252 21946 10
25790 35818 10
43154 49195 10
43174 46193 10
6168 8177 10
91 38357 10
25864 32413 10
42794 44300 10
12834 43144 10
18864 39998 10
5470 15529 10
1302 32126 10
6171 6539 10
19069 37238 10
6115 8534 10
3619 31045 10
1304 49656 10
3453 45275 10
24880 44571 10
6163 23740 10
2755 5822 10
6163 7291 10
19069 37237 10
6039 12450 10
2747 3478 10
25744 28311 10
25735 35198 10
6045 6359 10
21052 36913 10
13518 17862 10
6039 37261 10
16828 22574 10
69 8180 10
24915 39133 10
12940 20187 10
5511 23481 10
24920 38996 10
43707 44634 10
6032 46355 10
16838 44586 10
43717 45429 10
5512 6946 10
17662 19004 10
6097 38505 10
2750 12945 10
12893 40785 10
18879 49645 10
43283 49255 10
17665 35567 10
25756 49539 10
16801 46237 10
6075 7971 10
5874 23897 10
43353 44523 10
43357 48550 10
43415 46362 10
25748 46698 10
2143 49786 10
2344 14029 10
21062 30503 10
21061 46170 10
13279 40181 10
20855 48071 10
47054 48440 10
14 2263 10
1383 28941 10
47118 47439 10
13394 20919 10
17007 34474 10
13 6811 10
17008 23830 10
13267 18452 10
18986 42426 10
47247 48028 10
25263 35119 10
13391 42338 10
5709 45871 10
25101 27177 10
5708 17782 10
25101 38056 10
25074 49786 10
13242 17541 10
16981 24359 10
17637 21670 10
25331 25869 10
5607 24745 10
13407 25056 10
13251 16245 10
46691 49883 10
25313 33877 10
13290 43362 10
20794 34663 10
20868 46011 10
25302 40416 10
3525 11881 10
25298 40712 10
2604 2817 10
5724 46091 10
25294 35954 10
25172 48757 10
5661 27896 10
48639 49941 10
5656 40395 10
5635 21599 10
5636 19900 10
18969 40028 10
17061 40343 10
25173 27246 10
1 3811 10
17047 38910 10
49337 49975 10
13353 30701 10
3501 4427 10
20812 22416 10
2357 6760 10
17078 25908 10
49574 49787 10
9623 43439 10
5687 17261 10
25259 43272 10
13304 25933 10
25246 44943 10
47627 49958 10
13319 32482 10
25234 44807 10
13330 17545 10
47808 48589 10
47849 48864 10
21 5346 10
1404 16134 10
5679 25651 10
2043 19858 10
5676 44580 10
17607 23682 10
13335 25681 10
5630 38740 10
13335 49961 10
3481 27790 10
1353 13174 10
25016 30540 10
5842 40121 10
3555 22823 10
3481 22007 10
13138 28172 10
25019 28299 10
45598 46208 10
2350 12017 10
1418 49054 10
2727 21183 10
20927 39769 10
25473 48498 10
20787 35591 10
5826 35577 10
45731 48645 10
16931 19932 10
13178 16930 10
13450 43381 10
41 3494 10
5869 8344 10
13122 33628 10
5570 21589 10
13123 24538 10
3558 15160 10
25500 32929 10
24999 44212 10
39 350 10
3545 27285 10
20943 35081 10
45265 47924 10
13446 21935 10
45324 46327 10
45345 45792 10
20940 45832 10
5576 6239 10
13444 48434 10
46336 47659 10
5787 36994 10
46200 47153 10
20902 33606 10
5786 42434 10
5785 37244 10
13208 14585 10
13419 30191 10
46257 49733 10
17601 49445 10
17089 24275 10
46354 48888 10
25383 48579 10
16970 44950 10
16971 24579 10
20791 27264 10
2352 41261 10
13235 46544 10
5764 39613 10
17091 24442 10
5819 41111 10
13433 27877 10
13432 14873 10
25440 39414 10
18941 19535 10
5809 18807 10
5591 6918 10
16937 27127 10
3542 44304 10
42762 44523 10
16941 17852 10
1414 35963 10
13195 16413 10
5592 7768 10
20905 39946 10
25419 35259 10
13200 17343 10
5789 7161 10
12538 15777 10
1246 29006 10
26298 29763 10
40947 44295 10
12523 13659 10
13672 16441 10
1248 2846 10
41022 43566 10
41029 42903 10
6503 11697 10
3706 40520 10
41030 48796 10
6497 18233 10
41087 43184 10
6495 22949 10
6495 19933 10
41087 47233 10
26279 31768 10
21323 27148 10
6556 49618 10
24689 39478 10
26346 39866 10
158 435 10
1242 9127 10
24693 28964 10
24695 44137 10
24698 32613 10
40826 49723 10
2156 2534 10
41112 46184 10
12495 36224 10
5352 32550 10
40863 42284 10
6549 6917 10
5354 48251 10
2803 5634 10
5355 7322 10
3707 20316 10
6441 24445 10
139 32777 10
17715 35204 10
6444 21518 10
41373 49812 10
17559 38368 10
21287 38213 10
24729 27375 10
41388 43787 10
13356 19476 10
41315 49531 10
1968 25086 10
41423 45840 10
12571 31315 10
12574 45670 10
26234 33878 10
41466 41988 10
134 19656 10
12582 27325 10
6467 22284 10
146 12660 10
41125 45548 10
21318 28440 10
1250 1339 10
6479 34360 10
6479 14964 10
6478 31238 10
20191 47139 10
12543 24140 10
12482 15179 10
26273 28091 10
16541 36611 10
6451 17709 10
6450 28391 10
41293 45458 10
2795 36968 10
21297 28166 10
2332 42901 10
19168 46794 10
5311 21802 10
26502 38183 10
3416 10681 10
1947 10456 10
40328 43813 10
6668 13301 10
173 34728 10
1228 23011 10
173 16751 10
20743 43332 10
21392 47810 10
6654 10056 10
19168 22185 10
13709 31466 10
24652 44126 10
3731 13886 10
26444 28582 10
1232 1550 10
20742 44192 10
24606 31900 10
6722 21752 10
40059 46283 10
12334 33239 10
21435 29175 10
26585 34089 10
26582 32155 10
24613 49118 10
24614 47259 10
16449 20638 10
26573 44251 10
17750 20977 10
21424 32892 10
12374 41444 10
1944 23467 10
6691 10864 10
13719 18288 10
12380 16636 10
26375 30230 10
40632 41428 10
40633 44055 10
26398 41359 10
12458 26353 10
40651 44314 10
24681 38832 10
40659 45371 10
16486 25354 10
5340 32034 10
26400 44721 10
12472 38915 10
18782 28487 10
18785 22941 10
13693 32134 10
12475 16228 10
16491 29105 10
1956 10103 10
13686 29718 10
1467 40377 10
3729 30226 10
6640 7861 10
16457 48970 10
26423 42246 10
6630 45392 10
24661 33751 10
12433 44737 10
3726 23860 10
167 6432 10
1256 23253 10
12440 21820 10
26413 27376 10
26400 47330 10
16465 47149 10
5335 12919 10
2811 23112 10
6606 11228 10
6606 6686 10
103 4545 10
42386 49833 10
5444 46689 10
42421 45150 10
12753 20672 10
6253 31757 10
16689 44788 10
21164 25238 10
25979 26085 10
12758 38103 10
6262 31075 10
2767 8928 10
42466 43178 10
17584 40202 10
21155 30868 10
25940 32620 10
21152 40800 10
42491 46888 10
2378 25951 10
12709 31236 10
42125 45738 10
6297 7902 10
111 14438 10
13613 17752 10
26050 48527 10
13610 15542 10
5434 11503 10
1281 31985 10
19087 46553 10
42498 48156 10
3443 8549 10
12714 16233 10
16671 19598 10
12715 38850 10
42344 49277 10
25994 29058 10
42346 44010 10
13594 21109 10
17684 25974 10
6195 30058 10
25883 36415 10
42679 45153 10
42682 43422 10
2760 27662 10
3623 47389 10
42684 43138 10
13570 49054 10
42687 43974 10
13576 14194 10
2376 5712 10
24867 49614 10
25874 40114 10
25873 35801 10
42729 49583 10
42743 48555 10
20246 32981 10
16746 49235 10
1440 1470 10
1292 38991 10
21151 35050 10
6231 48744 10
19081 46329 10
1440 16311 10
2147 28600 10
25934 32705 10
18858 45346 10
17118 21978 10
16634 35536 10
17117 41469 10
19078 43159 10
3631 23910 10
12810 40194 10
98 2333 10
1298 2492 10
21139 23779 10
18861 37071 10
129 374 10
1972 14520 10
1261 13247 10
5400 18602 10
6386 21540 10
17137 20923 10
41661 45961 10
6382 46121 10
6382 36253 10
1973 26898 10
2785 48603 10
17707 25511 10
12619 34468 10
17704 34078 10
1452 1609 10
127 14884 10
41728 44238 10
24780 41855 10
41738 44886 10
132 45609 10
16577 27384 10
26220 44533 10
12588 36385 10
41524 47143 10
16579 17950 10
26220 32018 10
16579 21553 10
41532 49184 10
41542 41640 10
21226 36155 10
26217 32665 10
6408 15239 10
6407 25529 10
21261 27015 10
3430 7963 10
3685 4345 10
17710 45294 10
26194 31898 10
19093 24242 10
16612 33954 10
26105 36975 10
24800 37355 10
12660 39078 10
41980 45661 10
24801 41620 10
3437 4420 10
13620 29676 10
6319 7055 10
1448 20613 10
42081 47871 10
12678 48691 10
12681 34722 10
5428 29817 10
42096 43055 10
1278 5348 10
21196 21925 10
21195 33532 10
6345 46405 10
13638 35499 10
12638 45802 10
3672 7039 10
19104 26473 10
1449 31256 10
41829 45467 10
2781 8451 10
6347 30873 10
12647 21653 10
2393 9225 10
18836 26594 10
2780 20099 10
41878 43718 10
6343 31289 10
20224 41059 10
121 38180 10
1270 1365 10
41921 48287 10
10396 26969 10
33180 42800 10
29809 30571 10
3242 18371 10
8831 42415 10
3048 19883 10
23547 43695 10
14472 23677 10
29789 44231 10
8820 18017 10
15290 39240 10
29784 38109 10
18355 21976 10
29774 41818 10
29769 44705 10
33297 38562 10
29766 32551 10
15307 39822 10
15309 39879 10
14446 18676 10
14486 21957 10
1752 47928 10
14494 17482 10
29866 37776 10
29854 33023 10
29847 33718 10
15276 38425 10
10361 41651 10
3240 45384 10
33148 40520 10
22647 41504 10
33157 38538 10
10366 24647 10
29827 46372 10
20603 29012 10
4244 27574 10
18059 30279 10
18347 44484 10
8838 23860 10
4680 39066 10
8748 48947 10
2204 46704 10
870 2507 10
4703 41416 10
14434 15809 10
3251 29666 10
22623 41710 10
22623 38273 10
4220 25376 10
22621 24350 10
29698 39803 10
15334 23487 10
4707 19247 10
19863 39919 10
15335 24404 10
873 8830 10
29655 43618 10
22617 26452 10
14429 20852 10
18358 47556 10
8784 35637 10
22646 24942 10
23566 48643 10
4696 20230 10
14443 18933 10
8791 26135 10
866 45274 10
4227 42887 10
8791 16573 10
1614 2004 10
8877 45807 10
15317 37674 10
10427 11365 10
33352 34386 10
18043 18187 10
2456 4384 10
19853 24941 10
23575 26017 10
14439 18209 10
33357 36266 10
8983 13717 10
10223 41634 10
10225 15824 10
4285 7095 10
9007 39714 10
14551 21242 10
9006 13773 10
4641 16383 10
30067 37186 10
30024 40651 10
9010 9469 10
30023 42938 10
22755 34680 10
8978 13589 10
4279 21718 10
30014 36293 10
20493 26376 10
8976 47159 10
3227 39483 10
10263 12408 10
9031 19768 10
3220 7654 10
32711 34257 10
10181 27514 10
14568 35183 10
18098 34636 10
10189 32067 10
30124 42629 10
826 12031 10
3222 45280 10
30004 39872 10
10204 41738 10
22777 45711 10
14559 18030 10
32764 38029 10
828 48950 10
30087 47746 10
9013 44326 10
588 8765 10
588 875 10
8903 10283 10
8918 9121 10
18320 31211 10
29911 44522 10
8914 48778 10
32990 45829 10
14511 32072 10
18327 19580 10
4257 6499 10
29910 36226 10
8918 31406 10
8902 36267 10
19829 23046 10
29893 41279 10
15255 16988 10
33087 49913 10
33095 48857 10
20490 36857 10
4252 39231 10
15266 41270 10
19598 37029 10
8971 10251 10
32888 36539 10
10289 36004 10
3064 3942 10
23494 28144 10
14534 19995 10
4264 44975 10
32898 41512 10
15230 38869 10
4710 29148 10
8957 26348 10
10301 13869 10
8942 43747 10
841 43256 10
29944 48440 10
3061 5974 10
844 14992 10
29912 33160 10
13932 33248 10
15473 16333 10
8532 34860 10
33924 36924 10
22495 29621 10
10655 25127 10
15475 30395 10
8532 21909 10
33935 42133 10
33941 46027 10
8535 27234 10
3273 11256 10
1594 13417 10
22489 39238 10
22486 25550 10
10657 16017 10
911 8006 10
22483 32647 10
15486 38866 10
4771 19036 10
33873 34250 10
8593 29990 10
10605 33141 10
17418 18116 10
10611 26937 10
33841 42023 10
23700 26659 10
33844 34940 10
4174 8976 10
904 46934 10
8486 15540 10
4754 28326 10
8555 47444 10
33882 40573 10
14350 30207 10
29344 40623 10
8541 48087 10
1595 30491 10
14347 30963 10
10653 43262 10
8410 38650 10
4788 40041 10
4788 41210 10
15523 30407 10
923 29680 10
34170 44082 10
8419 15233 10
34181 40456 10
10731 29076 10
34181 41285 10
14304 36299 10
10747 49759 10
10749 40497 10
486 7473 10
926 22671 10
926 37141 10
17982 27363 10
10763 41210 10
34257 45352 10
19491 24718 10
4781 43617 10
33994 39403 10
10675 25748 10
29292 45885 10
10678 18855 10
15493 47380 10
1591 47026 10
4155 29872 10
8456 12699 10
8454 23987 10
10601 14427 10
10703 15996 10
10707 34088 10
14310 31073 10
34117 36256 10
34120 49016 10
8444 20523 10
923 4268 10
22452 26115 10
4148 43124 10
33553 44455 10
10493 38054 10
23618 49266 10
23621 46972 10
15366 37666 10
10497 18009 10
536 10132 10
10498 17112 10
33544 36241 10
22588 35776 10
3256 37450 10
14411 31371 10
2081 40216 10
33589 37480 10
3032 7592 10
4725 9188 10
33623 46929 10
8672 10435 10
29547 49150 10
33642 36965 10
33458 48783 10
4710 33122 10
33430 35315 10
14423 49277 10
8729 11806 10
8727 47240 10
3038 27357 10
29606 37349 10
4209 15588 10
540 7731 10
8665 26459 10
8724 37409 10
19874 22644 10
19876 47351 10
22596 41948 10
15361 20625 10
22596 27471 10
18363 45566 10
22595 29252 10
19539 35726 10
14379 28041 10
33746 48984 10
18375 48397 10
22539 31882 10
33753 43377 10
33763 39000 10
15426 30493 10
10576 13895 10
4741 35869 10
10582 47114 10
14389 27549 10
15433 24902 10
4742 13159 10
10590 17351 10
17417 31190 10
22529 43357 10
518 13995 10
8597 33807 10
33797 47980 10
900 21746 10
889 1504 10
8662 49393 10
19880 23155 10
8658 12738 10
33660 41335 10
888 10449 10
8645 36449 10
33676 34417 10
10536 49387 10
29522 37380 10
9059 16702 10
525 44072 10
10540 40713 10
8629 14914 10
4187 8118 10
33723 46088 10
15413 17967 10
892 32376 10
4185 24778 10
3120 45223 10
23261 38586 10
4512 29384 10
751 9167 10
18167 26085 10
31825 49787 10
31826 38324 10
14989 26908 10
9837 36026 10
2492 13361 10
9434 36756 10
9419 13222 10
669 6056 10
9407 21750 10
9851 16181 10
1705 46383 10
9854 32277 10
31861 48574 10
2492 25625 10
4397 39975 10
9811 31268 10
31708 38787 10
23248 40976 10
30893 43719 10
31722 40223 10
9463 31061 10
14963 18290 10
1664 13216 10
4506 43462 10
20544 40852 10
2480 41508 10
17379 29362 10
9458 32019 10
30857 35293 10
9456 35090 10
31769 46377 10
30848 37526 10
14977 48453 10
17385 26901 10
9446 34838 10
15033 28291 10
764 924 10
31910 42548 10
31917 39935 10
662 3092 10
9371 38221 10
4383 42315 10
30688 42486 10
4378 20179 10
30660 44128 10
9897 18802 10
9357 40582 10
9942 22068 10
31957 43908 10
2238 28142 10
9945 24762 10
772 29714 10
18242 24049 10
30625 48944 10
14690 43260 10
665 714 10
22996 23171 10
31868 40429 10
9860 14504 10
31877 40489 10
20560 46008 10
9865 31055 10
3117 37243 10
19752 33603 10
3184 24773 10
9471 13194 10
9875 12543 10
30739 42060 10
760 6261 10
9884 34733 10
2222 30194 10
4391 6462 10
15014 17948 10
3115 46057 10
30714 34553 10
3158 13526 10
31394 47763 10
2486 2508 10
4473 27443 10
4443 48094 10
31412 37393 10
14823 23886 10
9698 33086 10
20534 44574 10
14885 41818 10
23181 47734 10
4478 20417 10
19699 47686 10
9714 13464 10
23104 35572 10
14898 20817 10
18185 41788 10
18185 41665 10
23098 47857 10
14903 15337 10
706 14106 10
31275 46775 10
14845 33622 10
9625 29741 10
3151 44884 10
9638 21603 10
31318 44989 10
4455 17661 10
14837 24293 10
706 26525 10
4482 9891 10
31346 48047 10
4451 29034 10
4450 37929 10
9602 13404 10
31193 38874 10
14829 36889 10
9665 24868 10
9668 29673 10
9673 46143 10
30907 46882 10
9780 31053 10
14938 24874 10
1697 1823 10
14940 37822 10
14941 34797 10
14760 15718 10
688 4759 10
30909 37610 10
31606 39305 10
30960 46696 10
18217 21613 10
9492 34999 10
17376 26471 10
23245 31216 10
31670 32221 10
18218 37651 10
23042 25289 10
680 10436 10
31702 43056 10
14922 48754 10
20536 39590 10
19724 35571 10
31508 41522 10
9736 26277 10
694 35053 10
4430 21714 10
31024 43661 10
19726 21512 10
1693 26513 10
4537 40008 10
2490 14878 10
31005 44575 10
31000 43636 10
31546 38752 10
737 4278 10
4426 41892 10
1694 36626 10
3169 49151 10
2244 41901 10
18276 45618 10
9187 33795 10
18277 44621 10
10109 31899 10
32436 45795 10
9177 37344 10
15154 49852 10
10114 39494 10
32446 49565 10
9191 48221 10
30282 34805 10
14604 39900 10
19791 44623 10
30268 41683 10
32472 42728 10
9156 30953 10
32478 34452 10
32483 37574 10
15159 49910 10
2243 7921 10
14617 32580 10
10091 36152 10
801 9848 10
22855 48424 10
1726 2077 10
22853 31889 10
802 25321 10
22850 23473 10
23387 44895 10
609 36269 10
15139 39869 10
4324 23154 10
9204 22442 10
18275 24756 10
9196 49768 10
18125 21376 10
32410 43807 10
18124 33399 10
9192 38958 10
10154 42055 10
15169 18262 10
22803 42173 10
14586 43005 10
22802 49434 10
9095 9132 10
2637 14342 10
32619 38949 10
32627 47617 10
598 17287 10
32561 49501 10
18104 26978 10
9083 41589 10
19609 47544 10
32654 39940 10
9073 33010 10
9067 22653 10
14574 36715 10
4623 13636 10
14574 23775 10
3077 25354 10
3215 20600 10
4598 46029 10
4599 8574 10
18287 18601 10
22814 29578 10
811 2767 10
9136 28091 10
9134 42629 10
14594 22144 10
2650 12847 10
10132 49474 10
606 10582 10
32533 46259 10
4607 20268 10
3216 32248 10
32540 40894 10
32542 37429 10
813 44079 10
15165 37915 10
14661 44857 10
32107 36317 10
32107 41983 10
1650 1975 10
640 17436 10
15081 30638 10
32121 33142 10
9989 17803 10
32129 42789 10
17340 22913 10
1716 37156 10
3201 6126 10
15091 19269 10
9999 24733 10
9279 22443 10
3097 39711 10
10004 36023 10
2476 21897 10
635 37868 10
30474 42208 10
9316 11308 10
651 20263 10
774 32478 10
1713 23931 10
4540 33565 10
4542 21103 10
32039 37314 10
14674 44123 10
3107 32183 10
14673 42215 10
32194 35178 10
32065 42750 10
4547 39006 10
9973 29328 10
9314 20553 10
30556 35740 10
643 8200 10
22926 32680 10
1650 9806 10
32100 36888 10
4331 41491 10
3090 12161 10
30381 46313 10
32280 44996 10
14633 32551 10
9234 30696 10
9233 18798 10
30370 47598 10
9232 34488 10
22869 30448 10
30382 43809 10
22869 29378 10
32321 32324 10
10077 36255 10
30354 41735 10
624 10967 10
624 5581 10
3088 6574 10
10084 16143 10
9219 32146 10
15106 49682 10
32198 48370 10
30461 47506 10
10023 28428 10
22900 34075 10
32207 41830 10
10024 11743 10
30442 35653 10
10026 44497 10
32229 34344 10
3011 15191 10
30430 35058 10
4342 34163 10
14636 15560 10
4339 14780 10
18134 42329 10
30407 32349 10
4337 25092 10
15112 44157 10
15912 24974 10
18537 34824 10
15903 45478 10
36001 36334 10
4984 13625 10
36013 39945 10
36013 40002 10
15909 40107 10
17208 38475 10
36017 47669 10
1549 7085 10
24054 27990 10
20674 30595 10
28185 46186 10
7723 18488 10
7722 32187 10
24059 44952 10
24060 42365 10
17892 36388 10
11285 11894 10
35877 47901 10
378 2460 10
7796 12156 10
35861 44772 10
4971 6481 10
7790 45034 10
7790 41342 10
19386 43705 10
28256 46980 10
17900 35941 10
11286 21413 10
4972 18639 10
11233 48010 10
28250 45008 10
4978 11479 10
11242 37803 10
35946 36200 10
11249 19593 10
11254 40069 10
11260 11379 10
24098 28572 10
1854 20095 10
7690 44527 10
22021 33853 10
22021 28696 10
3330 32235 10
11323 15372 10
36239 38233 10
7676 37671 10
11331 18968 10
20006 46593 10
14065 38519 10
24100 34443 10
22011 42296 10
19364 24986 10
7671 37862 10
22010 32985 10
28060 48197 10
11334 42272 10
1541 37163 10
36157 36815 10
11289 18097 10
4003 13475 10
28141 46969 10
36118 46408 10
2918 15697 10
11300 35693 10
36145 45936 10
7704 32411 10
7704 29165 10
14113 38069 10
11304 42385 10
15938 34375 10
36170 38886 10
7702 23989 10
7698 23706 10
24071 31087 10
3330 12515 10
3997 46037 10
11156 14394 10
15810 44667 10
4947 19099 10
28387 48793 10
15811 42000 10
2939 25023 10
7893 21213 10
35602 47432 10
28365 49001 10
35615 43843 10
393 36150 10
24006 36387 10
2112 32558 10
11161 33149 10
35641 36007 10
7881 8498 10
19991 43651 10
1008 17342 10
35652 40753 10
11171 18828 10
4039 37907 10
11106 32100 10
402 28546 10
28453 40555 10
4930 17021 10
7953 46312 10
35484 49658 10
11114 19103 10
7929 30309 10
17913 26132 10
19396 42080 10
15802 27299 10
19985 48258 10
14153 17391 10
28401 46463 10
14151 33750 10
14148 32637 10
23996 33011 10
1003 40725 10
22114 24046 10
15854 22912 10
35776 46851 10
2933 12621 10
15857 24040 10
19392 22544 10
7827 30778 10
19993 24092 10
2072 36475 10
28305 47685 10
1554 7078 10
19994 33923 10
15861 19607 10
7823 16700 10
15865 46208 10
4963 29597 10
35807 46159 10
28282 38613 10
7814 12906 10
28279 34077 10
23777 25233 10
2938 20060 10
35686 49752 10
11175 16805 10
1010 3134 10
11180 11903 10
7859 16602 10
24017 47664 10
7851 41988 10
7846 40145 10
3989 10245 10
11182 18741 10
35751 42474 10
11190 26761 10
14126 37828 10
384 2304 10
15848 36074 10
22117 38561 10
7832 22515 10
11545 34770 10
16082 33961 10
16083 26354 10
11530 21866 10
11531 48845 10
13976 27116 10
21852 36403 10
27728 40832 10
27721 48016 10
24198 31625 10
5078 6010 10
27718 29126 10
27707 38929 10
24206 40164 10
21841 35256 10
13965 24684 10
11574 14996 10
27699 33319 10
1084 7017 10
11586 21602 10
36927 38495 10
16044 38969 10
11479 20050 10
1072 4092 10
36853 43767 10
21868 47121 10
11485 11616 10
18573 19779 10
36872 47092 10
20687 41048 10
7409 35628 10
27812 34181 10
5070 27398 10
13989 26856 10
27765 31144 10
36980 37478 10
24181 48293 10
7442 44522 10
1079 13438 10
19306 34986 10
11656 30608 10
2412 14468 10
27557 35935 10
11660 46237 10
21799 45344 10
37378 48704 10
1101 2422 10
16128 35223 10
11661 20302 10
11653 11711 10
20414 23868 10
37403 46133 10
16136 40477 10
37410 38582 10
3911 19231 10
27545 42327 10
1103 11983 10
11689 32571 10
21784 30420 10
1525 4883 10
37129 45369 10
1087 39966 10
11588 41318 10
37160 49218 10
11593 43103 10
37186 41461 10
2068 3794 10
37199 40257 10
11599 34891 10
20036 34425 10
7375 10787 10
11607 43148 10
27638 28493 10
1094 1870 10
27623 39454 10
11652 14146 10
7352 14687 10
7351 25486 10
17492 19591 10
1051 18310 10
3982 23965 10
7603 37697 10
7602 40050 10
5026 43242 10
36441 44308 10
7600 8405 10
11372 25929 10
17885 23160 10
36410 43511 10
1054 31746 10
7592 44854 10
2417 20929 10
14036 14245 10
2292 29116 10
27939 41151 10
7573 29534 10
3976 24089 10
20024 21586 10
350 16724 10
7667 24242 10
2114 41909 10
20679 43305 10
7660 49444 10
2417 44778 10
7650 32699 10
36326 49468 10
1046 49982 10
11345 44011 10
19344 27162 10
21971 30850 10
3986 25614 10
11358 28176 10
1540 8459 10
14051 30930 10
15984 18888 10
24117 28529 10
20681 29597 10
36770 46823 10
7529 17069 10
36697 46941 10
19337 23994 10
27895 32788 10
3971 19639 10
36751 45804 10
7506 14587 10
3342 32582 10
11429 34295 10
36664 49854 10
3343 49347 10
24155 47953 10
21890 31999 10
27863 42192 10
328 29437 10
11451 21532 10
7494 44951 10
2898 35913 10
11457 15017 10
14029 22935 10
36552 45018 10
11402 20367 10
36565 48948 10
19342 47289 10
36573 42642 10
16016 20581 10
24137 33660 10
1536 45020 10
7556 27838 10
15836 22805 10
7555 44850 10
7552 18922 10
36605 38338 10
36633 46732 10
11411 39535 10
7543 48078 10
19339 31386 10
36660 41677 10
23864 48837 10
2274 6232 10
23862 33099 10
8175 11552 10
1810 5910 10
10899 44805 10
8174 48750 10
2667 36427 10
8172 28791 10
4858 12536 10
445 1143 10
34789 48742 10
10910 38074 10
10911 29316 10
443 32562 10
8162 10341 10
23869 31713 10
1812 11863 10
4855 18928 10
2077 35490 10
28903 30407 10
34663 49533 10
4849 12363 10
8210 34572 10
28893 42078 10
1576 10978 10
8194 9693 10
28833 48899 10
4103 40196 10
15666 29085 10
14235 44233 10
18433 42266 10
448 46415 10
8183 44255 10
2274 2615 10
28868 38402 10
10943 37386 10
8140 10174 10
4873 16605 10
34909 37327 10
28776 37176 10
8130 49043 10
34928 47777 10
22292 25582 10
15732 37240 10
2963 10352 10
22288 24830 10
15733 45082 10
968 15988 10
10947 48046 10
10948 36502 10
34963 42979 10
8124 10756 10
8121 48361 10
14228 28212 10
19450 40536 10
28829 30111 10
10922 16071 10
15698 42823 10
15699 17503 10
34833 46361 10
23878 25109 10
10923 23154 10
23849 24982 10
34861 49644 10
8148 49394 10
15708 47330 10
34867 44332 10
8143 19841 10
10928 17023 10
14227 31320 10
8140 33348 10
10799 39718 10
34364 40858 10
10797 37400 10
22412 26710 10
10798 30403 10
4819 25211 10
22407 43045 10
2989 18766 10
8328 19159 10
475 5093 10
2988 47375 10
4130 25559 10
29060 38360 10
8311 15103 10
23807 40129 10
8308 32219 10
17443 44365 10
4826 36002 10
34301 34983 10
8386 29978 10
10778 11877 10
10780 19575 10
23782 41093 10
932 10004 10
18416 39464 10
8379 43410 10
34288 49476 10
34467 39186 10
10791 15537 10
15572 24112 10
15573 24048 10
1793 16633 10
934 2475 10
22422 34246 10
15575 39377 10
476 43035 10
946 29582 10
17960 27527 10
4838 29905 10
946 2148 10
23831 37426 10
15624 34476 10
14262 21459 10
8247 41251 10
23832 38185 10
18426 33108 10
22364 31624 10
22362 31744 10
10867 36700 10
28953 32400 10
10871 33533 10
8226 44104 10
4107 18722 10
17953 37103 10
10826 33629 10
17967 21306 10
8296 16951 10
4828 38885 10
14275 23255 10
15598 21626 10
940 34884 10
1582 12291 10
8283 23876 10
2281 9795 10
34527 48350 10
465 3027 10
15613 23712 10
1800 37654 10
18424 21232 10
10844 32693 10
14268 37625 10
2946 4271 10
19411 31153 10
17923 48009 10
8047 24541 10
8052 32636 10
35162 45646 10
7991 48399 10
8054 9137 10
11091 45805 10
8054 32104 10
995 3821 10
11011 32475 10
15790 29535 10
35313 44068 10
28631 39650 10
8056 29154 10
15795 38474 10
28636 37105 10
28472 32716 10
14206 20176 10
35124 42559 10
18485 31157 10
4074 4099 10
8077 43921 10
3304 23396 10
28537 47298 10
14179 44935 10
4058 8124 10
4914 15447 10
8013 21394 10
15770 42645 10
1564 3387 10
35255 41636 10
18481 20893 10
4915 15850 10
28754 48779 10
22237 34301 10
8009 31865 10
1829 38154 10
993 34638 10
11042 46556 10
2431 2861 10
11091 37196 10
11040 14221 10
17457 22394 10
982 7062 10
408 26553 10
23933 33562 10
8032 23417 10
15786 25087 10
11099 15008 10
18455 19567 10
7961 25290 10
8113 21789 10
4078 23634 10
17931 30453 10
15797 37110 10
10949 35554 10
8087 13016 10
15741 19107 10
15751 41210 10
28719 29471 10
22201 42954 10
973 43980 10
17235 28570 10
8081 28650 10
19428 26844 10
35399 46765 10
404 46313 10
28740 48239 10
15796 24219 10
35019 39461 10
19814 37397 11
19939 48986 11
20602 21336 11
2109 30287 11
18622 49645 11
20446 39681 11
17424 44585 11
2386 19467 11
2296 21957 11
2318 26523 11
18822 39931 11
17084 26498 11
20728 22562 11
20687 48156 11
2048 34065 11
17444 21125 11
17872 40311 11
19737 24819 11
2578 17229 11
19989 24440 11
20470 40389 11
20034 48589 11
20370 26356 11
19264 33266 11
18790 41368 11
2579 21910 11
18424 31984 11
20237 47686 11
18791 29898 11
19332 28967 11
17190 23209 11
2164 37832 11
17978 21554 11
20200 27179 11
17285 25489 11
17110 42782 11
18174 22175 11
19143 34562 11
19944 23852 11
20686 24800 11
19297 37529 11
18347 29167 11
20293 34745 11
2153 35055 11
17084 41626 11
20746 37717 11
18793 26324 11
19680 19973 11
17736 20081 11
18593 29879 11
18817 49173 11
2133 25152 11
17533 34905 11
2266 28472 11
2359 25605 11
2443 40929 11
18483 38819 11
20049 36911 11
20050 33688 11
2103 46774 11
18619 27459 11
18184 30560 11
18402 37157 11
2304 20082 11
2066 27334 11
2055 29380 11
19308 40309 11
18187 30032 11
19582 34428 11
19482 46969 11
20698 34684 11
19147 25218 11
17766 33013 11
18701 28296 11
18205 44053 11
17199 31858 11
17865 18389 11
2358 49074 11
17603 17908 11
19152 39218 11
17282 31859 11
2588 37766 11
17357 24160 11
19690 23540 11
17975 24975 11
2588 49945 11
20238 46344 11
20044 37028 11
2577 5571 11
18507 21409 11
20488 40358 11
20152 34409 11
19692 46606 11
20043 27083 11
20308 40468 11
2318 2336 11
2487 17196 11
2447 6058 11
17365 39296 11
19147 42106 11
17082 24594 11
20806 31151 11
2644 36096 11
17609 22903 11
5641 18268 11
18208 20449 11
19705 46853 11
2087 41203 11
2610 20515 11
2593 42751 11
17404 21167 11
20573 23999 11
19085 22214 11
19199 24883 11
2419 3681 11
2574 33218 11
20010 37804 11
2186 11481 11
20225 21200 11
18905 27963 11
2437 29166 11
2498 35873 11
2082 33754 11
20379 33783 11
2324 5769 11
19452 35945 11
2315 27021 11
18355 27708 11
18020 33274 11
2381 18002 11
2140 49675 11
19255 32743 11
17294 38137 11
19095 36610 11
17201 34337 11
17393 23183 11
17415 26143 11
18851 49623 11
2132 7053 11
18753 30849 11
2392 9664 11
19035 23109 11
18532 37817 11
17893 25824 11
20782 38655 11
17332 33327 11
19091 39589 11
18671 33671 11
20231 29837 11
2401 11652 11
2184 24683 11
2192 4605 11
2370 7365 11
17466 29878 11
17656 20146 11
2370 5601 11
18538 20655 11
2288 39884 11
19966 26400 11
2499 7111 11
20106 39003 11
20352 30406 11
19450 30624 11
18117 22860 11
19028 31586 11
20781 44938 11
17398 43411 11
2106 14895 11
17170 29646 11
2520 15392 11
20261 40454 11
18459 37642 11
17470 22372 11
18530 43460 11
19184 34384 11
19160 23356 11
17736 44120 11
19467 33286 11
17906 41375 11
18691 31142 11
18101 49947 11
17834 36977 11
18164 22584 11
18376 49379 11
2539 7350 11
19007 21384 11
18764 32212 11
17312 29831 11
18512 36635 11
2248 29124 11
20156 30992 11
20256 34692 11
20341 34890 11
19516 47534 11
17530 22178 11
20603 30614 11
20662 27606 11
17529 36428 11
19268 34034 11
19001 30005 11
19396 33583 11
18234 30731 11
17795 42407 11
17350 25259 11
17529 17661 11
2080 4543 11
19339 46264 11
19342 38419 11
18945 41945 11
18355 19408 11
18014 49967 11
18883 27365 11
18150 36991 11
2054 8353 11
18884 36433 11
20682 47704 11
2365 42965 11
18143 47556 11
19760 27219 11
2219 12703 11
17950 32173 11
2172 3520 11
19659 26100 11
2168 14609 11
18255 22183 11
17571 35477 11
19117 30418 11
19012 21426 11
18434 38602 11
18883 19692 11
2220 9005 11
19084 46537 11
17482 32098 11
2344 26168 11
18930 39894 11
18048 34941 11
20764 35384 11
20235 23806 11
18470 45001 11
19354 20031 11
20564 33213 11
20088 38046 11
271 1372 11
7218 38483 11
28739 41730 11
28733 33495 11
272 44931 11
10970 37738 11
10974 34849 11
37913 44414 11
28713 48581 11
28712 29542 11
10981 27945 11
4081 17919 11
28678 37515 11
10991 25168 11
7202 7349 11
10948 44729 11
28634 46136 11
28631 43101 11
4072 31777 11
7189 27492 11
28625 29265 11
11030 29532 11
28600 36768 11
37980 46043 11
11039 47693 11
11046 33138 11
28559 38637 11
4058 12793 11
28531 39819 11
7173 44127 11
10870 19063 11
29029 41036 11
29029 32654 11
37615 45088 11
286 4257 11
10834 41925 11
5126 14697 11
37656 43099 11
37673 38634 11
28987 38961 11
10847 11456 11
10855 21342 11
37682 45649 11
10862 18408 11
28952 48842 11
7163 30072 11
28948 33575 11
28866 38656 11
7255 10990 11
10899 27688 11
28849 33365 11
7248 7803 11
28846 49933 11
37790 42442 11
10923 38629 11
7224 43359 11
37861 39314 11
4092 7405 11
37886 38253 11
7220 34677 11
38289 49441 11
11225 22740 11
11227 42052 11
11229 15171 11
11233 40774 11
38241 40104 11
1022 46446 11
28222 39313 11
11264 29668 11
1025 22172 11
1025 24129 11
1025 30312 11
7128 7918 11
1028 24259 11
1028 26843 11
28278 28923 11
11283 22168 11
4004 8641 11
28148 36762 11
28134 36706 11
3998 42534 11
3993 20083 11
3993 9164 11
1041 1974 11
7114 23602 11
11331 41579 11
38359 44597 11
11336 36790 11
28029 36051 11
28021 33796 11
4034 7551 11
993 24908 11
11108 28375 11
4045 8633 11
28437 46602 11
11115 41340 11
5168 14111 11
28417 46478 11
5168 21508 11
4039 13452 11
11138 27608 11
28400 48370 11
1003 26080 11
5168 27219 11
28373 35175 11
10814 47699 11
28361 45689 11
11167 15274 11
4029 23223 11
28326 43015 11
28316 34391 11
38199 46271 11
28311 43796 11
11196 13403 11
11196 21384 11
260 34835 11
11210 24738 11
4020 6118 11
11217 28119 11
29635 38424 11
29722 40890 11
10427 47657 11
10430 36852 11
10435 15796 11
10436 26901 11
10437 20359 11
29698 43485 11
10437 43021 11
869 36809 11
10438 12626 11
29689 45339 11
7352 14867 11
29653 44449 11
10461 29308 11
10427 40514 11
29632 48639 11
29632 47088 11
7348 28787 11
29631 32022 11
29630 38136 11
29629 37620 11
7347 9029 11
4208 12863 11
7346 13820 11
7345 29316 11
10488 21472 11
4206 7103 11
4202 14403 11
4200 23417 11
37219 44843 11
29906 47659 11
29903 30502 11
10324 20544 11
7413 24778 11
10329 17494 11
29889 41755 11
5089 42001 11
7397 22084 11
37171 41291 11
850 4981 11
10351 13721 11
29868 39482 11
37200 37455 11
37206 38856 11
37392 37984 11
29825 36646 11
29821 45759 11
10371 18537 11
29819 41389 11
10382 11184 11
29795 37404 11
10389 43951 11
4239 16706 11
10398 16757 11
7369 14496 11
4233 44745 11
29755 35466 11
37309 39712 11
7311 35274 11
913 1151 11
913 1400 11
7318 30551 11
4156 44645 11
10714 37845 11
10731 28866 11
29214 39443 11
4146 49108 11
10750 27492 11
927 9730 11
29170 42505 11
928 1717 11
29154 40293 11
10764 32982 11
10666 22155 11
289 21574 11
29133 29982 11
10785 46172 11
4133 38522 11
288 46987 11
37592 37803 11
7298 48829 11
29092 30987 11
29087 34425 11
7295 25565 11
10803 43380 11
10805 18584 11
10808 20232 11
7294 28588 11
10594 43968 11
5109 8358 11
10531 11255 11
5109 25108 11
29514 30111 11
889 25551 11
10546 17756 11
29502 33841 11
10547 24212 11
10552 45551 11
10561 43171 11
10566 43894 11
29469 31302 11
29462 40828 11
29455 41511 11
27997 47694 11
29439 41360 11
900 23011 11
7335 7719 11
29418 40865 11
902 43704 11
37447 40931 11
5115 24412 11
29388 35082 11
10626 20914 11
7324 10468 11
4168 17468 11
37512 43166 11
4163 5883 11
3780 14593 11
26853 45825 11
39309 40773 11
212 538 11
12174 27672 11
39313 41009 11
1189 2041 11
26841 44261 11
6858 29503 11
26826 49468 11
1193 1679 11
26808 38325 11
26806 40798 11
39366 42428 11
26792 37759 11
12156 26207 11
3778 32914 11
3775 42149 11
26747 30525 11
1198 14186 11
39385 45317 11
1199 30086 11
12258 26221 11
3767 31320 11
26703 36444 11
1204 24839 11
3764 36400 11
26688 34441 11
12291 41297 11
12299 46866 11
27044 41762 11
1154 24950 11
39132 39995 11
27096 33852 11
6887 32016 11
6887 24149 11
11984 17341 11
3829 34573 11
39175 45903 11
1159 27983 11
39178 40303 11
12018 44379 11
27055 34086 11
27045 40246 11
1163 29726 11
209 48125 11
27041 27603 11
3818 26252 11
3815 10336 11
1170 15222 11
26974 39291 11
26972 43064 11
6874 9582 11
6869 49148 11
12114 40322 11
26933 40594 11
1178 18612 11
12129 18706 11
26907 35754 11
26880 43336 11
12477 27833 11
3728 10357 11
39583 43105 11
5274 8313 11
6787 15836 11
5277 47647 11
6778 13853 11
194 36125 11
5285 5696 11
6764 28125 11
26384 37275 11
1238 20364 11
26372 41129 11
26370 36905 11
6762 8412 11
26440 48391 11
1241 13773 11
3710 7292 11
3708 6871 11
12505 29352 11
12510 49553 11
1246 28619 11
26295 29367 11
1247 34790 11
1249 20073 11
6761 21198 11
26271 29803 11
26261 48262 11
12555 26771 11
26254 31708 11
12377 37493 11
39405 40737 11
3758 41276 11
1209 5584 11
26647 36278 11
12322 20641 11
12335 16306 11
6847 30791 11
12342 16717 11
3748 25936 11
26573 26647 11
12357 25597 11
39464 41654 11
26569 40486 11
26555 48196 11
220 17529 11
3741 15790 11
12380 45340 11
12382 38516 11
6824 33756 11
204 300 11
203 3889 11
26500 47476 11
39563 48264 11
6803 37728 11
26484 44261 11
3733 40820 11
26461 36729 11
6800 16940 11
11583 21715 11
27810 38867 11
11513 22521 11
27756 30813 11
3944 39807 11
11527 12577 11
7067 13711 11
38536 39138 11
27726 38314 11
11536 36431 11
27719 38475 11
7063 15082 11
5196 44137 11
27697 46022 11
27691 31916 11
27815 47417 11
11584 26884 11
3931 11981 11
11593 20152 11
38634 45152 11
11597 33903 11
27648 32701 11
27647 33562 11
1094 30456 11
3922 11658 11
3921 47982 11
38705 48853 11
11619 47597 11
38707 46934 11
6995 32443 11
11404 14168 11
3982 42483 11
3982 8234 11
27968 36686 11
7102 27479 11
11381 12604 11
1053 5324 11
27961 43496 11
1055 2371 11
1055 24638 11
27928 45361 11
3976 17902 11
11398 14467 11
11399 34315 11
1058 7677 11
11629 40158 11
1058 32590 11
27888 39785 11
1062 4288 11
11433 17713 11
11433 18298 11
1063 13152 11
3968 5077 11
11442 48040 11
3964 36854 11
11452 24696 11
27836 42842 11
7085 41371 11
7082 36910 11
11867 21800 11
27401 49586 11
6942 29441 11
3877 5344 11
27363 36320 11
3871 49372 11
11803 14608 11
11808 23427 11
11836 32989 11
1133 16256 11
6940 7753 11
11850 20196 11
11850 33602 11
38982 46340 11
11854 24699 11
27407 44068 11
1139 1516 11
11879 47317 11
27223 43904 11
11881 39791 11
6928 17626 11
11889 26379 11
3845 30752 11
5235 42533 11
6922 10901 11
11934 18801 11
27171 49758 11
6913 41470 11
6912 48256 11
39100 45771 11
3899 14674 11
27595 29041 11
11650 18826 11
27569 30825 11
11657 20262 11
238 6837 11
238 6734 11
38743 45931 11
11672 48352 11
11673 15556 11
27543 47041 11
11677 39558 11
11677 46632 11
38808 39103 11
6971 7228 11
5083 17943 11
27475 28196 11
1109 45706 11
27470 28298 11
27465 30548 11
27461 47390 11
11727 14862 11
6960 22879 11
3886 40583 11
11739 40223 11
11744 41740 11
11752 35019 11
11752 36012 11
27407 46962 11
4660 5100 11
411 5170 11
33094 39262 11
33091 49146 11
35255 41225 11
8008 47041 11
8006 14538 11
4666 9944 11
33063 41875 11
7996 29082 11
33033 48657 11
8906 39744 11
32999 34110 11
572 45984 11
32990 36446 11
33116 47437 11
8922 22211 11
32965 45298 11
406 884 11
8932 30050 11
7974 23034 11
7960 14029 11
8959 43862 11
580 31817 11
8968 22090 11
32871 44043 11
35450 43456 11
8984 9339 11
8986 16304 11
4930 31927 11
8829 15282 11
8083 42923 11
33328 46268 11
33326 39695 11
35103 38778 11
8802 48436 11
35116 41815 11
8808 26681 11
8812 20197 11
4690 15462 11
8812 44414 11
8820 16895 11
33234 39009 11
33205 40715 11
35160 42692 11
32820 41162 11
8049 21941 11
4905 16678 11
413 21260 11
33186 38943 11
561 19734 11
8847 22992 11
8023 13756 11
8853 39657 11
8854 29098 11
4911 28034 11
563 748 11
33121 43157 11
35222 41270 11
8874 35795 11
9210 38091 11
9158 48722 11
612 1280 11
9168 36281 11
9177 47613 11
7896 9031 11
7894 21191 11
9189 12453 11
9189 20526 11
9196 24817 11
9201 18264 11
4580 22728 11
32389 32823 11
32389 32759 11
35664 45109 11
32475 41926 11
35667 40656 11
9217 23148 11
9217 45601 11
9220 46598 11
32332 39818 11
9246 17041 11
9247 20788 11
7849 14073 11
633 7121 11
7839 49208 11
4959 6984 11
32172 47957 11
32143 42306 11
9289 20670 11
7928 8187 11
32819 36830 11
32793 41839 11
7949 34276 11
35498 43129 11
32699 48542 11
32690 48666 11
32664 35344 11
9081 34287 11
32645 34708 11
4618 33928 11
32639 33602 11
9085 35729 11
9089 16260 11
32616 45421 11
8083 44524 11
35513 36262 11
603 14716 11
7911 37211 11
9125 25944 11
7906 39680 11
32524 41518 11
607 2469 11
9134 15597 11
9140 43918 11
608 16867 11
4599 14962 11
7905 49405 11
610 26739 11
34773 41545 11
473 11178 11
8332 10824 11
8342 16030 11
34754 36787 11
4813 25959 11
4860 45761 11
34346 40279 11
8174 9635 11
34296 40016 11
481 541 11
34281 39436 11
8383 35058 11
482 28194 11
34259 40099 11
8327 16634 11
8394 16351 11
8397 39550 11
8406 40741 11
8417 39507 11
8166 49783 11
34820 41246 11
492 5163 11
34111 44610 11
8446 43440 11
8446 48395 11
440 29736 11
34079 46581 11
34073 43633 11
8467 42927 11
34580 37130 11
448 45588 11
8192 12555 11
8184 8419 11
452 1493 11
8209 43115 11
8218 44561 11
8183 43905 11
456 10230 11
8230 15669 11
8233 17055 11
8234 14738 11
34596 48693 11
8239 46996 11
34582 44178 11
4778 25306 11
34573 34823 11
34742 38889 11
464 11494 11
8269 44575 11
8292 14982 11
8179 44992 11
34470 48964 11
8306 39269 11
470 32255 11
4824 15284 11
8179 12881 11
4823 11683 11
8325 39101 11
8710 44807 11
34975 36822 11
8624 37410 11
33721 48988 11
8627 31622 11
526 42955 11
33681 49538 11
33671 45775 11
4879 34447 11
33633 41812 11
8684 36894 11
8114 27491 11
8691 37419 11
4883 41842 11
33519 36550 11
33739 42300 11
35040 47936 11
8715 33408 11
33475 42730 11
33456 40922 11
8728 9542 11
33434 42073 11
8740 17820 11
8086 15306 11
4706 45948 11
8085 20314 11
8749 10960 11
8752 41972 11
33366 46672 11
8772 23852 11
8557 20265 11
34036 36746 11
8470 44038 11
34030 38848 11
8473 27012 11
8484 40617 11
8489 21721 11
504 49789 11
8514 45570 11
8521 12566 11
34883 42550 11
33948 46329 11
8140 17979 11
33891 36339 11
33890 45902 11
32126 33504 11
33872 42727 11
8561 9741 11
34902 40783 11
34904 40879 11
8588 41562 11
517 16176 11
8131 36043 11
4874 45805 11
518 5589 11
8598 10449 11
521 14544 11
521 32286 11
4878 26597 11
779 46573 11
9922 17335 11
30648 46859 11
30647 37994 11
9932 13172 11
30629 45582 11
30628 49761 11
5032 22905 11
4372 7831 11
7575 13786 11
7573 41875 11
9956 41371 11
9958 28248 11
30598 42321 11
7573 13171 11
4380 6376 11
30558 40586 11
9975 28341 11
9986 27750 11
30510 37027 11
30496 32499 11
10001 18656 11
10002 37980 11
30480 41216 11
10011 40470 11
10013 47175 11
10019 43314 11
340 44763 11
30421 45958 11
36606 42729 11
30789 33839 11
4419 39708 11
30912 34478 11
7648 20651 11
36341 48853 11
9806 14095 11
30866 39846 11
9822 11960 11
9823 21256 11
9825 31283 11
751 22592 11
7620 23947 11
9839 10643 11
30814 42849 11
9843 44608 11
30407 34857 11
9861 34793 11
9863 21995 11
9865 26642 11
9866 46074 11
7607 31375 11
7599 43248 11
7599 32005 11
36461 47605 11
30732 49213 11
30725 38590 11
9892 23848 11
9896 17239 11
9919 37216 11
832 8005 11
36855 37948 11
10163 25309 11
821 9156 11
10174 18704 11
823 2929 11
10184 24571 11
10184 31995 11
10193 42909 11
30118 33085 11
30104 47141 11
10207 33108 11
4290 19519 11
10219 49720 11
30067 37378 11
4306 7545 11
4280 11297 11
4273 49658 11
36937 45690 11
7457 9803 11
10308 24768 11
7435 35750 11
7434 31104 11
29922 37828 11
29918 35254 11
4259 10846 11
4259 4587 11
7425 8038 11
313 23002 11
4257 36631 11
7518 23521 11
30390 48221 11
10066 18113 11
30379 45413 11
36644 42067 11
801 9807 11
30329 33302 11
7539 14456 11
7534 36454 11
36699 42429 11
4324 48105 11
10104 14563 11
805 44446 11
36722 39804 11
30294 38670 11
9774 45834 11
807 28790 11
10115 40900 11
30274 32391 11
36764 45958 11
36786 44352 11
7500 31147 11
4314 38718 11
812 3752 11
4314 9476 11
816 4936 11
10154 23766 11
7484 21224 11
4307 42721 11
675 6219 11
4971 34638 11
4971 43283 11
9400 20323 11
4521 26858 11
31862 46099 11
7785 41052 11
9406 11698 11
31851 32048 11
31840 34583 11
7785 35587 11
7782 18219 11
31816 47023 11
674 2914 11
31774 33408 11
4523 31522 11
31760 49162 11
9459 40712 11
31758 34926 11
31745 38372 11
31739 37124 11
31698 44528 11
9475 13229 11
31681 44985 11
373 49006 11
4977 13365 11
9486 44044 11
9487 19729 11
7773 31402 11
35947 37538 11
32032 49508 11
9297 14587 11
35772 44982 11
32105 48332 11
32101 38468 11
4550 4964 11
4960 48065 11
4962 6113 11
644 1783 11
9314 11024 11
32076 32315 11
32071 37672 11
32050 34045 11
4545 12480 11
4544 33436 11
9495 36521 11
649 1759 11
9336 16861 11
32001 34408 11
31995 47688 11
9345 11726 11
35801 46670 11
379 19124 11
31958 38052 11
657 2121 11
658 33034 11
7805 37157 11
31924 32286 11
31893 49182 11
31131 34031 11
9628 20084 11
31246 43932 11
9651 14747 11
9656 41333 11
31212 32725 11
9661 44443 11
4448 32716 11
31168 44912 11
31164 47968 11
721 31606 11
9680 13034 11
9681 34140 11
36103 41244 11
359 923 11
9618 24528 11
7687 8647 11
7685 27962 11
727 9868 11
728 799 11
9721 34921 11
31075 35021 11
9731 10497 11
5010 48657 11
736 3323 11
9765 43190 11
30982 39315 11
7653 10433 11
30958 40686 11
7650 23942 11
31462 47007 11
4493 44604 11
9505 45220 11
9509 17544 11
9510 26708 11
9517 23436 11
9518 27267 11
31562 35907 11
9524 38120 11
7757 24982 11
7755 16421 11
4483 38083 11
7753 47896 11
31484 31531 11
698 32200 11
39370 40447 11
9564 45346 11
4478 32322 11
4477 46555 11
7752 43420 11
9573 29529 11
7748 26240 11
9584 17115 11
31386 49526 11
31379 46616 11
9591 45486 11
31330 49575 11
31316 40737 11
4463 41031 11
22767 40341 11
15122 36718 11
22858 41601 11
6045 48005 11
15141 22496 11
15144 41789 11
22813 23559 11
68 35156 11
15182 17928 11
3073 7947 11
6035 18422 11
15205 31038 11
5520 36916 11
1742 12690 11
5994 25342 11
22876 44329 11
15211 24403 11
15212 46872 11
22756 40257 11
22743 26148 11
15221 29996 11
1745 46330 11
15240 38846 11
15242 19595 11
15260 18082 11
3055 23638 11
44052 46912 11
15276 31483 11
3052 25053 11
1755 31423 11
15040 19193 11
1702 33405 11
14988 49738 11
23006 23731 11
14992 47448 11
14995 38121 11
6086 35080 11
14999 44081 11
43282 44619 11
43314 49459 11
22963 47938 11
22962 42468 11
6069 47619 11
6069 31617 11
15039 40652 11
15287 30932 11
15044 42073 11
15069 29288 11
15071 42800 11
15081 47092 11
15084 16476 11
15087 26739 11
15089 19528 11
3101 11111 11
22906 42962 11
71 534 11
22901 39513 11
22897 45327 11
15102 20257 11
3091 39657 11
5929 19650 11
22514 30916 11
44328 45928 11
15467 22751 11
44375 49766 11
3009 42909 11
44437 46277 11
1785 33356 11
15502 31226 11
44522 48345 11
44531 48665 11
15546 32239 11
15559 44360 11
44569 49137 11
15451 45241 11
5922 33088 11
22413 27049 11
5919 19939 11
22397 29992 11
15607 26015 11
22379 47023 11
2980 28181 11
15627 33747 11
15643 17226 11
15644 18044 11
15654 18828 11
15674 26845 11
15682 42828 11
22324 49389 11
15344 21830 11
15296 43312 11
15298 35600 11
5986 34105 11
15302 32692 11
15303 38761 11
22655 37419 11
15306 30833 11
1760 21929 11
44065 44722 11
22641 27050 11
15319 30901 11
44099 48555 11
15333 19536 11
44133 45148 11
23030 30278 11
15365 16717 11
58 389 11
15372 28397 11
5982 35204 11
3032 28594 11
15378 29316 11
22575 35771 11
15385 25278 11
22573 22897 11
22564 39698 11
22552 41685 11
5533 38593 11
5534 47746 11
15438 41638 11
5453 32917 11
6256 30998 11
14496 15126 11
5447 35714 11
3234 42836 11
102 210 11
3231 3624 11
42506 46724 11
14535 22303 11
1626 4562 11
1626 18292 11
6227 28804 11
23487 25184 11
14546 41772 11
14551 21685 11
6257 6444 11
14565 37092 11
23461 25393 11
14569 19478 11
5453 38556 11
14580 37651 11
1634 44420 11
3213 21730 11
6222 44977 11
1640 17002 11
14623 19051 11
6211 49917 11
23377 25998 11
23374 47391 11
23372 44612 11
23637 47148 11
23721 34829 11
14349 21002 11
6301 21060 11
14359 34824 11
5432 35985 11
23678 40041 11
14375 33806 11
42220 44210 11
108 5861 11
6272 9799 11
14382 18940 11
14401 39362 11
6270 26777 11
6270 8083 11
14637 35287 11
14410 28743 11
23602 40787 11
23600 43875 11
23599 34332 11
3252 45875 11
1611 21949 11
23585 46296 11
14445 16332 11
14453 14924 11
14461 37373 11
14470 20085 11
14486 40769 11
1620 7209 11
3240 11715 11
14852 38435 11
14776 38743 11
3167 21091 11
14787 49069 11
14793 20931 11
14807 22706 11
42992 47926 11
3157 40776 11
1677 34918 11
6139 46550 11
43010 44983 11
1678 37912 11
80 10473 11
79 111 11
6116 7430 11
23234 42570 11
23136 27152 11
1688 45392 11
14889 21295 11
23097 38219 11
6092 13260 11
14907 35449 11
14908 46851 11
14920 21432 11
23071 26654 11
14933 49657 11
3135 32363 11
14938 46055 11
14944 26951 11
14965 19209 11
6174 27051 11
6211 11135 11
6209 10608 11
23360 37129 11
23353 31523 11
6207 10708 11
23345 27340 11
191 26377 11
6203 6625 11
42654 46169 11
14697 32139 11
14698 17387 11
6192 28274 11
3184 4098 11
90 8331 11
15692 36862 11
42822 44539 11
23270 34544 11
3180 3815 11
14738 46135 11
23258 25853 11
14742 40245 11
88 44127 11
14753 42294 11
23252 42167 11
14754 45204 11
23246 46316 11
23243 40006 11
23239 24190 11
2783 46582 11
16509 28661 11
21328 41345 11
2799 19642 11
16528 39799 11
16533 19374 11
46743 46753 11
5735 32341 11
21266 38141 11
21265 38426 11
21261 47576 11
16583 23688 11
21259 24274 11
5612 30728 11
16589 42405 11
1958 14396 11
16599 28703 11
21218 39836 11
21214 44722 11
5732 48158 11
2780 8020 11
16617 19889 11
15 3221 11
47036 49544 11
47090 48813 11
16672 34365 11
21168 22703 11
1989 24569 11
5716 32957 11
21152 26662 11
16401 26890 11
16318 27423 11
5787 14388 11
5779 14547 11
5600 17070 11
21497 25341 11
16364 46825 11
2828 4974 11
1934 40838 11
21490 28874 11
5774 7034 11
21471 46776 11
21469 36277 11
1938 2141 11
46501 49614 11
21146 23743 11
21440 28343 11
2820 17688 11
21430 29054 11
16411 21436 11
21414 46931 11
21412 46319 11
46568 48362 11
19 28279 11
21380 28996 11
21370 22640 11
5738 25176 11
2809 30086 11
21362 42275 11
21360 40055 11
16971 41144 11
5634 30093 11
20974 45640 11
48699 48943 11
2020 17305 11
20954 35894 11
20921 40240 11
16934 27153 11
2725 3555 11
5654 27802 11
2 33899 11
16947 26386 11
16947 39862 11
16950 34558 11
16965 20366 11
16861 23051 11
2717 28023 11
16979 22051 11
20875 46250 11
20872 41427 11
16990 44893 11
20860 32718 11
5636 27277 11
48898 49499 11
17014 27054 11
49436 49519 11
20844 32485 11
5645 17171 11
2044 11711 11
17040 34409 11
21105 30597 11
2764 30224 11
5714 35300 11
21140 40185 11
2761 4384 11
16734 23371 11
21123 21591 11
16747 17622 11
21122 30802 11
1995 21296 11
10 19 11
21119 43640 11
16763 41773 11
16766 35524 11
1998 22393 11
21542 39811 11
5625 24002 11
5692 6693 11
5675 15772 11
2005 19357 11
2743 46351 11
21043 28991 11
21043 24023 11
16845 29795 11
16848 23955 11
16849 17160 11
21026 36052 11
48352 49727 11
48553 49291 11
15937 18165 11
41 25875 11
5860 49009 11
45176 45626 11
22098 30509 11
22094 34870 11
5858 8299 11
22093 31698 11
1846 4531 11
15889 43680 11
38 3060 11
22085 30797 11
1849 41543 11
15918 26951 11
15922 35939 11
5880 39587 11
22032 27036 11
45357 47279 11
22009 43561 11
22004 34398 11
5849 25161 11
15958 31870 11
15978 32341 11
2908 5268 11
5839 36407 11
16013 35914 11
5831 19920 11
16026 25232 11
21891 36870 11
21890 42331 11
22240 36569 11
44682 48004 11
2968 22420 11
22313 45119 11
44687 47637 11
1815 31101 11
5553 12867 11
22277 30771 11
15743 45274 11
1820 11318 11
22260 44965 11
1821 6598 11
15759 34003 11
15759 49530 11
5560 34488 11
21871 49133 11
22240 35811 11
5897 11301 11
5892 22066 11
43 14578 11
15786 42046 11
44978 45056 11
15798 21581 11
44995 48090 11
15809 48162 11
22157 25727 11
5885 20973 11
15830 36699 11
5881 35625 11
2934 48147 11
16265 28862 11
21682 24155 11
16222 24937 11
1906 40014 11
21665 34958 11
16230 19106 11
16230 27348 11
2856 17499 11
16251 48919 11
1911 13149 11
16256 31826 11
21638 30036 11
16260 46922 11
21632 23005 11
45870 46087 11
5810 23806 11
45897 46372 11
45961 49468 11
16291 20123 11
1922 34186 11
16298 27230 11
21569 44354 11
16301 16767 11
16304 16732 11
21565 37867 11
21563 42511 11
16306 41995 11
5596 27814 11
21554 47224 11
16310 24455 11
1891 25029 11
32 20125 11
1875 19487 11
16068 46154 11
1877 7760 11
5827 14778 11
21845 24767 11
45696 48953 11
21826 30359 11
32 220 11
45720 45951 11
16128 45265 11
2879 11561 11
45809 49254 11
16154 38183 11
14662 23291 11
5817 29907 11
21757 23916 11
16184 24170 11
21746 22850 11
21743 39447 11
21737 43087 11
16189 46702 11
21718 23828 11
16194 48478 11
16195 19661 11
21706 43239 11
16204 36172 11
16206 43326 11
25091 31633 11
13348 39730 11
25166 48904 11
13361 44976 11
166 29472 11
13367 46142 11
25145 25465 11
3496 35874 11
13370 40611 11
3496 32476 11
6620 24913 11
13382 23841 11
13387 48937 11
25101 36259 11
3491 5747 11
3503 16056 11
3490 4736 11
13418 49944 11
40564 44968 11
6614 24860 11
3478 8239 11
3478 5386 11
13460 45729 11
40594 40717 11
6610 42956 11
13484 49101 11
3470 5800 11
13493 22255 11
24946 48955 11
13271 49528 11
13196 47933 11
13198 26504 11
1366 1392 11
6652 23506 11
6652 8508 11
6651 39886 11
5321 46554 11
25368 42487 11
13229 47239 11
25349 31573 11
13245 30495 11
5322 44435 11
25282 43085 11
3520 38250 11
13502 47971 11
1383 24209 11
25280 39696 11
40419 49529 11
6643 25871 11
13297 41000 11
25243 33396 11
25242 38531 11
3509 27900 11
13323 43130 11
13324 27590 11
13326 49803 11
25193 48339 11
25183 27259 11
40905 49969 11
13628 39282 11
24791 44474 11
40742 43176 11
24787 30668 11
24777 41287 11
6575 33576 11
24774 32750 11
3431 26589 11
24728 48494 11
24728 42986 11
13666 41863 11
155 39090 11
6565 44015 11
24706 34174 11
1446 45169 11
13691 40548 11
1463 47429 11
3419 25064 11
24674 27482 11
6538 8907 11
24670 46624 11
13707 41116 11
1469 4788 11
24643 37170 11
24639 31033 11
6530 10700 11
13713 47645 11
13721 15713 11
3451 3611 11
1428 17641 11
24917 37185 11
40652 49722 11
24915 43697 11
40663 41399 11
13537 36155 11
24896 26346 11
24891 26222 11
24889 32176 11
14339 26714 11
13558 35453 11
24880 29571 11
6595 48901 11
24872 44310 11
13176 37218 11
3450 5178 11
6588 18061 11
3447 8823 11
13585 46253 11
24846 48256 11
6586 32921 11
13597 33440 11
3444 8468 11
13598 34828 11
13600 49398 11
40713 48760 11
1445 26919 11
6584 30561 11
12708 39679 11
12657 36304 11
3665 39017 11
39987 46160 11
26098 43883 11
26097 36785 11
6739 25606 11
12668 17171 11
1276 1546 11
26079 36828 11
5295 16993 11
3655 22659 11
12701 35725 11
26031 38131 11
12708 33151 11
26119 42479 11
26004 32711 11
6727 31175 11
3648 20749 11
25987 33222 11
40027 41036 11
12803 18196 11
6725 21892 11
3629 7886 11
12821 16769 11
6711 8423 11
25888 43284 11
25885 34219 11
5305 15739 11
12624 42057 11
26250 26722 11
1252 41831 11
3693 12211 11
12570 17496 11
1254 36827 11
26232 26885 11
12582 35300 11
12589 29110 11
26205 40601 11
26199 43183 11
39890 47451 11
12602 47063 11
12607 17261 11
1262 27022 11
3623 20982 11
39916 40042 11
3677 7505 11
6750 27536 11
39959 47493 11
26155 41677 11
26144 44194 11
12638 47665 11
3670 36774 11
1268 7241 11
26134 38161 11
12651 39897 11
12652 22690 11
3667 36883 11
25548 48426 11
25654 38458 11
12996 19908 11
40259 46222 11
176 1001 11
25637 49049 11
13014 18694 11
13023 19045 11
40290 41597 11
13032 21850 11
6674 26737 11
3573 5013 11
25593 27568 11
1343 6455 11
3568 33441 11
12991 47226 11
13107 26187 11
1349 5559 11
13109 33409 11
13123 31740 11
25500 33842 11
25488 34471 11
6668 44324 11
1355 27446 11
13155 20882 11
13157 43123 11
13158 44384 11
1357 33708 11
6668 29454 11
25794 38588 11
1300 14165 11
12833 49404 11
25869 31188 11
12834 42099 11
1302 31076 11
12848 14750 11
25834 36648 11
12857 41820 11
12859 13295 11
3615 39005 11
6692 11877 11
40234 46567 11
25821 47511 11
24884 40301 11
25784 31975 11
25775 27475 11
1313 44964 11
12905 26603 11
12906 25503 11
12908 24209 11
6685 35833 11
1318 16479 11
3604 41200 11
178 12311 11
1326 24008 11
1326 44026 11
1330 18573 11
24017 46557 11
6471 39924 11
13856 39352 11
6352 30526 11
14168 44252 11
14144 35604 11
24008 27027 11
41220 42205 11
14127 35893 11
13841 47598 11
24349 42147 11
1513 7076 11
1552 19458 11
6467 38838 11
14109 36964 11
13885 18541 11
24332 37766 11
24042 42345 11
24471 30447 11
23929 44112 11
41077 46303 11
41093 45538 11
14199 23472 11
1493 1713 11
1493 29403 11
24479 49650 11
13797 24214 11
14103 25205 11
14184 36107 11
24464 42120 11
23958 41895 11
24448 27846 11
14174 31627 11
24441 34437 11
6485 22420 11
13829 14255 11
1539 13475 11
41436 42759 11
14058 38153 11
14006 33985 11
24152 38319 11
14015 14122 11
14015 15263 11
14052 14654 11
24127 40791 11
24100 45333 11
14046 16485 11
6419 42963 11
14040 22301 11
14018 23230 11
5390 13432 11
1537 36730 11
41480 48141 11
6422 25471 11
13937 43389 11
6450 12194 11
6450 11044 11
13925 31368 11
41748 42086 11
3362 24393 11
6389 6817 11
13932 20127 11
24267 38560 11
3378 35530 11
24182 36494 11
24063 42064 11
14067 43207 11
13985 49112 11
13990 14927 11
24169 47560 11
1542 26540 11
13997 34118 11
6517 42779 11
14336 25894 11
1486 10628 11
14329 17396 11
41943 46436 11
23891 30208 11
6337 9507 11
13761 30788 11
6335 45960 11
42060 42302 11
13737 17090 11
23809 47601 11
13758 36369 11
23753 38673 11
41989 49163 11
42016 43448 11
13778 23705 11
14294 20982 11
6331 15509 11
14279 43198 11
1584 2481 11
3285 5536 11
1482 48891 11
13751 34992 11
23780 35021 11
6335 6758 11
24572 42985 11
117 21554 11
14289 49942 11
13750 22679 11
3408 26411 11
41873 45527 11
13732 36974 11
42083 48996 11
40946 40955 11
13766 47112 11
3411 9906 11
13776 47978 11
24525 43896 11
40983 42949 11
6345 34815 11
41022 42562 11
8022 11329 12
6673 13814 12
5474 34846 12
6866 35775 12
18756 39460 12
6756 12346 12
5640 42975 12
6867 43370 12
18477 37470 12
7476 17377 12
6753 22746 12
4912 23658 12
6861 33716 12
6414 47136 12
2438 23638 12
4891 41676 12
6673 11070 12
5750 19625 12
5797 26482 12
8096 26852 12
18479 23247 12
6412 29099 12
4888 49017 12
7335 18513 12
5069 13773 12
5109 16802 12
7471 34386 12
6878 44044 12
8067 31449 12
7270 9941 12
6287 33919 12
6309 27442 12
7460 23757 12
6877 45242 12
7276 20652 12
5289 29983 12
18474 20227 12
18468 40200 12
5751 33556 12
18700 42660 12
8079 22446 12
5601 9273 12
7458 13195 12
18735 46136 12
6317 48344 12
5771 28910 12
8183 33941 12
6680 48667 12
7449 41347 12
7268 32074 12
7266 46018 12
6193 34877 12
7321 19908 12
5619 45335 12
6730 22406 12
5680 15499 12
8150 24435 12
6849 23941 12
6341 27518 12
6351 47404 12
4870 26084 12
8150 30913 12
7373 9712 12
5258 11210 12
18601 41553 12
5098 25680 12
5719 46285 12
7313 25166 12
5616 15653 12
6158 38338 12
6350 25206 12
7370 36113 12
5698 30505 12
6731 39841 12
5410 45109 12
2411 4169 12
8157 19319 12
4861 37255 12
4864 48500 12
5624 15851 12
7321 11263 12
6826 24723 12
7318 22800 12
6738 37285 12
2393 21159 12
6367 31150 12
5405 14755 12
6214 42498 12
5104 49137 12
5275 14020 12
5276 49500 12
5294 7898 12
7330 47905 12
5610 7762 12
18973 49151 12
6858 46764 12
18455 25686 12
18598 44358 12
8106 42282 12
18751 27033 12
6389 34762 12
6403 8826 12
5396 32312 12
6215 24535 12
8176 23668 12
18833 30325 12
5103 10973 12
7385 41230 12
6265 38964 12
6710 32966 12
6362 6921 12
6353 11596 12
7312 11265 12
5726 10180 12
2438 4341 12
5673 13740 12
5257 13289 12
6722 19828 12
18904 29916 12
5188 5998 12
7162 35921 12
6058 21041 12
5506 23306 12
5185 5373 12
6593 36740 12
5918 32484 12
7161 47371 12
5367 28114 12
6499 40656 12
6490 10079 12
7091 28349 12
6046 10258 12
7778 15038 12
5019 20749 12
5543 12415 12
6045 33004 12
6045 11741 12
6584 12578 12
7140 9666 12
7629 17703 12
5903 46038 12
5206 39908 12
6475 26940 12
5199 8017 12
5157 5551 12
5336 10646 12
18916 32268 12
7059 10092 12
5336 15534 12
7589 10110 12
5337 10764 12
18536 26029 12
5504 20417 12
7819 17085 12
4965 33454 12
5554 39323 12
6062 10512 12
5190 22510 12
7802 19044 12
7793 37196 12
7589 19600 12
7674 30801 12
7661 8485 12
2420 4823 12
2406 42360 12
6520 14290 12
7723 40586 12
7663 12393 12
7713 23904 12
7671 48914 12
4994 38755 12
6537 22284 12
4989 19098 12
7136 18412 12
6529 28856 12
6536 32442 12
5987 21218 12
7712 38328 12
7130 29520 12
7680 8871 12
7711 11491 12
18792 28559 12
5975 8589 12
6583 39558 12
5535 48853 12
5343 5689 12
5181 24550 12
7637 24032 12
6577 34696 12
7764 18031 12
2405 41706 12
18799 30246 12
5346 8643 12
5036 23601 12
6016 25157 12
5977 45121 12
6016 9932 12
18537 47918 12
7118 37546 12
2406 27508 12
7727 31044 12
7120 40460 12
6553 46666 12
7243 45720 12
7976 11369 12
7500 19607 12
7963 12644 12
6935 35122 12
5526 46273 12
4928 17935 12
6432 24099 12
7956 25885 12
7510 40270 12
6649 17273 12
18822 40052 12
2409 40795 12
5322 44433 12
5587 27615 12
7931 19967 12
18937 30821 12
18494 41226 12
6128 10267 12
6943 11307 12
7520 26457 12
5826 26618 12
7993 25601 12
5804 6753 12
6160 18931 12
6897 46154 12
2363 4233 12
5061 34712 12
7266 11146 12
5133 32732 12
6159 39967 12
7261 39696 12
7260 49497 12
6947 31821 12
7987 27411 12
18683 43508 12
5810 10492 12
7982 25244 12
7497 16074 12
5476 6024 12
7976 36601 12
6666 38362 12
6654 19630 12
5376 11931 12
7883 49478 12
5852 19396 12
5212 28451 12
7203 41944 12
18877 35370 12
7871 10104 12
7566 16380 12
5153 14754 12
7857 17344 12
18817 41784 12
7884 29087 12
18511 49112 12
5862 6406 12
5864 46963 12
7838 26293 12
6619 19979 12
2417 8907 12
7835 21193 12
7009 42588 12
7571 15788 12
18875 43755 12
5148 48516 12
7537 8772 12
7914 35395 12
6640 30720 12
7912 8822 12
6097 22129 12
6958 33740 12
4942 11108 12
6633 6800 12
6438 40671 12
4914 15336 12
6625 42229 12
5835 34214 12
5044 13360 12
5576 32448 12
5217 46660 12
18507 19078 12
6978 16829 12
18561 38842 12
6442 21607 12
13772 23192 12
17549 23271 12
17546 27081 12
13709 34454 12
3416 9591 12
13728 49555 12
13736 17582 12
2615 26363 12
13743 15219 12
3405 28046 12
13756 48157 12
13770 27511 12
13681 37918 12
13780 22407 12
13782 23538 12
2619 27466 12
13782 33072 12
13793 47982 12
3386 22377 12
13847 44332 12
3377 41429 12
13857 23838 12
13859 34484 12
3374 10958 12
13620 26252 12
3472 19596 12
3470 25762 12
13502 34240 12
13517 47685 12
17588 27170 12
13534 16296 12
13564 44134 12
17584 47000 12
13583 40665 12
13592 30985 12
13613 30665 12
13881 25102 12
17575 23016 12
13632 14218 12
13636 25264 12
13639 22675 12
13640 46018 12
13641 39192 12
3429 18826 12
3427 15877 12
13669 40370 12
3424 30653 12
17437 27154 12
14169 34605 12
14182 29463 12
14186 44574 12
14189 17034 12
14210 34617 12
14221 29026 12
17446 18587 12
14223 38047 12
14251 16655 12
3288 5197 12
14277 25180 12
3313 29219 12
3284 44196 12
3283 36371 12
14300 33951 12
14313 29353 12
3278 3522 12
14336 30481 12
3274 5824 12
14349 38638 12
14365 19865 12
14368 17867 12
14077 14489 12
13888 48177 12
13899 35482 12
17513 48361 12
3353 15388 12
3345 24431 12
14006 42495 12
14018 18396 12
14029 24109 12
3338 26533 12
14033 29126 12
14040 45446 12
13462 19030 12
3328 3946 12
3327 24853 12
3327 3360 12
14093 23704 12
14095 45427 12
14099 16776 12
14100 41892 12
14115 23060 12
3318 43023 12
14145 16682 12
12562 23639 12
12440 46467 12
12446 19848 12
12454 36274 12
12455 15096 12
12457 41542 12
12460 34316 12
12461 47932 12
12462 48254 12
12473 22427 12
12516 35177 12
12542 45212 12
17736 22193 12
17715 22431 12
12582 48553 12
12596 29101 12
3681 22861 12
3679 8841 12
3675 34007 12
17703 38117 12
12633 37458 12
12659 43155 12
12662 29845 12
3751 49291 12
17777 23481 12
12176 18632 12
12176 35738 12
12181 20041 12
12194 17982 12
12209 16934 12
12240 36931 12
12297 22212 12
3759 19308 12
12302 22927 12
2572 5835 12
17697 36912 12
12341 14047 12
3744 18874 12
12365 30668 12
12393 42084 12
3738 19766 12
12397 12882 12
12397 18530 12
17740 48629 12
12420 20352 12
12430 31861 12
13249 31573 12
3563 37875 12
17642 26044 12
3549 32458 12
13167 40050 12
13171 35412 12
3538 44389 12
13208 45460 12
13210 19953 12
13215 27504 12
13224 37193 12
13242 45832 12
13073 29783 12
3515 42223 12
13295 23713 12
13296 43817 12
13306 19046 12
13323 37345 12
3498 18901 12
3493 28693 12
13402 28188 12
13431 30231 12
13457 24999 12
12862 40056 12
3660 36008 12
12692 31792 12
12706 36211 12
17694 26832 12
12721 16287 12
12776 37537 12
12806 28672 12
12807 14855 12
17688 45178 12
3626 9743 12
12829 38983 12
14376 37260 12
17670 20291 12
12887 19788 12
3604 45164 12
12918 19278 12
12940 27934 12
13007 48484 12
13009 36731 12
3577 31616 12
3576 17308 12
13064 17542 12
16157 21232 12
15992 32050 12
15994 24872 12
2904 15704 12
16021 49404 12
16058 40166 12
16084 22173 12
16095 31069 12
2882 44895 12
2880 37623 12
16128 28508 12
2878 15674 12
15954 45065 12
16158 28015 12
2678 44254 12
16207 42190 12
16225 20936 12
16262 23240 12
17173 18790 12
16274 35192 12
2849 42716 12
16277 32951 12
2846 49429 12
2683 8781 12
15836 20981 12
2668 25616 12
2669 29603 12
17234 37922 12
2952 38788 12
2952 37661 12
15768 30799 12
15782 43608 12
15786 32371 12
17228 29053 12
15798 42153 12
15822 22064 12
16319 28125 12
15853 48172 12
2932 32215 12
15861 39404 12
15874 26547 12
15875 24814 12
15877 31964 12
2674 7594 12
15894 23982 12
15912 16874 12
2915 18461 12
16860 19404 12
16720 25074 12
16727 16964 12
16736 31239 12
17106 29036 12
16753 23172 12
16786 24917 12
16789 21877 12
16804 26609 12
16818 20494 12
2697 28785 12
16857 38250 12
2766 21709 12
2736 13389 12
16912 33607 12
2701 6092 12
16942 39664 12
16997 46884 12
2712 22245 12
17014 27966 12
2708 3156 12
17038 19540 12
17038 19727 12
2801 11771 12
16339 42379 12
2830 43859 12
16375 30303 12
17152 18987 12
16376 23530 12
16390 45370 12
16401 31417 12
16445 27034 12
16445 46141 12
16459 18004 12
16469 31521 12
2967 47731 12
16533 39774 12
16554 27326 12
2785 27331 12
17129 30939 12
16610 17207 12
16621 45227 12
17122 21780 12
2776 6438 12
16635 34992 12
2772 7670 12
14827 33662 12
3187 9493 12
3182 17969 12
14734 31750 12
14736 38884 12
14745 20361 12
14750 27169 12
14754 21006 12
14755 44760 12
14777 48041 12
14792 37972 12
3159 46375 12
14689 35544 12
17370 35942 12
3156 4008 12
3155 10070 12
3153 37177 12
14852 21391 12
14853 35832 12
14888 27273 12
14903 28852 12
14973 15045 12
14999 35483 12
14555 47904 12
3264 43527 12
17417 29393 12
14408 15556 12
14408 20492 12
14440 26603 12
3240 4523 12
3237 25373 12
3237 14148 12
3233 9822 12
14534 36998 12
14543 32871 12
15004 20388 12
14577 29620 12
14609 18253 12
14609 35475 12
14616 18889 12
14626 43643 12
14638 28228 12
14639 19640 12
3202 10550 12
3198 10442 12
3195 43064 12
3007 29846 12
15331 22886 12
15340 17264 12
3034 17703 12
15375 33666 12
15378 18514 12
17295 27164 12
3021 19591 12
3021 8670 12
17286 31316 12
17286 24765 12
15471 41155 12
15314 47395 12
15518 45251 12
15529 36100 12
15531 23075 12
2660 9315 12
15562 30159 12
15569 38875 12
15579 25058 12
15593 38154 12
2662 5424 12
15694 16097 12
15144 15728 12
3114 39778 12
15026 40117 12
15032 17752 12
15067 18194 12
15082 17902 12
2648 39523 12
15089 42803 12
15099 29947 12
17333 27526 12
15129 18770 12
15140 29196 12
17781 48419 12
15168 18629 12
15199 31475 12
15201 19299 12
3068 45981 12
15206 43027 12
17324 21583 12
3057 40698 12
15268 22858 12
3051 28383 12
15298 48263 12
18212 34880 12
9390 25123 12
9396 30921 12
9397 45454 12
9405 28914 12
4515 20528 12
9427 21121 12
9475 42709 12
9475 44315 12
4497 18853 12
9487 49389 12
9490 16140 12
9383 16645 12
9527 17420 12
4486 29943 12
9535 30586 12
9543 46277 12
4478 8197 12
2485 12278 12
9579 47763 12
4473 14226 12
9611 24652 12
9613 19028 12
9627 24050 12
9268 28499 12
4587 46865 12
4587 5142 12
9197 13383 12
9201 17228 12
4579 34809 12
2474 11225 12
9217 40572 12
4569 18248 12
9249 29058 12
9251 16777 12
9268 24298 12
4457 45093 12
4560 37590 12
9284 10277 12
9309 13699 12
18256 45339 12
9310 12342 12
4535 6137 12
9352 39429 12
18239 23643 12
9353 16866 12
9361 17887 12
9989 26527 12
4394 9409 12
18164 23597 12
4381 6439 12
2495 10365 12
4373 11292 12
9950 24472 12
4370 41405 12
4366 49082 12
9965 32911 12
9971 12651 12
9971 22578 12
9868 18647 12
10034 22061 12
10041 12334 12
4338 46365 12
10056 30907 12
4329 33520 12
4326 17328 12
10100 47226 12
18126 48190 12
10100 47848 12
10105 29279 12
9752 10781 12
9655 14446 12
9673 22603 12
9686 16928 12
9690 24511 12
9691 20918 12
9702 33220 12
4439 14065 12
9720 37769 12
4433 9250 12
9748 14345 12
9748 41759 12
9170 12436 12
9755 35568 12
9768 23826 12
4422 21381 12
4414 5414 12
9800 46991 12
4412 6775 12
4411 14890 12
4402 45447 12
9836 48070 12
2493 40828 12
18366 24047 12
8537 22686 12
8577 31430 12
8587 29042 12
8595 9321 12
4744 48670 12
8619 34322 12
8621 20901 12
4729 10401 12
8686 49207 12
8693 20886 12
4719 46510 12
18391 30919 12
8714 9812 12
4714 23499 12
8723 38288 12
8725 34698 12
8748 46731 12
18358 30834 12
8779 18554 12
8779 46493 12
8798 25520 12
8804 36805 12
8361 11092 12
8194 30097 12
8220 35914 12
4839 12652 12
8268 17210 12
4831 32210 12
4829 34133 12
4824 11284 12
8342 17394 12
8350 12044 12
8354 44279 12
4810 25160 12
8805 32451 12
8390 19517 12
8399 9765 12
8422 17259 12
8432 49504 12
18401 39497 12
8448 25986 12
4782 10371 12
8469 14593 12
8483 30605 12
8514 22188 12
9034 21645 12
18319 35902 12
4657 21788 12
4655 26844 12
8935 15216 12
8953 43278 12
8959 21135 12
8965 49439 12
8979 18986 12
2466 31383 12
18303 48369 12
9029 17740 12
8917 10445 12
9048 21325 12
9065 14519 12
9090 21213 12
9093 22421 12
9096 21533 12
9116 43416 12
18293 22706 12
9125 32623 12
18289 35261 12
9152 13496 12
4673 6767 12
8809 45470 12
8817 36784 12
8828 18117 12
4683 48994 12
4683 8279 12
4682 18398 12
4681 32867 12
8845 38735 12
8853 39016 12
18345 37053 12
8855 44007 12
10107 12363 12
4672 10538 12
18340 48631 12
18340 26920 12
8887 37544 12
8890 21216 12
8891 32563 12
8897 34315 12
4664 13501 12
4662 5393 12
8913 10062 12
11364 16102 12
11238 21386 12
11245 16523 12
11267 38838 12
4004 48612 12
11279 16955 12
11303 19062 12
11310 32744 12
3993 35357 12
3991 36774 12
11333 41263 12
11337 36816 12
17901 34907 12
11380 18091 12
11425 29852 12
17880 49338 12
11461 28994 12
11463 45951 12
11474 23389 12
3951 11810 12
11528 12747 12
11529 26845 12
11552 38503 12
11569 27609 12
17923 44236 12
10942 26521 12
10948 35256 12
4087 22900 12
10963 32219 12
17934 42083 12
10992 38035 12
10993 28523 12
4075 47607 12
4073 20840 12
17928 19004 12
4066 11813 12
3933 47379 12
11070 49283 12
11082 22534 12
11105 15945 12
4042 31402 12
11123 12378 12
11135 19361 12
11150 41622 12
17907 35570 12
17903 27440 12
4023 19267 12
17813 40553 12
3852 5895 12
11921 19169 12
3843 29379 12
3843 27403 12
11940 14368 12
11943 22988 12
11957 49368 12
3838 29685 12
3835 36705 12
11976 24585 12
11979 21132 12
11865 11913 12
11996 30848 12
12008 15104 12
3817 11117 12
12075 25666 12
3808 11469 12
12084 15379 12
3805 22675 12
3796 18243 12
3795 14561 12
12150 36560 12
17857 22623 12
11591 23482 12
3929 7727 12
3925 46911 12
2553 6896 12
11617 44074 12
11621 34685 12
17863 28686 12
3911 41984 12
11661 34422 12
11671 37372 12
17858 47815 12
10941 16016 12
11690 22120 12
11691 25155 12
11694 13754 12
11731 49223 12
11735 38656 12
11753 23383 12
3880 5298 12
3879 37760 12
11846 33078 12
17829 44696 12
4235 27784 12
4254 49299 12
18063 30666 12
10330 17450 12
10333 45262 12
10352 20090 12
10357 15850 12
10365 40817 12
18061 18070 12
18059 22118 12
10378 44798 12
10398 23046 12
10323 16741 12
10418 14623 12
4218 11983 12
4218 4651 12
10457 21847 12
2519 24029 12
4210 10508 12
10486 16339 12
10487 19554 12
4198 46975 12
10526 11978 12
10225 14120 12
4322 41484 12
4320 44065 12
4318 49025 12
2501 29051 12
10122 45557 12
10131 23133 12
10138 33893 12
10154 26530 12
10162 10626 12
10166 10718 12
4298 21780 12
10526 17492 12
10252 17106 12
4272 7261 12
4270 33259 12
10296 24068 12
2508 19127 12
10306 15652 12
10311 31177 12
10312 21882 12
4258 49386 12
10318 39468 12
10886 25172 12
10808 34805 12
10825 17473 12
4123 46874 12
4123 7915 12
10836 13840 12
10843 48098 12
10844 45035 12
2530 32508 12
10858 21878 12
10867 48152 12
10868 45672 12
10800 17453 12
4106 38355 12
10890 17315 12
10898 16448 12
4101 48695 12
10911 27502 12
17942 48106 12
2534 24689 12
4097 15536 12
10933 15602 12
4092 11772 12
10671 14112 12
10532 44735 12
10536 42555 12
4176 28612 12
4175 39511 12
10612 31380 12
10621 22274 12
10622 13607 12
10632 30622 12
10647 44088 12
10651 16378 12
10664 33130 12
8187 30862 12
4158 17601 12
2526 9153 12
10704 21008 12
10756 16395 12
10758 43637 12
10772 18396 12
2528 3141 12
10794 49822 12
17971 49246 12
10796 33639 12
22106 23023 12
22215 32899 12
33798 34455 12
22211 42962 12
1829 10925 12
22199 29429 12
22187 23121 12
22165 33599 12
22163 44899 12
22161 34312 12
22156 37922 12
33836 43691 12
1841 31971 12
33871 41578 12
33794 42510 12
22091 42266 12
22090 40395 12
22084 28994 12
33911 48465 12
33941 42532 12
33947 40360 12
33954 48678 12
22044 24161 12
22034 27702 12
33972 40967 12
503 46105 12
22011 22364 12
22322 28325 12
22444 34861 12
57 183 12
33423 43449 12
33425 48957 12
33444 46712 12
538 29033 12
22398 24566 12
22389 37934 12
22387 46292 12
22380 40806 12
22353 26431 12
22352 30038 12
33974 46731 12
1813 34814 12
1814 12357 12
22295 37705 12
33683 40985 12
33685 42407 12
526 13028 12
22282 31180 12
22280 29492 12
33729 43470 12
22246 29957 12
520 624 12
22221 32197 12
21588 28728 12
39474 47363 12
21717 29073 12
34334 46642 12
21672 40185 12
21668 23351 12
21657 27804 12
21653 28849 12
34379 38932 12
21628 25914 12
21609 43104 12
21609 40703 12
1917 26391 12
45028 47036 12
1892 34140 12
21581 23637 12
1923 14552 12
45057 47747 12
21554 39764 12
34445 34822 12
34451 45663 12
1928 12723 12
41 4696 12
21513 40794 12
34533 36899 12
1937 2834 12
21458 24855 12
489 25715 12
39555 46350 12
21975 23550 12
499 45654 12
21953 48018 12
21949 33123 12
34045 44236 12
21912 23806 12
497 16384 12
34064 36306 12
44646 46716 12
44701 49385 12
21856 49284 12
22448 28357 12
34175 38998 12
487 7301 12
21798 37117 12
21797 26104 12
21786 27532 12
486 30054 12
34205 49360 12
483 40675 12
21768 42341 12
34267 46198 12
1892 21615 12
34277 39083 12
22982 48995 12
39985 46379 12
1686 48418 12
23093 32363 12
597 38623 12
32653 38369 12
32653 42425 12
43586 49406 12
1700 4787 12
68 44466 12
32712 43889 12
32731 46169 12
23009 25918 12
1707 5675 12
1683 35235 12
39965 45683 12
589 37420 12
589 34063 12
22973 28760 12
22965 28276 12
32779 40877 12
22957 45246 12
22954 38342 12
22952 31331 12
22934 30049 12
22901 45610 12
32877 40326 12
32415 45449 12
1637 6190 12
23404 31363 12
1638 46723 12
23384 36473 12
23379 47833 12
40066 46271 12
23353 26674 12
32318 46595 12
40030 45142 12
623 6935 12
32365 43720 12
23316 31682 12
32893 47590 12
23280 42641 12
23279 23791 12
616 1455 12
23255 36289 12
32459 37812 12
23228 37391 12
32490 42689 12
32515 37594 12
39999 42646 12
1676 20725 12
23181 28618 12
23172 25567 12
58 41121 12
22626 46111 12
559 23146 12
33197 46129 12
22618 40481 12
33198 47358 12
33203 44103 12
22600 48292 12
1769 35504 12
22580 23286 12
39766 41596 12
555 23338 12
22571 40214 12
60 32357 12
44150 46292 12
22539 38508 12
552 2410 12
22524 35224 12
57 9210 12
22513 32751 12
548 42795 12
547 18298 12
22485 29417 12
33379 49804 12
33381 35190 12
22467 47829 12
33021 49571 12
1722 33009 12
39881 42617 12
22858 26670 12
22848 30821 12
32937 44770 12
22836 27947 12
43836 45914 12
575 4420 12
64 9249 12
32962 43900 12
22800 25997 12
33011 46933 12
21455 25403 12
33033 40528 12
1744 6653 12
22731 35160 12
22722 26267 12
22698 44120 12
22688 42662 12
1753 34374 12
1757 31536 12
22661 48059 12
1760 9596 12
22634 39992 12
33196 47337 12
46855 49624 12
338 39874 12
337 14865 12
336 2036 12
227 31785 12
20078 30925 12
2178 3234 12
2178 4378 12
2178 12035 12
36739 45956 12
2180 10466 12
20026 42098 12
326 20529 12
38966 48355 12
36587 45533 12
2190 39675 12
321 29090 12
19965 48612 12
2192 33994 12
321 1774 12
19951 38150 12
19949 38820 12
19938 34193 12
36998 37021 12
46998 47326 12
37002 45607 12
2198 49156 12
351 13202 12
20386 42522 12
20369 37740 12
36262 36725 12
20354 26568 12
20353 22391 12
2129 42848 12
352 18076 12
39033 46317 12
20303 28939 12
39028 49258 12
20292 38372 12
20287 36390 12
19903 35999 12
20285 23532 12
20264 26646 12
345 9889 12
344 48160 12
20187 28040 12
46514 47903 12
20184 36376 12
20184 29837 12
20180 20273 12
39000 40289 12
20159 43079 12
340 8654 12
19588 34375 12
19704 30495 12
37359 40884 12
37364 47877 12
19694 24284 12
2233 4767 12
19681 32329 12
19673 28407 12
19670 40591 12
37443 39547 12
292 40132 12
38864 44025 12
2247 2619 12
19601 20509 12
37354 41704 12
2252 14643 12
37603 41670 12
285 48664 12
19568 42351 12
285 4842 12
47723 47903 12
19524 35962 12
8 42024 12
19520 47399 12
2263 18441 12
37712 42628 12
19486 36608 12
37146 38979 12
19898 49668 12
37017 44279 12
19884 29045 12
19879 39460 12
19870 45096 12
37046 38656 12
37052 37351 12
19863 19962 12
314 1238 12
19846 38189 12
2207 8155 12
19827 27451 12
20405 45504 12
308 4675 12
37146 47073 12
37158 48494 12
37185 38078 12
38917 40152 12
37235 48721 12
19743 26551 12
19742 43911 12
2225 2231 12
37305 41843 12
47256 48106 12
37326 45455 12
35122 42047 12
35009 41784 12
1992 38149 12
39301 48772 12
427 8097 12
21127 39539 12
1994 26443 12
35041 44585 12
21120 31770 12
35079 43946 12
1999 29370 12
21080 47910 12
21079 46799 12
35109 39337 12
428 43859 12
419 3102 12
21042 43642 12
21038 28311 12
21019 42806 12
35172 49237 12
20993 34790 12
20963 43298 12
35247 36588 12
20931 42722 12
20919 24395 12
35339 48795 12
35384 49374 12
21269 36063 12
39449 42581 12
21442 39917 12
34570 45626 12
34584 37208 12
34590 44085 12
21401 48331 12
21366 32518 12
1955 48758 12
34693 46178 12
21320 32753 12
21284 33365 12
443 15259 12
35432 43215 12
34831 41245 12
39364 45594 12
21253 22241 12
34878 41547 12
34893 35729 12
21178 45837 12
21174 26033 12
21170 22062 12
34971 43600 12
34977 35721 12
21167 35679 12
39302 46429 12
20477 41439 12
381 26057 12
20641 35189 12
39118 42676 12
20624 22647 12
375 30115 12
20565 23724 12
20551 43745 12
46202 46679 12
20528 40910 12
2099 11653 12
36002 46013 12
20493 21264 12
2077 6351 12
2110 2297 12
36050 39206 12
223 582 12
20453 49960 12
36076 48570 12
36100 37122 12
36187 46811 12
20425 24777 12
36207 40043 12
36207 47740 12
36215 48392 12
357 48694 12
20756 47127 12
20847 29108 12
20826 24763 12
35488 46605 12
20818 30488 12
20813 49700 12
2045 25826 12
35504 38798 12
2049 33650 12
20788 33880 12
35523 42758 12
20782 25719 12
20770 20992 12
633 935 12
20752 23524 12
45859 47427 12
29 40663 12
20731 35690 12
35642 37069 12
35643 36600 12
35672 39307 12
45914 46271 12
387 5369 12
35701 42703 12
45959 47478 12
20675 31069 12
1238 30654 12
26476 27739 12
29433 44161 12
26467 43084 12
1228 48878 12
41966 49382 12
26437 26919 12
26435 31421 12
29464 48482 12
1234 16243 12
26411 49315 12
894 11219 12
26386 47980 12
892 38980 12
900 43412 12
26371 35831 12
26365 46225 12
40808 47112 12
891 3627 12
29500 41719 12
29511 39496 12
42012 46802 12
29522 37354 12
26326 27857 12
1248 1706 12
26280 37873 12
40797 44045 12
29287 41948 12
29213 46217 12
924 16435 12
26745 29750 12
26731 47655 12
26725 37113 12
26714 33710 12
920 11890 12
29267 42713 12
123 6512 12
26693 42722 12
1206 10513 12
29284 42277 12
29552 36896 12
29294 35899 12
41883 41944 12
41889 43402 12
26619 46054 12
1213 35279 12
29326 45344 12
26567 45500 12
29385 48960 12
40826 45511 12
26515 32819 12
26508 42974 12
29423 33900 12
29925 47165 12
112 12847 12
29789 34218 12
860 17611 12
1287 2466 12
25970 34456 12
25968 32428 12
29821 37269 12
25962 32623 12
29834 30808 12
29838 38118 12
29856 44382 12
850 1259 12
25877 39308 12
26000 38662 12
1308 28260 12
25820 39735 12
29956 42455 12
840 1849 12
40667 42200 12
40664 47353 12
25753 43283 12
1321 3295 12
25720 49271 12
25702 34299 12
25697 39150 12
834 1614 12
42071 47839 12
26258 37426 12
29557 35363 12
29558 43852 12
882 1287 12
42053 42419 12
29614 48950 12
42060 42525 12
29631 49617 12
29632 45003 12
114 44573 12
29648 36311 12
26153 46755 12
41794 47909 12
29658 48643 12
26127 49498 12
26121 45238 12
26119 48655 12
26099 44939 12
29734 32934 12
1279 43081 12
26051 49310 12
26037 38979 12
112 39345 12
863 24410 12
26000 45988 12
995 46771 12
27747 40531 12
27738 48839 12
41361 46043 12
27686 31479 12
137 9333 12
1089 34971 12
28327 43034 12
27656 46206 12
28353 39117 12
1093 40343 12
28389 42781 12
27557 35772 12
997 30979 12
41329 43267 12
1107 30108 12
28516 45264 12
41500 43963 12
41504 46803 12
27443 34737 12
28560 33943 12
27421 47975 12
985 3407 12
1119 30428 12
27376 30250 12
41546 48591 12
27342 49577 12
27865 29319 12
28003 34923 12
28009 39999 12
28011 39479 12
28014 39527 12
27952 42987 12
1054 22958 12
28041 46004 12
41217 43587 12
27912 33740 12
41245 45928 12
28079 31862 12
27874 39275 12
41559 46509 12
1067 38708 12
28151 31254 12
28157 42419 12
28186 34522 12
28187 28304 12
27826 28270 12
28203 38796 12
28212 43184 12
41166 48044 12
28233 30526 12
28238 47028 12
41151 46468 12
29063 46184 12
27031 27833 12
28959 29575 12
27020 41024 12
40918 43319 12
29004 36114 12
1172 10325 12
942 35881 12
26944 40739 12
29021 33600 12
41718 45788 12
26938 47363 12
29038 34416 12
28951 32115 12
29065 40288 12
26913 47388 12
29129 48772 12
1188 35308 12
930 4003 12
26813 39730 12
928 6114 12
26793 29666 12
26787 34648 12
26763 34480 12
26762 49762 12
29206 34575 12
28748 40823 12
27318 44037 12
27312 39106 12
1132 22774 12
974 3963 12
27292 32392 12
1134 27473 12
28705 48825 12
27241 44448 12
28734 29160 12
970 24175 12
27232 31054 12
1140 16291 12
162 10348 12
27202 47921 12
28760 34358 12
28771 35974 12
28775 40818 12
27165 36457 12
27123 37915 12
28867 49171 12
27076 44884 12
1159 8373 12
953 4137 12
1161 1640 12
27046 49084 12
24143 39866 12
24300 48513 12
1525 6436 12
24235 32732 12
31299 46146 12
24197 31921 12
175 43764 12
31329 38592 12
24174 35758 12
24169 45889 12
708 3070 12
24148 29363 12
31377 40061 12
704 2027 12
24307 40229 12
24143 26626 12
702 22526 12
40271 47612 12
24124 32133 12
43019 48068 12
31410 46315 12
24060 43422 12
31451 39930 12
31453 43239 12
31454 35558 12
31457 42246 12
24047 42274 12
24471 28792 12
24573 43813 12
42816 48935 12
24522 44055 12
40365 43800 12
31011 34980 12
24512 47097 12
735 954 12
733 1190 12
24501 28149 12
24491 35610 12
731 24881 12
31056 32410 12
24040 30832 12
24469 38139 12
24458 48759 12
40354 44854 12
31096 44500 12
24432 35625 12
88 13140 12
24403 41229 12
24358 40818 12
1511 10075 12
31173 35377 12
42930 47213 12
40305 42377 12
23532 28276 12
23741 46528 12
31880 44876 12
1598 38045 12
31920 48786 12
31923 39035 12
31999 36812 12
43257 45052 12
76 1083 12
32023 32672 12
23547 30657 12
23539 38239 12
32036 42828 12
23760 46238 12
32057 47552 12
32061 49471 12
23506 38896 12
32109 40542 12
23482 29275 12
32134 40382 12
1628 8673 12
43301 43899 12
23450 33217 12
32180 40718 12
23431 49172 12
23422 23766 12
1566 3784 12
31477 37104 12
24025 42752 12
24025 38208 12
43036 49162 12
24022 35716 12
24014 30669 12
24001 24523 12
31524 47654 12
1560 1680 12
31545 33708 12
31565 34881 12
43102 47718 12
30974 44526 12
23912 40164 12
23875 48954 12
1575 4972 12
23843 27424 12
40210 49241 12
23833 47278 12
31755 48142 12
676 46897 12
23827 32532 12
31766 49433 12
23816 34008 12
31811 31925 12
30303 40751 12
25430 46351 12
30259 32541 12
30267 46691 12
42449 42798 12
30273 30720 12
25410 27576 12
807 17271 12
25385 27520 12
25382 33956 12
30287 34703 12
25370 25512 12
30291 33159 12
25362 30559 12
25443 32954 12
25355 30515 12
25331 29101 12
30332 34361 12
25305 32684 12
30351 45400 12
30361 39178 12
30365 34178 12
1383 19327 12
796 17212 12
30400 40384 12
792 28946 12
25241 35195 12
25607 47518 12
30043 48352 12
833 9488 12
40644 46018 12
25662 46376 12
30069 49797 12
30071 33952 12
25641 44484 12
1333 49758 12
1335 5994 12
25630 46318 12
25627 39356 12
1338 2607 12
25231 34293 12
25594 28761 12
30120 46111 12
25585 39444 12
1342 46605 12
105 46428 12
25525 26791 12
30167 43858 12
25514 29378 12
25495 31200 12
25491 49725 12
40598 49287 12
30228 35595 12
30812 43272 12
761 32336 12
30717 41341 12
1438 24799 12
1439 3110 12
24850 47544 12
1442 5147 12
24834 40858 12
30774 36519 12
24824 38317 12
24814 45367 12
24813 28122 12
1449 20203 12
764 14073 12
752 6026 12
1452 22277 12
24770 35472 12
170 34294 12
24721 44410 12
40403 40589 12
1462 33048 12
1468 4045 12
30907 32127 12
30910 47233 12
24627 25241 12
42802 44467 12
30549 41566 12
42499 48079 12
25223 28718 12
25219 33990 12
1396 42340 12
1399 35823 12
25167 45148 12
25147 43884 12
30487 42594 12
30503 30967 12
782 44960 12
168 1922 12
781 2694 12
1684 15633 12
25061 48536 12
25012 27660 12
25011 41018 12
42552 45754 12
1421 3790 12
30609 31648 12
30622 33956 12
770 1754 12
24958 45619 12
30655 34388 12
24948 37644 12
768 2237 12
19398 27010 12
19097 43269 12
37793 42447 12
19180 25912 12
2282 6472 12
19063 31844 12
19071 32949 12
19333 31274 12
18978 21010 12
275 17612 12
48774 49761 12
37922 44350 12
38362 47255 12
19235 41571 12
38706 41248 12
37843 45907 12
2283 5186 12
38816 41871 12
38294 48497 12
48855 48991 12
19355 31858 12
19010 37637 12
19026 22917 12
37927 43986 12
273 1650 12
2321 13172 12
19353 41973 12
19146 41308 12
2323 40721 12
266 2489 12
38228 44736 12
19404 25887 12
48557 48650 12
38280 42081 12
19005 23914 12
38367 45252 12
266 10895 12
19363 40166 12
38277 47509 12
19017 35560 12
19250 37674 12
37799 46323 12
38263 38717 12
19280 45648 12
19060 29062 12
19444 33781 12
38713 48331 12
2295 35222 12
18994 39713 12
235 7602 12
38513 40899 12
38646 49420 12
35018 48364 13
2622 27968 13
9902 19798 13
30686 34079 13
2279 2362 13
16724 44488 13
15278 27967 13
20402 26539 13
30685 31270 13
2118 46180 13
3051 45790 13
9915 27310 13
766 46783 13
1992 48480 13
767 43283 13
3464 23788 13
13512 41602 13
3051 30356 13
2115 22776 13
45443 46259 13
565 8149 13
13575 33213 13
13573 46154 13
15259 46284 13
13570 35519 13
1751 29023 13
9887 31589 13
36168 45041 13
42636 42971 13
4389 13984 13
4999 9988 13
1752 14297 13
6205 9454 13
36218 39799 13
9901 24621 13
17501 34000 13
42629 46335 13
7221 17968 13
2616 33038 13
13552 29370 13
30707 33167 13
170 868 13
8112 17910 13
35019 44201 13
765 27958 13
765 38360 13
13539 27073 13
19258 27818 13
36271 48810 13
2764 43593 13
24996 35783 13
16713 42409 13
13450 45238 13
43999 46741 13
33168 48704 13
5004 28003 13
44003 48558 13
36260 45026 13
1418 27122 13
9968 40607 13
7671 36844 13
7157 21159 13
9974 36045 13
40482 41750 13
6974 21689 13
13425 45441 13
20361 34452 13
13423 44068 13
1412 13445 13
5777 40471 13
17559 39251 13
34985 46224 13
15317 33372 13
1761 49649 13
25068 33850 13
39777 48371 13
8833 9415 13
4358 8417 13
2610 36500 13
1989 4064 13
42583 45801 13
13506 42268 13
42587 45551 13
3465 40117 13
4677 10787 13
36231 47649 13
13496 26200 13
1757 2014 13
8853 44726 13
13493 18382 13
19147 29170 13
2121 13859 13
42584 42949 13
9933 39557 13
13489 39527 13
8885 42786 13
6210 46549 13
15297 33227 13
771 37539 13
15298 33799 13
13475 26232 13
9951 21711 13
17539 19124 13
20380 24562 13
1421 18937 13
15304 23466 13
13468 37725 13
2123 12914 13
1420 36140 13
356 9890 13
4882 23701 13
2123 15082 13
24567 31268 13
9777 13306 13
43857 46952 13
30952 46578 13
30953 32419 13
35983 47905 13
15166 20441 13
13748 23150 13
1734 15150 13
36007 42221 13
24566 36618 13
15164 34186 13
15163 44051 13
9765 43496 13
1483 8697 13
6654 30084 13
4890 39056 13
5597 41322 13
36027 47018 13
20476 41390 13
7155 13186 13
1471 5166 13
1471 46508 13
2106 15341 13
18491 24609 13
9788 18143 13
30920 43714 13
13766 26201 13
24626 46572 13
8912 15401 13
32996 49449 13
3412 45161 13
30937 41410 13
30938 34776 13
32990 42796 13
8929 36973 13
13786 41614 13
15149 29380 13
9733 29738 13
13792 32318 13
1495 26414 13
6170 29988 13
17378 48636 13
24476 25348 13
4981 16799 13
32954 45826 13
2643 9725 13
20521 22464 13
19176 25442 13
31077 37774 13
20523 45503 13
9730 16047 13
22821 49936 13
24526 45733 13
9749 36902 13
19169 47228 13
31015 36484 13
31018 36352 13
6905 44660 13
18653 42591 13
31039 33261 13
22793 28387 13
2099 3030 13
6014 11876 13
370 22884 13
4431 9516 13
7756 37811 13
22831 41417 13
9740 17487 13
4991 22523 13
24791 44688 13
18647 33829 13
2389 19044 13
9839 42149 13
30824 31322 13
5781 41735 13
19157 20458 13
7718 38512 13
48104 48192 13
42726 43103 13
13645 26351 13
22737 23992 13
8889 49750 13
36071 47001 13
35034 49371 13
30827 43025 13
42755 47124 13
13616 38553 13
6641 29682 13
24838 45005 13
7101 14682 13
13598 46609 13
3059 33336 13
24828 42148 13
1747 29187 13
38388 45302 13
13657 49196 13
24816 28708 13
17582 33398 13
13619 29529 13
9848 33016 13
36080 36135 13
38095 43953 13
16745 37475 13
24678 47276 13
569 35397 13
17441 20438 13
3422 31726 13
20460 29796 13
4988 34851 13
5784 19443 13
16765 33181 13
13692 27902 13
13688 26319 13
20465 43752 13
20465 49534 13
17425 28666 13
13699 36005 13
7732 17529 13
63 768 13
15189 27692 13
30848 48371 13
1744 49456 13
48275 49807 13
5286 39588 13
22755 24837 13
4990 18504 13
18771 45024 13
4990 10633 13
24713 43849 13
16739 44185 13
5654 32807 13
9819 13633 13
19407 38917 13
42761 46901 13
33066 47379 13
4408 10426 13
19162 42887 13
15433 39100 13
10203 12767 13
2381 22601 13
3018 33018 13
13063 44399 13
2 42238 13
106 1176 13
20226 27360 13
25572 26800 13
8791 29407 13
3567 18642 13
1778 9792 13
13082 14446 13
3566 28843 13
13087 23492 13
17696 21292 13
36467 37593 13
13089 29113 13
13038 13250 13
25621 31161 13
1337 2870 13
39011 39332 13
5764 33367 13
30096 42938 13
6267 11831 13
6996 15718 13
40639 48597 13
30126 38162 13
828 863 13
36481 38471 13
3016 36443 13
5030 15809 13
15444 27567 13
1341 17239 13
20218 39424 13
8801 12635 13
15422 20205 13
30193 33549 13
6261 33667 13
3555 5339 13
3554 43672 13
3553 47070 13
30197 42336 13
17673 41760 13
19269 31293 13
4309 48702 13
7608 19726 13
20249 45039 13
3551 37068 13
13151 23220 13
13152 43243 13
30201 40025 13
15415 35273 13
820 3142 13
4296 29767 13
13096 35140 13
16633 48569 13
30138 36182 13
16633 49018 13
21203 30419 13
4299 19795 13
36443 44653 13
1336 45781 13
25518 46948 13
345 19283 13
25516 26000 13
5851 22616 13
10164 34718 13
5654 9383 13
4306 36893 13
10251 30113 13
12940 48673 13
12941 26173 13
30012 43478 13
30014 49928 13
25711 42208 13
6274 36333 13
8759 19973 13
30027 41556 13
36552 38847 13
15481 17521 13
18846 26806 13
25690 41041 13
10251 27389 13
6274 33630 13
7078 33518 13
8143 21630 13
21214 22157 13
12923 22194 13
108 10010 13
10276 39680 13
12913 39536 13
39719 40503 13
19277 30142 13
16605 21795 13
29999 35819 13
36563 45035 13
15478 17256 13
248 39471 13
6598 48315 13
46568 49730 13
17748 41778 13
20172 26452 13
18623 49187 13
15485 32571 13
5033 10487 13
8770 9327 13
13001 21064 13
17716 48990 13
10224 21522 13
21210 48135 13
33357 42042 13
13009 22380 13
8778 32610 13
8769 29780 13
15455 17700 13
17712 29282 13
1335 7164 13
4288 5595 13
6998 7647 13
34886 46673 13
25622 32110 13
2156 30106 13
25685 34966 13
6273 21501 13
10241 30493 13
8762 23613 13
22494 39007 13
5439 23619 13
12983 34385 13
10233 15198 13
13159 33241 13
36520 44655 13
10225 41458 13
25655 49346 13
25652 44232 13
36501 47033 13
5035 41880 13
25650 33340 13
42494 46143 13
30410 41875 13
2385 22306 13
45308 45781 13
13314 48557 13
15365 33906 13
20317 44750 13
16673 27263 13
22 8438 13
25243 47373 13
13319 39257 13
4343 15890 13
22593 33239 13
10027 18849 13
5993 30062 13
5012 30291 13
30440 43082 13
39036 46359 13
25254 40590 13
25261 41019 13
36334 42032 13
1386 7755 13
13291 21851 13
10058 18770 13
15376 17239 13
2134 44457 13
8818 41669 13
25191 40839 13
21178 48489 13
33261 44042 13
20313 32526 13
33252 49566 13
21176 45579 13
5450 11132 13
5014 15587 13
9989 38923 13
8122 22133 13
20345 29692 13
19419 25578 13
25125 25274 13
30513 33169 13
430 13507 13
2311 3210 13
24441 26197 13
3496 10681 13
1988 16141 13
15331 21159 13
1407 34428 13
39036 47946 13
1762 6338 13
17575 48430 13
19416 20758 13
4357 15457 13
15344 45256 13
13341 38810 13
10020 19611 13
34971 37825 13
42504 47611 13
30462 41023 13
20334 22961 13
1400 13254 13
30464 45232 13
25262 25885 13
22609 37253 13
7661 28782 13
13356 30530 13
13361 21387 13
25152 47287 13
22615 43575 13
10010 36312 13
33280 41968 13
810 19559 13
10123 23480 13
20271 47509 13
30264 35437 13
7628 49527 13
10121 12732 13
10120 18453 13
6921 44365 13
20267 37883 13
4692 27381 13
39332 39415 13
3029 4651 13
10112 44921 13
19120 42078 13
4691 6612 13
30288 30592 13
17645 38602 13
5768 31012 13
104 166 13
15412 32406 13
30211 39046 13
25460 30350 13
4313 12459 13
7620 22805 13
8803 33122 13
10134 24817 13
6921 31518 13
33287 40880 13
5446 42451 13
2382 32844 13
25443 28332 13
20263 35290 13
10129 25237 13
10129 19689 13
10062 13416 13
800 1668 13
13258 21457 13
33269 45837 13
17633 18379 13
13274 38590 13
8816 47291 13
2600 6067 13
34965 41338 13
25301 39970 13
3519 6081 13
5992 13203 13
13288 18472 13
25264 42760 13
17624 36880 13
10059 21604 13
17619 24886 13
25347 40251 13
19122 48249 13
30296 42075 13
5986 37478 13
37856 41767 13
40588 45083 13
30304 37527 13
1374 1868 13
7636 27004 13
16695 38013 13
30320 33464 13
36346 38713 13
16660 24511 13
25319 42678 13
30342 35796 13
19126 20648 13
5988 25321 13
3248 28901 13
31972 45805 13
40139 40655 13
3252 42922 13
3251 27810 13
23135 46496 13
3250 9602 13
17090 17479 13
31998 39133 13
23593 46152 13
4538 35511 13
1614 4070 13
17088 34123 13
1684 3501 13
6711 23659 13
32009 48445 13
9107 33110 13
5664 21723 13
23621 48611 13
6707 20299 13
9365 44017 13
23638 45058 13
659 41170 13
23626 45882 13
19236 48776 13
14863 43994 13
45843 48979 13
7927 27484 13
658 9770 13
7912 46337 13
23132 33899 13
9105 41831 13
7913 42847 13
1609 10624 13
1610 22916 13
35236 44570 13
4936 15529 13
18517 43775 13
14510 48207 13
6086 8835 13
23516 45955 13
32094 39435 13
3233 28046 13
9117 49388 13
32085 40723 13
40107 47127 13
14529 15746 13
14531 19212 13
32113 40800 13
2286 20995 13
5586 45012 13
6083 25464 13
14496 17323 13
6091 12789 13
23159 46590 13
9323 41964 13
2046 39749 13
23532 36262 13
23528 34094 13
4606 35106 13
6883 11167 13
3260 4256 13
7130 12890 13
2703 46684 13
17069 19000 13
32071 39745 13
14497 48836 13
20957 49375 13
6712 17914 13
78 1032 13
219 9987 13
23744 47771 13
9419 17146 13
19210 49453 13
9409 13858 13
9407 31891 13
1592 47036 13
14920 23150 13
7214 41865 13
35592 39024 13
31863 45326 13
23718 42094 13
6701 20287 13
23717 38092 13
40198 41525 13
7896 19555 13
7892 38486 13
23793 26790 13
35181 35773 13
9436 14028 13
23784 34021 13
23772 25692 13
23067 42202 13
8039 37389 13
38796 44751 13
38764 48381 13
4948 24867 13
1587 4414 13
2736 17592 13
14924 21863 13
21003 43751 13
597 605 13
32650 36230 13
20774 49474 13
14399 41888 13
43222 48373 13
35550 40221 13
20771 20945 13
3261 42149 13
14401 25116 13
23648 26032 13
662 3495 13
14398 34266 13
3261 24185 13
661 39550 13
1603 36473 13
23123 31411 13
20780 36921 13
14408 45922 13
5817 6341 13
14379 46568 13
23712 38600 13
20759 33916 13
35205 38773 13
31894 49487 13
23694 32757 13
2053 5063 13
8024 9962 13
14883 41710 13
5302 42314 13
9099 9388 13
4613 22784 13
35559 48575 13
7906 35889 13
14386 40097 13
23671 40727 13
23654 43540 13
32399 34250 13
23212 30412 13
9209 25307 13
32374 35714 13
3194 3247 13
1670 3540 13
32389 47992 13
14692 49478 13
32391 40460 13
14786 15143 13
43437 43930 13
7995 8213 13
23226 37130 13
16971 26423 13
16971 25659 13
23294 29121 13
3171 34640 13
20896 34264 13
1673 5618 13
16995 25890 13
9231 48014 13
14654 41584 13
1647 38634 13
16991 47340 13
40037 44533 13
35416 43232 13
32505 35601 13
7992 40958 13
7965 9265 13
16987 28743 13
9218 14387 13
23333 27727 13
32361 43785 13
9213 17286 13
9147 20594 13
35360 42981 13
32434 45674 13
9178 25847 13
23257 40140 13
20913 41285 13
9175 45238 13
14754 20724 13
20912 39505 13
35341 37957 13
45693 48440 13
7985 20818 13
23237 25339 13
3176 6679 13
7986 30243 13
6731 14917 13
4594 19836 13
20910 38934 13
4918 41545 13
1658 3541 13
4923 32098 13
2720 27253 13
5505 21481 13
4918 9052 13
14772 24624 13
7975 18943 13
14771 41585 13
4573 4765 13
23275 43555 13
40020 46449 13
14738 20298 13
23268 36252 13
2031 39180 13
19391 42531 13
20915 39071 13
14582 48353 13
5499 10830 13
17036 30172 13
23436 48054 13
4560 6615 13
4932 25390 13
9270 37525 13
23428 36492 13
9269 16538 13
40099 42088 13
32194 36494 13
6718 22864 13
7950 18979 13
32207 34683 13
5508 8148 13
45668 46259 13
23413 26219 13
3222 25370 13
14541 28970 13
23180 40230 13
9294 12361 13
7941 33914 13
5295 11804 13
32134 35270 13
9287 14415 13
14816 25637 13
3215 8166 13
7946 21980 13
23461 41796 13
9278 38223 13
4559 7145 13
23450 33408 13
1632 4506 13
32519 43320 13
32512 37854 13
32265 34183 13
14630 14769 13
403 12772 13
2399 24165 13
408 23983 13
32265 47721 13
9242 38948 13
4570 11926 13
23382 42743 13
9240 12252 13
14635 34389 13
1645 20839 13
32293 48054 13
23355 34958 13
20863 44202 13
8001 12719 13
9253 11200 13
14598 38075 13
14601 46157 13
7954 30572 13
17018 21203 13
14603 36431 13
23403 43524 13
23396 47130 13
38171 45267 13
20731 35312 13
20846 47398 13
43324 46005 13
30 36417 13
3210 23484 13
43332 44726 13
20848 28585 13
32259 43908 13
31246 45512 13
13931 34157 13
8997 30132 13
31241 49369 13
15068 15151 13
6156 9314 13
46077 49060 13
2428 7379 13
24273 32359 13
1716 5097 13
8078 43966 13
1523 10427 13
2746 46270 13
1524 2107 13
2657 8538 13
24247 47921 13
13946 22332 13
4460 44048 13
4641 19115 13
8989 19954 13
20612 39529 13
35864 42909 13
21068 43533 13
1718 3005 13
15085 43446 13
3363 39899 13
7798 43097 13
20632 45546 13
48611 48825 13
46123 48287 13
4894 44474 13
32824 44356 13
6025 13940 13
715 3133 13
5792 14666 13
7823 40852 13
13993 47880 13
8074 13475 13
6895 48185 13
38320 42855 13
17269 34933 13
7821 44368 13
32782 47682 13
5169 19874 13
19186 47881 13
4465 37917 13
3344 6782 13
31356 42131 13
14004 23941 13
31366 33637 13
1535 3459 13
35129 35675 13
31300 34569 13
39291 43201 13
9001 49723 13
2658 7230 13
13958 41906 13
1526 29716 13
13959 41448 13
40296 43345 13
2079 34375 13
717 44698 13
9004 18665 13
31310 42072 13
17273 27932 13
8074 33667 13
24184 31721 13
7821 8609 13
9007 48584 13
3382 27597 13
1726 6721 13
35917 43899 13
19405 26205 13
17357 33835 13
9702 47720 13
3382 49206 13
20547 36228 13
39096 41664 13
19178 24385 13
42840 47726 13
19248 24250 13
1724 49193 13
1723 47361 13
17345 47387 13
9698 18341 13
24404 26601 13
22847 29515 13
15143 36219 13
21093 38502 13
13822 16092 13
31094 38846 13
13822 44288 13
20530 22267 13
7767 9097 13
7776 25394 13
9713 27905 13
7767 13316 13
3386 37093 13
40634 47373 13
35930 43213 13
20542 24625 13
31117 49626 13
32852 42169 13
15099 15143 13
31153 31180 13
15098 15469 13
13870 35193 13
17321 17843 13
24352 47299 13
20591 39466 13
3372 20833 13
17327 18569 13
20591 44878 13
2392 30362 13
4971 46533 13
9662 30453 13
21079 36989 13
45515 47458 13
8987 29770 13
3377 35583 13
13850 18735 13
4442 31974 13
31137 47498 13
374 30913 13
5787 9577 13
8963 31297 13
17337 48063 13
24380 28609 13
14016 21081 13
7784 14374 13
3377 20827 13
7784 29828 13
42873 48323 13
9684 39495 13
13860 14945 13
32861 46391 13
4953 16765 13
31609 43720 13
9504 17744 13
31612 42036 13
40237 49743 13
32724 43886 13
2679 7792 13
2066 23315 13
31621 47522 13
20698 32592 13
31623 43884 13
1567 2082 13
9490 45300 13
45908 48747 13
31652 33039 13
17181 37363 13
3304 7018 13
23033 33820 13
14178 31297 13
14166 34073 13
32745 44662 13
5244 17323 13
31580 38101 13
7853 14515 13
6128 49407 13
31597 35336 13
14175 42151 13
415 23515 13
5244 17571 13
48497 49465 13
14180 33462 13
7858 26870 13
14985 20954 13
9041 35739 13
45929 48835 13
31762 41220 13
9066 49627 13
23837 44279 13
7127 8185 13
20722 48279 13
43585 46437 13
677 734 13
2683 4618 13
14268 16024 13
23838 48036 13
6117 6362 13
23061 35462 13
23062 26856 13
9076 19931 13
31787 42087 13
673 49919 13
23793 34160 13
6890 11206 13
14957 48534 13
23900 24304 13
14221 44632 13
23896 41035 13
21013 48855 13
9480 40540 13
14954 29010 13
45879 46307 13
40241 49675 13
23048 49532 13
3132 43096 13
23857 34615 13
9471 49352 13
31699 44749 13
23852 24191 13
48389 48850 13
14076 31171 13
5513 24193 13
2667 22202 13
24100 38814 13
7833 13058 13
17245 31509 13
9574 33891 13
9024 24158 13
24089 32171 13
1710 18121 13
24065 26622 13
15020 36447 13
1546 28278 13
17238 47458 13
15014 20566 13
22974 29395 13
256 41885 13
32764 48744 13
48576 48756 13
17254 33999 13
1711 28940 13
14020 35878 13
14021 19686 13
14021 37247 13
14035 20847 13
16839 28105 13
17236 23988 13
6027 10177 13
1710 25864 13
3113 13487 13
31398 49392 13
2743 37307 13
15029 15466 13
14058 29709 13
31543 44247 13
31516 33549 13
7847 21643 13
16850 28277 13
14148 35961 13
4486 39640 13
14153 42973 13
22988 40278 13
39972 48565 13
15005 17850 13
8054 43530 13
31548 39576 13
2072 5416 13
43739 47777 13
14159 34800 13
31568 35671 13
6891 39249 13
696 15682 13
18528 40027 13
24055 26939 13
15011 34348 13
15007 42348 13
4480 5302 13
32752 47666 13
24028 46210 13
3323 5778 13
1728 25451 13
43742 44391 13
4899 31117 13
14123 46817 13
14126 23526 13
22986 39375 13
5483 32438 13
20660 49800 13
4097 11725 13
27168 36317 13
2439 23521 13
3841 9165 13
2904 5266 13
27156 43741 13
19745 31209 13
8245 39697 13
2492 43197 13
34035 41224 13
10919 47779 13
21934 43527 13
10914 44581 13
7374 15124 13
28837 32503 13
21936 36113 13
19753 44727 13
7371 19340 13
10938 12897 13
28784 40743 13
19726 22503 13
1146 31872 13
44646 46895 13
8451 22344 13
965 15163 13
495 3077 13
27117 38006 13
18431 32808 13
18178 19005 13
34066 39007 13
27178 29929 13
19741 27995 13
21903 29459 13
47250 49446 13
953 26494 13
28897 35138 13
2909 23635 13
12004 30805 13
34596 41748 13
37202 46556 13
33995 38086 13
4106 45984 13
15980 21287 13
7246 29532 13
44618 45941 13
18928 35902 13
33990 42954 13
21406 29833 13
5547 10793 13
18135 39672 13
151 6675 13
8479 12900 13
28847 42150 13
34022 43025 13
27112 30586 13
1153 24321 13
10903 24791 13
27093 40090 13
10900 17314 13
11982 48069 13
10938 26440 13
18151 19860 13
1157 44084 13
1157 45964 13
27073 34589 13
6846 21969 13
2817 38872 13
27065 43035 13
28675 38479 13
11826 48497 13
21854 26860 13
27309 40909 13
19692 21593 13
6405 34716 13
11835 39253 13
18428 32399 13
7346 36172 13
5914 34510 13
19695 39320 13
5551 33272 13
2484 47641 13
2351 7058 13
11841 34486 13
10986 20879 13
463 6219 13
44783 48382 13
6411 23730 13
1879 9138 13
11803 24319 13
21839 45165 13
1128 12315 13
5912 7260 13
16096 19615 13
27332 29702 13
2440 6669 13
2418 25323 13
8263 14756 13
44773 45147 13
27322 43748 13
34139 44795 13
2233 13200 13
4787 6744 13
5101 27505 13
10957 24109 13
2228 20743 13
34128 40012 13
16058 30809 13
969 27633 13
28749 30174 13
6401 36538 13
34100 43215 13
10965 35676 13
27205 38577 13
5710 30493 13
11894 12596 13
11898 20237 13
967 37992 13
28780 38281 13
34579 42197 13
4772 47207 13
971 6688 13
5644 25657 13
5103 21876 13
16403 44106 13
463 1413 13
27249 48305 13
19707 35679 13
492 5564 13
11 37042 13
16402 38854 13
1137 8808 13
1136 38821 13
7352 13177 13
28706 47998 13
6508 13454 13
37087 39929 13
3782 33249 13
26806 27078 13
10758 31386 13
3780 35397 13
12205 18267 13
2930 48818 13
4752 13411 13
19839 36319 13
5543 33814 13
12209 44434 13
19842 44325 13
1196 23244 13
33853 46748 13
7049 12189 13
1839 18104 13
514 29498 13
4136 9176 13
15899 43394 13
29088 44712 13
8214 8893 13
1184 34522 13
8534 23293 13
5160 47009 13
12164 24051 13
8538 30887 13
8577 20454 13
47106 49093 13
12171 30437 13
3785 44531 13
18598 21611 13
7048 28918 13
26811 48457 13
3783 8936 13
10696 18719 13
4152 41988 13
29270 30263 13
19303 29017 13
34683 45346 13
41804 44518 13
2518 6613 13
2518 7620 13
12276 29965 13
26698 28160 13
6349 43135 13
16486 29423 13
37047 37424 13
33818 49266 13
918 4466 13
6849 18428 13
2520 5263 13
2211 8587 13
12270 21667 13
37054 44261 13
26706 37329 13
3767 16595 13
2938 33693 13
5945 38243 13
12255 30025 13
29228 47532 13
33830 46943 13
15835 28546 13
922 35343 13
12243 13976 13
922 46819 13
3772 42810 13
12230 17207 13
5937 14715 13
12055 22228 13
8231 27776 13
12056 46220 13
33973 39019 13
18115 28036 13
2297 18290 13
19311 23656 13
8506 46890 13
945 26036 13
26979 30704 13
8512 22575 13
15935 23621 13
22048 28481 13
4763 41995 13
943 2245 13
3806 15467 13
12044 13182 13
12034 37499 13
2912 6331 13
8496 42419 13
4112 44156 13
3818 34001 13
21398 30554 13
7042 39503 13
15955 48196 13
29014 36910 13
5092 44665 13
27014 45850 13
2914 7569 13
27011 45696 13
1857 15198 13
15950 42289 13
15950 39636 13
37119 48232 13
4127 22132 13
22465 35264 13
6807 24571 13
15908 21902 13
12126 40171 13
2924 35010 13
29067 30663 13
1179 7355 13
1850 29707 13
1180 11992 13
7406 42799 13
40891 43039 13
26904 43376 13
6364 49269 13
29080 33380 13
33931 38902 13
11796 44152 13
10811 42195 13
1176 46522 13
7046 9901 13
3801 4402 13
126 36633 13
12102 21341 13
29020 44958 13
19809 36617 13
18099 47308 13
18100 21158 13
37140 47608 13
8522 18609 13
22059 25908 13
12097 40566 13
5544 16210 13
16247 24420 13
1911 7602 13
7277 37219 13
37660 46478 13
5383 34225 13
28229 35486 13
11501 35951 13
45072 45336 13
2855 4697 13
11482 48616 13
3949 5596 13
11235 18829 13
3948 16707 13
18357 28301 13
11519 14354 13
4814 38921 13
18356 34449 13
21643 43664 13
1068 26409 13
21631 44096 13
18372 22562 13
8305 36534 13
16260 45045 13
7270 23790 13
18560 33595 13
8304 41830 13
7283 47424 13
4817 15970 13
8299 22642 13
0 11 13
34378 37735 13
11265 42788 13
8297 12736 13
16252 46438 13
11201 34352 13
5898 30954 13
28288 43011 13
19572 22455 13
1082 14748 13
11209 48807 13
11207 36229 13
8361 23276 13
41133 42006 13
1082 6481 13
2460 35816 13
28307 46919 13
2360 8844 13
4025 41583 13
6486 7224 13
6487 10844 13
21698 36192 13
21676 32081 13
4813 13682 13
28271 42644 13
11224 17118 13
7019 31139 13
11527 20485 13
11528 41475 13
18353 29312 13
18958 42396 13
38673 49276 13
21677 26891 13
28281 34228 13
11216 22543 13
16333 18842 13
34485 38731 13
1904 6947 13
7248 11934 13
2843 22751 13
28023 42081 13
11343 21871 13
41218 48573 13
21571 43998 13
27935 32165 13
280 26054 13
11337 15241 13
2266 37043 13
27964 28873 13
27920 40160 13
11332 36161 13
37716 38228 13
27913 45434 13
2443 20678 13
11409 24272 13
34398 38643 13
18418 47334 13
2357 24538 13
28001 47669 13
11355 23003 13
11363 12966 13
27987 30458 13
11350 40337 13
27986 30875 13
2444 9444 13
11325 38040 13
8314 14019 13
3987 5866 13
280 655 13
3980 47754 13
34427 36014 13
1052 47244 13
19498 46785 13
21608 30894 13
18388 26075 13
27872 30550 13
2450 3252 13
28119 42463 13
5563 13567 13
2850 7843 13
11300 35971 13
5379 40833 13
21544 34824 13
34383 42433 13
11297 16497 13
34381 40061 13
16319 33942 13
5685 18045 13
47811 48968 13
1913 20408 13
11183 24284 13
6458 6500 13
2263 33685 13
5219 38990 13
8307 49972 13
2264 9046 13
34397 37212 13
21547 34707 13
11316 21959 13
18392 49980 13
16290 38944 13
37703 38557 13
27892 32442 13
8310 20846 13
27901 31418 13
16292 19324 13
27439 36163 13
4058 19304 13
8408 24555 13
28553 30646 13
4058 38859 13
6418 27977 13
19647 48249 13
37463 49593 13
27442 35169 13
18269 39737 13
5366 10403 13
28566 32221 13
986 32363 13
5553 42486 13
16134 47481 13
5870 15909 13
28595 40342 13
28524 35328 13
16367 26181 13
4050 13247 13
2473 20993 13
21782 44794 13
3897 46827 13
18272 47321 13
11711 14845 13
16139 27543 13
16374 28659 13
28536 31656 13
21492 28193 13
4056 12248 13
11720 12943 13
232 40531 13
7328 8059 13
38644 42409 13
295 49149 13
27380 32014 13
11770 27694 13
11771 15670 13
44828 44868 13
11020 36783 13
1125 6635 13
21826 34627 13
11018 49686 13
2884 11690 13
27362 35918 13
8426 30627 13
27356 29297 13
28625 42314 13
18225 44779 13
11790 42444 13
11796 16114 13
11699 31596 13
3877 14438 13
4068 4209 13
11030 27448 13
19328 41433 13
7337 42120 13
8269 49823 13
6416 24603 13
8422 22426 13
3881 28284 13
11036 19176 13
1120 15844 13
5203 27564 13
21801 44331 13
7333 11977 13
11752 33762 13
44872 47568 13
5263 37498 13
479 2226 13
19595 41677 13
18312 29182 13
34513 36627 13
11159 26031 13
28355 45544 13
11622 15642 13
1093 23072 13
11623 41838 13
2870 23988 13
3919 7579 13
7304 41375 13
7304 43069 13
11629 44555 13
44840 45889 13
18562 23383 13
4809 42943 13
27662 37397 13
5387 35429 13
1010 34960 13
11593 31850 13
27661 49511 13
16343 18909 13
11599 45509 13
11632 30705 13
11178 44891 13
28339 38351 13
1008 13194 13
2463 49989 13
7295 34460 13
1093 7377 13
11169 43705 13
44834 46350 13
28436 49943 13
27547 29561 13
11674 16542 13
11677 45390 13
27531 33216 13
11678 47825 13
19628 40248 13
16150 38134 13
3907 45855 13
16362 16679 13
11694 36300 13
37504 39177 13
11696 22950 13
8393 48988 13
5700 6017 13
8276 26149 13
22061 37665 13
41453 44977 13
11670 15373 13
48013 48865 13
8382 35131 13
11117 48922 13
2293 42033 13
27555 48531 13
11125 28068 13
27561 32586 13
28413 44313 13
5871 36243 13
11645 22359 13
11641 42962 13
1097 7246 13
1004 18016 13
17928 23819 13
528 46008 13
26273 48404 13
56 34281 13
887 26153 13
15718 19906 13
3640 9791 13
10531 46144 13
5572 9232 13
19972 49368 13
26297 27298 13
1247 1396 13
4193 38356 13
10365 30348 13
22416 43363 13
17929 28754 13
29828 36678 13
17929 43053 13
3704 30037 13
44380 48225 13
4193 7464 13
1246 5964 13
6328 19084 13
4191 47475 13
3638 46136 13
12775 18786 13
12775 42235 13
3645 35161 13
1795 31666 13
36846 49462 13
19078 33457 13
156 41083 13
12564 39867 13
10505 19565 13
17911 44810 13
19283 28208 13
7481 16460 13
1794 40891 13
26252 38782 13
17841 24197 13
5 897 13
5066 43735 13
15709 42630 13
26271 38699 13
8653 27074 13
2188 36567 13
21269 29000 13
858 5079 13
8723 48066 13
19438 22219 13
857 47381 13
8651 35463 13
17920 34940 13
156 19080 13
12446 43273 13
8730 13449 13
10347 44719 13
22280 30179 13
337 361 13
8154 46702 13
26397 33156 13
4251 6345 13
4735 5022 13
19054 35878 13
18462 22089 13
525 19479 13
16519 40504 13
17819 26178 13
33692 34393 13
33702 42823 13
16517 21985 13
320 4618 13
44457 46273 13
22436 41012 13
17818 34713 13
38022 40366 13
2371 24037 13
10570 33331 13
38957 48279 13
6798 9240 13
10575 23721 13
15564 23235 13
1962 7247 13
18617 19641 13
1243 25819 13
12776 36522 13
21260 38547 13
10544 33714 13
12493 28425 13
29834 38140 13
12785 35061 13
17934 33019 13
10545 48588 13
1961 47491 13
325 2118 13
16585 22108 13
10350 17735 13
6330 49411 13
36653 41351 13
18615 49391 13
8639 22419 13
36650 37141 13
10557 31981 13
6333 10476 13
15730 44583 13
1816 29501 13
160 4860 13
10418 25145 13
33560 43600 13
5736 36423 13
5052 7523 13
7509 20601 13
8698 46692 13
40759 41766 13
29663 48253 13
2792 40891 13
42082 48315 13
10419 16077 13
5535 43571 13
17881 23516 13
20028 30832 13
8697 24347 13
2177 12955 13
44240 49553 13
10414 46057 13
15668 16422 13
2790 45454 13
36773 38757 13
3677 9006 13
8704 23673 13
2793 49367 13
36793 37553 13
26177 33099 13
12622 49932 13
29683 48935 13
29712 45531 13
20050 44206 13
12665 21566 13
15633 30312 13
12672 22301 13
29707 40198 13
12675 36883 13
21284 33137 13
29707 33750 13
8689 48357 13
26076 48906 13
8689 29968 13
20053 20472 13
19067 49871 13
1270 13223 13
29680 48928 13
12655 15554 13
18863 24883 13
20043 28118 13
6789 44377 13
6309 21280 13
18617 46508 13
5965 28580 13
26071 30883 13
10446 19087 13
1268 13574 13
56 920 13
36817 41143 13
26011 38878 13
21292 31350 13
10483 37755 13
34760 39809 13
861 49745 13
2185 25510 13
17848 38048 13
5162 40935 13
29590 34171 13
5859 32287 13
22396 31357 13
15692 29601 13
29771 38068 13
3649 6374 13
2377 4524 13
12585 14404 13
26223 40618 13
26225 49423 13
6322 26912 13
17847 31268 13
26235 33818 13
56 22612 13
2988 26814 13
29570 32965 13
22315 41454 13
7164 35251 13
17887 31177 13
2182 38564 13
2548 28622 13
6307 8557 13
12617 42826 13
445 10914 13
12613 48426 13
15621 21437 13
33641 44773 13
4211 19569 13
327 46526 13
36816 44913 13
10687 48072 13
26183 43111 13
36724 49818 13
10473 26063 13
26186 49772 13
21292 25737 13
26020 28719 13
36717 38652 13
20002 39652 13
29607 47968 13
29599 45750 13
3684 35706 13
6304 45661 13
34855 36255 13
12363 14635 13
19084 48632 13
29376 35885 13
33780 48182 13
34853 35098 13
8197 47256 13
7435 20805 13
2567 24667 13
10641 30201 13
3746 26067 13
33416 36321 13
6341 13610 13
33775 38469 13
25840 30204 13
16593 24665 13
2301 35906 13
19904 49077 13
40676 45399 13
26577 38802 13
3746 48033 13
8201 18177 13
6557 40660 13
1309 1833 13
15519 44194 13
21349 49791 13
25847 47746 13
10615 34936 13
17976 38209 13
10615 45914 13
17977 33556 13
12836 35876 13
5076 10806 13
1303 2578 13
29394 29963 13
10623 29774 13
3739 39488 13
5747 11614 13
36590 44492 13
10303 14568 13
6561 20215 13
2948 23981 13
2527 4527 13
29386 33517 13
6339 48087 13
544 5462 13
17792 30263 13
40841 41799 13
316 46835 13
26565 29316 13
16502 17565 13
2525 45603 13
3757 39873 13
10294 11225 13
29973 45975 13
26640 27650 13
6280 14632 13
25764 38337 13
12312 34024 13
3608 18833 13
12899 34038 13
10680 18355 13
1957 45150 13
22191 26129 13
29286 30879 13
8149 13588 13
248 4931 13
17765 22484 13
44468 49654 13
544 37222 13
20155 49051 13
12300 44453 13
12300 26909 13
2202 8305 13
3606 6017 13
12909 17463 13
20158 48289 13
16488 47509 13
12324 35394 13
29311 30853 13
19046 25282 13
1309 36054 13
19897 38019 13
10659 11723 13
10300 18109 13
33798 42339 13
33413 33582 13
12326 21517 13
4264 26503 13
29303 38717 13
34861 44516 13
12433 29990 13
7057 11350 13
8202 23751 13
6344 45967 13
10677 43574 13
12888 23961 13
15516 35554 13
3755 18583 13
8748 24997 13
12316 17996 13
29963 32045 13
17770 32749 13
2194 26476 13
10323 14383 13
29465 45466 13
1226 48224 13
15766 38832 13
29433 40633 13
2954 28990 13
39691 48052 13
5341 18297 13
7553 30630 13
12825 46177 13
2998 25051 13
4855 32647 13
12417 28457 13
12431 13089 13
5073 22911 13
17966 47180 13
4741 9210 13
22441 39707 13
15760 34682 13
29459 45982 13
16589 49033 13
25906 26823 13
6947 33871 13
26426 27520 13
29464 33500 13
10589 46570 13
25899 37079 13
12413 13611 13
25878 37559 13
10318 43672 13
29405 42929 13
319 29636 13
17974 27810 13
15773 21276 13
18451 22770 13
25896 38935 13
15543 31536 13
543 13252 13
36981 42943 13
10586 33887 13
29891 31785 13
40689 45604 13
25913 39861 13
5950 35740 13
29459 31587 13
5416 9697 13
12833 29112 13
42155 43702 13
15550 35743 14
3171 13077 14
14808 22043 14
5982 38601 14
23121 38114 14
3161 40337 14
22524 25847 14
2841 5951 14
34409 35663 14
547 30219 14
6835 20829 14
22550 44174 14
198 35551 14
33342 49594 14
33423 43898 14
9133 15383 14
21760 49679 14
23129 25267 14
547 21595 14
19338 38368 14
1669 18458 14
16166 27954 14
21647 30758 14
4706 5912 14
15630 15757 14
23119 31648 14
9162 39476 14
4706 17988 14
32581 45872 14
15506 23391 14
22554 46860 14
4602 13908 14
8753 47006 14
611 3827 14
6788 25940 14
2874 15901 14
5295 20783 14
9096 30894 14
8398 34665 14
32590 46134 14
33572 37489 14
33396 49558 14
9091 42832 14
23201 23790 14
15448 44872 14
15544 36105 14
21567 33433 14
16233 34093 14
44951 49690 14
18561 19299 14
34372 34719 14
5264 41194 14
8804 9704 14
16229 35051 14
8739 36288 14
23231 45320 14
15486 39086 14
16304 27148 14
483 23635 14
544 24774 14
18567 31976 14
3207 19538 14
44 2139 14
33322 41162 14
15525 34416 14
14840 23521 14
15565 22180 14
21629 38796 14
4810 28817 14
23205 40280 14
33372 33786 14
5982 22463 14
9117 9997 14
18621 45260 14
4696 9021 14
32538 35928 14
21636 45035 14
9114 17241 14
23203 31328 14
23155 34316 14
14790 45261 14
23153 39218 14
1784 10074 14
15578 19056 14
21698 26682 14
22418 38451 14
22503 49952 14
15568 20977 14
268 14983 14
23162 27090 14
9141 45156 14
9118 27624 14
22500 26047 14
21697 37346 14
3011 35335 14
8794 23067 14
6784 36992 14
21706 49256 14
14797 35418 14
14798 35067 14
15474 22607 14
22536 38357 14
33308 49211 14
39996 47700 14
15523 17044 14
8759 43289 14
8740 22830 14
549 10094 14
23222 42401 14
33442 46284 14
4601 34957 14
33450 37796 14
8747 48084 14
34294 38690 14
19286 45332 14
14774 43808 14
1791 44219 14
15517 30620 14
8802 29900 14
2416 46337 14
8379 14484 14
38025 46243 14
16223 22481 14
23182 44823 14
4808 11755 14
4601 33075 14
14783 30156 14
22506 26306 14
22507 35781 14
14778 27678 14
2986 12864 14
5903 23090 14
4822 25181 14
22550 40372 14
14823 16530 14
32555 38315 14
16183 25990 14
15603 47866 14
21746 40818 14
4611 13955 14
22440 35040 14
3024 23100 14
16288 39819 14
15106 35224 14
33958 44080 14
8964 19472 14
32872 37915 14
3053 7219 14
22681 26947 14
32866 37587 14
8508 37339 14
4740 38743 14
6754 31274 14
15942 22490 14
15105 40514 14
44572 46200 14
22247 25348 14
44579 46339 14
8979 49038 14
8981 14731 14
22251 28934 14
33132 45114 14
3054 33021 14
15910 25558 14
15271 17109 14
2922 27777 14
1826 1939 14
6756 32479 14
6808 33198 14
15776 45035 14
8981 18408 14
43972 47453 14
564 10346 14
18658 21927 14
15772 41419 14
6755 21292 14
8522 18488 14
15118 27954 14
18595 34181 14
8483 13449 14
15080 36559 14
33713 48636 14
6000 48078 14
2955 47604 14
4677 19447 14
5930 10742 14
22260 46903 14
38783 49799 14
8485 37054 14
4774 33051 14
2313 10048 14
15748 38729 14
8998 40980 14
43997 48086 14
39542 46446 14
44400 49222 14
1818 2992 14
43803 49981 14
563 12510 14
32855 48562 14
5934 49327 14
33142 48617 14
22907 32406 14
4642 47175 14
15952 25358 14
8617 23293 14
3056 4297 14
15285 26667 14
562 32919 14
8989 19879 14
39935 43133 14
3048 49069 14
15957 48742 14
6814 25793 14
33093 44945 14
22793 43930 14
33804 38100 14
2944 43996 14
15175 37478 14
4661 7178 14
4667 40350 14
33085 42348 14
22738 24404 14
6762 34908 14
8913 21620 14
516 1114 14
22133 43592 14
22129 28043 14
4660 13174 14
19301 37171 14
5943 10765 14
8574 27345 14
15200 37487 14
15812 41704 14
15812 17981 14
38014 45544 14
1740 17269 14
44471 47135 14
6008 8168 14
22780 45604 14
15817 32383 14
4750 19040 14
15213 35536 14
15804 24060 14
22187 45683 14
15197 42986 14
4664 35963 14
5949 20253 14
22791 25933 14
6805 27686 14
15238 16400 14
33885 36656 14
262 48788 14
2928 26971 14
15148 26402 14
202 18868 14
8544 36645 14
22095 34627 14
1827 32061 14
4656 6002 14
8882 11621 14
33111 39712 14
39819 44683 14
3083 15565 14
8603 25441 14
3056 44759 14
15140 26285 14
32968 47059 14
51 6620 14
8571 28698 14
22203 44406 14
22210 47319 14
33866 45968 14
32978 47424 14
15857 25751 14
33796 49132 14
19295 26946 14
6012 12165 14
48182 48719 14
2930 27110 14
15868 48112 14
33875 36449 14
43828 44036 14
39845 46772 14
14948 19745 14
4789 18751 14
1701 3813 14
9059 10709 14
68 2140 14
8671 9944 14
33641 44467 14
21825 34816 14
38143 41711 14
34158 34754 14
18670 44103 14
21815 48749 14
8425 13742 14
15676 20563 14
1698 37464 14
2882 16640 14
15670 37692 14
43575 49498 14
14974 16655 14
8822 29599 14
1878 25280 14
491 1207 14
33644 42570 14
6032 24287 14
1769 10722 14
43724 48081 14
22590 45903 14
4688 28630 14
14973 17201 14
33641 44852 14
9049 36976 14
16102 24839 14
490 18852 14
32707 36606 14
3128 13389 14
22564 48545 14
8406 38821 14
18632 24530 14
15649 49631 14
9082 29067 14
1693 14360 14
4691 8145 14
6826 25048 14
16141 38029 14
38017 39279 14
14909 25185 14
14906 45594 14
32636 48333 14
9087 48340 14
32616 36389 14
3141 20106 14
14897 38363 14
486 7918 14
8411 13081 14
32662 40715 14
8814 11866 14
2882 12006 14
15379 45162 14
21801 29318 14
33594 44526 14
22346 25985 14
23063 25719 14
4630 21276 14
33270 35308 14
1772 38335 14
22347 22963 14
14932 41028 14
21790 35612 14
39773 47161 14
3138 11683 14
32764 49278 14
4776 43919 14
8839 29549 14
22953 48134 14
9015 23628 14
499 6415 14
2403 2919 14
15040 19219 14
1711 1829 14
33171 43553 14
6767 10837 14
15720 21151 14
16036 30463 14
15321 35481 14
6795 10566 14
6027 10774 14
15323 20747 14
7148 46906 14
16004 40640 14
3106 49922 14
22937 40415 14
2907 14316 14
5547 44602 14
16003 28320 14
1715 21078 14
6026 16027 14
6796 8616 14
16047 22361 14
34027 48626 14
2904 30660 14
15722 42970 14
8472 45627 14
1759 23373 14
22652 30415 14
16015 29063 14
1767 2766 14
15339 17405 14
8829 31508 14
15004 29945 14
39624 41119 14
16073 38005 14
44330 45793 14
21858 44134 14
15707 33536 14
33205 41252 14
16085 21903 14
2968 33766 14
14992 20161 14
1705 2976 14
1812 14459 14
33237 33909 14
21850 31219 14
47 3678 14
15715 39964 14
15715 37361 14
7148 10559 14
6983 41012 14
16053 29185 14
34105 49563 14
4633 8137 14
5997 8427 14
14895 15453 14
3117 34260 14
15006 47290 14
4632 8032 14
38040 48821 14
5915 23860 14
22302 49336 14
22303 23038 14
12406 17389 14
18883 42670 14
10567 23735 14
41990 42520 14
12440 32112 14
10569 22649 14
12435 16614 14
26425 33896 14
6564 10676 14
5195 19396 14
897 34846 14
118 29538 14
12421 20713 14
12411 36075 14
19051 40674 14
10566 21345 14
2370 45585 14
38699 41970 14
29403 48021 14
1223 16771 14
10616 49875 14
26546 41756 14
121 185 14
41898 43824 14
7058 42279 14
6560 28309 14
12354 25686 14
905 48438 14
4167 15698 14
12347 41929 14
29327 31116 14
1241 23796 14
10510 19264 14
29549 36187 14
3699 13302 14
4198 7529 14
10518 47717 14
12540 29441 14
10530 26429 14
6327 40731 14
10532 23346 14
12516 29855 14
12511 32129 14
29526 34882 14
5418 47763 14
10539 42134 14
4164 9774 14
891 24098 14
29496 37056 14
12469 13138 14
29495 36686 14
3716 34692 14
29492 44565 14
26390 41586 14
26393 33391 14
26398 37507 14
26399 32311 14
5348 18693 14
26402 28947 14
12452 44664 14
1235 43518 14
3780 30511 14
922 24681 14
2348 11656 14
12241 49338 14
12228 43335 14
12227 49570 14
18906 36405 14
12222 21566 14
41792 45421 14
12220 14415 14
5646 8095 14
12216 28224 14
1196 17326 14
26774 37587 14
124 31097 14
19024 23405 14
6550 19169 14
26801 43762 14
29165 47398 14
10759 27904 14
10761 18538 14
29154 38910 14
26827 35503 14
29149 33201 14
1189 22401 14
3786 37363 14
29127 47389 14
29108 38602 14
10790 26296 14
4133 40811 14
12147 17995 14
10686 43560 14
12337 45252 14
4162 31476 14
12332 43228 14
29305 46520 14
4161 26275 14
2346 6156 14
40852 44314 14
26642 29029 14
4157 42515 14
245 34562 14
12305 25068 14
10682 30417 14
12303 49455 14
18903 35951 14
122 12307 14
12549 41057 14
12297 30168 14
10691 41387 14
12291 14669 14
916 33548 14
12282 44187 14
26683 41015 14
10695 49163 14
10696 17589 14
12274 37156 14
10697 43883 14
40861 46435 14
2369 9113 14
29228 43827 14
1200 12142 14
29871 33974 14
12834 28623 14
10322 38823 14
25876 37313 14
6290 43798 14
25877 30546 14
29897 36271 14
3624 41528 14
10326 32870 14
3625 34301 14
25893 28727 14
10334 38623 14
10335 41962 14
25908 37196 14
40694 43923 14
29881 36004 14
29917 41348 14
4250 49513 14
25931 33378 14
25937 38477 14
10349 37614 14
29864 34337 14
852 23734 14
12776 49265 14
4245 24496 14
159 11932 14
12761 18302 14
10373 13366 14
18858 32813 14
29812 38772 14
29808 46848 14
4243 24149 14
12901 43974 14
10252 26176 14
835 43270 14
25715 43743 14
30012 31367 14
12925 49170 14
29998 40661 14
6279 20195 14
10272 34890 14
40661 48100 14
29989 37260 14
839 2741 14
3606 13973 14
25755 48859 14
25757 27479 14
12904 13035 14
10386 43892 14
25776 26858 14
12890 22258 14
108 29317 14
12886 49987 14
1311 46109 14
5435 8856 14
4263 11009 14
5340 15022 14
10304 42739 14
29937 44903 14
25842 35268 14
29934 36135 14
29929 45757 14
25846 44729 14
26197 43086 14
29670 32793 14
40766 47469 14
12639 26863 14
872 35155 14
29661 44392 14
3673 48523 14
873 11379 14
10453 47766 14
19068 21424 14
29647 37086 14
10465 43313 14
10469 44938 14
49030 49706 14
12611 19884 14
12603 22710 14
12652 13659 14
40780 48205 14
26213 26716 14
29592 49104 14
10483 41709 14
29587 43824 14
29586 47806 14
26228 26996 14
19064 35726 14
26241 46796 14
26243 35089 14
12567 43665 14
6326 17619 14
884 1536 14
10509 47236 14
12689 14245 14
40749 48091 14
25989 34824 14
12730 21965 14
29789 49980 14
12721 48436 14
2377 5568 14
40751 42910 14
12718 32909 14
10398 12668 14
4236 47789 14
1282 25575 14
38521 40223 14
12696 20978 14
10409 16842 14
10414 42798 14
29086 47653 14
29736 36086 14
10422 15318 14
10423 21919 14
12681 18688 14
3660 4556 14
26077 26378 14
26091 32888 14
29712 49858 14
10436 43478 14
10437 22269 14
29689 37003 14
1271 1298 14
870 43190 14
10444 26160 14
27611 40373 14
11681 24702 14
11107 14682 14
4045 23934 14
41451 44395 14
11662 36963 14
27555 48735 14
6494 42272 14
11131 20441 14
28407 45521 14
27595 38504 14
3918 4842 14
3920 6133 14
11155 13637 14
28356 39048 14
11619 19195 14
5643 12511 14
4032 10005 14
27617 32107 14
11164 37639 14
11614 17153 14
28352 40060 14
7022 15808 14
11181 20207 14
3928 35878 14
27662 43378 14
11186 27240 14
28311 30645 14
27712 33265 14
4022 45843 14
11561 48645 14
41149 48861 14
27449 46072 14
11766 28920 14
41029 42971 14
27391 49147 14
28602 30600 14
11036 28977 14
11036 46187 14
11037 16373 14
1118 45298 14
28586 41871 14
7024 19569 14
3886 7880 14
986 1428 14
27431 34673 14
11729 48022 14
11724 13088 14
11553 28536 14
41490 46505 14
11712 39749 14
49658 49717 14
28511 37606 14
11707 16122 14
27496 41728 14
27499 48811 14
1106 3943 14
6426 16906 14
11698 25917 14
28493 41501 14
11695 35440 14
2361 4586 14
28469 49197 14
11425 46648 14
27839 49976 14
11285 19009 14
4003 13078 14
27851 37828 14
1032 10458 14
27857 43604 14
28138 48716 14
5374 13302 14
27865 46892 14
28130 34048 14
41210 43343 14
3969 21473 14
28113 40782 14
11426 38985 14
27886 31514 14
1068 32453 14
27891 33139 14
3995 33020 14
28106 35387 14
3971 28011 14
28089 43341 14
11326 49356 14
3991 4539 14
11334 37496 14
3988 37133 14
1052 48150 14
1052 28070 14
27968 46558 14
27979 32856 14
27985 49513 14
11245 24397 14
11551 23745 14
11546 13516 14
11543 24682 14
11533 32796 14
27735 43393 14
145 40118 14
11528 43829 14
4016 36554 14
27756 35653 14
28254 45144 14
11519 18521 14
6447 7625 14
11234 45939 14
3947 12087 14
139 39277 14
27383 36588 14
11496 32225 14
28219 46033 14
11484 17795 14
6478 39912 14
1025 6251 14
1071 41079 14
3958 32277 14
7014 15826 14
28180 44835 14
28172 46113 14
28172 30951 14
4004 32318 14
28166 47919 14
3827 10893 14
26997 37684 14
12054 12445 14
10859 14927 14
12044 48256 14
27017 36532 14
27021 44909 14
1165 10638 14
6530 36430 14
12036 23207 14
950 31142 14
19012 32054 14
12024 28626 14
1161 19579 14
3825 39279 14
3826 25544 14
10858 12696 14
27064 32284 14
28910 29354 14
12007 18075 14
28909 46995 14
12002 14235 14
12000 35409 14
28885 48377 14
6385 21514 14
11995 45171 14
28874 46081 14
28870 40268 14
41645 42512 14
10904 37651 14
6525 20236 14
3834 25213 14
10839 35121 14
12136 47724 14
2367 37644 14
6365 44096 14
41766 42307 14
12122 30184 14
26924 31717 14
29055 37471 14
12120 14342 14
29030 41549 14
12101 39157 14
941 33394 14
26953 39362 14
29012 37761 14
6372 22977 14
3807 4400 14
2350 7194 14
6374 12518 14
26975 46741 14
4119 46145 14
3809 9392 14
26981 29130 14
4119 42495 14
28986 42271 14
6378 26191 14
6379 30138 14
12064 24322 14
26995 36550 14
1168 30022 14
10857 15702 14
28640 44013 14
27277 39263 14
1133 3761 14
28680 30602 14
27296 47900 14
10993 25165 14
2351 31451 14
28658 47837 14
11819 28427 14
28655 32294 14
27319 44158 14
3866 15578 14
28650 29943 14
11812 40075 14
27327 46724 14
28641 40370 14
27274 35053 14
11009 26485 14
11010 33407 14
11011 14096 14
11012 20234 14
27337 46271 14
27341 45979 14
38636 48869 14
27356 32624 14
11780 17938 14
132 46727 14
11022 23820 14
2362 21347 14
6414 15976 14
4068 4313 14
10928 45020 14
3835 30639 14
11965 18615 14
11962 22197 14
6389 11468 14
3837 43613 14
6524 12260 14
27154 34852 14
27154 39405 14
27161 31762 14
11945 30448 14
28807 38728 14
41631 45788 14
1147 4839 14
5399 10911 14
3844 5747 14
5653 21570 14
28797 29903 14
10939 27290 14
6519 14460 14
969 3072 14
4089 27022 14
6516 14139 14
11881 36968 14
6401 43759 14
7030 15003 14
10970 36468 14
28716 46597 14
28716 29898 14
972 24660 14
27253 28005 14
14080 45726 14
694 2898 14
31512 46836 14
14132 14140 14
9541 29713 14
9545 28833 14
9547 21621 14
5481 40252 14
14109 45208 14
698 7741 14
9561 19878 14
82 16504 14
14098 44311 14
31450 34189 14
14084 41560 14
24062 49784 14
24000 49730 14
43019 49323 14
31419 38050 14
9570 22734 14
14065 19348 14
24102 36431 14
6676 49141 14
3333 48112 14
3334 14080 14
24112 27544 14
24123 48826 14
14049 28833 14
38314 42091 14
31381 39445 14
6142 49013 14
23933 25063 14
6120 45547 14
23866 23985 14
14231 46603 14
3299 9125 14
682 25395 14
31672 42085 14
14219 21573 14
6123 8069 14
5486 42334 14
23904 26848 14
23904 48863 14
9496 18733 14
23926 46173 14
9496 38383 14
31617 45634 14
14027 18172 14
14199 27073 14
9501 48084 14
14188 15418 14
5310 5783 14
31602 38624 14
6126 43044 14
9508 19807 14
4491 38370 14
3312 21277 14
9517 20580 14
691 16811 14
2396 3827 14
43060 46753 14
4 334 14
173 30520 14
13912 22655 14
1517 26163 14
9650 19071 14
42925 49059 14
13905 36593 14
24319 37164 14
9656 26461 14
13896 20891 14
9662 12085 14
31173 36666 14
6161 6524 14
13878 43549 14
9669 48151 14
31163 31478 14
721 797 14
2392 41382 14
31155 31199 14
42901 47173 14
13862 43450 14
6666 43874 14
31151 34001 14
722 10907 14
31145 44093 14
42865 44277 14
87 6431 14
6666 34299 14
6166 47592 14
13851 44704 14
13851 23078 14
6663 35004 14
6152 48430 14
38316 43702 14
24143 29002 14
9591 32358 14
4469 18495 14
31329 42022 14
2393 28637 14
13994 33114 14
31324 37757 14
13986 49885 14
5478 12580 14
24194 39819 14
175 20043 14
23865 38002 14
40299 40915 14
31269 45899 14
3355 4466 14
24244 47073 14
3356 39734 14
4458 47782 14
31244 32831 14
24284 27883 14
9639 38945 14
9643 31354 14
31238 39080 14
4455 16325 14
18743 38952 14
6669 43381 14
14569 30000 14
14648 16875 14
1645 6525 14
9240 12276 14
32276 38072 14
14633 18229 14
14632 23260 14
32257 45762 14
14614 25404 14
23393 23811 14
23408 34550 14
23418 37448 14
6718 39504 14
1634 5325 14
32203 39967 14
14577 14777 14
14648 22208 14
1632 8988 14
23466 47910 14
32134 45377 14
3226 30492 14
9293 38635 14
23485 27024 14
9294 39930 14
14542 27958 14
9308 36177 14
23502 47351 14
6084 15827 14
19226 30696 14
9313 14164 14
23523 28565 14
9318 15442 14
6729 44382 14
32447 35283 14
4592 25073 14
9173 47818 14
43489 48918 14
23256 40475 14
43459 43823 14
32431 36837 14
23277 46512 14
14734 22200 14
6986 49413 14
3182 42245 14
1657 43977 14
1657 35298 14
616 30274 14
14717 14900 14
19223 27391 14
14713 28922 14
32412 40090 14
1656 2357 14
32381 49471 14
4579 7070 14
9210 18272 14
3195 10742 14
14677 48956 14
9212 9848 14
14673 20514 14
32345 39610 14
18690 25092 14
40044 44267 14
43191 48473 14
9391 20127 14
23703 26169 14
43196 45636 14
6704 42880 14
3270 6018 14
23712 23953 14
78 377 14
43195 47006 14
667 26855 14
3273 38206 14
23749 27495 14
31834 48468 14
3280 6430 14
9425 20943 14
31823 43671 14
31894 44506 14
14296 18060 14
31821 37156 14
4513 33027 14
14289 18075 14
31802 44297 14
14279 25355 14
674 12150 14
31774 36523 14
9454 11790 14
9458 49738 14
14257 15176 14
31730 35783 14
14246 45597 14
14237 48957 14
6707 41186 14
23543 26442 14
5496 36901 14
14475 43653 14
649 3580 14
14472 22711 14
23553 49129 14
14460 24399 14
3247 22855 14
6093 9531 14
9338 39668 14
14435 40594 14
23579 49605 14
6708 27805 14
14418 19537 14
14414 37752 14
13843 41989 14
1604 29753 14
23641 38120 14
43233 45756 14
40160 41277 14
9382 17055 14
31906 45294 14
14380 21160 14
9383 19231 14
31902 45951 14
31900 38470 14
23689 40122 14
19215 47278 14
1598 13121 14
40180 44198 14
25267 47601 14
25211 47353 14
1393 1647 14
25228 43847 14
10033 31713 14
25234 47932 14
790 32145 14
791 2642 14
4340 24191 14
30415 36679 14
792 41107 14
30407 43375 14
13299 18543 14
7085 33123 14
6237 7524 14
1386 18424 14
3505 43987 14
3519 13086 14
38461 45769 14
2332 10984 14
40556 48975 14
5449 11546 14
25297 41299 14
13253 20002 14
10096 16284 14
10100 18434 14
40572 47281 14
25356 30906 14
19123 37184 14
13222 29720 14
25378 46825 14
25387 30244 14
30521 41467 14
9967 29396 14
779 30066 14
4363 15523 14
3483 4463 14
38431 47224 14
30557 30776 14
13413 19200 14
48754 49281 14
6221 22082 14
13408 27527 14
25074 46415 14
9982 41260 14
4357 23991 14
30535 41216 14
25389 38902 14
30521 34137 14
25113 31877 14
9991 19817 14
13384 15942 14
25134 43988 14
18798 46276 14
13375 37612 14
40509 40982 14
1401 20632 14
5452 8164 14
30464 49545 14
10018 23583 14
787 31620 14
10025 41396 14
12998 32311 14
13053 49297 14
25593 48549 14
25594 42926 14
13044 15039 14
6268 48743 14
13017 21195 14
10221 40040 14
10223 20776 14
25636 27413 14
25641 38760 14
5336 40379 14
25645 27084 14
13003 28428 14
3583 12283 14
5442 37321 14
12997 15702 14
30069 49047 14
10231 20559 14
30058 47229 14
1328 13388 14
10239 44600 14
12979 44674 14
25683 47511 14
12971 45695 14
12971 31230 14
4281 9953 14
6274 22355 14
12961 28108 14
6606 17563 14
25392 37157 14
13209 33539 14
30281 42534 14
13204 31747 14
6247 49874 14
25440 30552 14
6250 41975 14
10134 29611 14
25468 42858 14
13164 13875 14
3550 12563 14
13159 49071 14
814 44034 14
13159 16423 14
25472 45300 14
30574 49940 14
25481 40723 14
3555 28660 14
10155 45957 14
10161 18150 14
13122 21633 14
3560 4638 14
13115 39632 14
30154 41436 14
30145 47621 14
40622 48514 14
3563 35936 14
25557 44951 14
1345 7389 14
4294 38910 14
13701 15190 14
740 8312 14
3410 8901 14
1475 40934 14
9777 26290 14
13727 22744 14
30928 39514 14
13721 21446 14
3414 4341 14
9787 21729 14
9795 27587 14
9796 15344 14
24651 47482 14
1468 36874 14
1468 24054 14
24665 42999 14
9767 12221 14
13700 26407 14
30896 41592 14
3421 33815 14
1463 2501 14
3422 24694 14
13690 33611 14
40402 46160 14
13674 23701 14
13673 42944 14
1459 1860 14
13663 14330 14
1455 48550 14
92 3606 14
24755 37915 14
31055 34769 14
4440 35322 14
9702 25594 14
1503 5474 14
9705 21164 14
4437 40043 14
1500 46014 14
3387 31338 14
24445 33812 14
13816 25273 14
728 11086 14
13810 38470 14
728 23272 14
13804 35543 14
730 29680 14
3 16927 14
30839 35293 14
731 6529 14
4432 22362 14
31046 45094 14
40355 41549 14
24504 25163 14
731 41612 14
13781 39776 14
38360 38774 14
7111 44225 14
24515 26902 14
24532 46416 14
6174 27625 14
24565 28083 14
24565 38439 14
24949 38156 14
9912 21717 14
24903 29555 14
13535 16595 14
13533 44756 14
30685 40815 14
13525 33607 14
97 17517 14
170 218 14
24928 24971 14
9921 11134 14
9924 27406 14
13503 15202 14
24944 49760 14
40451 41343 14
30699 38664 14
24950 46591 14
30633 47722 14
1424 6096 14
13484 28336 14
30626 49762 14
1422 17116 14
6214 28944 14
9952 45813 14
775 41720 14
776 28194 14
30587 40351 14
30586 49762 14
30585 38070 14
13448 45076 14
9876 12072 14
30839 33545 14
24764 37797 14
1453 31079 14
9827 23318 14
4404 14079 14
5181 32095 14
4400 13250 14
9845 33307 14
755 843 14
13618 39526 14
6643 38791 14
24827 35704 14
30764 40651 14
170 3575 14
13596 23632 14
3176 11310 14
24855 40608 14
19149 42504 14
1438 34334 14
4392 13941 14
3450 43514 14
13565 32940 14
13561 30889 14
30711 31732 14
3454 7500 14
9899 13749 14
1434 9787 14
3456 40810 14
40436 47232 14
24893 30950 14
2418 47435 14
17373 49125 14
2202 4795 14
35213 39037 14
5067 42023 14
5683 20740 14
16633 42407 14
372 3742 14
16905 32285 14
17186 37778 14
20206 41659 14
19881 27332 14
18429 44094 14
37535 43284 14
17711 26264 14
7866 26105 14
7955 32721 14
2153 2390 14
19883 45735 14
6905 33908 14
16486 24698 14
8023 49502 14
19665 35486 14
7948 19196 14
2823 29077 14
2823 11625 14
45100 49316 14
20976 47503 14
33 6923 14
17022 26839 14
20087 48538 14
47641 47957 14
20705 46838 14
344 5887 14
17378 38098 14
387 37888 14
37300 38775 14
5586 18853 14
20574 47902 14
21276 32060 14
17342 37314 14
2257 6024 14
21430 49420 14
17199 43240 14
2068 13133 14
35902 48082 14
36519 43297 14
19558 45594 14
35252 45041 14
20575 48986 14
46160 47602 14
36908 42889 14
16917 28048 14
34676 44028 14
38812 38906 14
7195 9302 14
20589 44126 14
5729 26144 14
7774 31635 14
35233 42830 14
19369 39678 14
5128 33049 14
45105 48046 14
7534 9502 14
5785 22512 14
37401 39833 14
16408 33978 14
34575 47075 14
18294 22081 14
35694 42996 14
7581 31311 14
20560 36226 14
19722 24750 14
5034 18285 14
2456 35363 14
28 44 14
16409 26194 14
5581 32525 14
7373 7526 14
20720 37342 14
39283 42613 14
16862 27428 14
20240 25990 14
5851 16937 14
5581 31713 14
5066 33434 14
7232 11071 14
35626 49055 14
37055 45933 14
35179 47739 14
231 27214 14
37286 49210 14
2454 10977 14
465 23212 14
6981 16107 14
45089 48770 14
20823 33832 14
5836 14143 14
21019 35219 14
4901 38130 14
20474 34315 14
37517 41420 14
2060 29017 14
38928 39932 14
20475 21459 14
18165 37611 14
2101 25608 14
17416 26768 14
7885 31919 14
21183 33998 14
4863 11969 14
1934 16951 14
36888 37132 14
228 24876 14
36440 39712 14
18045 32779 14
35487 46072 14
16884 27368 14
2100 31460 14
4908 10324 14
17841 40850 14
2708 20251 14
19730 26922 14
16385 38150 14
1938 2548 14
19613 30081 14
4982 27565 14
18181 39805 14
8024 14764 14
290 27287 14
17034 36140 14
7596 15080 14
20517 32810 14
35956 48885 14
19613 28018 14
17396 39725 14
18175 19229 14
7751 32224 14
5822 40364 14
2285 17489 14
17848 24251 14
5713 12925 14
18459 25520 14
17177 32718 14
7467 22281 14
37392 45358 14
21470 43692 14
37422 49578 14
18240 38079 14
16648 32681 14
2491 3455 14
2584 12143 14
8269 21220 14
19663 22635 14
16972 17155 14
20889 40781 14
18219 40619 14
20149 20504 14
18428 29015 14
17265 47445 14
19581 35432 14
21379 36003 14
45247 46391 14
36954 48230 14
2815 5993 14
16597 29720 14
20652 27213 14
2532 15843 14
34643 41992 14
17772 22140 14
18428 30757 14
7825 40828 14
35809 39203 14
17759 44077 14
1976 33613 14
17971 31029 14
2714 9385 14
5742 25808 14
2714 26356 14
17763 24586 14
7818 26867 14
2663 20573 14
2032 42905 14
20652 40867 14
2714 37860 14
7230 15519 14
19596 24470 14
19703 28706 14
21379 27578 14
16993 26013 14
18335 46626 14
37370 43685 14
16985 20829 14
7300 46740 14
17962 28262 14
37597 37743 14
37789 47369 14
16458 35942 14
17247 33056 14
5221 24378 14
20887 27822 14
17250 26543 14
5695 31894 14
17951 41521 14
6973 31961 14
20127 44566 14
7967 41581 14
5827 11768 14
17792 18514 14
2567 23847 14
7967 40467 14
2194 32514 14
2252 18138 14
18423 49432 14
17798 31414 14
35785 47448 14
18213 24691 14
20889 30625 14
4868 24707 14
6857 17590 14
18214 49576 14
19470 29521 14
17779 27105 14
16975 44460 14
2463 29523 14
2531 45299 14
34844 46892 14
16589 24590 14
21247 24039 14
39210 42455 14
38990 44340 14
16415 18119 14
461 11594 14
16417 18083 14
34587 41347 14
18225 48299 14
8243 47378 14
6892 19825 14
316 31543 14
6965 16664 14
17312 42304 14
16931 39936 14
4872 33585 14
5069 31023 14
34834 46206 14
35722 41414 14
17228 23405 14
35435 43101 14
16425 32137 14
5076 45864 14
37008 46368 14
37916 48111 14
342 25788 14
2728 27027 14
17321 33275 14
6934 37524 14
35448 39894 14
47004 47488 14
19955 41980 14
5037 37885 14
19 20 14
17211 46987 14
19909 34615 14
34585 39902 14
38942 47221 14
38943 41309 14
6892 14463 14
21425 45796 14
5613 31155 14
2527 42150 14
7290 7666 14
27 206 14
19579 32959 14
20656 25562 14
5076 6132 14
8235 35638 14
2080 3198 14
7809 11868 14
16950 19255 14
21403 22353 14
35369 36540 14
458 5469 14
34618 38869 14
34674 36071 14
2162 46301 14
17946 18402 14
1976 36130 14
289 390 14
2817 27547 14
19672 36788 14
7567 13466 14
35855 39834 14
6978 23807 14
19918 48816 14
39225 42390 14
2169 47488 14
7959 39743 14
2655 38118 14
2806 37566 14
5739 47257 14
5792 22084 14
1971 11204 14
20905 22488 14
2723 45007 14
6966 7446 14
7802 28975 14
1977 46503 14
37487 45027 14
5874 42185 14
20394 31955 14
21329 23034 14
17623 36564 14
1960 43345 14
7902 37107 14
19651 28743 14
21092 24610 14
21137 35655 14
18261 41285 14
7331 8780 14
8086 43231 14
224 5877 14
2751 6695 14
2209 47148 14
16791 49638 14
45809 47921 14
2622 10153 14
39170 44613 14
36759 37227 14
7400 41790 14
18092 46551 14
21531 28674 14
17535 24819 14
7256 48083 14
18263 44315 14
227 39345 14
2136 37279 14
356 44227 14
17531 33909 14
21093 27175 14
18088 20339 14
19502 24850 14
2692 36457 14
7679 42652 14
37870 49533 14
36147 37041 14
2054 19355 14
19653 26524 14
16801 22636 14
36175 36708 14
18075 47309 14
36345 49630 14
35 47 14
7325 14770 14
5588 38897 14
1990 3077 14
16807 36376 14
17869 23421 14
19638 41380 14
5237 5387 14
2625 40614 14
39291 45048 14
16556 37673 14
21142 33103 14
35582 36106 14
35583 37572 14
45512 45542 14
35591 42685 14
19437 36415 14
2497 31997 14
35096 38853 14
2753 24464 14
35001 36097 14
16716 43816 14
37868 38022 14
21333 22040 14
18274 30592 14
16332 27324 14
34479 48532 14
5627 36986 14
36297 43461 14
5716 44460 14
20017 27600 14
46366 46419 14
354 2791 14
19798 32291 14
17092 39728 14
1925 14191 14
397 8179 14
7493 35643 14
7499 17884 14
5114 28746 14
5092 36230 14
7669 15458 14
37928 38149 14
5718 19546 14
7669 29978 14
7669 38248 14
19488 44558 14
48002 48385 14
19478 46068 14
8312 32447 14
8104 23688 14
37732 46528 14
4939 41463 14
5010 22999 14
8176 32932 14
17093 49429 14
35057 47170 14
17585 46633 14
17887 23095 14
307 858 14
6854 6920 14
2607 28030 14
21124 42656 14
20784 32127 14
2795 49210 14
19785 34227 14
17547 37140 14
7652 40961 14
21111 41068 14
2615 2660 14
37471 42095 14
17107 25982 14
4942 9503 14
36247 42409 14
21106 48284 14
36243 49122 14
7504 44073 14
2753 39121 14
2052 10057 14
16322 22584 14
2616 17040 14
35539 38192 14
17555 43477 14
16741 19201 14
35534 46914 14
30 6689 14
19801 33078 14
37150 40874 14
5817 28253 14
17089 30544 14
17676 40493 14
34758 42808 14
16771 45513 14
18409 47397 14
18270 31820 14
16773 25927 14
2613 38586 14
34741 43581 14
36322 41843 14
36429 43372 14
19422 37439 14
16840 40343 14
19536 28493 14
37091 38342 14
348 26974 14
5618 44181 14
21044 22622 14
37091 43425 14
20054 27070 14
1933 2314 14
19763 31516 14
20740 29581 14
6910 48432 14
37091 44099 14
20433 31064 14
2769 41990 14
16355 49158 14
36061 45853 14
20458 22599 14
5116 11162 14
2553 3862 14
4900 29572 14
5850 14371 14
444 14185 14
5839 15626 14
5021 40353 14
16848 29426 14
17861 33608 14
20060 37908 14
19526 41975 14
2044 14730 14
17864 19043 14
6866 26100 14
36069 40659 14
1959 29768 14
5155 10284 14
37804 48368 14
304 1330 14
17464 24700 14
5131 49515 14
17449 45234 14
6912 7391 14
19657 39620 14
47760 49919 14
17665 22987 14
18069 48806 14
7603 29602 14
39426 46190 14
2594 22585 14
17074 44124 14
5082 46549 14
2791 37114 14
17166 43231 14
7515 43723 14
16699 45508 14
36848 49086 14
7322 10592 14
351 1425 14
17441 43387 14
17477 45436 14
35119 44246 14
21060 49965 14
19634 36951 14
2705 46789 14
7706 10568 14
2472 27637 14
19537 24226 14
36116 45786 14
21496 32383 14
5713 34779 14
2552 17673 14
45590 49131 14
23322 43848 15
327 2959 15
14549 48409 15
12451 22708 15
9346 12690 15
12508 16029 15
9290 18064 15
32302 48998 15
12541 34925 15
12602 45011 15
36878 41787 15
1251 8432 15
14541 45598 15
5819 47806 15
10563 16582 15
6880 12953 15
6573 31452 15
12453 46173 15
33088 34297 15
19971 34997 15
14443 16872 15
18691 24480 15
3722 15549 15
14523 21958 15
10565 26593 15
7937 25538 15
10531 44568 15
9308 10123 15
5498 28459 15
1250 1366 15
3700 33663 15
9340 27352 15
4196 22276 15
23479 35663 15
7132 29046 15
36902 42324 15
23476 27483 15
14666 23569 15
1262 6948 15
40023 42008 15
7473 29650 15
2705 40633 15
19226 37178 15
2700 46875 15
9287 45017 15
6727 9827 15
12435 26530 15
2400 4315 15
48072 49258 15
35410 48752 15
23346 27218 15
6987 44873 15
9282 34106 15
2049 26999 15
32160 38637 15
4210 20892 15
14528 14765 15
32150 38010 15
14433 26085 15
35421 37472 15
1613 46478 15
26415 29331 15
10536 38827 15
40778 49066 15
29631 39629 15
19233 44269 15
14438 47367 15
32149 45741 15
32147 40311 15
12467 37690 15
18700 19611 15
17937 30746 15
32081 46145 15
29496 33521 15
5417 14729 15
32235 43235 15
3211 16698 15
26345 30136 15
29574 31135 15
20836 42895 15
45793 48427 15
17013 30901 15
7484 49089 15
646 17531 15
23523 33800 15
32031 47649 15
23541 41066 15
14485 41321 15
6329 37139 15
14484 16846 15
117 43955 15
634 24300 15
19232 29491 15
7957 33797 15
32258 32390 15
401 26154 15
1621 25286 15
6332 13577 15
14604 38954 15
1240 39004 15
10500 45839 15
4545 22526 15
26243 26985 15
23406 30650 15
18692 24368 15
32057 41119 15
3239 30069 15
23396 47540 15
14495 46186 15
7061 11813 15
883 3416 15
10498 29721 15
29496 43323 15
10501 22110 15
23408 31174 15
1241 30981 15
3212 38293 15
23394 32780 15
23393 37049 15
9319 34727 15
20807 30301 15
14450 41840 15
29590 35595 15
12588 38537 15
26216 41062 15
12589 46178 15
20817 32362 15
628 7179 15
32018 44280 15
2434 28064 15
6946 46703 15
12557 23298 15
650 10204 15
9275 26527 15
9310 28927 15
23377 42523 15
6987 36939 15
29594 49348 15
32097 32410 15
32011 39778 15
1624 10080 15
228 44932 15
12505 41862 15
16999 32616 15
20855 44429 15
14446 24551 15
18871 25888 15
32286 44219 15
43386 45097 15
5346 32316 15
26234 37743 15
643 46746 15
4543 9490 15
19217 25474 15
1623 6950 15
20794 32510 15
7488 12869 15
9272 38026 15
26220 44767 15
32008 32243 15
20815 25996 15
18694 48464 15
5060 49963 15
32263 35776 15
36912 40670 15
35502 39159 15
7459 11040 15
9333 20327 15
32025 40595 15
12460 18912 15
17931 29436 15
12458 37812 15
37096 38084 15
19828 20595 15
12188 37148 15
10761 23522 15
15058 39151 15
15056 48484 15
26817 40084 15
4896 9542 15
15048 15575 15
9012 41956 15
8072 8682 15
5084 44458 15
8999 47294 15
35129 49347 15
12203 15366 15
32767 45415 15
4636 18160 15
22960 49057 15
4635 39650 15
8062 42169 15
6358 49176 15
41784 46883 15
9024 15402 15
19384 48797 15
1189 11845 15
19824 31329 15
1185 40101 15
3098 34332 15
26848 34600 15
16800 30883 15
32849 35436 15
12170 44067 15
3788 7743 15
3101 18036 15
19457 39573 15
10749 17763 15
8996 14849 15
26838 37270 15
12178 40757 15
22916 28309 15
22917 32391 15
4640 43467 15
3104 9342 15
3104 20083 15
4139 11078 15
32821 44500 15
9051 33221 15
2739 24852 15
32733 44220 15
6031 41398 15
14979 31682 15
21024 44956 15
12223 13974 15
924 5325 15
29216 33166 15
924 1408 15
14969 20792 15
5292 24842 15
40870 44831 15
26738 42644 15
415 35702 15
26737 45419 15
2515 14048 15
14958 25680 15
32701 34189 15
6549 39786 15
5199 21520 15
5670 20646 15
21032 30590 15
2007 29143 15
3116 21333 15
21041 24388 15
35145 42330 15
15007 20540 15
16848 37193 15
19388 44397 15
5252 7568 15
12216 24201 15
4631 25476 15
12165 40667 15
22987 26959 15
3118 21949 15
2402 6862 15
32749 35444 15
3119 23090 15
3119 38103 15
14997 45315 15
10742 27328 15
37075 38707 15
26752 38895 15
573 6907 15
12085 32366 15
39300 43161 15
12085 38678 15
15185 24093 15
4661 27826 15
43880 47297 15
33001 49066 15
8913 22038 15
16773 20670 15
18648 33251 15
8917 22707 15
1997 39785 15
12102 30711 15
6862 13700 15
26943 33104 15
5404 13820 15
43853 48195 15
18652 43524 15
1732 11497 15
39837 45912 15
5224 14180 15
2028 2305 15
19384 20314 15
4668 11310 15
18114 43926 15
12066 32882 15
4887 9283 15
26987 44408 15
45492 45859 15
1996 32460 15
3067 38424 15
10823 40026 15
8900 11428 15
307 6083 15
21118 37716 15
33053 42723 15
943 31092 15
35049 37530 15
22782 36981 15
22787 28547 15
18106 46457 15
43882 46523 15
12139 25629 15
8954 27857 15
19816 22268 15
5290 10493 15
26888 37663 15
16790 36171 15
4649 38265 15
22878 33835 15
12148 13511 15
1722 2042 15
32869 36572 15
19249 20374 15
22885 25162 15
4646 46271 15
10792 27099 15
2001 16724 15
4133 25175 15
933 39038 15
8979 10420 15
26865 40712 15
19823 39044 15
26863 47477 15
43826 47484 15
15157 20582 15
8091 39508 15
5089 31829 15
13 49984 15
19020 27179 15
29047 32080 15
213 290 15
7403 39445 15
1727 16558 15
15141 21234 15
2515 45033 15
39852 43568 15
21092 47942 15
32931 46580 15
7046 22158 15
7404 16840 15
18085 25674 15
15137 22840 15
6539 19497 15
10801 37688 15
26904 43867 15
19925 39840 15
2526 49822 15
12376 41737 15
1220 17538 15
26543 48003 15
14759 22357 15
14758 27963 15
26537 44928 15
18890 42775 15
614 1265 15
6338 22148 15
18890 41721 15
1220 3485 15
246 1265 15
406 8820 15
2722 24664 15
26505 37629 15
7980 9263 15
29401 46581 15
23272 34983 15
26488 47188 15
12401 22758 15
2720 37902 15
1659 18642 15
14776 35674 15
6876 15811 15
20926 48207 15
14786 48940 15
2026 39756 15
1671 35224 15
2026 45799 15
6051 33011 15
905 41005 15
37003 45858 15
41894 49228 15
23222 30521 15
9183 14680 15
26569 46775 15
35323 40479 15
2424 10434 15
9156 9717 15
1218 7434 15
4596 20868 15
20914 22551 15
9162 18027 15
9207 13936 15
29458 34217 15
38953 47234 15
12424 24840 15
5074 18561 15
3190 35664 15
23305 47550 15
9204 19606 15
6999 42821 15
3728 16529 15
7448 48427 15
3188 5420 15
6063 40029 15
2400 7953 15
2530 35792 15
12433 26272 15
4579 23674 15
14681 46318 15
14681 46025 15
1652 3371 15
622 27225 15
20882 23572 15
37757 38826 15
14733 37503 15
18678 41183 15
17971 18637 15
23282 36153 15
14729 20985 15
14729 15183 15
16966 47615 15
36976 43132 15
9186 42676 15
10590 16388 15
26578 33044 15
9187 19934 15
2529 41498 15
10587 17292 15
19942 44713 15
4924 13005 15
4585 13821 15
36965 38972 15
1656 15262 15
14713 30311 15
32 2510 15
32594 47979 15
47026 49672 15
14904 34971 15
1692 45004 15
19863 28180 15
19864 35662 15
1690 29496 15
6349 45385 15
7426 25714 15
19864 38606 15
29274 42062 15
12264 30545 15
4154 33596 15
2203 32361 15
32583 34556 15
9100 26652 15
37751 45812 15
26667 45969 15
10690 24684 15
14868 27024 15
18025 20517 15
9077 47117 15
26720 37204 15
14941 36045 15
32665 46916 15
21005 33713 15
6038 7256 15
26717 34614 15
3135 48463 15
6350 47664 15
35184 36009 15
32660 40694 15
19877 45892 15
19239 37350 15
23076 28861 15
14929 47650 15
8035 43333 15
14923 36315 15
21000 23719 15
29247 45450 15
12263 13130 15
1202 11620 15
12263 40887 15
14818 45633 15
23175 23689 15
29305 40858 15
23183 27888 15
14824 35045 15
14824 30707 15
10665 43841 15
38575 45074 15
26621 36566 15
8012 42425 15
409 45192 15
26617 45252 15
23173 32379 15
26617 27022 15
2200 41150 15
4162 32386 15
911 35932 15
230 4321 15
2523 44465 15
6556 12574 15
1215 18096 15
4166 10360 15
3748 4482 15
18017 47632 15
4612 40279 15
1208 3595 15
9106 10209 15
39250 43832 15
10685 30885 15
10685 21245 15
32563 41802 15
916 11444 15
37033 41281 15
6553 31036 15
23144 38892 15
26417 28589 15
14845 30943 15
32545 48624 15
604 949 15
35220 39553 15
3154 10491 15
23170 26328 15
43529 49300 15
18012 35526 15
3156 7032 15
36016 36231 15
30146 47649 15
4421 27365 15
13109 42304 15
35996 37647 15
13732 45031 15
2428 26891 15
30928 41986 15
25518 43280 15
24615 38075 15
1477 23774 15
10165 22690 15
30927 34068 15
20242 46296 15
4305 7003 15
3558 34825 15
17679 43843 15
366 44558 15
30914 46951 15
9790 40762 15
345 45124 15
818 19127 15
20235 33231 15
7599 30228 15
18833 43627 15
5656 32117 15
25552 45159 15
1347 1869 15
6175 14870 15
30127 47963 15
2101 7599 15
10187 28162 15
4298 4706 15
24571 27155 15
24574 36423 15
30977 43220 15
13100 39509 15
24586 41267 15
30957 43474 15
10181 26291 15
20500 36695 15
5027 38232 15
10142 22411 15
13677 23993 15
7724 12965 15
13153 45077 15
17445 27802 15
6186 16172 15
13666 35782 15
6186 38293 15
10146 41296 15
24737 47036 15
1455 1639 15
17451 28320 15
1461 25600 15
17662 18411 15
42748 45280 15
37889 43057 15
19114 33543 15
18773 28391 15
1360 10228 15
24774 27937 15
25453 47691 15
36077 37772 15
13641 26027 15
3433 24674 15
30866 38294 15
24655 34384 15
25493 30189 15
24662 49422 15
1467 38197 15
817 8060 15
4308 14075 15
13699 42361 15
9807 30256 15
9811 48677 15
13693 31250 15
2639 28202 15
17429 47204 15
13148 30388 15
13689 31969 15
9815 32407 15
6185 42999 15
24698 39771 15
1461 27922 15
13682 26756 15
6648 48742 15
173 934 15
20189 39719 15
1330 33299 15
35908 47556 15
9695 15247 15
25649 27321 15
20192 35681 15
3381 29594 15
13842 18018 15
24419 33718 15
24424 40933 15
6168 13854 15
2153 26391 15
31138 46122 15
6928 27465 15
25635 49199 15
4437 45035 15
3579 22288 15
7770 8493 15
31114 47458 15
20535 36752 15
19406 20928 15
1500 3618 15
25625 44622 15
13863 18807 15
12971 42270 15
17734 28345 15
35885 47096 15
24353 42723 15
3373 28758 15
7786 23337 15
10247 21443 15
1327 25541 15
46158 46539 15
10244 18755 15
7114 15599 15
5317 7786 15
5189 20135 15
42248 42607 15
10236 33624 15
25678 41826 15
375 15156 15
5036 29893 15
2277 21443 15
13857 22809 15
25669 29376 15
18841 22479 15
40360 41390 15
24487 26638 15
30114 49112 15
13048 24677 15
18755 43127 15
3397 23798 15
25595 34003 15
17383 35096 15
30118 35450 15
17387 32043 15
19407 25598 15
2381 29256 15
4981 7244 15
17698 44634 15
20506 48027 15
2584 3900 15
25570 31307 15
30124 44422 15
17697 34518 15
3401 33827 15
13073 43816 15
4295 22061 15
24528 38966 15
1486 25360 15
13805 13971 15
1499 17964 15
13027 47116 15
13029 41150 15
5032 29636 15
5442 10213 15
6660 43280 15
13031 36294 15
30098 34271 15
9728 26875 15
39076 46704 15
24467 46923 15
30234 48130 15
10210 32789 15
25603 42978 15
3575 4225 15
9733 12688 15
13039 43413 15
1494 5801 15
24482 41739 15
17380 37000 15
17381 36546 15
224 8855 15
38411 41861 15
24965 34130 15
9936 33065 15
770 41771 15
17535 29380 15
17611 32110 15
20314 25361 15
793 1528 15
30622 44800 15
1423 9885 15
18790 18877 15
13309 47690 15
30403 42537 15
24986 31668 15
30417 49070 15
356 12646 15
13466 24924 15
4340 34492 15
791 1013 15
38804 48744 15
13459 49022 15
1420 2852 15
25222 38495 15
4368 19240 15
6211 16301 15
7682 40912 15
17523 25734 15
40442 43625 15
36221 46173 15
13514 19990 15
18475 35264 15
7680 49589 15
13502 47447 15
4336 5220 15
1419 9136 15
25257 41294 15
38408 49731 15
30393 42345 15
5599 43754 15
3468 44607 15
24956 31528 15
13294 45413 15
3469 41263 15
46313 47083 15
9987 33081 15
13407 20199 15
25071 35634 15
13402 32212 15
5454 23865 15
9981 23705 15
6917 30854 15
3489 16164 15
7091 7437 15
30472 41304 15
1403 3163 15
1411 2787 15
40489 49772 15
7665 28449 15
10009 49558 15
13372 14388 15
25140 43491 15
13372 28491 15
9994 11923 15
30488 46951 15
20347 22257 15
3494 22109 15
13379 15033 15
788 2217 15
7093 28661 15
17593 30065 15
788 47087 15
18801 48335 15
25017 31293 15
17550 30287 15
3504 46687 15
36305 44784 15
19415 48653 15
6234 8345 15
1416 36839 15
10023 18413 15
20364 47613 15
42545 49598 15
25048 25774 15
36279 37296 15
10022 12351 15
1413 3390 15
3501 21873 15
9977 18955 15
25065 43992 15
13355 43056 15
25369 40973 15
4995 32312 15
25385 34204 15
1442 1964 15
5238 44968 15
10111 28787 15
13595 26443 15
7631 26543 15
25374 27787 15
20280 45712 15
42656 42882 15
24847 37552 15
36118 49128 15
7712 30865 15
19151 23733 15
19125 36854 15
6245 45188 15
13231 35049 15
2115 4906 15
17483 20453 15
13574 49519 15
760 30909 15
19126 19520 15
25353 25734 15
40577 47210 15
3540 9502 15
24783 29646 15
25445 45513 15
3544 19833 15
753 31227 15
42685 46002 15
30243 32093 15
25434 37034 15
36086 44731 15
3437 27743 15
30799 31358 15
3529 19035 15
7713 12721 15
38714 45342 15
348 47916 15
5447 7149 15
25409 34173 15
20275 31872 15
13604 32258 15
6246 23224 15
4396 29144 15
24833 47021 15
10113 39498 15
46276 48724 15
7692 24979 15
30355 37061 15
30705 37117 15
20298 31599 15
2136 46404 15
9910 15104 15
10081 23709 15
24896 31744 15
18475 24168 15
13260 43759 15
13538 14784 15
7640 36954 15
24904 25159 15
24904 45013 15
13532 16419 15
1382 8846 15
17521 38039 15
13524 23629 15
13522 45359 15
13267 36278 15
40554 49957 15
13271 20144 15
9918 15194 15
30338 42563 15
25342 38183 15
36349 42050 15
25332 40117 15
24876 33210 15
30336 40265 15
7098 41849 15
13564 29424 15
36168 46308 15
42634 48866 15
9895 32359 15
17492 49291 15
2157 44752 15
4387 35869 15
763 11111 15
13251 36488 15
13552 14388 15
13255 18531 15
25301 37231 15
13256 40207 15
10086 29602 15
10084 40271 15
861 13728 15
23836 28076 15
12702 22951 15
18507 46631 15
7524 18325 15
29775 32790 15
7525 9151 15
9473 29317 15
5050 5201 15
6303 34491 15
9473 37539 15
2319 25711 15
12718 33629 15
19208 23983 15
680 36962 15
10395 26823 15
1286 25610 15
20714 26620 15
36696 37367 15
35642 47497 15
10391 35229 15
2283 23905 15
46700 48361 15
1583 45595 15
6694 21886 15
2059 23607 15
14277 40311 15
5807 45049 15
31777 45112 15
12685 15402 15
6581 38148 15
5807 24618 15
9450 24604 15
19208 38561 15
1570 28546 15
23821 46496 15
31762 41780 15
26046 32643 15
43138 49771 15
4950 21390 15
865 11514 15
12694 37714 15
14257 25797 15
31733 39149 15
45987 47536 15
5047 19547 15
19434 33689 15
3309 23881 15
25953 44743 15
14180 47773 15
25953 31686 15
18855 20066 15
20094 41142 15
12785 45483 15
687 11812 15
10354 16781 15
1291 14568 15
23939 44660 15
37899 39416 15
14172 36170 15
40697 43727 15
6296 11363 15
23974 35612 15
31575 33226 15
20674 43243 15
6588 7015 15
14165 45034 15
4249 38768 15
12798 37494 15
17180 33703 15
12736 18093 15
860 8061 15
5049 16800 15
9484 18897 15
4242 31161 15
14213 23044 15
6689 14320 15
12755 31966 15
10377 28679 15
5175 48068 15
25970 45512 15
23798 33138 15
29820 30214 15
179 657 15
12763 13670 15
12764 42730 15
28 1254 15
14198 36508 15
2558 48916 15
4494 10852 15
14193 22226 15
3639 8103 15
35690 42859 15
1600 24265 15
17107 36012 15
12633 16740 15
17110 18619 15
29658 42534 15
18865 48428 15
23657 34276 15
26148 37929 15
9381 16006 15
4218 49234 15
36758 38648 15
7212 38680 15
9376 48271 15
17876 19050 15
29667 36596 15
9384 34970 15
31900 42657 15
5816 6516 15
14370 19437 15
31897 47375 15
4525 22225 15
23691 43740 15
14366 35290 15
2691 35376 15
26174 42393 15
1609 6462 15
31968 42785 15
31960 40706 15
31958 33485 15
29640 38914 15
875 4699 15
20021 42117 15
657 43582 15
23616 41128 15
18866 21715 15
14365 23347 15
3258 24697 15
20781 46006 15
6099 17497 15
12628 42607 15
7911 47428 15
29653 43939 15
26168 45510 15
661 3067 15
1603 1972 15
20776 40829 15
10452 46769 15
9427 40567 15
6111 27143 15
5052 10606 15
23745 31297 15
20051 41883 15
9421 46876 15
26090 34609 15
1587 46848 15
3280 26635 15
3281 9523 15
4514 23856 15
3282 18667 15
17150 20184 15
10424 13958 15
392 2251 15
31811 38400 15
38265 42656 15
31805 42488 15
17861 35062 15
14288 44297 15
45862 47090 15
391 47512 15
9403 18604 15
23700 34655 15
664 37376 15
9391 26320 15
9392 11380 15
4221 29333 15
20759 32328 15
10443 27601 15
26119 27213 15
31870 43868 15
12653 30718 15
1291 49280 15
14339 18324 15
6700 43543 15
7513 45003 15
14335 36111 15
17137 24598 15
9406 30386 15
20756 44524 15
869 25966 15
3664 36083 15
17867 38927 15
2337 7192 15
24197 32760 15
3606 48307 15
12905 21460 15
13970 42700 15
24209 37000 15
1316 17809 15
5477 41613 15
42952 49496 15
31285 46815 15
379 28264 15
13960 49848 15
2659 17551 15
35838 44383 15
17279 23812 15
24231 40194 15
1526 3367 15
4460 49628 15
25749 26228 15
24241 41472 15
19184 47646 15
4272 7152 15
20632 27171 15
25743 47351 15
20148 25135 15
7825 14781 15
17770 40938 15
18739 35647 15
381 5227 15
3343 15177 15
17263 35022 15
6675 33948 15
6148 10090 15
24160 44664 15
31346 49348 15
7804 36881 15
6674 35117 15
2078 47805 15
6149 49373 15
24175 24495 15
20636 41778 15
4464 13784 15
6152 33741 15
12899 23416 15
17766 26082 15
31193 32119 15
7792 21433 15
13906 49104 15
20176 20606 15
376 21082 15
9650 19998 15
25704 40863 15
20608 32749 15
4452 6266 15
12967 33036 15
31209 37758 15
6991 15906 15
20606 24448 15
13892 15394 15
13889 37959 15
31191 40617 15
9664 21038 15
13886 20115 15
376 14342 15
36528 48461 15
17315 23877 15
17315 30810 15
9671 39193 15
10260 35600 15
3356 7030 15
9625 25001 15
2080 4372 15
10273 46459 15
25739 27375 15
6279 46711 15
6155 49280 15
3602 13138 15
25724 48520 15
1321 24866 15
24282 30211 15
6144 26078 15
4277 28599 15
31232 41578 15
7565 46000 15
31223 36335 15
17305 23621 15
30017 41788 15
30021 30201 15
1517 40268 15
3596 29688 15
2169 29185 15
17812 27499 15
10328 15469 15
10327 29669 15
35741 47579 15
24036 45429 15
40256 49161 15
2394 34976 15
42160 45013 15
24045 45097 15
12827 14376 15
10325 37014 15
257 8416 15
31464 45461 15
338 44046 15
31454 36563 15
7836 41719 15
7553 15422 15
5212 40249 15
9565 14074 15
14092 29581 15
20124 45459 15
25868 38124 15
6936 45445 15
12803 21657 15
7850 18586 15
17824 36274 15
10347 41587 15
7849 11386 15
35718 41795 15
20101 22142 15
5801 34891 15
4484 10108 15
12815 37403 15
1547 11128 15
7842 12442 15
9540 46093 15
6132 36921 15
7842 12344 15
19199 40377 15
36611 45933 15
3627 8322 15
18728 21049 15
10333 44757 15
14114 27897 15
40250 47458 15
25819 29243 15
42213 43457 15
46610 49439 15
4960 48618 15
25806 28808 15
3336 34831 15
702 24970 15
10302 42990 15
5041 10168 15
4263 46979 15
4474 28950 15
31391 35576 15
17776 37710 15
841 13550 15
1537 25994 15
17250 47730 15
703 27312 15
10296 32719 15
5040 37795 15
17253 44060 15
841 10472 15
2662 47261 15
9570 46356 15
20652 21578 15
4959 5334 15
14083 24262 15
12835 35383 15
2669 3941 15
7834 26873 15
42175 46444 15
31438 41673 15
5800 14365 15
5243 17717 15
9569 39883 15
14426 43467 15
14069 31252 15
29927 44844 15
14067 46380 15
10310 30491 15
9574 11658 15
3333 9253 15
25834 30080 15
35762 39676 15
3615 45321 15
25828 48401 15
12863 28045 15
8751 11515 15
8249 29163 15
37975 46836 15
5922 10824 15
1785 44078 15
8454 9116 15
34869 43149 15
4781 10878 15
33390 37972 15
1133 7129 15
16036 34213 15
269 5129 15
3006 16394 15
16036 25982 15
11847 16125 15
4780 32755 15
21222 43917 15
4020 9164 15
28672 41943 15
18349 48521 15
267 37080 15
8247 8848 15
21907 43825 15
21226 32281 15
8747 26621 15
4868 6393 15
11827 25400 15
1077 40193 15
8437 44373 15
18196 23104 15
7280 40831 15
5260 49994 15
2289 7581 15
548 2902 15
34567 40205 15
11867 40661 15
16073 36890 15
16070 43410 15
37336 43885 15
10972 20427 15
10974 39354 15
4867 45727 15
2779 20426 15
39532 49125 15
34106 36614 15
1784 30321 15
21866 46683 15
8447 14839 15
15483 32572 15
18206 21244 15
3859 29516 15
34869 46013 15
6819 20677 15
4017 27486 15
21433 48964 15
15984 19736 15
5868 12654 15
28637 35182 15
15558 19309 15
7289 22938 15
8732 34925 15
11202 47911 15
5573 28003 15
7342 35789 15
11567 17081 15
3936 19701 15
11568 14423 15
1792 2105 15
540 44285 15
11012 49447 15
15552 23785 15
5531 25535 15
27339 43864 15
3935 27410 15
4866 11844 15
5932 36946 15
2817 10598 15
28300 34950 15
15976 40216 15
27351 28349 15
8234 40608 15
18584 34278 15
33461 36808 15
5364 49839 15
6443 44307 15
27312 28432 15
5267 32185 15
21914 34698 15
18215 18636 15
6445 12508 15
11823 38051 15
8470 40997 15
27317 47127 15
498 49846 15
2999 14231 15
8471 49005 15
11003 47443 15
19681 47035 15
21928 43623 15
491 20510 15
8243 9621 15
15541 34338 15
38 26988 15
41028 41342 15
11212 19965 15
197 12576 15
22438 48949 15
6408 10940 15
27329 39055 15
27333 48550 15
22431 45405 15
41386 41830 15
21255 37648 15
2414 5516 15
33303 44709 15
16149 17247 15
5382 15641 15
18629 36363 15
3957 45646 15
485 5767 15
8394 21234 15
5712 32275 15
8395 10999 15
11477 30615 15
27824 37583 15
37293 45707 15
34937 42599 15
7272 19916 15
4693 38180 15
434 564 15
16365 18470 15
18962 49706 15
44153 47985 15
34907 47158 15
22543 26288 15
1073 6723 15
28792 37828 15
8132 27942 15
16368 22600 15
27184 44713 15
2879 4363 15
4093 34887 15
1777 13698 15
16370 35817 15
34196 40405 15
4804 31043 15
1151 36165 15
11458 22168 15
16667 20567 15
34299 44814 15
11458 32845 15
16662 17569 15
22580 24871 15
34515 37459 15
16168 30837 15
28169 42347 15
8280 10704 15
28171 32974 15
555 23880 15
466 4936 15
16354 23507 15
19744 48112 15
16355 23627 15
18168 28104 15
15389 37066 15
47688 49599 15
1773 15505 15
8388 11521 15
7186 8980 15
27830 31423 15
21770 31166 15
2359 18136 15
16098 48691 15
21820 23122 15
3852 5052 15
10955 37208 15
21822 26345 15
16110 25357 15
1881 3229 15
34545 48962 15
39334 49124 15
1780 21726 15
22516 46970 15
8428 34351 15
21837 48638 15
1879 13196 15
11502 23002 15
5911 35218 15
47291 49806 15
28745 42091 15
37656 41830 15
21457 38849 15
8432 15851 15
37325 43952 15
8262 33803 15
8434 32627 15
2889 15185 15
15464 24191 15
15464 24456 15
28728 47532 15
27235 27412 15
11237 35212 15
3954 33255 15
1146 16617 15
1885 34438 15
11260 35174 15
27800 42493 15
22533 24108 15
16131 27141 15
2490 6195 15
21797 26870 15
21479 42505 15
8416 35429 15
28768 43292 15
21800 27462 15
21801 22842 15
33989 35187 15
6843 25564 15
22525 24192 15
8139 11172 15
8420 12039 15
1779 10856 15
34167 42756 15
27785 49719 15
6774 36378 15
10946 48937 15
8786 19426 15
7197 8716 15
16117 31140 15
27212 45902 15
15715 16596 15
15703 41336 15
18301 21329 15
16480 27606 15
22307 46198 15
33656 44343 15
39373 41488 15
1964 8688 15
27568 42119 15
15834 48123 15
15710 32472 15
27447 48852 15
1112 10810 15
22302 22444 15
11656 43942 15
6433 43818 15
1112 8563 15
8646 36801 15
8205 37335 15
11129 11403 15
22141 30516 15
2354 2957 15
27557 32710 15
447 1131 15
7313 27393 15
11061 47176 15
6420 21374 15
33682 39062 15
2808 11606 15
21299 23313 15
6791 38946 15
11634 14110 15
22112 35578 15
28567 47368 15
5962 8785 15
33643 49148 15
7308 22057 15
15857 26410 15
11637 19861 15
16472 37426 15
22115 23507 15
446 1799 15
2968 44951 15
200 5504 15
18271 29695 15
18950 33239 15
1097 21187 15
28557 49759 15
15854 49857 15
8659 11936 15
28393 36036 15
5114 23894 15
4850 8662 15
33656 39225 15
19003 24548 15
33852 41539 15
3890 17111 15
19647 48232 15
18549 29593 15
6430 20065 15
27488 49835 15
6797 37832 15
22220 26558 15
15753 19026 15
28454 42690 15
4742 46116 15
21334 39401 15
28474 29184 15
33721 38432 15
39402 44986 15
1105 4968 15
8607 43851 15
34687 49875 15
41475 47420 15
1959 9365 15
8615 21144 15
18280 24467 15
45172 46064 15
6850 11321 15
8609 11529 15
22236 25318 15
28492 48646 15
27515 32797 15
15768 43607 15
5540 46979 15
8634 12451 15
7247 39385 15
1111 34138 15
1815 35280 15
15728 49189 15
18550 19374 15
5947 48717 15
28529 36437 15
4746 49304 15
15738 24169 15
4851 28160 15
33815 36863 15
15804 41902 15
2271 31416 15
11073 37696 15
18290 30063 15
27468 36771 15
5701 14749 15
8592 26138 15
27550 38006 15
45174 47730 15
3907 17751 15
33803 37562 15
34736 38197 15
2806 12744 15
1830 45429 15
3897 42900 15
19301 40078 15
22207 44533 15
22212 42917 15
33528 39056 15
28613 44161 15
1799 40900 15
18333 45592 15
504 4149 15
38017 39366 15
22384 46323 15
22381 44558 15
41506 48237 15
11590 46142 15
4067 16737 15
3879 13154 15
8705 44723 15
8705 12461 15
37427 40248 15
34636 35180 15
27388 30625 15
27390 49506 15
18245 35673 15
11180 11928 15
16568 33355 15
2919 6127 15
2919 9485 15
3926 13951 15
33956 38419 15
22370 38592 15
3925 38341 15
6416 9007 15
2791 30742 15
34627 46136 15
19369 45227 15
27356 48881 15
22406 34664 15
11197 48799 15
2913 19955 15
11197 14712 15
8232 43538 15
1797 2195 15
1124 31110 15
19285 42597 15
4864 5706 15
21397 30313 15
19579 38667 15
22004 39177 15
11604 49071 15
41534 46957 15
8501 39024 15
47376 49408 15
34629 46984 15
22017 31766 15
22020 38561 15
21389 24245 15
11028 16414 15
4843 39309 15
15945 25411 15
7290 22250 15
19584 39903 15
39660 43561 15
11626 27016 15
27608 48700 15
510 39905 15
33895 48955 15
41105 44110 15
1952 22733 15
34777 47878 15
8211 28127 15
16556 28609 15
1116 19992 15
22339 34495 15
2929 9566 15
33879 46002 15
28591 48276 15
5964 48897 15
19653 29154 15
27603 31751 15
39429 41250 15
21370 22573 15
15866 42424 15
28584 43550 15
16554 43114 15
33624 43845 15
8173 13923 15
8672 15080 15
15680 40560 15
8670 33945 15
2970 28751 15
15863 32563 15
8688 16279 15
4722 15226 15
11606 41171 15
18596 48808 15
8525 30574 15
38862 49954 15
16459 45631 15
2923 5737 15
11612 15803 15
8691 13757 15
11753 24412 15
1951 8130 15
1119 17637 15
1849 14047 15
6402 33768 15
5215 12801 15
15648 41276 15
33583 43192 15
11037 12207 15
15651 48866 15
11037 14081 15
18317 24521 15
1806 24555 15
33932 38343 15
8533 31102 15
454 8998 15
11164 17272 15
22087 22984 15
2215 5418 15
28035 39834 15
21168 37727 15
566 2119 15
4113 36180 15
6529 6838 15
8841 9913 15
27088 35483 15
47895 48965 15
16312 30009 15
27940 47042 15
19520 34201 15
7379 8625 15
5134 37949 15
13 40 15
8347 32368 15
38038 46646 15
2444 24725 15
21593 44091 15
27045 44601 15
16703 30465 15
21656 23571 15
5894 21872 15
8122 27699 15
15316 33862 15
18561 25664 15
7382 20456 15
5900 35167 15
21701 39957 15
44023 46743 15
11337 42611 15
6527 7130 15
1766 31146 15
28981 39609 15
1033 3523 15
28037 28184 15
1921 3740 15
3993 6254 15
5216 38533 15
43913 46139 15
2867 18423 15
8322 31809 15
1992 49806 15
1050 8873 15
19790 43124 15
43984 44560 15
2310 36123 15
21512 45243 15
22603 23178 15
8346 10128 15
27104 35117 15
1033 7011 15
34988 41406 15
6005 6533 15
11391 17952 15
19759 25138 15
4815 7926 15
8880 16121 15
8346 11449 15
10866 20801 15
1920 26043 15
6459 16373 15
19501 27381 15
18414 31736 15
34345 43845 15
27878 48326 15
22692 23889 15
44007 47463 15
19341 35821 15
19489 34895 15
11430 35295 15
37 27489 15
16337 38722 15
4111 30438 15
957 1737 15
16208 45693 15
37696 45969 15
5379 17560 15
33129 37839 15
11991 24230 15
3041 46399 15
8357 34440 15
27033 31709 15
16275 40141 15
8866 19285 15
8328 43205 15
33129 44869 15
7157 33581 15
11428 29893 15
33130 38878 15
473 13315 15
1053 26836 15
8331 20119 15
2759 2975 15
39454 47642 15
11439 26256 15
1035 8251 15
2450 14979 15
19463 45239 15
6971 41580 15
28884 35100 15
561 15485 15
21611 43000 15
27950 49898 15
11347 30226 15
1930 38443 15
563 29934 15
15318 27204 15
21121 33645 15
16315 17083 15
21164 30222 15
19788 40021 15
33140 48594 15
27898 28132 15
4829 12695 15
8293 10865 15
18976 37431 15
2365 34930 15
45039 49880 15
27039 32417 15
18148 35774 15
11435 11814 15
2447 17945 15
45029 46374 15
21574 40502 15
6969 34170 15
2217 37272 15
34368 39509 15
15363 43760 15
28847 34407 15
15289 40080 15
27844 46194 15
8303 48879 15
12022 24832 15
34472 39450 15
8373 16518 15
21137 22470 15
5091 25858 15
3984 37427 15
3984 20472 15
4808 5056 15
1032 20369 15
15296 49284 15
3975 30074 15
1770 31056 15
1910 14842 15
2868 45338 15
4002 7014 15
28981 49574 15
19358 25034 15
18139 19354 15
2293 36049 15
19012 30823 15
12059 48806 15
16301 18038 15
10852 34094 15
27050 44748 15
19791 36486 15
305 28066 15
16323 42415 15
3826 22547 15
28063 47031 15
1160 15144 15
28155 49434 15
6469 20992 15
11366 39012 15
21560 28638 15
1912 33125 15
18633 43657 15
15304 35280 15
21652 22643 15
6765 36736 15
39461 49345 15
4109 12298 15
2855 8672 15
11292 32311 15
5686 22039 15
28003 46774 15
22723 49829 15
28073 48890 15
34381 34682 15
33157 36220 15
3978 14034 16
4257 43958 16
9567 13874 16
24179 39234 16
21389 43190 16
30606 46603 16
25856 34633 16
24992 35277 16
17607 26523 16
24174 35195 16
8230 49720 16
4266 37843 16
10057 13470 16
5546 10835 16
1915 23596 16
18993 48266 16
4478 21063 16
1426 31497 16
1546 42135 16
12896 22558 16
2164 25873 16
13989 39050 16
24061 35141 16
34629 43444 16
20376 23650 16
24179 37305 16
8503 15461 16
12824 22490 16
18310 26482 16
20654 44437 16
21379 22342 16
47527 49307 16
24195 35183 16
29986 31779 16
36607 41579 16
9958 15271 16
19598 49954 16
794 40495 16
1084 37890 16
4032 18602 16
5481 22103 16
5122 49684 16
13321 29289 16
2604 10826 16
36322 46874 16
16271 18471 16
27708 40644 16
17230 43823 16
17596 27689 16
9550 14994 16
15878 25288 16
16467 24164 16
30406 32689 16
20118 27310 16
39434 48865 16
6982 11977 16
1928 13893 16
20149 41793 16
29983 45400 16
13980 17287 16
15901 16380 16
8534 11430 16
7116 13833 16
13499 15385 16
22082 43326 16
13982 43938 16
33919 46593 16
17545 48950 16
7232 10770 16
29896 31916 16
21394 23934 16
11385 16523 16
7652 47368 16
16330 18924 16
11163 20549 16
15892 44859 16
40676 43053 16
22049 43542 16
21624 29449 16
20385 29768 16
18739 20614 16
24133 36556 16
12878 42295 16
16453 25857 16
5178 41233 16
33958 36053 16
25789 29459 16
17609 17963 16
18594 40039 16
2602 23951 16
21386 36793 16
4263 10345 16
16455 29617 16
12874 41157 16
2665 3910 16
40523 43674 16
7827 35087 16
27649 41876 16
20141 26100 16
25818 26805 16
27926 33516 16
773 29869 16
13307 15946 16
48058 48646 16
12888 45351 16
7560 14521 16
9941 24811 16
4766 24747 16
7021 8447 16
24139 48477 16
25792 35401 16
13303 41194 16
34462 49809 16
356 28485 16
12889 17387 16
9589 19089 16
28341 37766 16
8227 26620 16
14032 25840 16
16450 39799 16
31385 41850 16
33962 35311 16
8306 42828 16
24144 38110 16
25249 34035 16
24133 41728 16
6472 33315 16
10041 44938 16
8525 34406 16
11168 49528 16
110 6125 16
11608 48954 16
14001 16178 16
6137 34848 16
40683 47855 16
6149 10312 16
2923 4355 16
9569 20075 16
19415 48482 16
24071 26920 16
1532 4769 16
846 2759 16
7555 28814 16
6488 48780 16
10317 13130 16
3475 13895 16
840 49066 16
2915 27779 16
381 1313 16
29969 43894 16
29949 42077 16
9596 43317 16
19128 34687 16
24149 35617 16
5313 6986 16
9580 20205 16
4474 22559 16
10306 30631 16
7828 21952 16
31362 48078 16
15922 16845 16
6437 22824 16
25855 45988 16
31357 42941 16
8298 29665 16
4261 37142 16
6634 9877 16
9604 20756 16
702 1489 16
30396 37546 16
3511 13631 16
5807 13913 16
11353 20658 16
27544 49512 16
14242 24297 16
25147 38653 16
861 44180 16
5008 27433 16
10397 20733 16
30470 47595 16
20719 43429 16
25079 26438 16
25078 47542 16
13400 21798 16
39575 48312 16
2844 28596 16
14236 47109 16
33812 42087 16
8322 21249 16
46674 47873 16
1829 30645 16
1829 36482 16
25144 40725 16
22198 46090 16
1579 10952 16
15799 23837 16
8318 49273 16
26029 41833 16
7878 9107 16
25145 30812 16
25097 30833 16
10402 27217 16
36715 42721 16
4236 41247 16
4745 32727 16
20081 42177 16
22167 42950 16
28009 37471 16
12735 30354 16
25074 33311 16
8323 35098 16
18974 48764 16
12736 43583 16
3646 4244 16
23893 24501 16
27554 48603 16
38012 42243 16
7872 11826 16
11662 40570 16
4243 6496 16
9485 39919 16
10379 19829 16
9478 45090 16
29785 44159 16
16295 32897 16
11115 19602 16
7529 20120 16
9981 40615 16
8585 25510 16
7126 46918 16
2176 7857 16
12728 30878 16
9480 13087 16
22174 49496 16
22170 24523 16
5542 13696 16
23892 29706 16
36290 46517 16
1105 7074 16
34422 40913 16
37806 43573 16
30507 42169 16
31812 33174 16
16303 19015 16
22227 43027 16
148 18624 16
28474 35897 16
15776 29296 16
31803 47917 16
35612 48882 16
47988 48560 16
9438 47258 16
15772 45119 16
31827 44623 16
8611 15414 16
36736 43256 16
30503 45622 16
3659 45491 16
19210 36807 16
14286 17483 16
25137 34138 16
17151 20556 16
9429 34951 16
7892 22901 16
1 103 16
23770 38019 16
5010 17524 16
16300 23574 16
21348 34931 16
25111 44828 16
1925 2386 16
15789 46082 16
5051 21768 16
26052 42989 16
2946 7158 16
13389 32114 16
14264 41607 16
2246 11908 16
11107 34859 16
517 44567 16
20349 47676 16
38741 44867 16
998 2572 16
19627 46021 16
30517 44905 16
17156 40237 16
391 39028 16
18284 39089 16
10417 24371 16
4046 17197 16
6964 24536 16
3904 25876 16
3286 49454 16
28456 44823 16
7068 10357 16
10008 31237 16
31767 43369 16
4743 22937 16
16309 47657 16
25040 33790 16
37537 40736 16
10349 46606 16
13433 30259 16
168 27011 16
23981 32051 16
1560 43062 16
17592 22408 16
8308 18882 16
693 9328 16
11635 18163 16
1559 7001 16
12807 36907 16
11345 41610 16
1558 40808 16
13345 30203 16
30458 40751 16
20674 47997 16
33869 38772 16
27587 30850 16
31573 48463 16
17207 24568 16
6468 37040 16
2125 15110 16
7009 14408 16
6232 14203 16
30561 36260 16
12796 18826 16
36269 39764 16
31566 48100 16
12817 31479 16
5156 22472 16
13445 16813 16
12816 28084 16
31496 44553 16
19145 25014 16
20367 48208 16
28373 39863 16
19363 24005 16
17814 47546 16
17593 39270 16
11154 27639 16
25199 36872 16
25203 42949 16
2850 13671 16
13453 44520 16
28367 29824 16
14139 26331 16
10347 15731 16
30449 36216 16
13336 21278 16
17552 17761 16
6680 24153 16
9962 36503 16
24006 32912 16
4034 24961 16
15853 23951 16
8561 49332 16
5483 26445 16
1557 2352 16
19204 24019 16
6130 25136 16
21597 31278 16
24016 45193 16
36666 39394 16
30549 41257 16
13413 38501 16
12767 16785 16
36303 46876 16
9496 40459 16
10016 39511 16
4495 7590 16
11130 27900 16
1919 36066 16
18856 48075 16
9499 23168 16
15835 19537 16
4245 37444 16
36304 43656 16
1836 4622 16
17837 19201 16
2846 8993 16
23910 46977 16
17836 40792 16
21586 27005 16
3486 49379 16
453 5521 16
23936 45644 16
19079 38520 16
353 37642 16
27976 33382 16
4359 14082 16
14206 22677 16
28424 49287 16
5119 23861 16
31597 36303 16
29845 33310 16
11373 12591 16
21366 47076 16
7857 15000 16
7856 38236 16
2468 3953 16
3503 9715 16
29849 49505 16
39575 48236 16
15851 18495 16
25049 31682 16
13421 31526 16
41101 44198 16
21365 29528 16
6685 7903 16
40704 48831 16
31606 39410 16
45047 46317 16
5698 8535 16
3920 26886 16
6937 27868 16
6125 6991 16
29833 41516 16
27581 29739 16
787 39156 16
1097 43711 16
29836 44438 16
13745 21563 16
7748 43479 16
7014 43991 16
824 11682 16
24583 44429 16
30968 40998 16
27789 47034 16
40373 44248 16
16126 27835 16
16374 41525 16
8367 23409 16
13743 29197 16
17403 23914 16
18380 42560 16
759 26832 16
30982 49326 16
11501 11726 16
46425 49532 16
9877 19516 16
13227 14238 16
13584 28598 16
25545 33071 16
16120 22535 16
11252 28808 16
21712 23845 16
34175 43107 16
8422 29642 16
17399 24712 16
18820 43812 16
41197 44405 16
2865 36060 16
48679 49581 16
1885 30548 16
466 516 16
20241 32855 16
18377 41291 16
3559 42466 16
39018 41461 16
1886 3274 16
24620 38032 16
9781 27386 16
20493 20767 16
18764 48102 16
21491 49215 16
13715 40592 16
4417 12204 16
24630 48890 16
13114 37739 16
13741 33488 16
25530 45291 16
8 29216 16
163 13673 16
9775 12546 16
4420 38678 16
13734 38161 16
3564 48918 16
8368 23825 16
5553 40987 16
8286 44778 16
34330 46447 16
13732 20597 16
20494 42115 16
25380 30056 16
24494 25810 16
31052 47936 16
803 44630 16
9886 22989 16
3397 24377 16
13785 28583 16
6992 15921 16
36473 37700 16
44758 45908 16
13052 23540 16
20518 40094 16
42329 49119 16
20432 22845 16
27780 32076 16
13781 47583 16
1490 2373 16
11437 25009 16
9887 31177 16
40564 43990 16
25604 32356 16
2862 21673 16
11432 48438 16
3574 38885 16
1339 23440 16
3527 32921 16
17706 25432 16
30122 39052 16
1063 11473 16
28238 35715 16
13042 34161 16
11312 18832 16
6927 20440 16
16400 18732 16
13579 29743 16
3401 45423 16
30303 41620 16
5372 46167 16
25361 28024 16
34162 48347 16
13087 35224 16
2277 35759 16
20286 34174 16
464 34159 16
24537 31687 16
36445 41376 16
4835 10840 16
27868 32544 16
13092 33063 16
19320 23681 16
28229 46291 16
6843 43583 16
42829 44815 16
16101 39338 16
2596 40642 16
8266 39865 16
30122 47839 16
9884 10184 16
3530 33872 16
819 1567 16
31008 47536 16
6174 18361 16
6613 28268 16
4295 8648 16
42817 46759 16
7615 17183 16
17449 45307 16
13162 43118 16
9823 17438 16
25471 43501 16
2868 31894 16
13624 27804 16
17450 48148 16
30205 44739 16
25470 36871 16
36388 38672 16
34283 43437 16
20454 22946 16
25469 25505 16
4317 6540 16
2111 20939 16
9826 10821 16
2872 20285 16
34244 46171 16
20459 43654 16
36061 42749 16
27831 48963 16
2389 13736 16
3540 14790 16
1458 25669 16
810 38447 16
42427 48618 16
30846 32624 16
42667 48328 16
18564 27943 16
30266 40227 16
40596 46603 16
36389 37651 16
13640 44054 16
752 37874 16
42446 44595 16
40411 49029 16
40418 42862 16
3436 7657 16
3961 35488 16
20443 22779 16
3963 49470 16
17659 31807 16
13188 28981 16
30242 37106 16
18371 40729 16
21752 26266 16
17464 28174 16
5871 38728 16
3430 14117 16
21747 32265 16
30213 42557 16
39454 40077 16
13172 27629 16
7620 7808 16
25456 29253 16
13646 31645 16
4805 14140 16
13174 49652 16
103 43071 16
8377 40193 16
480 23413 16
28169 32514 16
4412 16227 16
9868 32497 16
13135 27057 16
10154 37293 16
5870 31643 16
1024 5745 16
16142 34262 16
24835 35688 16
34326 44754 16
21728 22823 16
24675 27957 16
20247 31752 16
34209 41654 16
24676 28207 16
30194 32954 16
18766 28237 16
8406 17759 16
30911 40434 16
38728 44883 16
7733 25863 16
13597 33664 16
2878 37250 16
20475 48656 16
30196 46219 16
466 7453 16
9797 43943 16
3417 49104 16
10154 46280 16
9801 37230 16
16148 21901 16
18490 44266 16
10149 19983 16
28192 37771 16
24826 45351 16
4408 24973 16
18777 33929 16
757 20712 16
16147 28597 16
13685 48893 16
8375 29834 16
815 1827 16
10148 30107 16
6833 39591 16
36087 41182 16
13680 42898 16
7271 26650 16
30891 46378 16
30886 40261 16
6827 34081 16
21781 44851 16
9866 11667 16
11265 15024 16
24475 46124 16
21728 47293 16
25395 30118 16
13212 43503 16
1368 7775 16
13143 24359 16
13144 44161 16
30860 46904 16
31221 40599 16
15997 30924 16
25708 46856 16
6238 32513 16
25706 38058 16
835 9867 16
40322 42325 16
3365 24093 16
4279 10134 16
15999 31014 16
10066 32366 16
6484 33735 16
41383 42549 16
5126 13667 16
17311 22582 16
6935 22455 16
6237 27527 16
10060 40036 16
9919 39263 16
30384 39530 16
6157 40858 16
2574 6081 16
10258 17519 16
30680 38814 16
12941 32659 16
19576 23209 16
8480 24315 16
460 46625 16
49 4772 16
30383 39202 16
21923 24832 16
16013 35342 16
1515 35566 16
2834 19010 16
18988 44012 16
34031 45727 16
31183 45387 16
2903 29520 16
16231 28522 16
17519 41790 16
31170 36221 16
24339 42616 16
30039 38452 16
221 16176 16
17320 28297 16
20178 47401 16
31221 32015 16
13903 22517 16
3938 7042 16
717 15875 16
1384 3083 16
10072 23713 16
13899 38393 16
15987 26870 16
7286 29584 16
19428 29946 16
16007 17436 16
3972 43189 16
13896 18637 16
9917 32310 16
1083 29488 16
35825 46559 16
18586 39925 16
15963 47210 16
1526 26421 16
31276 42437 16
28305 28689 16
34368 42749 16
9622 30221 16
8495 14447 16
4771 5729 16
24934 49803 16
20395 21250 16
13956 20955 16
2276 28747 16
19185 47690 16
13951 27600 16
11571 47368 16
2815 48873 16
2266 27153 16
2079 33445 16
3350 40015 16
19088 26639 16
38328 48060 16
8498 8711 16
13500 45874 16
31295 45851 16
46582 46824 16
40293 46103 16
31290 43486 16
40447 41539 16
25754 29959 16
2912 49891 16
27700 34260 16
85 263 16
1521 23890 16
34000 35948 16
29996 38452 16
17291 30339 16
13510 29649 16
24276 26317 16
28297 43937 16
17524 20955 16
4275 7604 16
7261 33506 16
1429 43374 16
35846 36500 16
10264 27338 16
2573 17116 16
13931 45867 16
39545 44760 16
13948 24104 16
13947 25245 16
13288 42774 16
20301 42371 16
20299 24159 16
30242 45498 16
7248 17288 16
1385 26063 16
7097 30979 16
27712 35921 16
15983 31410 16
31258 38997 16
9921 25760 16
8445 44330 16
3385 26763 16
31118 49795 16
17713 25571 16
16216 25787 16
4999 26904 16
13012 15484 16
11229 32678 16
18392 18934 16
1435 35973 16
35939 44973 16
13824 26294 16
46459 47173 16
9897 21920 16
20534 24417 16
30710 34936 16
1333 21207 16
20294 33859 16
31125 35229 16
2257 17359 16
7774 26429 16
16054 27176 16
2096 20225 16
21868 44704 16
27891 30999 16
4783 25357 16
17505 28260 16
46421 49421 16
10224 16417 16
2264 15894 16
20208 43948 16
2096 31734 16
19102 22135 16
27763 41570 16
35952 39425 16
13808 28955 16
20208 37281 16
13808 17874 16
36483 49592 16
13805 43842 16
18754 37448 16
4786 30850 16
2643 9200 16
34132 35375 16
4289 41962 16
9715 41001 16
30494 34254 16
30093 42046 16
6618 31070 16
8443 29620 16
2456 4007 16
19101 27458 16
36345 43316 16
39442 43811 16
4786 9269 16
21681 28939 16
42478 44919 16
24894 43726 16
21905 21959 16
8462 37858 16
20586 45941 16
721 44377 16
18396 32958 16
19410 49714 16
13862 25311 16
8353 37905 16
11324 17519 16
41345 47166 16
28283 32376 16
40341 45582 16
1433 20710 16
8354 29391 16
5473 47388 16
34069 40054 16
37646 47413 16
41355 47239 16
13876 27725 16
24351 34723 16
10077 30317 16
28286 34560 16
13531 34631 16
16411 33669 16
3586 33186 16
19318 49260 16
833 11237 16
24357 29081 16
21525 32786 16
5924 41708 16
6599 41485 16
5756 6097 16
28275 49199 16
13849 16452 16
13258 13448 16
226 24002 16
16219 39098 16
13853 18767 16
1434 17070 16
3381 4098 16
5133 34496 16
2090 3336 16
226 19192 16
20561 40555 16
36194 47711 16
42313 44185 16
722 40194 16
44645 47306 16
40642 44223 16
24374 48738 16
12987 41026 16
16222 40469 16
24889 36986 16
7783 7814 16
5749 6977 16
16039 25394 16
4443 38992 16
21887 34741 16
7780 26238 16
24393 42967 16
3971 23857 16
13546 41973 16
19953 27914 16
29149 38793 16
7961 10591 16
6981 12184 16
32314 38520 16
32823 40204 16
32305 32339 16
21058 46429 16
32299 36712 16
2520 36654 16
627 8675 16
15557 27830 16
5082 32481 16
4572 7782 16
7960 23918 16
10761 29743 16
28790 46527 16
15318 40563 16
8735 17995 16
35413 44880 16
29481 44292 16
22935 23223 16
9221 30917 16
23343 32821 16
36960 37405 16
1208 12937 16
1234 19034 16
3868 13155 16
12438 30475 16
29484 42820 16
540 34516 16
41561 47663 16
19872 24710 16
22426 29919 16
18427 30001 16
8121 21096 16
1644 48491 16
28628 34449 16
8844 36201 16
22538 40895 16
4624 30786 16
15426 28052 16
29148 36892 16
1127 19574 16
32574 32781 16
2532 3657 16
11996 46986 16
16813 30395 16
3721 8857 16
32288 38633 16
22921 24750 16
29282 43277 16
8997 17770 16
22927 26337 16
14861 46459 16
18543 47827 16
21158 49711 16
15562 17153 16
43562 44073 16
6068 36528 16
29148 43262 16
3727 43940 16
18216 28093 16
15049 44290 16
11823 13852 16
3108 49176 16
2717 30919 16
8742 33746 16
10760 18105 16
11822 29248 16
2033 20708 16
2409 32354 16
4075 26468 16
5255 24544 16
12192 14989 16
22946 24004 16
22945 27117 16
33333 33505 16
32715 44796 16
14694 36436 16
1982 6570 16
26435 28762 16
33333 34990 16
39945 45778 16
29462 32116 16
15528 31463 16
3729 27387 16
4924 35552 16
38 18211 16
22944 32355 16
14667 31430 16
26415 37179 16
14669 19835 16
8797 39399 16
561 7110 16
8739 37517 16
28648 39259 16
543 1257 16
12190 23461 16
32814 35172 16
9213 9805 16
19234 38806 16
37105 46539 16
23321 41831 16
18668 28170 16
3726 18683 16
45699 46409 16
1973 21972 16
15056 35072 16
20878 39334 16
9007 13479 16
34846 44853 16
15055 46612 16
16980 34623 16
14679 32423 16
929 2699 16
34847 44665 16
5361 12820 16
5823 8907 16
34809 40550 16
536 43084 16
12486 39344 16
29506 42934 16
321 12169 16
14588 22040 16
2191 3581 16
15102 41760 16
33509 42224 16
22895 28672 16
1992 9898 16
10544 24983 16
2708 32068 16
22665 37032 16
23425 48619 16
26336 41497 16
6541 37836 16
28622 36537 16
3215 44590 16
18876 43532 16
19060 28418 16
22902 42294 16
10787 41479 16
1206 44048 16
12163 45734 16
19776 24222 16
4097 37648 16
42010 44082 16
18695 34964 16
2983 26130 16
1631 18905 16
12504 38715 16
2042 10234 16
9096 32129 16
10537 29089 16
8856 26323 16
3050 9172 16
35010 38198 16
12501 41763 16
8973 11312 16
6786 24514 16
26870 42556 16
4624 30119 16
5419 29760 16
2480 2832 16
7948 9342 16
4715 38287 16
12016 14272 16
9271 31954 16
27184 36308 16
5509 47348 16
18452 36392 16
18028 20211 16
20834 27632 16
28618 31004 16
6752 20739 16
2372 9390 16
8081 32842 16
12466 28617 16
5704 26898 16
8021 10219 16
430 2892 16
14619 41167 16
5394 20157 16
20850 48201 16
3209 13597 16
12237 24659 16
11786 36398 16
32261 32839 16
7413 13346 16
19670 34844 16
12461 20773 16
20978 28033 16
2348 33405 16
3207 20968 16
6749 29338 16
2775 35831 16
29140 49769 16
33169 37822 16
4137 43857 16
29279 40362 16
35100 46702 16
33491 36675 16
29118 45570 16
15593 30579 16
23401 35381 16
6332 32821 16
18139 22457 16
422 1977 16
8847 48053 16
35462 40189 16
18538 26835 16
15092 41311 16
8722 25027 16
315 1222 16
21076 44961 16
3023 18771 16
35457 43699 16
39681 43808 16
11019 16941 16
2344 12727 16
11781 36881 16
29126 29932 16
22410 31961 16
41993 46219 16
22412 32290 16
6567 26675 16
18452 27725 16
23207 31291 16
27229 49077 16
38695 42924 16
18014 24067 16
5254 34958 16
15000 47776 16
37326 45377 16
15462 37431 16
22990 40274 16
32749 33905 16
23208 27640 16
29354 44801 16
39777 42675 16
23210 48284 16
19758 40363 16
549 1492 16
1671 35716 16
549 32627 16
32501 39754 16
1706 32502 16
16912 39254 16
12345 28005 16
37268 41138 16
23160 33646 16
1141 21742 16
8781 14526 16
35160 38262 16
11971 45967 16
22997 26028 16
1680 12160 16
607 36532 16
23222 25368 16
27091 41073 16
27131 47218 16
39967 46756 16
39745 43784 16
6052 19633 16
15008 46821 16
27244 34639 16
11869 25208 16
5726 9978 16
11870 48923 16
28721 38196 16
35167 45640 16
18058 27844 16
1708 17081 16
4168 40705 16
47185 49687 16
19760 44105 16
6733 7515 16
14779 22130 16
14779 25663 16
10966 11412 16
1766 13811 16
41788 49920 16
6399 12534 16
3117 35998 16
3745 41864 16
2495 22728 16
2770 6475 16
19718 35636 16
7433 22765 16
10659 33208 16
39761 40588 16
18161 20594 16
18159 18851 16
37316 38897 16
2730 41127 16
7031 12962 16
9131 37006 16
9036 24398 16
34886 46448 16
3158 5513 16
3122 32505 16
5723 28411 16
604 39754 16
11891 29456 16
18053 28250 16
32524 40539 16
9037 31102 16
14980 18650 16
9039 16671 16
29206 39293 16
18007 29348 16
7432 18326 16
6344 7622 16
14980 22370 16
10669 41363 16
47005 47242 16
10945 22021 16
16923 27814 16
1706 2343 16
12216 40919 16
12222 36006 16
9140 11981 16
23204 31746 16
26589 32437 16
14994 21643 16
29203 49947 16
10943 13273 16
1214 20321 16
16923 47515 16
2400 29344 16
2345 3440 16
18000 32409 16
4087 25671 16
6353 13242 16
20937 37883 16
12219 31557 16
15439 23429 16
7051 40399 16
6875 31055 16
1675 25767 16
14811 31129 16
21045 24278 16
2512 32669 16
10893 21642 16
15037 20310 16
29174 38506 16
23023 48908 16
3182 16842 16
3860 47484 16
12408 19455 16
10601 26917 16
22632 23638 16
9184 15627 16
4587 34962 16
10601 10956 16
297 42034 16
4922 29884 16
1134 2470 16
927 1779 16
5726 12418 16
38687 47611 16
2222 26070 16
5297 19956 16
32550 40503 16
22480 39333 16
18637 48194 16
9181 25246 16
16910 27062 16
3180 21242 16
26493 28467 16
32422 47575 16
10582 25486 16
4879 42344 16
7447 12425 16
245 30460 16
1656 2060 16
12226 40258 16
7416 11245 16
297 38763 16
5856 6625 16
11990 25303 16
28683 49016 16
11838 33811 16
28686 37871 16
21221 44035 16
14719 47840 16
19940 20859 16
7162 47888 16
5226 33495 16
7972 15006 16
11988 47031 16
21046 21989 16
28685 47837 16
16838 27163 16
8793 28691 16
4144 16769 16
6873 18462 16
15020 15044 16
8017 17721 16
15475 38810 16
22968 46697 16
12377 14798 16
1978 26161 16
22970 30285 16
6509 49418 16
3174 5270 16
3743 16426 16
2207 20688 16
3011 44477 16
10633 24609 16
29193 35760 16
18014 30957 16
7439 47028 16
8059 18038 16
9156 11435 16
23229 38091 16
33366 46639 16
1195 49124 16
7146 42946 16
12364 47361 16
2402 14284 16
8142 9923 16
3744 5955 16
10987 27298 16
301 3087 16
41648 44951 16
39307 49136 16
8063 29632 16
23261 30036 16
27286 43489 16
3033 46696 16
9178 12917 16
15027 49291 16
37247 49184 16
22881 41625 16
4102 36587 16
613 31593 16
19704 41885 16
29393 38153 16
10622 23807 16
19465 23036 16
10979 41363 16
9110 24795 16
9111 41114 16
4627 14196 16
10623 44303 16
6045 29187 16
20779 49168 16
5399 26994 16
2758 37118 16
12248 17300 16
18104 37457 16
22796 32937 16
39396 43459 16
6795 20482 16
12093 26931 16
23643 42052 16
11953 22240 16
18707 49555 16
26964 44562 16
12631 28081 16
11722 39740 16
9080 17206 16
4858 43690 16
26172 33017 16
572 34278 16
14411 26928 16
9080 32419 16
3074 5449 16
23624 25619 16
12095 28069 16
1700 21624 16
15175 29439 16
16770 41500 16
3895 4261 16
28525 44716 16
1600 41708 16
3031 16016 16
7169 34751 16
414 40886 16
17112 20133 16
8183 9234 16
33044 36415 16
1997 8966 16
28968 42219 16
5521 7893 16
23667 31128 16
1601 43431 16
8637 28789 16
28966 44399 16
4662 10826 16
17108 27023 16
15727 17822 16
19068 26633 16
28965 44346 16
12086 17056 16
11719 48774 16
5956 14697 16
1266 5475 16
26157 33568 16
10922 30740 16
7142 15373 16
16530 29802 16
16880 39322 16
2699 45315 16
5150 26982 16
4939 12132 16
9350 12269 16
16649 34142 16
11935 38532 16
877 43863 16
21107 28201 16
5304 26295 16
16735 36477 16
10705 41330 16
12614 28706 16
37135 46150 16
7919 46249 16
10468 34468 16
14433 41559 16
32974 47667 16
18267 40202 16
11058 15501 16
7044 42542 16
987 36700 16
2547 44392 16
3250 8169 16
33282 35077 16
1608 39423 16
31956 46526 16
39382 43563 16
19641 36588 16
14416 30402 16
424 35129 16
27446 41327 16
9355 15617 16
23605 45214 16
5859 42006 16
10707 20543 16
876 18854 16
4671 40438 16
3075 19943 16
14381 30892 16
4692 37473 16
7040 16925 16
10719 42894 16
36802 49135 16
10461 36743 16
1175 12888 16
15704 44546 16
14427 44937 16
15260 16758 16
26944 27719 16
14429 35622 16
15388 36868 16
18862 36314 16
33729 42792 16
14939 32642 16
26101 26375 16
11082 16771 16
22742 37965 16
1270 41645 16
1744 14090 16
21186 49293 16
12071 13512 16
11081 47867 16
20046 43559 16
12657 42628 16
12071 18527 16
8186 16187 16
31845 39199 16
33713 36275 16
7023 40898 16
4223 31656 16
20757 45471 16
448 31702 16
33701 39279 16
45849 49908 16
2689 6408 16
4947 6085 16
331 19022 16
14348 31669 16
12073 15034 16
3277 46276 16
23758 38339 16
29722 48244 16
21122 45440 16
14305 29129 16
23757 27191 16
6112 21554 16
5399 44221 16
42089 42648 16
10848 19844 16
271 7240 16
8889 25199 16
14939 25607 16
26093 35353 16
1819 45103 16
18509 42460 16
14316 30508 16
31837 49477 16
15765 43613 16
8192 49182 16
20754 45772 16
15220 24087 16
31842 44609 16
33075 35161 16
5367 11767 16
5272 44734 16
34724 34773 16
44398 44470 16
11080 12128 16
5813 19020 16
16520 41006 16
17121 27280 16
15747 21995 16
10844 11611 16
29668 43394 16
35566 47898 16
3770 44919 16
4734 21436 16
8634 10558 16
21191 44541 16
35565 38053 16
23688 40873 16
19641 26982 16
16523 22145 16
36748 44580 16
28980 40582 16
3770 47690 16
27463 46327 16
44383 46731 16
33050 47713 16
6381 37450 16
7001 29143 16
4219 11668 16
8105 29063 16
7511 31747 16
2501 45660 16
8899 42396 16
22760 34721 16
14940 48043 16
33698 38692 16
12650 49354 16
22764 25239 16
3809 19621 16
41701 48325 16
32164 34033 16
15236 23115 16
15206 26780 16
22775 42816 16
41802 46485 16
26127 42820 16
19265 42471 16
3269 40669 16
7066 24912 16
3269 17866 16
34735 36183 16
10710 29212 16
11708 32380 16
8103 32507 16
2507 3804 16
5347 11719 16
27399 37756 16
579 6704 16
17920 39170 16
15640 32034 16
8945 39172 16
1804 11880 16
14523 21734 16
8944 38707 16
3232 21729 16
38966 42643 16
7478 21573 16
15134 23680 16
28948 34972 16
7474 25445 16
8947 38967 16
294 30645 16
5110 43788 16
29072 29767 16
19782 26978 16
1181 9585 16
10876 27245 16
29079 44515 16
26283 35154 16
935 47199 16
17912 44053 16
23101 36099 16
7930 25866 16
22678 34025 16
9314 41751 16
18084 21502 16
3085 15965 16
39365 43731 16
4201 13782 16
10505 34853 16
76 492 16
7409 37970 16
12559 38151 16
19984 45286 16
39654 41283 16
19468 20434 16
34925 40346 16
14515 45834 16
4200 9181 16
26918 39239 16
232 2461 16
29070 35687 16
32925 37809 16
4653 6529 16
23505 39061 16
23479 45745 16
3091 16148 16
26307 34007 16
22670 28914 16
10931 34048 16
26300 29831 16
5347 23862 16
7409 46261 16
22545 35487 16
16790 46177 16
3226 15257 16
7204 8706 16
8697 45477 16
29090 49642 16
3144 3186 16
6328 7612 16
12522 16988 16
14554 29249 16
14555 24030 16
22670 24661 16
12514 15335 16
10533 34678 16
19969 33612 16
41768 44093 16
46874 48614 16
11765 45748 16
9061 26554 16
29096 46355 16
75 16756 16
32162 42715 16
26314 44837 16
14533 48418 16
27048 39097 16
15125 25707 16
1625 37152 16
11761 18571 16
12140 32188 16
12532 14218 16
22869 33918 16
5498 25906 16
12141 25309 16
15630 47901 16
17050 42673 16
9296 16896 16
8803 26094 16
5961 18747 16
18873 42977 16
23489 30217 16
39185 47994 16
2043 48504 16
26295 28715 16
35490 37709 16
14544 19522 16
14897 34315 16
16641 17009 16
14893 40905 16
21282 23334 16
2190 2413 16
14472 30754 16
1257 9874 16
40937 45901 16
32649 40745 16
18531 49622 16
2545 42715 16
12587 24676 16
32682 34326 16
19850 25181 16
2737 31375 16
29027 42434 16
15149 46195 16
12116 32135 16
11047 28511 16
22688 48518 16
4205 6316 16
10927 14706 16
17086 34307 16
21098 46857 16
12579 28733 16
32640 36259 16
6014 30122 16
23546 29017 16
10811 25198 16
14915 43253 16
4204 37109 16
12575 26968 16
15670 36564 16
2404 22126 16
32676 46961 16
12596 26791 16
10483 25862 16
15267 45968 16
26203 37223 16
23562 32067 16
597 42435 16
12111 12485 16
939 29968 16
1115 26158 16
2970 21188 16
18132 21066 16
1729 30693 16
36837 41131 16
32023 39378 16
9334 47647 16
1203 6399 16
1692 45801 16
10485 44778 16
10820 28108 16
14462 33333 16
5578 28992 16
33644 46860 16
3130 49557 16
576 2641 16
10720 40145 16
2795 35848 16
32053 44601 16
10705 16350 16
22808 41832 16
6323 17454 16
3692 37985 16
22844 25041 16
7052 13604 16
64 3017 16
28949 41454 16
10501 19941 16
22692 33667 16
10702 32846 16
22684 37275 16
39651 49357 16
23528 23618 16
20807 43217 16
10477 35607 16
1968 36966 16
4657 48493 16
529 45263 16
21136 23710 16
20788 35462 16
21136 43010 16
18258 42013 16
17086 39813 16
12120 30247 16
33596 41020 16
28595 30005 16
35173 46095 16
21133 46568 16
26930 34457 16
33591 43726 16
11745 32148 16
8045 29131 16
7403 14559 16
1253 49888 16
26239 46449 16
15662 28035 16
41636 47139 16
35501 49259 16
8685 11876 16
10915 23195 17
3773 45640 17
7246 12505 17
962 2261 17
30230 30474 17
20270 48391 17
2451 43546 17
11458 35242 17
25472 43290 17
19749 26004 17
282 10377 17
12243 25923 17
7622 16432 17
7081 11768 17
5098 47180 17
7621 34532 17
10918 41964 17
36409 46404 17
18906 46373 17
19850 46804 17
12249 22060 17
30245 39070 17
7622 43704 17
18370 19191 17
10714 48354 17
1200 24851 17
30259 36938 17
347 44988 17
278 30663 17
12225 35755 17
25461 45084 17
19752 48781 17
28821 35100 17
1150 33459 17
12237 46353 17
6549 20031 17
18908 28538 17
5721 19545 17
3836 6655 17
1164 23995 17
12126 26994 17
13316 20237 17
7039 15673 17
2357 7863 17
12030 16447 17
280 14888 17
2132 27074 17
5401 26126 17
25226 32133 17
13326 19823 17
36324 41975 17
36316 45885 17
18409 25055 17
5329 14831 17
18095 47413 17
11381 41777 17
3801 12715 17
37730 40835 17
12106 13997 17
29026 46701 17
10024 49996 17
12105 45206 17
11337 25308 17
2498 39443 17
26882 29758 17
20311 44405 17
41232 49935 17
25253 49067 17
18971 25495 17
10797 14106 17
30401 30823 17
30449 46134 17
13298 13923 17
10883 12422 17
11393 33915 17
6364 22884 17
3513 9430 17
2602 48747 17
27940 48789 17
30415 44509 17
42510 45597 17
30467 34419 17
6381 7614 17
42510 44604 17
4116 44117 17
13362 24977 17
1171 12708 17
10844 14161 17
11366 19393 17
10011 32840 17
18106 45355 17
37161 42446 17
12056 40694 17
37152 40356 17
1171 1924 17
3810 26556 17
18919 44397 17
18114 36082 17
40914 41609 17
1169 16098 17
9997 27258 17
7514 17153 17
5683 23211 17
38913 48601 17
19787 39944 17
19129 37496 17
12101 22861 17
18101 24273 17
18974 35642 17
25178 27383 17
11333 36481 17
27014 40477 17
787 25956 17
11372 23710 17
10018 14397 17
245 5849 17
13355 25068 17
4114 7401 17
17589 20136 17
10103 39300 17
40878 45433 17
11441 15491 17
18929 31439 17
11302 44306 17
1194 44608 17
7269 49252 17
11304 21391 17
7635 31111 17
11310 16762 17
37748 46161 17
10102 32201 17
36354 48763 17
18968 33732 17
1063 31647 17
10752 27496 17
2138 35512 17
19022 49646 17
13248 18212 17
26804 30044 17
2512 8881 17
25397 33702 17
10119 42918 17
234 5058 17
13200 18428 17
4320 22225 17
28145 37288 17
6611 45924 17
3537 44054 17
25401 44860 17
25400 34483 17
20275 33783 17
1062 35154 17
5618 49939 17
29203 33981 17
30283 46885 17
2594 14408 17
25387 25895 17
28142 31123 17
27099 40643 17
26765 44367 17
6526 10483 17
18060 25886 17
7412 27206 17
18915 39660 17
26837 29335 17
28081 34944 17
304 13839 17
7046 30880 17
10069 13337 17
10067 22790 17
5206 34540 17
13278 26281 17
12168 40364 17
1381 10566 17
5773 29716 17
19773 35008 17
13280 28270 17
6237 20713 17
19820 47452 17
12007 41779 17
18137 31963 17
11406 23185 17
26868 46263 17
12016 23446 17
41784 46866 17
26806 38249 17
27073 44403 17
29165 43226 17
4328 11447 17
18390 45533 17
18391 45064 17
12192 38759 17
20294 36090 17
3829 19486 17
11418 38725 17
17652 19245 17
10082 33930 17
27899 34698 17
102 18983 17
3522 31684 17
1039 45381 17
10078 49160 17
3522 17352 17
10889 26278 17
20127 33728 17
29938 30309 17
5626 39571 17
41029 44562 17
19590 42521 17
42196 42763 17
40682 46022 17
2478 10695 17
4259 38353 17
36861 38313 17
12539 13799 17
10510 13800 17
26262 30812 17
2188 31245 17
4258 34143 17
17915 25419 17
29552 41792 17
11613 48806 17
38530 42527 17
7557 34668 17
7075 44969 17
7471 32767 17
26296 27075 17
2360 18563 17
1091 41095 17
20140 48055 17
6286 28774 17
11615 18090 17
842 1005 17
18850 40841 17
29530 48462 17
5228 45017 17
1308 2005 17
12537 14366 17
28347 40663 17
11744 30642 17
29887 44944 17
10499 13541 17
4033 45822 17
29885 40258 17
882 49971 17
1297 36622 17
19992 30984 17
29583 47762 17
26230 47079 17
17903 30279 17
4205 6067 17
11628 40594 17
12586 23002 17
1095 4859 17
26244 45014 17
10323 11259 17
339 4866 17
27618 36752 17
2465 37276 17
4264 14002 17
5123 8077 17
3921 41945 17
3883 33937 17
26348 46749 17
17760 37459 17
10553 19635 17
19669 42149 17
1125 1393 17
19668 36510 17
41126 47025 17
26350 33953 17
7064 8259 17
40664 49364 17
11025 31452 17
2191 35031 17
1012 5904 17
27369 31536 17
6441 18644 17
4188 21323 17
28319 32360 17
2371 39005 17
20163 37469 17
29492 42955 17
118 144 17
1083 23622 17
10278 27001 17
27703 45089 17
7460 12059 17
27701 29962 17
12470 45745 17
11019 18174 17
18336 18602 17
18957 35190 17
11590 29157 17
29524 41317 17
1122 25169 17
11182 38265 17
7292 44512 17
1245 5090 17
28611 32415 17
1010 6699 17
4193 32102 17
1121 36594 17
1246 47597 17
17768 43210 17
26339 39236 17
17768 30824 17
3709 17014 17
840 19678 17
26336 39211 17
26334 32882 17
12500 37698 17
28322 37144 17
17815 36541 17
25777 29808 17
3610 26189 17
11588 23173 17
29965 40901 17
19060 29739 17
3876 39749 17
19664 41514 17
11768 45839 17
2377 10086 17
6422 20832 17
12638 43975 17
10449 11021 17
12639 31977 17
7526 21902 17
12641 34486 17
6579 45637 17
12725 45252 17
5698 32680 17
3651 11278 17
4045 18525 17
20042 28732 17
6999 13949 17
3652 12788 17
26026 42829 17
20074 49146 17
329 23074 17
874 39840 17
18950 41956 17
1288 20835 17
11661 48462 17
10453 32289 17
10453 15127 17
859 3467 17
3909 14114 17
1266 9322 17
28435 49399 17
3673 32147 17
12636 16443 17
11719 18906 17
3662 14950 17
11099 21466 17
20064 40169 17
29685 43786 17
27524 45098 17
20060 34412 17
26067 35045 17
12664 18527 17
17870 44278 17
12670 29548 17
29729 31745 17
1105 22996 17
28482 30468 17
17866 36679 17
37505 37589 17
4227 13270 17
20052 28036 17
12702 13774 17
12700 42246 17
26127 40940 17
7517 42517 17
29668 45977 17
37518 42571 17
11118 47574 17
26034 48304 17
26038 47287 17
20070 31841 17
17872 32278 17
19075 22249 17
4045 49131 17
1108 1435 17
17891 46690 17
12804 45582 17
27599 32584 17
6318 16512 17
46789 48981 17
1293 28039 17
4060 41165 17
7330 11271 17
5431 47988 17
6418 23706 17
25934 29604 17
20005 47590 17
36802 49457 17
5046 21081 17
46646 47539 17
40772 48613 17
17888 42897 17
4248 23755 17
3681 21120 17
25913 34484 17
37445 47963 17
26220 39666 17
2185 42702 17
20106 34714 17
29592 45921 17
29883 48724 17
29871 42384 17
5230 16566 17
6418 9455 17
6491 27786 17
25932 35025 17
114 27866 17
37534 42616 17
3639 47452 17
29822 36824 17
4215 41976 17
12768 34760 17
228 335 17
20088 27448 17
6964 34042 17
10365 13203 17
40771 46655 17
28542 30585 17
1101 3708 17
40739 43878 17
36676 43817 17
6419 44672 17
12629 28643 17
29632 38632 17
3681 7368 17
1003 10237 17
11059 43799 17
27581 40481 17
5649 38205 17
7499 45264 17
11648 39422 17
27346 46876 17
1098 11339 17
27579 49311 17
6298 6322 17
28408 31494 17
4058 27144 17
36664 43107 17
11137 18722 17
5442 47448 17
13095 18414 17
10665 45270 17
28755 49906 17
18188 18380 17
6263 48370 17
18006 27404 17
3752 34056 17
29302 33554 17
7598 34895 17
18469 28175 17
25558 33365 17
27218 36922 17
29308 33125 17
3952 21370 17
3750 24070 17
914 38445 17
25527 33872 17
19882 40419 17
26639 48783 17
27790 49430 17
26638 32946 17
1210 33613 17
1076 8469 17
27195 39952 17
17689 46634 17
3850 9574 17
11497 13436 17
6605 17334 17
11498 40815 17
10205 34682 17
11507 13531 17
6558 47375 17
13049 48050 17
241 8009 17
41894 45535 17
28233 46866 17
27776 43013 17
25596 31186 17
29334 43188 17
6483 42166 17
28741 34783 17
7030 42814 17
19710 21988 17
1139 16510 17
28245 38637 17
6264 48496 17
2455 3115 17
910 44437 17
13066 45757 17
10199 23985 17
5765 13413 17
5615 11756 17
40841 49220 17
4294 24953 17
30121 31876 17
3853 21356 17
5030 8092 17
17701 47764 17
1022 9904 17
26582 40302 17
11504 42564 17
36434 43673 17
29237 33956 17
42418 48143 17
1070 24063 17
13150 47238 17
40958 43901 17
20250 44730 17
10927 37050 17
18036 31677 17
18035 35761 17
29251 35156 17
30197 32293 17
26714 48179 17
3960 8233 17
11463 31186 17
11272 21903 17
36425 46015 17
17665 41133 17
346 15426 17
1026 14327 17
17667 29756 17
36439 46089 17
1356 48531 17
7002 17404 17
5373 27729 17
5024 28141 17
6391 44301 17
163 28800 17
3551 17223 17
3551 22141 17
2587 4454 17
6450 25836 17
41842 42753 17
27816 35574 17
11923 47573 17
41310 45117 17
3847 4780 17
140 19236 17
5361 24375 17
3847 39983 17
10679 34152 17
13113 41190 17
29290 38797 17
27794 35941 17
3556 20270 17
29255 34361 17
2274 14923 17
11928 42062 17
37679 48413 17
40859 47653 17
30188 46304 17
13038 18689 17
7245 8688 17
17679 37309 17
26674 42069 17
10156 21541 17
13125 22102 17
12294 19027 17
12962 42488 17
18942 47410 17
38901 46646 17
12968 36637 17
7452 23850 17
11551 23399 17
29479 42175 17
25687 41843 17
30035 36729 17
25696 29585 17
36530 39175 17
6934 38130 17
11007 29284 17
835 939 17
26414 31810 17
17962 44229 17
26437 46108 17
11540 25041 17
7227 10870 17
4020 47356 17
2458 11115 17
5037 13202 17
12445 40279 17
3864 19313 17
4281 25900 17
10576 44218 17
4281 11536 17
5621 20483 17
12970 18997 17
6274 24021 17
1320 47902 17
12928 25341 17
12927 42992 17
10564 31282 17
11800 42795 17
3870 32534 17
3935 38591 17
26399 37239 17
4275 14178 17
3719 8391 17
25730 44981 17
340 39771 17
3718 42954 17
19672 35135 17
42231 45457 17
18341 21310 17
12949 26798 17
10566 17084 17
11208 12813 17
25712 35992 17
5395 14738 17
27712 43816 17
10258 27935 17
10582 37588 17
7342 37819 17
1322 24894 17
3721 21614 17
30006 40711 17
30006 36649 17
25718 32394 17
6275 18733 17
7078 48881 17
27248 38327 17
30091 40281 17
7282 49803 17
7353 19279 17
1018 44277 17
29388 49292 17
17984 18579 17
26535 49677 17
5371 37332 17
12383 37171 17
903 29281 17
10617 30567 17
2197 12518 17
10985 32991 17
10971 13439 17
4290 38988 17
2581 36442 17
5129 11164 17
19550 22594 17
1217 49153 17
27762 39550 17
5128 41080 17
25612 38232 17
21559 45213 17
1138 10991 17
11518 16591 17
2580 10504 17
3733 12601 17
3585 6179 17
38847 42029 17
11842 28891 17
27742 28984 17
18885 20179 17
10989 19836 17
18842 35325 17
12421 16749 17
18208 23539 17
38630 41376 17
17731 20624 17
19945 26023 17
25644 26617 17
41328 47271 17
13006 26580 17
26497 38428 17
27289 27323 17
13003 31278 17
4175 36879 17
11949 23888 17
28274 45223 17
6270 14485 17
19928 25965 17
5756 21104 17
5075 22620 17
27290 44436 17
6932 17413 17
17194 27529 17
33351 46571 17
1780 31434 17
9495 21745 17
1980 13938 17
8776 22435 17
17191 26841 17
35687 44815 17
23934 24757 17
14193 37464 17
5486 26124 17
4493 29490 17
22514 33356 17
48058 49710 17
14186 42260 17
1564 30688 17
4703 24084 17
4871 24737 17
20697 30034 17
16614 30010 17
1564 3988 17
6128 35294 17
20684 26907 17
22522 43981 17
22528 28323 17
17178 30194 17
390 573 17
1569 27936 17
3301 35877 17
19270 20834 17
3302 3901 17
35655 45767 17
31596 47973 17
33341 41569 17
31668 34230 17
3016 8583 17
23911 34851 17
3303 21181 17
43111 44138 17
33350 43214 17
35732 45222 17
21227 49376 17
22449 25926 17
81 31335 17
48238 49810 17
1555 40706 17
6130 26853 17
22444 44458 17
46051 47423 17
2999 36701 17
18727 27184 17
20662 42044 17
21242 34017 17
1789 30296 17
37949 38353 17
34844 40697 17
33427 36994 17
8737 24032 17
197 28988 17
14104 19779 17
15549 17616 17
33433 46732 17
4956 22312 17
15480 38902 17
21214 28520 17
31583 45389 17
22485 43513 17
34870 40889 17
46025 46755 17
22482 46418 17
15490 20793 17
22479 30837 17
20673 26487 17
1572 14708 17
31537 31550 17
35718 39704 17
33385 39556 17
16600 17302 17
17224 28707 17
14146 22894 17
15509 34827 17
14145 46745 17
9421 14223 17
1594 7424 17
5283 30661 17
3038 10370 17
15353 24284 17
35595 39376 17
1592 14071 17
20754 48248 17
22604 23919 17
38042 47101 17
14318 47407 17
35601 46633 17
14316 18258 17
23750 33815 17
23753 28223 17
33221 38585 17
34970 43783 17
14304 49546 17
33243 49839 17
23704 32122 17
39790 46713 17
15314 46126 17
21159 26627 17
20765 39904 17
6106 32476 17
7904 27279 17
23676 46985 17
6706 13652 17
7900 22741 17
17148 33449 17
665 14269 17
31885 37795 17
16691 23795 17
2053 42288 17
39140 47695 17
3039 29236 17
22620 36481 17
29 16599 17
40212 42238 17
33290 38240 17
2682 28688 17
6118 32664 17
16641 23683 17
40212 45818 17
6119 18059 17
17174 48386 17
16637 44526 17
15405 27744 17
680 20661 17
14241 17387 17
31698 34807 17
14240 22126 17
20716 34785 17
2309 4989 17
31691 42058 17
34898 47173 17
6122 8984 17
5487 20686 17
1983 24548 17
4948 23732 17
4513 25308 17
4877 28748 17
14291 45273 17
31819 48468 17
5993 24288 17
34951 46075 17
31792 38128 17
265 6659 17
8812 30723 17
6858 29994 17
7886 40464 17
16656 36502 17
6694 19423 17
8128 36612 17
676 42548 17
2397 2725 17
528 13380 17
38791 40971 17
13934 18714 17
2796 29868 17
2656 8484 17
2656 7775 17
13930 47834 17
2655 44707 17
31238 42550 17
37951 39210 17
22308 43638 17
15723 48026 17
16523 39138 17
15735 27680 17
9645 22495 17
5476 17608 17
22284 36070 17
13916 16465 17
24312 24871 17
6899 8125 17
9636 13150 17
15679 21816 17
9623 27934 17
5793 16729 17
39107 49739 17
3356 41688 17
35843 38042 17
445 43424 17
531 692 17
16545 45083 17
8662 8818 17
9636 15637 17
35845 44387 17
16543 48742 17
24276 36223 17
15699 27042 17
8658 41271 17
529 15844 17
53 46980 17
33766 47904 17
22259 46451 17
39414 46993 17
1510 49288 17
38344 45101 17
34718 49066 17
31152 32724 17
17327 18196 17
521 15510 17
22238 33515 17
19183 39644 17
20578 23115 17
15773 20114 17
4445 24530 17
18606 19866 17
16502 46625 17
2087 15361 17
24371 38647 17
17333 21345 17
6799 11371 17
44410 45055 17
22284 29226 17
19293 43075 17
13911 47086 17
31218 44967 17
13900 22014 17
33692 36692 17
7790 40457 17
52 13395 17
13948 37407 17
9661 24872 17
9664 11110 17
9667 33782 17
9668 16100 17
31180 42480 17
24340 30999 17
35881 45412 17
13871 22315 17
33505 47265 17
38311 44166 17
1543 3435 17
2789 28918 17
537 43871 17
24100 35779 17
220 8773 17
15594 43503 17
24090 38200 17
383 28498 17
24102 37144 17
33505 47890 17
8714 23974 17
33512 47210 17
1540 42322 17
35776 44266 17
20647 27023 17
24112 49202 17
4473 49777 17
31433 39317 17
1791 36178 17
24051 29075 17
1972 2855 17
14092 22487 17
19196 28893 17
6134 49601 17
5975 25732 17
21261 47469 17
15575 20799 17
24115 43195 17
18545 27592 17
21266 39547 17
15577 25512 17
31423 32325 17
33455 40970 17
539 40823 17
19193 31656 17
6894 15460 17
15656 46643 17
534 8329 17
5966 22178 17
13980 30347 17
709 19784 17
6855 21476 17
22353 31304 17
24191 40515 17
15653 34951 17
22352 37511 17
46064 48732 17
8169 49755 17
8685 25487 17
15660 35189 17
8684 20164 17
24217 34517 17
15664 22558 17
33615 44998 17
22333 23804 17
54 40942 17
21283 41650 17
14050 40021 17
33513 38024 17
3336 19915 17
34795 41086 17
4863 29248 17
4719 5604 17
15624 26913 17
9590 37621 17
23667 39324 17
6788 38217 17
7825 25023 17
17261 43865 17
705 3486 17
35795 39136 17
35807 45976 17
2079 2668 17
15025 36728 17
6865 31718 17
32412 44921 17
2718 28553 17
186 626 17
15034 19662 17
21043 39998 17
22957 48294 17
9016 15151 17
32426 38534 17
14697 40992 17
9014 24270 17
9010 18559 17
14688 36438 17
32379 42337 17
15051 49554 17
9005 23977 17
8075 21879 17
18678 39355 17
16962 36249 17
3120 14982 17
2009 14379 17
2031 39288 17
4900 14058 17
405 49021 17
4921 44340 17
32427 33723 17
43426 44082 17
5169 46758 17
9026 44777 17
14730 29812 17
4588 30626 17
9185 27961 17
9025 26087 17
9024 18015 17
19247 27837 17
23366 30168 17
422 1376 17
17003 32324 17
628 6892 17
8979 31651 17
20854 23991 17
32857 45501 17
15098 25050 17
22904 29716 17
1645 28996 17
630 37749 17
32859 35904 17
23383 26001 17
15104 24157 17
14618 35993 17
32246 33846 17
22890 40556 17
3093 8886 17
9257 16645 17
32830 48906 17
15062 49616 17
3106 31934 17
9003 15666 17
3196 20148 17
45718 46174 17
16986 47047 17
15066 39817 17
2004 13151 17
3199 5740 17
15069 36826 17
14662 45708 17
2313 34756 17
6024 20589 17
14654 47952 17
3202 27710 17
5247 39103 17
20863 21072 17
8991 10750 17
8990 38237 17
16997 18440 17
14825 35076 17
606 34195 17
23098 44534 17
9129 24906 17
9129 46703 17
18675 26986 17
1676 26835 17
20999 34538 17
32531 34948 17
4619 24676 17
32516 37620 17
23082 30777 17
6869 39439 17
14924 29361 17
23078 47859 17
8004 24970 17
20935 43572 17
14934 40566 17
16872 28302 17
14795 18542 17
23137 26675 17
8019 15411 17
5668 29203 17
8019 44181 17
2017 14118 17
23149 26710 17
4912 35266 17
14841 39394 17
35211 42599 17
23161 23729 17
9096 40684 17
32603 46600 17
32534 42059 17
32532 38049 17
23106 41771 17
35249 44744 17
39216 48022 17
43631 45490 17
6732 12360 17
40017 42864 17
35345 45282 17
21014 37408 17
6867 40179 17
2315 26863 17
9057 24828 17
9054 15630 17
35349 37788 17
32720 35407 17
2031 4911 17
23244 32971 17
14977 17782 17
9174 20519 17
9045 25687 17
2010 6967 17
20904 36122 17
32738 41808 17
23207 25298 17
6736 37675 17
23207 28402 17
14944 17883 17
23053 37937 17
14786 20934 17
32668 43685 17
5835 29912 17
23213 48384 17
39235 41244 17
23216 47321 17
9066 13365 17
9150 36682 17
6052 12755 17
20919 27235 17
610 4224 17
6742 27616 17
4596 17574 17
38265 41752 17
14474 18048 17
16743 26567 17
39824 48985 17
8882 35712 17
23552 31092 17
14466 25756 17
8881 44949 17
9334 37159 17
23559 36408 17
22719 39395 17
35507 41431 17
14450 14851 17
33119 40068 17
17085 18110 17
22693 26041 17
21129 47995 17
217 32699 17
259 549 17
15219 19929 17
20813 21606 17
15214 20055 17
23528 45924 17
32057 40525 17
32049 41202 17
43903 46984 17
6088 28554 17
6089 49527 17
8871 24195 17
38744 43279 17
568 46840 17
1745 3189 17
20802 27983 17
5819 13427 17
15231 19366 17
4669 29149 17
23546 43503 17
15234 17724 17
5523 6982 17
2696 4104 17
8863 37144 17
9358 41229 17
31935 46645 17
15290 39062 17
20776 44360 17
23644 27567 17
9372 21488 17
35532 49390 17
23646 38429 17
4883 16238 17
15292 47045 17
35001 43349 17
2694 14337 17
9379 9458 17
18642 20720 17
14392 37704 17
31985 46604 17
651 46605 17
5254 14961 17
31993 45444 17
9344 33535 17
4537 17433 17
654 3489 17
23589 32094 17
5153 17037 17
14498 42405 17
40134 40252 17
5494 37294 17
23599 29173 17
656 3932 17
19381 47499 17
45406 47374 17
22678 41105 17
18519 28704 17
21098 45085 17
23436 28231 17
636 18762 17
20832 30897 17
39848 46543 17
2753 12560 17
16781 35650 17
2422 15752 17
14580 23091 17
637 4566 17
14561 30618 17
23471 27613 17
3080 8599 17
7154 26111 17
32968 36295 17
63 15232 17
23477 32818 17
23411 24027 17
14611 31811 17
1722 36940 17
32233 32260 17
32907 33959 17
39193 49620 17
4893 10316 17
32909 37996 17
32910 44405 17
633 18925 17
17046 35286 17
15132 33148 17
32213 36728 17
5631 27609 17
3216 39916 17
3086 9985 17
32930 42107 17
32184 35767 17
43316 44310 17
14518 28400 17
3072 46617 17
45500 49373 17
33027 41506 17
32097 41268 17
16768 20402 17
8902 41374 17
8099 33476 17
33056 45290 17
14518 49456 17
32099 33245 17
2756 14045 17
22777 25756 17
235 13954 17
23515 25212 17
15208 28516 17
14506 36411 17
20813 33465 17
1742 32970 17
640 27130 17
191 41902 17
1627 16478 17
6716 17697 17
2706 23488 17
2398 21311 17
21115 28260 17
14541 40486 17
35065 42423 17
30494 45943 17
22798 23354 17
32119 43317 17
7935 45844 17
15183 42937 17
7935 43705 17
33004 47013 17
400 27133 17
34296 45382 17
16052 39418 17
2920 36464 17
30946 33018 17
1908 27957 17
4992 7573 17
9840 22196 17
16061 24921 17
30819 46466 17
2921 19277 17
16243 39425 17
16048 17332 17
8446 34039 17
24595 34395 17
9770 47940 17
15920 33619 17
3408 24083 17
30815 42729 17
34663 38246 17
9845 29257 17
7714 8002 17
24994 31345 17
2923 4258 17
24994 36041 17
20413 48536 17
9912 20329 17
13475 15053 17
20419 30387 17
30825 45417 17
1452 4112 17
16043 16237 17
34096 42198 17
7688 8235 17
18783 47958 17
7692 9825 17
40467 43265 17
5868 32539 17
16452 44957 17
24608 46705 17
9953 47926 17
370 963 17
1910 34125 17
37998 41159 17
18597 42018 17
24534 31170 17
35900 41695 17
8278 49138 17
16465 37603 17
20430 47049 17
33900 37347 17
7192 11604 17
22100 25173 17
6840 32386 17
22088 38589 17
20505 23522 17
16075 40358 17
8339 32367 17
16468 23310 17
778 4628 17
13621 15013 17
4803 35399 17
9752 43119 17
20431 30945 17
37998 46417 17
43 10475 17
9767 39949 17
17398 48016 17
22067 49026 17
2639 3423 17
6820 20790 17
30986 35339 17
13551 27826 17
1892 45552 17
1434 33050 17
15908 28982 17
39057 39512 17
16247 47536 17
16167 22479 17
20423 29359 17
17538 32973 17
24803 36092 17
13759 38116 17
8213 37629 17
9759 29917 17
3479 16078 17
7176 7751 17
13624 44994 17
21647 37149 17
1867 16738 17
16340 41258 17
24763 30234 17
44622 49628 17
16197 44579 17
34610 39452 17
8366 40154 17
8484 30598 17
21971 31315 17
16019 26261 17
5459 24418 17
2109 36377 17
21701 28697 17
36049 47462 17
21983 36346 17
5925 28054 17
30872 42989 17
13695 32123 17
18553 30787 17
6209 8546 17
21963 25534 17
21937 32061 17
6187 13611 17
30673 34408 17
24742 42896 17
4407 6325 17
21734 38044 17
3462 9248 17
2868 21571 17
5927 27606 17
21721 26326 17
30842 43414 17
17524 20499 17
252 41932 17
36226 36648 17
1459 12129 17
6210 45206 17
20456 34080 17
7186 48119 17
1865 3256 17
21709 38406 17
24702 39558 17
500 1957 17
1428 33471 17
22034 41967 17
5269 18679 17
21889 33267 17
34309 40264 17
1943 12474 17
24908 40944 17
9912 42815 17
1949 25851 17
21675 41463 17
8505 26416 17
5785 13767 17
2861 28316 17
20412 29717 17
39538 42226 17
16212 22989 17
20452 43556 17
3471 34198 17
22037 28754 17
16219 38831 17
2917 33225 17
773 881 17
8509 30806 17
742 7068 17
5559 42358 17
4811 41113 17
16026 27201 17
34339 46886 17
5925 18196 17
36039 39109 17
21400 42751 17
8496 30220 17
4376 30737 17
5160 10063 17
2913 21381 17
30682 37550 17
2629 35204 17
20403 26611 17
21998 37110 17
34620 40375 17
30898 39261 17
24647 43576 17
2413 18395 17
9716 32906 17
25080 35395 17
31083 46846 17
5947 28280 17
9984 29866 17
16380 28144 17
1438 17885 17
13818 15162 17
8583 22345 17
7765 18684 17
1920 8402 17
42536 46036 17
9718 28664 17
24451 29464 17
39 21647 17
2128 2240 17
34521 35760 17
45097 47865 17
1500 46143 17
2093 39534 17
30756 31851 17
19358 37305 17
36113 49914 17
15810 41438 17
34219 40551 17
730 19553 17
34393 49562 17
42663 47799 17
2876 7123 17
1411 1532 17
1953 34116 17
33842 44924 17
1918 28147 17
21594 25235 17
760 47907 17
21839 42335 17
22133 25902 17
1880 31833 17
3393 4750 17
2627 20585 17
20527 41097 17
24458 25190 17
9865 28082 17
21466 48551 17
9866 39958 17
1926 2841 17
21467 37328 17
9701 48972 17
9700 40419 17
13592 37460 17
20563 41834 17
17583 25543 17
30735 41532 17
2411 5572 17
17349 18000 17
17343 21703 17
25120 37468 17
3493 28889 17
21566 45072 17
8201 25365 17
5776 37989 17
173 2383 17
1934 13248 17
6199 47502 17
13829 43602 17
24436 31963 17
25100 26259 17
36137 36770 17
17362 28333 17
3385 31857 17
13390 13987 17
2128 20278 17
6800 8746 17
19301 48266 17
5570 44867 17
9873 33174 17
487 11152 17
24425 30732 17
13836 26359 17
2291 36309 17
8204 16132 17
39094 39835 17
15798 24348 17
37895 47925 17
6836 48844 17
36282 44530 17
4361 5304 17
24879 45308 17
21610 47230 17
9737 13550 17
2933 3770 17
6200 46997 17
30555 49096 17
8337 20350 17
3451 14947 17
473 7643 17
20431 37037 17
21498 35057 17
8278 20373 17
24877 40098 17
46356 49542 17
4994 8728 17
8390 39639 17
6630 27364 17
2850 16392 17
18555 29494 17
4802 26219 17
9859 23759 17
19168 33725 17
8568 15357 17
19344 49877 17
6171 34758 17
24502 44134 17
21498 36905 17
13569 17424 17
9733 43752 17
21450 30085 17
5007 10172 17
7700 31046 17
2301 5294 17
22114 23124 17
45016 45489 17
30787 45332 17
5006 11848 17
8209 20934 17
34131 46480 17
8575 16182 17
16268 38210 17
17392 35476 17
31021 48092 17
17564 21605 17
170 13558 17
24875 33393 17
13425 18436 17
24482 40444 17
6217 9606 17
466 7867 18
29058 39360 18
16752 17680 18
2747 17335 18
41748 43511 18
2000 2050 18
21512 23417 18
3964 25013 18
22739 36401 18
8105 41562 18
8938 46240 18
33101 40044 18
4662 5873 18
26968 41928 18
32928 46489 18
28214 45547 18
16140 24822 18
2262 40462 18
16157 39082 18
3815 19347 18
19022 39402 18
28184 29190 18
15237 32765 18
7186 9576 18
8097 34242 18
8949 45267 18
28999 48369 18
12057 32426 18
45089 47949 18
41759 43687 18
10806 21771 18
5629 40355 18
1172 9357 18
22729 25497 18
37127 39998 18
41284 45355 18
2752 24927 18
38123 40511 18
16786 27444 18
8937 9873 18
22848 34749 18
3084 48945 18
16765 39272 18
6009 49686 18
2349 24335 18
3066 7413 18
2875 8799 18
16348 41951 18
15173 39383 18
8921 16254 18
1893 45590 18
2269 38531 18
26952 30871 18
22816 42646 18
21116 21454 18
44831 47679 18
480 754 18
41281 47330 18
4008 5371 18
47132 47700 18
32988 45191 18
7399 13724 18
15159 30734 18
6538 16852 18
26986 45465 18
12073 44218 18
11267 26113 18
18097 35988 18
15184 31408 18
6760 36955 18
41743 48034 18
21748 36516 18
34309 48540 18
11290 29953 18
1169 7492 18
49723 49891 18
575 45281 18
12091 49552 18
37132 42200 18
27820 43622 18
7396 48586 18
16348 35363 18
22841 27495 18
12067 18495 18
8894 17403 18
4123 16186 18
21781 36560 18
11456 28654 18
18111 30854 18
39829 39964 18
4805 42793 18
1894 16853 18
15205 19754 18
22797 38072 18
4887 11185 18
945 13057 18
18963 29544 18
22826 29887 18
1895 3446 18
18527 39258 18
37725 47179 18
6036 35051 18
32693 47196 18
11386 42377 18
23035 42136 18
26735 49447 18
1927 16755 18
27941 31841 18
12241 14079 18
8048 19823 18
38938 39082 18
8050 27494 18
1696 3320 18
29236 36659 18
28016 45101 18
3134 22298 18
8337 45930 18
8328 21762 18
2516 5946 18
16275 17687 18
34390 43866 18
26762 27841 18
5140 24647 18
6464 44318 18
18403 42533 18
43728 47798 18
23010 24831 18
35164 41551 18
32743 44799 18
417 759 18
21645 39536 18
23000 24342 18
1705 42691 18
280 28198 18
16250 18768 18
10710 26841 18
2290 31356 18
16326 16670 18
4147 23040 18
32725 37467 18
2423 9762 18
2010 33537 18
4817 22273 18
39976 42745 18
12232 22564 18
10728 12459 18
29276 36156 18
19481 28622 18
29278 37844 18
10693 39303 18
34400 34753 18
20992 35529 18
34412 45689 18
1689 33810 18
32597 43979 18
29273 40503 18
18028 45800 18
5564 36227 18
4616 30452 18
7054 48941 18
12292 19765 18
1686 7471 18
37967 49906 18
9101 43440 18
4616 36601 18
41220 46394 18
2842 4638 18
14874 38276 18
5878 8553 18
14880 39298 18
27969 35699 18
4822 28250 18
16881 40780 18
1202 12597 18
18040 32597 18
470 45763 18
2847 26806 18
39464 40068 18
39983 40638 18
35184 44979 18
26713 35663 18
18042 23800 18
29201 41689 18
12269 15358 18
27974 45630 18
2517 27692 18
9084 44557 18
2735 7951 18
29266 49560 18
3140 34583 18
9089 15524 18
23100 41316 18
12272 25364 18
1204 27027 18
37735 47302 18
7052 15467 18
1718 38374 18
8984 10897 18
5355 33183 18
422 5574 18
34495 38035 18
37110 38552 18
22900 39922 18
21701 29080 18
22893 24197 18
21701 34633 18
22912 34644 18
10768 25191 18
4641 30117 18
7265 14402 18
12174 38363 18
21679 37379 18
16792 37171 18
22909 36445 18
11314 13799 18
32841 44790 18
2287 39532 18
12169 34594 18
2867 16924 18
2355 36241 18
142 5731 18
7409 11222 18
39298 44093 18
1897 30623 18
15128 29829 18
26901 37829 18
18083 27373 18
39868 41035 18
7407 19692 18
11450 14898 18
3102 19397 18
26891 37497 18
16194 42811 18
2751 12988 18
1899 48763 18
38126 49380 18
15116 46918 18
5685 22078 18
11442 26041 18
32877 40449 18
38127 38616 18
12154 47425 18
4133 12362 18
40881 45063 18
16844 37078 18
19835 27513 18
8062 36026 18
16239 37054 18
11410 18649 18
16844 22121 18
32764 45094 18
3113 8600 18
5893 49333 18
9023 36437 18
28082 34993 18
34350 45824 18
10757 21852 18
5378 8446 18
589 33728 18
1709 8079 18
16844 48367 18
38675 46824 18
8295 16671 18
19506 42316 18
28061 35955 18
26765 46457 18
18060 25503 18
16846 39486 18
18059 27979 18
27917 43137 18
1715 7694 18
8355 49186 18
28098 49569 18
3784 44173 18
28101 33888 18
18396 26625 18
27891 45791 18
16814 21130 18
32809 37197 18
476 6384 18
16217 36454 18
3786 7989 18
39780 45260 18
16807 39095 18
37103 44356 18
32798 45598 18
11420 12010 18
21669 40943 18
37102 42641 18
21050 42305 18
16834 42354 18
5514 9184 18
9016 45997 18
15897 38232 18
34668 45172 18
7247 39207 18
11792 42836 18
11015 13126 18
4712 8624 18
11788 24722 18
4865 12863 18
1847 8642 18
33901 47963 18
8723 27726 18
1970 17260 18
22088 38326 18
37394 40277 18
131 47764 18
22437 29404 18
15920 34397 18
8523 29840 18
22431 35842 18
33434 38465 18
6783 12673 18
15915 44274 18
44538 47668 18
4758 14926 18
441 29311 18
1127 26782 18
2481 48740 18
19677 31427 18
7164 23547 18
33945 39669 18
15565 18228 18
22071 37590 18
2984 39260 18
28375 36524 18
27379 34272 18
11626 39120 18
453 19350 18
6434 16909 18
33876 43765 18
27380 48372 18
5970 6663 18
15610 32617 18
8707 26591 18
133 13565 18
18241 27575 18
8706 39139 18
1796 39436 18
4714 8946 18
3873 48307 18
11019 37395 18
4864 20288 18
28360 40923 18
19681 42360 18
16466 18973 18
8550 13293 18
37563 39533 18
11773 34807 18
3920 18812 18
8716 30972 18
4027 11671 18
131 17304 18
2307 45811 18
3007 49865 18
37626 43323 18
18331 26445 18
33383 41162 18
38627 45867 18
38795 38995 18
3008 3623 18
22469 38265 18
1949 26731 18
1786 45208 18
15507 17554 18
37746 42400 18
4765 31482 18
6809 15444 18
2916 22121 18
27678 42574 18
18200 47607 18
8144 30549 18
4706 25716 18
11590 41238 18
11852 43252 18
22485 39031 18
39727 45979 18
33970 36254 18
28656 31191 18
5269 28323 18
8224 22995 18
8223 32921 18
11000 36225 18
15923 48131 18
8742 17593 18
5977 17955 18
1788 12359 18
19683 28778 18
6779 41809 18
7344 49679 18
15540 40566 18
28345 40809 18
37950 48161 18
10992 19398 18
48016 49244 18
3926 29180 18
1091 1838 18
22459 36011 18
34866 49081 18
5255 13311 18
15515 41640 18
19586 49256 18
2931 37509 18
15517 19897 18
27303 49902 18
19687 49602 18
8517 22761 18
28328 33504 18
28660 32718 18
11601 21568 18
21354 26081 18
8635 27373 18
22287 38684 18
1817 16979 18
15814 17128 18
2247 9848 18
28435 44935 18
11671 29181 18
8635 42626 18
28523 30295 18
6423 18937 18
4746 7063 18
27474 34210 18
11708 18726 18
11113 27424 18
15700 35850 18
22151 49251 18
41084 44434 18
8655 31540 18
8652 9518 18
8582 43683 18
37487 46312 18
1835 4223 18
21314 34402 18
7174 10313 18
21323 38555 18
8181 42864 18
11118 15141 18
18603 24849 18
15768 31215 18
19624 23156 18
11678 49361 18
135 4658 18
16493 30465 18
19296 33574 18
11691 37566 18
4741 46602 18
8198 35713 18
11680 38351 18
8607 39683 18
28458 30863 18
4742 36143 18
4735 5229 18
33804 44741 18
11081 12299 18
2956 12068 18
28444 31484 18
41054 44996 18
28506 34814 18
33747 34211 18
5862 21170 18
4852 30137 18
19634 22110 18
15635 21644 18
11637 34988 18
1841 2899 18
22359 25232 18
3915 27387 18
8567 33917 18
44242 46689 18
1840 7045 18
44253 47291 18
16476 22027 18
16477 37595 18
16559 38098 18
1003 11382 18
19655 40068 18
22124 49740 18
21281 33185 18
6503 34606 18
19605 36582 18
8564 13056 18
16569 21426 18
2981 6284 18
6788 13046 18
22113 48602 18
5858 35088 18
27395 44039 18
149 26936 18
1841 33414 18
28603 38161 18
15634 33628 18
37538 44761 18
47378 49165 18
8576 47744 18
5858 36776 18
28568 38046 18
27424 40080 18
28409 41173 18
8174 10286 18
8579 40873 18
19608 22743 18
1100 43912 18
22340 26401 18
11143 24392 18
15657 35737 18
202 2001 18
1003 7588 18
33596 47119 18
28399 46336 18
38687 41569 18
28582 45490 18
6493 32838 18
3041 46873 18
27068 43346 18
5576 7433 18
6483 48703 18
8121 33621 18
5384 18778 18
41656 48996 18
19765 22373 18
37244 37375 18
33187 43275 18
7377 15727 18
11990 45175 18
33192 45521 18
5158 24274 18
33193 46739 18
33194 44444 18
28873 39161 18
12003 13959 18
27060 36031 18
21139 45372 18
19777 21430 18
1877 8291 18
16076 49406 18
11517 15309 18
22622 31121 18
10887 13666 18
561 37271 18
19771 35092 18
21158 22191 18
7378 35863 18
205 13305 18
5098 44683 18
27111 28073 18
34090 41473 18
15360 45812 18
18352 41988 18
3942 12683 18
10907 23288 18
5360 12945 18
37650 41006 18
11221 33548 18
15363 29476 18
11968 23468 18
34071 48574 18
16058 34184 18
28869 36636 18
34102 44639 18
5400 29849 18
44036 45581 18
28863 47247 18
22615 37023 18
270 2601 18
15295 17692 18
7198 7731 18
1155 17868 18
16680 24431 18
11224 39026 18
15350 45937 18
19554 35150 18
5553 16919 18
6764 20926 18
15256 20913 18
18128 22098 18
16124 16248 18
27789 42810 18
3953 39204 18
22697 35217 18
7385 35046 18
3953 24721 18
12038 12530 18
19542 28000 18
22690 42771 18
16118 24235 18
8879 32801 18
21484 24630 18
6005 10317 18
11490 16662 18
34526 49802 18
268 5180 18
27006 32433 18
8415 24520 18
16115 26275 18
5157 49472 18
2881 6944 18
45492 45495 18
19258 21478 18
6004 30017 18
1877 45586 18
21451 33970 18
37928 47468 18
18135 23745 18
22671 39765 18
12022 21797 18
27056 46853 18
10884 26797 18
33148 43799 18
16400 30237 18
18551 22467 18
1163 5997 18
490 2808 18
16730 44732 18
8431 25905 18
2887 9732 18
41158 43641 18
22680 46966 18
27126 32712 18
22676 24593 18
11246 45798 18
18132 42492 18
7191 27290 18
4675 9993 18
16723 32779 18
15443 46329 18
4091 5451 18
22527 24498 18
38613 46975 18
33989 40310 18
34898 37891 18
5529 17399 18
28758 37540 18
5981 6513 18
27703 47585 18
2227 5272 18
2419 10789 18
195 3709 18
969 23775 18
22522 26365 18
15430 40179 18
7368 24236 18
18183 33072 18
11567 16128 18
33337 43348 18
4873 40390 18
21992 25835 18
39544 46016 18
150 46344 18
7193 26600 18
44160 44427 18
39765 47495 18
8138 20545 18
11193 29382 18
4085 16463 18
19273 33402 18
11872 27151 18
3932 44766 18
22511 25031 18
16621 26500 18
15471 24955 18
21212 33013 18
22021 26315 18
22500 25090 18
22499 49684 18
39754 40096 18
7290 9541 18
15457 28906 18
18192 19041 18
16622 41075 18
11197 48012 18
1781 2592 18
22534 35868 18
33355 38226 18
7030 25069 18
27233 31388 18
5546 45063 18
8775 48515 18
22513 39415 18
3839 5214 18
28828 49160 18
2493 18002 18
8128 29943 18
22572 25486 18
28287 40409 18
33276 38601 18
16656 28149 18
16012 40697 18
27167 33718 18
15394 30469 18
28813 48196 18
11553 26466 18
1152 6307 18
21172 35155 18
44057 49240 18
7197 34818 18
8819 40163 18
37273 46879 18
18582 23677 18
15374 21024 18
33263 41946 18
8482 11653 18
21947 22479 18
21947 23352 18
33299 41776 18
15417 40125 18
39541 49950 18
8478 24516 18
37295 39742 18
27714 49882 18
21194 34288 18
18583 25156 18
1777 16907 18
21200 21556 18
11566 22290 18
8128 38455 18
11937 39928 18
33279 39854 18
16648 44309 18
15404 20916 18
4094 47806 18
37644 42217 18
44634 48213 18
8107 21156 18
16648 32269 18
18179 44771 18
27180 31478 18
28804 29787 18
34930 49275 18
24202 46536 18
13953 33889 18
1525 38417 18
46585 47205 18
20633 47061 18
17279 46580 18
25752 29052 18
10280 44901 18
31280 44076 18
13971 26591 18
24241 31480 18
1316 3484 18
7816 39974 18
24199 44995 18
17274 28877 18
18740 31336 18
1530 4118 18
6936 9511 18
20154 20290 18
31320 35548 18
837 28080 18
20621 28728 18
30003 30507 18
13940 20935 18
31253 33075 18
12917 19254 18
12897 26600 18
9625 45269 18
7561 30177 18
85 709 18
3604 39474 18
25745 30251 18
29993 31232 18
7810 25792 18
340 23264 18
29949 49769 18
25802 30514 18
17786 19834 18
1539 41415 18
7559 22219 18
14049 31505 18
14051 14282 18
3614 49736 18
31402 44190 18
24132 30779 18
12864 20559 18
17247 23829 18
9579 16753 18
20132 26215 18
29938 38179 18
35758 43430 18
31378 38163 18
9610 21756 18
29978 43938 18
9607 17552 18
24157 44137 18
10294 45468 18
2661 29235 18
12888 33112 18
20646 35966 18
9586 26675 18
3338 19688 18
2166 10820 18
9584 40112 18
2156 34790 18
31130 48302 18
7576 24152 18
3584 7451 18
254 37979 18
1507 1714 18
10229 12968 18
7785 15534 18
3588 3745 18
7573 21185 18
5036 31234 18
35895 43193 18
10238 12744 18
3589 14230 18
36525 41566 18
42892 47505 18
24439 43058 18
39010 48784 18
25624 46894 18
13021 42567 18
20538 42856 18
2579 35794 18
24437 44762 18
13830 29341 18
19099 44871 18
17360 27744 18
18839 37308 18
13837 21304 18
24418 27355 18
24302 29523 18
12950 26686 18
108 780 18
20173 29037 18
25712 32402 18
9645 24410 18
12941 38752 18
3364 4949 18
17746 42044 18
17302 41219 18
31227 37729 18
13926 32479 18
1520 2142 18
3599 8321 18
42232 47232 18
1520 31269 18
7789 48011 18
4282 7072 18
9677 23844 18
9676 29926 18
24352 30711 18
720 16854 18
24334 31300 18
9665 49418 18
9571 13413 18
20181 47861 18
17737 46106 18
13896 36137 18
20179 48957 18
9655 40859 18
10252 16831 18
31215 49734 18
36688 47173 18
683 44187 18
25973 34504 18
31670 37989 18
12741 19116 18
7530 49506 18
10389 26025 18
4496 23449 18
25989 26874 18
31675 45956 18
9483 11565 18
29792 48561 18
17843 24479 18
3647 30085 18
5739 23006 18
7535 8463 18
12782 36758 18
25954 46800 18
6123 36413 18
23940 30026 18
31614 35755 18
2172 48816 18
25963 37091 18
12768 28141 18
6300 22472 18
35666 49245 18
23917 27178 18
2173 35254 18
26035 30223 18
3292 20414 18
864 3787 18
31732 39653 18
12698 30591 18
14255 45978 18
14255 49319 18
26034 44369 18
29761 30555 18
31759 38750 18
26028 34668 18
19076 35362 18
20726 41344 18
391 34366 18
14269 41686 18
9456 40477 18
12688 23549 18
1279 29577 18
2059 29301 18
9474 46505 18
17844 37022 18
31687 38087 18
14232 41553 18
7529 17844 18
680 45408 18
7873 49479 18
5806 20312 18
20693 25098 18
31698 49612 18
10399 39462 18
1285 2995 18
1575 35626 18
20719 42540 18
1578 35884 18
26022 48028 18
698 6195 18
24052 31291 18
25872 26757 18
24051 28506 18
6591 22488 18
4958 34497 18
17809 37049 18
9560 11071 18
27 87 18
4481 17667 18
4255 7971 18
9555 36737 18
31487 47784 18
1298 19189 18
14114 33129 18
5608 28540 18
3617 19009 18
36587 42544 18
31406 46456 18
1304 4115 18
17242 44859 18
12837 47253 18
846 6249 18
3329 22285 18
25852 27480 18
17240 33113 18
24063 38158 18
35746 42434 18
385 681 18
847 1003 18
14168 37806 18
36649 47211 18
20098 21792 18
38297 49542 18
850 41712 18
5046 11951 18
6295 39132 18
12795 37086 18
4250 42076 18
29868 46066 18
4490 16373 18
18854 36905 18
20678 45774 18
3636 4708 18
14179 28509 18
20692 20733 18
24004 27376 18
14124 38950 18
18726 27571 18
40244 42348 18
4253 31361 18
25907 44560 18
31510 35401 18
4435 27953 18
2320 41721 18
17818 32244 18
2562 27127 18
14145 23100 18
3316 36485 18
3631 22533 18
17820 47081 18
5661 26184 18
13257 33692 18
97 305 18
19126 27303 18
9914 23516 18
13537 14467 18
25295 28069 18
37887 40553 18
38467 48493 18
3456 29717 18
24918 49315 18
13256 43355 18
13548 36110 18
1434 38004 18
13556 43193 18
164 33959 18
24880 38097 18
36336 47792 18
7649 28193 18
20305 38012 18
24941 43419 18
24933 32278 18
352 1473 18
13505 20591 18
20398 43868 18
30716 31058 18
36343 42755 18
20299 23527 18
17522 18602 18
7644 46449 18
18810 35402 18
797 7941 18
4395 9648 18
6200 15603 18
4322 8256 18
38477 49803 18
3448 21236 18
17648 19706 18
20276 21690 18
24830 37982 18
48025 48027 18
3441 45302 18
5187 27878 18
13607 37078 18
25405 43658 18
30314 30426 18
9888 16418 18
24876 27663 18
38473 45353 18
6242 33102 18
19420 37376 18
25337 36845 18
13241 22460 18
5002 38590 18
17490 39846 18
30722 44336 18
13238 31013 18
4391 45565 18
13571 30013 18
38722 45428 18
30303 43971 18
13574 14121 18
24860 39472 18
30558 41868 18
17590 18784 18
13348 26211 18
13422 13875 18
10020 33142 18
100 204 18
40509 44476 18
13431 25151 18
30562 41540 18
4347 21527 18
779 2091 18
778 21584 18
13378 18393 18
1404 22338 18
25132 48583 18
25130 36586 18
10008 28394 18
7664 35689 18
30565 38140 18
3490 16138 18
38440 46058 18
10016 22831 18
20335 31827 18
3488 37368 18
13478 19595 18
36324 39359 18
5450 36433 18
18790 20862 18
13469 24749 18
40519 47696 18
30620 30913 18
3511 31294 18
2122 4947 18
20374 39565 18
24978 36857 18
25248 40549 18
30634 33398 18
30644 47639 18
1388 23200 18
13454 42500 18
4345 14558 18
30582 42443 18
36257 42938 18
1419 34045 18
5778 9838 18
25208 29261 18
10029 25296 18
2331 23259 18
9959 19399 18
13206 16055 18
30437 37161 18
30599 45943 18
20322 22560 18
3478 7795 18
18805 41998 18
9955 27615 18
24991 26676 18
6176 16681 18
10189 41421 18
17690 19309 18
13759 43042 18
3404 6558 18
10195 33487 18
13761 27972 18
3404 3839 18
25556 35095 18
7598 42004 18
13083 41097 18
30998 37969 18
25559 34374 18
25518 27564 18
6182 30959 18
13734 35531 18
13737 22240 18
30164 30422 18
2147 3798 18
24592 25071 18
30145 40601 18
10182 31632 18
7593 28921 18
13784 35917 18
6604 24280 18
2391 12102 18
4432 15890 18
13788 48640 18
13041 29589 18
13796 49883 18
19104 26798 18
13800 47336 18
9730 46070 18
13804 31818 18
1498 17048 18
9719 26171 18
13812 34838 18
36491 37094 18
13078 13434 18
13767 46657 18
24523 31784 18
7110 32611 18
13770 44256 18
1344 19056 18
13072 17429 18
25567 45856 18
20505 45671 18
24513 27427 18
5604 34021 18
6656 20172 18
370 11640 18
20215 33078 18
13168 17315 18
1361 3018 18
25455 39774 18
17660 23612 18
17459 20507 18
4404 38286 18
4404 41968 18
25458 49749 18
20454 22814 18
30233 34142 18
13166 36834 18
40408 43255 18
13651 34747 18
13667 35818 18
6195 25527 18
9861 20291 18
42666 47527 18
756 38888 18
40433 48696 18
13619 45341 18
7629 23937 18
24806 34187 18
3437 36333 18
10147 30912 18
24805 45099 18
13189 37973 18
42701 44756 18
25449 27175 18
4314 36463 18
3545 17060 18
1351 24149 18
13135 22856 18
13704 22633 18
24657 31799 18
25495 43841 18
10158 12913 18
10158 34035 18
18767 31082 18
13123 33778 18
10161 49361 18
1472 43279 18
1350 13657 18
91 29353 18
20455 22393 18
91 37458 18
9815 37455 18
20248 36402 18
23136 41402 18
1463 36181 18
24682 33544 18
7729 29961 18
36049 46895 18
1354 3059 18
20473 44694 18
2334 14086 18
7983 44241 18
43282 47570 18
17917 19056 18
19922 22221 18
12556 25878 18
14522 41732 18
10511 17783 18
12548 29180 18
12387 35676 18
9176 14503 18
3699 5057 18
23509 33863 18
6056 9653 18
36852 46747 18
7932 21113 18
16944 46226 18
23523 25582 18
42038 47013 18
1621 45048 18
1220 12286 18
3225 45886 18
10608 14676 18
4554 6139 18
20820 46283 18
4194 18456 18
42012 47692 18
40107 45861 18
3736 6873 18
36995 40880 18
642 689 18
9180 31179 18
1625 2438 18
4594 6087 18
23498 48393 18
10529 17051 18
20903 48818 18
14530 47416 18
14529 26055 18
12394 23785 18
4197 4659 18
19976 37702 18
323 27976 18
2400 27008 18
9176 45428 18
3231 20895 18
10639 23470 18
1667 44866 18
7990 48713 18
23556 31554 18
38945 47521 18
26569 32897 18
2374 9994 18
14449 44383 18
32478 40979 18
7997 15877 18
9149 16838 18
29371 36645 18
5076 38704 18
9337 47425 18
3247 15287 18
12353 18945 18
23579 23864 18
23211 37385 18
14439 15670 18
5141 40529 18
19216 19344 18
31995 44411 18
14788 46866 18
115 28013 18
14492 45989 18
9167 38218 18
17905 34463 18
3742 10220 18
19919 34828 18
10494 32545 18
16940 31317 18
23544 32467 18
32030 34338 18
9329 25554 18
45833 45981 18
2317 4996 18
26553 30039 18
19992 40017 18
38973 49707 18
7927 35524 18
7487 34746 18
23550 48101 18
3689 9270 18
4207 8084 18
35449 49771 18
3727 22777 18
2425 4853 18
40826 41095 18
38555 39183 18
6720 26753 18
631 36668 18
12467 31940 18
5500 40734 18
7451 20737 18
37793 38806 18
1642 3826 18
26428 26504 18
32234 39350 18
10556 22473 18
9260 35284 18
14689 22123 18
9261 41537 18
16976 29701 18
4186 36420 18
26362 29521 18
1240 27589 18
10551 31429 18
3724 12699 18
7961 23444 18
12441 44864 18
4182 44894 18
26403 26474 18
23357 49016 18
14644 43582 18
1645 29443 18
16997 33591 18
5069 43304 18
6724 29487 18
14637 31406 18
14664 29932 18
36920 48626 18
2532 12247 18
17006 39994 18
6070 22481 18
2034 47543 18
32366 32553 18
9211 21610 18
26419 37398 18
4923 11627 18
40092 49440 18
32422 46641 18
5074 33418 18
26451 42180 18
14723 17889 18
12500 38038 18
7971 28940 18
20833 45284 18
43303 44158 18
2707 22995 18
9184 32801 18
1629 27190 18
32427 32884 18
16964 42506 18
17044 19142 18
3734 27360 18
2538 15738 18
1628 6551 18
9288 35767 18
9199 16802 18
35463 45491 18
10549 49397 18
7134 27740 18
17021 27450 18
9265 34022 18
3711 43384 18
23412 32417 18
32397 39966 18
3216 4125 18
619 12970 18
23304 30102 18
10547 28105 18
36905 47394 18
10583 38840 18
3709 42316 18
32201 45480 18
1633 33474 18
29509 48495 18
20834 45974 18
12499 44904 18
3158 5130 18
49240 49452 18
32535 47832 18
12643 17903 18
7908 8102 18
40768 44873 18
8003 31445 18
4217 32970 18
7204 20420 18
1602 12518 18
3154 21072 18
3752 22152 18
2056 26738 18
40198 49714 18
40148 48731 18
31929 38693 18
4520 12848 18
35213 40655 18
12646 36885 18
7502 26549 18
32513 38963 18
2019 15174 18
9412 39261 18
4602 24120 18
14811 34141 18
17117 20528 18
35564 37754 18
2730 26683 18
23193 34601 18
29664 42968 18
23675 27116 18
26139 43082 18
18675 44639 18
7507 29318 18
6700 29855 18
14814 35490 18
1267 26088 18
46743 48598 18
23668 30091 18
31898 47742 18
5426 8155 18
14333 23554 18
46766 48992 18
4226 5479 18
10450 41273 18
26110 28060 18
20745 43859 18
14389 16020 18
19235 32988 18
8007 15965 18
19902 21756 18
9406 17187 18
2522 26462 18
10461 40681 18
9352 44775 18
31863 41668 18
10648 26742 18
9143 22061 18
19887 36329 18
9356 27478 18
14852 35516 18
1584 3227 18
26658 44792 18
26653 31628 18
9397 34815 18
4223 18129 18
1278 20033 18
23590 29583 18
14285 24389 18
14347 42330 18
32531 45839 18
70 39413 18
12622 20858 18
26633 48259 18
31952 44104 18
3284 33051 18
29734 41037 18
23190 24150 18
7889 26511 18
6696 35366 18
23636 31515 18
8001 24431 18
12680 21488 18
26623 35075 18
30823 47314 19
5334 14400 19
4818 47486 19
237 25372 19
8470 27521 19
4586 48594 19
32405 42009 19
30822 35461 19
38165 43560 19
1043 19695 19
29276 39371 19
6870 8208 19
11213 20342 19
4366 10594 19
30224 39118 19
7087 42636 19
9828 40071 19
10140 14823 19
34382 42278 19
28037 44606 19
34086 39407 19
9968 23674 19
40597 49238 19
29187 39984 19
6554 19857 19
7019 40657 19
8451 47592 19
29301 45054 19
34379 40466 19
9835 44063 19
6742 6786 19
5298 14862 19
10140 48407 19
9198 31698 19
32348 44771 19
6749 8734 19
8501 24389 19
28008 40828 19
35108 48001 19
12423 32986 19
9804 15077 19
40507 44399 19
40027 45932 19
7603 16681 19
10574 23553 19
8075 18954 19
32374 44363 19
4822 45990 19
7291 25114 19
9228 47297 19
11357 14912 19
37038 49309 19
7092 25172 19
11183 21389 19
7664 29749 19
7735 8354 19
34431 37585 19
30535 44318 19
10159 30807 19
11188 31481 19
30186 47542 19
818 38894 19
9223 12276 19
39464 44971 19
6627 15246 19
461 765 19
10679 32920 19
252 2180 19
9819 46274 19
780 42128 19
4826 21161 19
36304 43305 19
6911 16042 19
8241 17076 19
4406 36604 19
38385 46854 19
6471 22965 19
38138 42305 19
7721 14225 19
32584 49501 19
4988 43836 19
4357 40736 19
9107 34905 19
9982 15046 19
34612 45501 19
603 3794 19
7219 49216 19
6741 11558 19
33999 35470 19
38847 49624 19
34011 46897 19
6648 19605 19
32386 49632 19
40406 48411 19
4310 25016 19
6728 8401 19
9014 44324 19
9928 31063 19
4376 4896 19
6737 40404 19
37009 40150 19
356 43069 19
28115 41602 19
4171 7371 19
7265 26740 19
769 41319 19
30328 35734 19
40869 41419 19
5325 7147 19
34265 36612 19
29328 32633 19
34341 34478 19
6640 11068 19
9164 21997 19
8287 25273 19
10089 43158 19
10089 27347 19
34230 45562 19
9046 10495 19
36242 43721 19
32515 39909 19
6969 19524 19
34226 43259 19
4374 18395 19
476 12501 19
4328 29931 19
30632 43178 19
9885 33768 19
4624 33755 19
5330 16771 19
37068 39716 19
36242 39687 19
10729 15824 19
30716 40546 19
32567 47570 19
32512 38321 19
609 19843 19
35178 37177 19
34335 46775 19
4904 7887 19
4002 7658 19
11301 16075 19
38213 47510 19
4599 5608 19
10065 19897 19
10713 27264 19
6477 27740 19
7682 32975 19
1033 5717 19
29343 45047 19
467 11290 19
7999 32597 19
10629 16324 19
282 1938 19
32704 36425 19
9061 14312 19
8287 14102 19
273 11967 19
28164 32773 19
7267 33491 19
908 44825 19
37679 38986 19
1035 10960 19
36334 39341 19
8366 12197 19
11285 29841 19
5015 8444 19
28131 48337 19
797 24739 19
10119 17762 19
5019 6295 19
6820 46657 19
6823 18272 19
4161 24124 19
9922 39289 19
809 1440 19
4014 39926 19
4993 40894 19
6625 41248 19
1020 17423 19
29432 42357 19
35197 35858 19
36990 45772 19
28236 30137 19
10117 10795 19
34375 35804 19
8264 17387 19
39517 43810 19
8431 41238 19
36312 43126 19
4908 24031 19
9091 33249 19
168 38490 19
9847 27550 19
34123 45036 19
32612 45982 19
468 46938 19
6562 24206 19
38484 49646 19
5249 43284 19
30804 41480 19
8442 14854 19
39963 42595 19
605 45113 19
4398 28642 19
28089 45702 19
8422 43621 19
6548 28575 19
6834 41489 19
37671 40579 19
6478 40071 19
30291 31937 19
39498 39639 19
4795 18700 19
29250 39769 19
30738 39514 19
32446 39351 19
35305 44576 19
6827 32698 19
30727 46738 19
10657 20969 19
36330 47281 19
4372 25304 19
29320 45457 19
36100 42951 19
3991 38317 19
10660 22190 19
38454 48592 19
30281 47286 19
8427 39815 19
35382 38987 19
9838 25247 19
207 9593 19
4174 19705 19
30759 45756 19
4011 33726 19
7425 42019 19
4146 13312 19
7101 28443 19
9870 27352 19
5055 20306 19
10884 19145 19
385 7738 19
6575 40873 19
4675 13880 19
28935 43455 19
37913 38030 19
4531 49669 19
7837 12664 19
4533 7205 19
7550 26211 19
31971 38966 19
5107 37427 19
9564 25317 19
31448 34122 19
37937 40146 19
6766 38256 19
8115 15555 19
7505 39760 19
7850 44497 19
33162 39491 19
8146 17455 19
8113 33983 19
40243 47031 19
4677 18246 19
33131 40059 19
28919 42131 19
36632 47534 19
8854 13322 19
28663 44736 19
7381 42303 19
8860 42027 19
33423 36504 19
11000 18980 19
33498 43097 19
29595 34391 19
32013 34294 19
6786 18486 19
11027 20999 19
9336 36122 19
38979 42157 19
10305 30033 19
8713 30003 19
35776 47929 19
33517 36802 19
4473 31077 19
33523 47655 19
981 2734 19
4541 13630 19
5092 28195 19
8707 18057 19
31392 42765 19
32027 48683 19
9585 45759 19
157 1256 19
8165 14315 19
33105 34364 19
4205 24646 19
31373 41887 19
8869 24182 19
35027 37544 19
8726 45485 19
11014 11544 19
31425 45217 19
29911 47561 19
5193 13045 19
10313 26052 19
8872 11478 19
4488 6638 19
6856 8281 19
217 30920 19
7557 25701 19
4261 12632 19
7386 24059 19
29944 39233 19
10307 44146 19
8720 38525 19
33216 42929 19
35628 39116 19
10425 46904 19
29779 40925 19
34901 38575 19
5360 34621 19
861 5561 19
9473 37693 19
31835 40017 19
10434 19359 19
7071 12003 19
4500 43082 19
28837 35834 19
180 47833 19
37308 38634 19
37265 47735 19
551 4555 19
31858 32417 19
10439 11913 19
550 44506 19
389 47969 19
31861 32273 19
37315 49492 19
7033 10338 19
31793 47014 19
28826 35958 19
10416 43007 19
37277 37609 19
8126 38915 19
5282 16340 19
10922 29727 19
33271 40441 19
31789 33371 19
29736 40029 19
34894 48248 19
29742 49051 19
33277 42261 19
964 20059 19
39317 48553 19
4234 27542 19
36730 47313 19
4514 21821 19
10403 38476 19
4693 26716 19
7519 36724 19
9507 48872 19
8140 32729 19
9497 26865 19
548 42211 19
31895 45753 19
7900 28555 19
8771 18357 19
6858 27543 19
38511 43825 19
10447 16416 19
28876 38192 19
8833 9340 19
7357 26927 19
37346 48271 19
10356 34274 19
36749 47338 19
8760 20087 19
10449 13384 19
31592 39478 19
4082 12391 19
7852 39362 19
10985 49716 19
4244 5507 19
36689 43437 19
40740 48597 19
4102 10470 19
9405 20353 19
388 25525 19
10951 15920 19
40214 47271 19
33198 38304 19
33348 49214 19
28742 43942 19
28741 41025 19
5048 13996 19
272 44125 19
38043 48311 19
7870 23736 19
4495 29286 19
28874 42082 19
7361 20137 19
7869 26129 19
9395 27682 19
29823 34003 19
29826 34208 19
7465 13594 19
371 10195 19
8207 39098 19
4188 24051 19
11141 24395 19
8572 19524 19
7764 16678 19
371 3037 19
4850 37275 19
891 11140 19
35972 49495 19
31040 48556 19
10201 34647 19
8564 17738 19
190 9690 19
8091 16085 19
10815 45888 19
10811 45401 19
8203 41091 19
38537 39726 19
37525 39213 19
7238 34431 19
5033 19979 19
343 15375 19
29040 37406 19
6601 12753 19
29040 43631 19
4747 21508 19
37548 44391 19
37130 42907 19
423 46163 19
41072 43655 19
10220 42015 19
401 4412 19
7404 14195 19
31082 36568 19
28423 31898 19
41087 44385 19
9724 14690 19
11125 31312 19
11176 33846 19
4423 11866 19
11169 33118 19
11169 44908 19
8980 19263 19
8523 19064 19
9239 17887 19
9239 13590 19
8985 19266 19
8217 22024 19
821 11309 19
34652 38870 19
10773 11193 19
9782 40627 19
10771 15800 19
10165 33055 19
222 36455 19
7457 38894 19
737 22948 19
31009 46755 19
247 12786 19
8559 36513 19
8558 39389 19
40078 46097 19
511 46921 19
38240 48416 19
6540 21267 19
6654 41332 19
510 38050 19
28356 42693 19
33904 39524 19
32264 40853 19
893 37320 19
30987 42399 19
4031 29566 19
288 32443 19
508 17484 19
8532 12314 19
9637 10674 19
36856 46285 19
40661 40970 19
40299 41377 19
8906 42593 19
400 16184 19
40645 45182 19
38097 48877 19
39596 43194 19
37455 49995 19
8178 48199 19
34746 40695 19
40797 42717 19
7565 16590 19
247 28779 19
31225 43208 19
32107 37984 19
40116 49241 19
29578 31522 19
4667 36267 19
10291 31382 19
9323 15681 19
32047 34778 19
7561 16144 19
6790 10487 19
4861 24333 19
7332 15285 19
400 577 19
28574 44645 19
4200 18464 19
10844 15874 19
10274 33355 19
33642 48845 19
8197 37959 19
4048 47738 19
11094 42654 19
8613 41290 19
10535 28250 19
9284 12666 19
37510 39418 19
30062 43123 19
33757 48989 19
9684 33459 19
10226 48103 19
8605 27147 19
636 41266 19
8197 41865 19
32954 46862 19
5035 16776 19
31132 34720 19
10528 41643 19
9304 30207 19
10529 47894 19
28522 43989 19
32119 49980 19
28516 31214 19
30028 44163 19
30178 47692 19
4194 23249 19
5287 45496 19
9660 39060 19
4193 39466 19
8626 15102 19
35884 46135 19
35489 41797 19
9289 15510 19
10826 30366 19
10825 32969 19
33753 33874 19
23882 30595 19
3299 6498 19
1576 4880 19
23840 30996 19
14250 40224 19
79 2580 19
23909 31662 19
23805 38230 19
23793 26008 19
23790 45401 19
23767 27421 19
14173 16244 19
14118 30069 19
14143 18509 19
23994 32679 19
14156 47476 19
14160 48827 19
23762 24365 19
3311 47390 19
23952 37009 19
3308 23792 19
14191 31904 19
23919 31953 19
6098 8514 19
3255 32676 19
6097 10959 19
23580 27734 19
14437 39605 19
14444 40634 19
14446 31103 19
3245 21803 19
1615 37513 19
23557 38209 19
23541 34535 19
14492 20929 19
5481 29262 19
23623 24704 19
14376 27035 19
23678 30482 19
23707 41621 19
14352 44397 19
14343 34188 19
6110 30047 19
14329 16624 19
3276 38732 19
43194 48135 19
14305 31789 19
14303 15424 19
23759 46811 19
14301 48331 19
13822 49485 19
42831 43162 19
24489 45346 19
3397 3959 19
6169 14310 19
24375 42637 19
13857 22287 19
42891 48871 19
13857 25378 19
3375 17860 19
6173 15340 19
24541 43330 19
13756 17042 19
24592 44862 19
5468 43814 19
13718 14563 19
24640 35506 19
24656 25253 19
6184 16053 19
24681 39329 19
24691 25502 19
24104 28228 19
13993 44700 19
5479 26857 19
24137 39386 19
14029 34026 19
6140 34650 19
5480 26755 19
24050 31970 19
14105 27547 19
14494 20084 19
1528 12921 19
24224 31766 19
3356 5441 19
24257 39541 19
3362 6021 19
24298 24507 19
42932 46816 19
13906 22324 19
24317 25312 19
3366 30738 19
13885 33025 19
13869 44291 19
24360 31359 19
15084 23971 19
22961 23237 19
15056 21039 19
22929 45191 19
15087 45079 19
15089 28573 19
22897 23203 19
1720 31686 19
14955 28641 19
14958 27553 19
14959 40864 19
1701 21548 19
43709 45620 19
23025 34287 19
23023 43539 19
3092 33638 19
23016 24547 19
23011 28826 19
5512 24694 19
23004 27193 19
3116 43168 19
22689 46713 19
1741 34483 19
22770 48423 19
15214 28239 19
62 25021 19
22735 28625 19
15244 21170 19
15199 24210 19
15271 18355 19
15285 15583 19
15291 41765 19
1761 39500 19
22639 22887 19
15324 46030 19
14936 44215 19
15188 30310 19
3074 5610 19
15169 28366 19
22802 49670 19
22804 26418 19
15163 28891 19
22823 39757 19
43827 47060 19
22847 44874 19
22859 36496 19
15111 19288 19
14641 43347 19
14597 46986 19
23392 49695 19
43332 47102 19
1641 34545 19
23426 26192 19
23333 27586 19
14671 30847 19
3194 48192 19
6063 33920 19
23309 27036 19
14700 44324 19
23444 24432 19
23477 30238 19
14545 33361 19
14537 37056 19
14527 25223 19
23519 29172 19
6088 10360 19
14496 45140 19
23524 40253 19
1622 9349 19
23113 44237 19
23169 26081 19
23161 42550 19
14844 34713 19
23142 35367 19
5509 36524 19
23193 26162 19
5510 12990 19
23108 25330 19
1690 31799 19
6039 40862 19
14933 37754 19
24708 26188 19
14805 17894 19
6049 38648 19
1673 28404 19
14793 40505 19
3168 37053 19
14766 44887 19
23238 37049 19
23245 30255 19
1665 19021 19
3177 5425 19
1664 1954 19
3178 11904 19
23278 41293 19
43446 44205 19
12633 32632 19
6316 14037 19
12622 29136 19
1264 48831 19
6313 45461 19
12585 14795 19
26137 41798 19
42082 49156 19
26130 36683 19
26100 45342 19
12517 47524 19
12482 18513 19
12484 32397 19
5418 27900 19
12509 17726 19
26297 49936 19
26249 37943 19
6326 7133 19
26240 42553 19
6322 31066 19
6322 6464 19
25845 40873 19
12790 13949 19
1293 6505 19
25930 33468 19
25897 48526 19
3627 4229 19
1300 9368 19
25862 42349 19
12841 19286 19
3617 4686 19
25795 49318 19
12880 21334 19
25793 34311 19
12885 26704 19
42005 43889 19
3637 18930 19
12759 13325 19
25979 39458 19
25985 34396 19
12720 49789 19
26004 27308 19
26031 38644 19
26035 45439 19
1280 39685 19
26055 47696 19
12683 42370 19
26866 44637 19
12157 32040 19
3790 48718 19
6360 39610 19
12182 47406 19
26818 45264 19
26870 33369 19
12224 40406 19
41798 43214 19
41771 44065 19
26876 49911 19
12140 45287 19
26899 49713 19
26932 40515 19
12118 29593 19
26953 37757 19
26955 34345 19
26495 47894 19
26446 35969 19
12424 48586 19
12428 22078 19
26392 43157 19
26369 39108 19
3714 40362 19
26368 28806 19
1217 14612 19
12348 30289 19
26596 38668 19
26636 31081 19
12308 32927 19
26650 30577 19
26682 43528 19
12271 36507 19
3765 8108 19
3471 24819 19
42562 44217 19
3477 42022 19
3476 7431 19
42582 45580 19
13441 13495 19
13490 18058 19
1429 5608 19
24921 37377 19
1433 2871 19
13542 19700 19
13542 40101 19
13398 35152 19
13355 25547 19
13364 21313 19
13369 13412 19
6225 18087 19
13383 31092 19
25106 39933 19
1408 31879 19
3485 14791 19
13415 45531 19
3482 9577 19
25028 37763 19
5462 48316 19
24813 28460 19
13622 46462 19
13626 44776 19
3441 49991 19
3434 37757 19
24777 26212 19
13646 32780 19
42738 48280 19
24833 44925 19
13599 29794 19
24847 44791 19
3452 4647 19
24878 34164 19
1435 29179 19
25601 27737 19
13098 17461 19
42350 48985 19
13102 24164 19
25519 28453 19
25505 42161 19
25601 48395 19
13136 19914 19
13147 31541 19
25478 40035 19
25453 28857 19
6248 39887 19
13034 29483 19
25676 44420 19
25679 46728 19
12975 34076 19
12969 41450 19
12948 46954 19
25708 49102 19
3599 5648 19
6277 13969 19
13265 18787 19
13266 40242 19
1383 1447 19
3519 43765 19
6237 13190 19
3514 31770 19
3523 36647 19
3513 25499 19
13310 20383 19
13318 37895 19
22628 34454 19
3524 14068 19
1378 25968 19
25325 43300 19
25331 47610 19
25358 45705 19
1373 32712 19
25383 30383 19
25417 42715 19
25424 26063 19
2596 35091 19
20282 28541 19
2142 3771 19
20263 38959 19
2590 39746 19
2144 3780 19
2146 3061 19
17684 33136 19
20222 36855 19
2606 30703 19
24 26356 19
5779 46367 19
17509 45078 19
17553 18141 19
17558 39746 19
20344 22343 19
2606 28217 19
5775 7955 19
2600 10358 19
2136 34420 19
17824 26781 19
2561 9346 19
2171 30297 19
2559 19502 19
17831 27376 19
19 546 19
17844 32787 19
17846 27373 19
2555 38857 19
17865 28371 19
17866 32646 19
46763 47502 19
20020 33605 19
2115 9435 19
5608 6002 19
19 34348 19
20149 27392 19
46565 46834 19
2574 11300 19
46542 47271 19
5605 48471 19
20190 26174 19
5605 26427 19
20198 35300 19
17714 44865 19
20204 36891 19
2065 7815 19
17193 39834 19
2071 3665 19
17172 37174 19
17218 24311 19
20664 33319 19
20663 36950 19
17238 26578 19
20645 32503 19
20643 46974 19
2078 41130 19
17135 33867 19
2695 4421 19
17107 32746 19
45849 49116 19
17097 18770 19
20788 43657 19
17087 30390 19
20807 42886 19
17068 25028 19
2704 15207 19
5821 22233 19
17049 35748 19
20462 35450 19
17400 24391 19
20494 49370 19
17406 40368 19
2642 6554 19
20449 44478 19
17471 32266 19
2642 28579 19
20548 43590 19
20586 44939 19
17321 21131 19
46144 47875 19
17312 49645 19
2082 43356 19
20613 44264 19
17305 29115 19
20619 22495 19
17290 37169 19
17277 48857 19
17268 22042 19
19272 49110 19
19364 45367 19
18552 20085 19
18559 39164 19
48111 49463 19
5673 15926 19
19381 43866 19
18630 23673 19
19256 21245 19
2312 3527 19
4 41635 19
19207 41742 19
2434 9173 19
18457 29999 19
18737 48045 19
19412 36393 19
2427 7028 19
18508 20669 19
5678 28037 19
5678 17519 19
5638 39041 19
18872 30638 19
2371 15497 19
19053 24289 19
18913 22945 19
5638 30649 19
18870 19951 19
19016 19048 19
19009 22747 19
18936 20527 19
19005 19136 19
18987 39902 19
18982 43189 19
18976 22832 19
19507 31265 19
18823 24866 19
18810 24424 19
19129 20079 19
2387 13845 19
18788 22238 19
18776 27017 19
2390 13158 19
5657 9074 19
19181 48106 19
18113 28532 19
19820 48233 19
2210 9620 19
18081 43386 19
18090 29300 19
18111 28548 19
18065 26715 19
18120 41221 19
19789 31786 19
2216 10517 19
12 49631 19
18143 28346 19
19765 36668 19
18014 20310 19
17986 28168 19
5614 5680 19
5728 14131 19
19958 28296 19
2537 16172 19
2540 3149 19
17908 26382 19
18305 37006 19
5622 44379 19
18284 18913 19
18291 34389 19
47526 49166 19
2476 13065 19
19594 32063 19
18328 25660 19
18364 34358 19
2452 12081 19
18386 25132 19
20821 29980 19
19661 34759 19
18230 23328 19
19675 35619 19
18220 32141 19
19693 25328 19
19705 34241 19
18201 30050 19
2230 6629 19
2487 2533 19
19716 40057 19
18170 27750 19
18162 32112 19
22010 35433 19
15906 17710 19
22065 33254 19
22059 43860 19
22052 40504 19
44571 48622 19
22045 44018 19
15944 29444 19
22083 29330 19
21964 43054 19
21911 43238 19
15855 16576 19
2942 36000 19
44472 46769 19
22135 31768 19
15833 42732 19
15843 47707 19
22116 47150 19
21898 49642 19
15861 44034 19
22109 41938 19
15871 19217 19
22105 46646 19
2926 12193 19
15894 43763 19
16142 31867 19
21810 38686 19
16118 29078 19
5911 8167 19
21806 26031 19
21786 44311 19
2885 48753 19
16144 49184 19
45 24137 19
1891 29204 19
22211 37933 19
16106 41256 19
16104 19179 19
16094 44699 19
16079 29837 19
2891 26453 19
21864 21970 19
21880 28907 19
22479 29011 19
1778 20447 19
22509 49801 19
15481 49441 19
15486 24147 19
3007 3105 19
15498 24530 19
22462 47451 19
5978 31904 19
22458 33292 19
15517 24854 19
15540 36124 19
5976 31685 19
3025 8031 19
15413 17319 19
22553 29587 19
15405 34666 19
1773 20456 19
22573 47880 19
15380 47870 19
22588 46968 19
15363 47122 19
22591 48164 19
1766 19213 19
22627 42009 19
22272 35087 19
15661 38205 19
22341 31125 19
22330 29418 19
1814 4444 19
15714 32425 19
15715 35937 19
44259 49635 19
1821 15873 19
22236 38169 19
22227 26270 19
1826 4020 19
15793 47014 19
44854 48911 19
15647 16759 19
15646 24982 19
22375 35492 19
15624 17791 19
22405 29061 19
15583 46897 19
22424 22967 19
22428 30705 19
22438 44090 19
45379 47099 19
5848 38486 19
21130 37500 19
1997 12494 19
16774 38507 19
5849 32025 19
16790 22892 19
2746 28725 19
16827 31666 19
34 58 19
2783 42936 19
21236 43882 19
5573 42169 19
2782 25853 19
1978 4300 19
16851 25296 19
21184 29030 19
16667 32470 19
2770 12862 19
16688 35980 19
16692 31261 19
16699 40010 19
20851 26216 19
2720 47513 19
20897 39478 19
5828 32703 19
16989 19167 19
20855 31591 19
20852 35735 19
16934 33839 19
20841 32038 19
5824 7317 19
20833 39702 19
17045 29843 19
17045 46145 19
20929 29207 19
20947 39945 19
20971 25853 19
2733 27939 19
20982 23017 19
20986 38950 19
20995 23940 19
16878 26314 19
21014 24686 19
5580 43465 19
21540 30389 19
5884 41550 19
21577 28540 19
21568 34166 19
21565 33421 19
5565 7286 19
5565 8970 19
16323 45572 19
1929 21784 19
16360 27915 19
5869 34770 19
21473 38612 19
21471 35382 19
16254 17367 19
5887 49671 19
16236 37644 19
16226 42583 19
44 3747 19
21339 43997 19
16480 49856 19
16486 23111 19
2807 10772 19
21350 43425 19
2805 21773 19
16499 18412 19
21298 33230 19
21291 25928 19
3984 41793 19
2813 4780 19
16460 25454 19
21415 36256 19
21418 27317 19
1941 2668 19
21445 49908 19
21461 27833 19
1937 21513 19
21467 35484 19
11670 18051 19
27670 32543 19
27530 32728 19
6465 16369 19
11818 39609 19
3862 6369 19
41319 45462 19
11925 28830 19
5401 27433 19
11875 48708 19
1097 43726 19
27926 30405 19
1059 44615 19
27136 39463 19
6424 45554 19
11405 26337 19
1130 33489 19
11590 21751 19
3888 16738 19
27420 48601 19
27443 43591 19
27782 37564 19
27921 28080 19
11414 39530 19
11820 17595 19
27785 32138 19
27921 49509 19
11728 26146 19
27343 28496 19
3853 11352 19
3861 7943 19
3818 5749 19
27696 49258 19
11588 28377 19
11980 29144 19
27905 46785 19
41607 47923 19
27444 28338 19
6417 20730 19
27114 27638 19
11987 32675 19
3910 40468 19
41506 48211 19
27432 39258 19
11565 20485 19
1124 34235 19
11526 15242 19
27572 33977 19
1138 10613 19
41283 42384 19
11852 43042 19
27201 39112 19
1096 25090 19
11606 36743 19
11978 29892 19
27176 30794 19
11659 17439 19
27322 46428 19
41227 47449 19
27563 44435 19
1105 1377 19
11649 30430 19
130 25975 19
11829 48780 19
3943 38585 19
11600 21778 19
27064 43619 19
27605 28928 19
27251 44295 19
11754 17168 19
27928 33711 19
9919 14800 20
8357 14690 20
11622 13597 20
9947 15519 20
24972 47034 20
6829 17654 20
13485 34117 20
24945 31092 20
13500 38736 20
21754 44528 20
34311 39499 20
21722 44953 20
21717 35327 20
30643 49025 20
24961 46511 20
8378 33206 20
4810 13137 20
11896 14059 20
13508 49052 20
9922 11625 20
8379 14984 20
8381 13635 20
767 11066 20
30544 41218 20
11912 18816 20
9978 12119 20
9977 21034 20
34505 35330 20
13426 23370 20
468 26649 20
16328 38314 20
967 39119 20
21529 48523 20
3492 38146 20
2823 36787 20
25097 44398 20
9968 35920 20
25082 25227 20
21495 43570 20
25076 45197 20
27644 35295 20
42545 47433 20
25075 30594 20
8338 40476 20
5262 42983 20
9957 16400 20
30705 38533 20
24993 28207 20
8335 10881 20
1420 5062 20
5890 30072 20
5890 36624 20
1422 18178 20
13475 33209 20
11897 34879 20
11611 24028 20
21545 49984 20
25020 48481 20
16308 47777 20
40472 46013 20
28759 44456 20
4824 42464 20
10941 29860 20
1921 21827 20
1094 6852 20
25005 45168 20
2911 43539 20
5269 8666 20
33981 42854 20
13635 37536 20
503 24344 20
28730 30104 20
24803 48797 20
27234 38160 20
1450 17169 20
93 28204 20
2916 41190 20
11873 30413 20
15935 30173 20
33969 39969 20
15932 33699 20
8472 18193 20
6641 49975 20
13606 21560 20
8470 42051 20
8471 40015 20
16018 32245 20
24818 47421 20
2908 21547 20
15988 18239 20
1861 8367 20
13624 28368 20
15966 47664 20
21986 24408 20
203 45288 20
22104 26999 20
24691 49506 20
1138 38975 20
2928 17842 20
15878 26992 20
30864 32495 20
1843 17504 20
22091 28248 20
30867 43835 20
28412 48545 20
3420 47330 20
30881 37814 20
15854 15931 20
15904 18796 20
8523 21568 20
506 42447 20
13650 16436 20
15913 40620 20
8527 15543 20
24756 37085 20
33940 46693 20
24725 42902 20
33918 49095 20
24724 35062 20
15896 29339 20
510 6290 20
27599 45331 20
11632 18666 20
4386 16956 20
4034 27010 20
42630 48124 20
30709 42091 20
6847 47426 20
16077 19367 20
2890 41058 20
9896 37849 20
4389 23648 20
16065 20366 20
493 1053 20
9888 32140 20
39484 41165 20
21775 23617 20
11624 19888 20
8397 9935 20
3460 33529 20
30691 46548 20
1437 24998 20
8420 27474 20
488 31576 20
11626 30729 20
41445 47027 20
1440 2603 20
11884 26592 20
6401 40441 20
8457 15940 20
759 21713 20
6641 42791 20
13584 26498 20
8465 35345 20
24835 47796 20
8466 41275 20
6199 41978 20
34048 42201 20
6817 45953 20
1873 7241 20
13567 25860 20
11636 41874 20
21871 34660 20
44668 47450 20
16045 23932 20
16041 16819 20
13572 32633 20
24865 26451 20
1142 6282 20
6434 10210 20
9880 13450 20
8456 28414 20
13583 17699 20
4393 26871 20
30211 46069 20
16916 38371 20
35244 40567 20
6607 33163 20
5834 22338 20
10145 29201 20
28286 29977 20
41357 48608 20
20987 24486 20
8013 26753 20
25467 45386 20
30215 41709 20
35202 42343 20
8026 42918 20
3547 4467 20
5581 39352 20
20998 29403 20
13175 22175 20
5831 17035 20
45678 47980 20
42397 46900 20
20920 44038 20
1352 16388 20
20930 23871 20
6876 13233 20
3546 6457 20
815 42674 20
1355 49964 20
10150 14493 20
30198 48980 20
28824 42438 20
13150 25056 20
35267 47004 20
28290 45319 20
1365 2366 20
8066 41937 20
420 6126 20
21048 35691 20
35128 39612 20
1148 22272 20
13212 49595 20
5841 43644 20
103 3152 20
21086 43611 20
39296 42496 20
30290 49011 20
2013 37037 20
25453 43443 20
39271 48816 20
3544 25256 20
25441 46764 20
4901 49467 20
819 12216 20
21024 43576 20
25434 36399 20
10124 20871 20
16852 22865 20
30261 39895 20
827 3710 20
17096 45642 20
13035 13890 20
10207 10883 20
27134 44872 20
27758 38500 20
35512 39655 20
10204 23900 20
2050 8080 20
42319 42671 20
2045 8738 20
7942 33637 20
17030 39472 20
13073 33987 20
13018 37492 20
17148 40466 20
17138 33034 20
30077 41970 20
10223 31929 20
7899 13300 20
35570 36561 20
17121 18261 20
13018 45574 20
35569 38724 20
20763 47738 20
820 31595 20
16995 31646 20
10176 28727 20
4299 49788 20
35414 35989 20
4300 49737 20
820 49746 20
4018 32284 20
4019 35178 20
35392 47513 20
25514 48050 20
11534 32647 20
13119 41617 20
16956 38549 20
2039 42754 20
1345 19118 20
20834 36602 20
5247 26308 20
17027 48312 20
6882 21766 20
27135 30672 20
11564 20792 20
30135 31803 20
17012 41564 20
21339 22026 20
39418 42023 20
25214 46058 20
30440 48390 20
16506 40127 20
16505 47914 20
1089 49931 20
8202 46608 20
4347 6367 20
11598 43942 20
21364 25634 20
8206 29242 20
2810 5696 20
39427 42752 20
3503 4179 20
10043 16485 20
16551 39097 20
10042 42750 20
4859 35892 20
34749 40918 20
34739 35207 20
34675 37751 20
791 1797 20
16520 30546 20
21330 23282 20
4856 37249 20
11922 25534 20
4856 18373 20
11603 22625 20
25143 48303 20
21395 42054 20
21402 42691 20
30483 36037 20
34613 43438 20
45116 49892 20
5453 5703 20
34611 40812 20
9996 43939 20
9996 41060 20
30499 38354 20
11174 29742 20
167 20121 20
10938 23872 20
10015 24019 20
16462 47099 20
10018 27270 20
45130 46200 20
40959 42643 20
24611 32723 20
34647 34862 20
25242 27600 20
11920 26013 20
4844 11647 20
16445 30716 20
457 13055 20
10009 38550 20
21390 22460 20
1987 41840 20
16718 22012 20
21143 45555 20
8116 31945 20
8117 33742 20
16710 34426 20
8110 25844 20
13258 19557 20
28310 45606 20
5575 25485 20
25297 47231 20
45302 45756 20
3933 7198 20
5578 18328 20
27169 41680 20
25368 31757 20
35074 35797 20
6392 23108 20
25289 41695 20
8096 35391 20
10101 15321 20
30326 48784 20
35029 40560 20
4864 12951 20
30391 44828 20
25260 40923 20
8156 45078 20
13293 23219 20
34820 43031 20
6623 24571 20
16573 27956 20
16568 25026 20
8167 27342 20
34915 45634 20
3844 6531 20
8135 18425 20
13269 45593 20
30372 44196 20
34883 37181 20
40550 45363 20
3520 11793 20
16595 29097 20
8150 12489 20
28319 46662 20
30390 31855 20
21239 30945 20
10059 49481 20
23118 42539 20
9101 20358 20
9472 41635 20
9472 25653 20
69 29414 20
603 5363 20
32539 42132 20
4609 14398 20
3291 26358 20
14254 45740 20
40226 49105 20
28651 30070 20
3302 22510 20
11051 35301 20
14216 27890 20
4498 12410 20
9465 31281 20
23107 31926 20
31679 34147 20
14229 37029 20
9091 43790 20
23108 26615 20
14801 46843 20
14282 33933 20
9437 15357 20
23211 31509 20
31809 46084 20
9151 27758 20
9432 20119 20
9155 40570 20
14768 31091 20
4506 6965 20
31737 48803 20
9114 48164 20
14831 47440 20
32532 43373 20
40206 43129 20
14824 43182 20
14823 47941 20
23190 48237 20
39996 41717 20
14818 18329 20
14274 28158 20
4601 16151 20
31555 45380 20
3109 38542 20
1712 37010 20
27448 47169 20
590 1808 20
22980 42580 20
4632 7537 20
23978 38785 20
23975 38181 20
9036 13985 20
5515 29656 20
15092 20815 20
15092 20351 20
39895 43209 20
8987 27473 20
1718 23584 20
6023 6803 20
28531 36138 20
15090 26694 20
3101 5179 20
3892 19709 20
15088 21758 20
585 31086 20
31515 31781 20
11065 18469 20
32799 35789 20
43047 46611 20
1713 24504 20
3131 6617 20
1565 9957 20
23032 24905 20
31614 37991 20
9059 32599 20
6743 13934 20
31617 44471 20
14198 33310 20
3130 42203 20
9058 21930 20
9069 17154 20
3134 38991 20
685 1203 20
31644 37847 20
11056 19759 20
32742 44949 20
591 48596 20
14977 36726 20
67 219 20
32718 43351 20
32717 47233 20
187 46691 20
28632 33698 20
9053 35979 20
23944 36748 20
43645 49357 20
23031 35506 20
14615 45644 20
32239 34509 20
9255 9775 20
32238 42152 20
655 35501 20
6719 43658 20
3252 29284 20
28600 48546 20
14425 28856 20
14610 38852 20
3874 10673 20
23414 30420 20
3259 43627 20
43236 45122 20
32286 39638 20
31955 36371 20
653 12919 20
3257 37108 20
1642 8364 20
23604 47016 20
23497 26416 20
23550 25652 20
9330 12656 20
32131 36083 20
9325 37071 20
3226 12716 20
9305 37262 20
23501 24070 20
1621 8336 20
23520 39216 20
23531 31255 20
28624 42336 20
43307 48572 20
3249 4259 20
14573 38981 20
23565 48211 20
14448 27434 20
23460 31273 20
9336 33132 20
31928 42011 20
23469 36703 20
1616 8648 20
11774 13742 20
23475 28625 20
43287 43380 20
14717 47397 20
3276 10733 20
6061 20710 20
14330 24459 20
14726 17257 20
14718 27114 20
14320 14746 20
617 3664 20
23729 26992 20
1656 26839 20
9398 23290 20
1596 9198 20
3271 21850 20
23254 43767 20
14760 48015 20
3281 44031 20
14305 24363 20
4593 12340 20
9171 43645 20
41035 47734 20
11016 23688 20
9177 29073 20
32445 36180 20
14739 21371 20
9416 21845 20
9415 48946 20
9414 32350 20
9414 20112 20
31917 33837 20
1651 6803 20
32354 45527 20
23330 46408 20
23672 30995 20
14668 27368 20
9218 30567 20
32366 47061 20
14402 41183 20
4575 45655 20
6722 41436 20
32320 46444 20
23346 39187 20
621 45993 20
14355 48000 20
23302 47335 20
3270 16650 20
23308 25191 20
23314 46465 20
23316 47795 20
15094 40911 20
14684 25292 20
9209 10555 20
1599 29792 20
1599 43090 20
9210 33043 20
44185 46946 20
15587 49486 20
3391 39152 20
15586 18652 20
28442 45244 20
24443 33963 20
15550 21303 20
22432 24134 20
33429 42133 20
13792 27414 20
6657 9369 20
3397 30570 20
4718 6754 20
15619 38387 20
55 11687 20
8706 28564 20
13791 23081 20
13830 45303 20
6170 28431 20
15610 38775 20
24472 30569 20
15601 25593 20
172 42610 20
9688 49910 20
42861 43792 20
24391 48122 20
33392 36470 20
31145 38947 20
15491 26878 20
15482 21787 20
3012 11246 20
15471 48961 20
9684 46665 20
28703 38767 20
28697 37739 20
8773 9882 20
22511 49691 20
15545 28536 20
33424 33951 20
15542 24107 20
13832 33303 20
5977 7897 20
22452 45724 20
33557 33750 20
131 3597 20
8750 18538 20
8751 15117 20
24404 43341 20
31134 42287 20
41593 43809 20
3379 46741 20
1822 5840 20
22242 36785 20
1822 34168 20
33733 39939 20
7008 34877 20
9781 38999 20
741 20671 20
15758 27253 20
5953 7855 20
9773 33445 20
15749 26092 20
22179 27949 20
30890 35369 20
8568 31179 20
15845 19706 20
3912 29156 20
3912 22339 20
30913 31020 20
33799 48093 20
13713 45570 20
1000 11112 20
1824 2836 20
15665 17515 20
22322 27525 20
24517 39614 20
4726 39539 20
22337 36008 20
33597 44728 20
24529 47375 20
6172 45161 20
33590 39717 20
22343 41596 20
3398 39441 20
22359 37711 20
33570 46450 20
4720 16334 20
15733 45548 20
22291 42186 20
15726 31818 20
15723 16306 20
5957 10958 20
9765 28351 20
22302 41642 20
11663 44076 20
44359 48281 20
737 27260 20
39625 41374 20
1486 13855 20
11704 24611 20
33046 40730 20
1537 32491 20
3337 47828 20
1538 10443 20
6009 29025 20
3073 17031 20
22801 35800 20
6010 15286 20
3076 44168 20
9580 49819 20
22808 28896 20
3077 35698 20
32962 40765 20
15154 19937 20
14003 32308 20
31348 49735 20
39801 45814 20
33115 45955 20
40276 48113 20
31404 42258 20
15243 27533 20
15237 17426 20
15227 47456 20
15225 27312 20
33082 35600 20
15223 47614 20
9592 13207 20
11071 14110 20
3327 10283 20
32900 39823 20
40258 43356 20
22883 37068 20
22885 34096 20
14108 44292 20
4645 41967 20
31481 32798 20
583 23863 20
8982 21513 20
9553 13025 20
11719 12802 20
702 1604 20
9574 20909 20
14066 40259 20
702 1255 20
43820 45461 20
24090 37404 20
27296 45111 20
15129 23961 20
700 20273 20
31440 34865 20
11714 24983 20
22569 40641 20
4451 4528 20
3903 6246 20
31211 42579 20
4693 13013 20
33285 39333 20
3023 7309 20
15390 46895 20
13901 13924 20
59 16933 20
3902 31187 20
28687 39918 20
9645 41018 20
6770 37854 20
27287 27658 20
8780 30358 20
13873 33806 20
33349 36227 20
28462 39801 20
13877 15596 20
13884 15448 20
27526 41252 20
15428 19057 20
31189 47505 20
1776 37656 20
710 45541 20
15313 38058 20
15312 49982 20
31285 39544 20
711 1697 20
22666 46110 20
15291 26676 20
13972 29374 20
33144 39812 20
39800 48022 20
9611 39128 20
24285 45391 20
27287 37855 20
8824 23651 20
1767 42145 20
6671 8770 20
3900 35723 20
28489 40160 20
6767 42931 20
27510 33534 20
994 42368 20
9635 29679 20
9632 46498 20
135 2088 20
33178 35936 20
1523 31053 20
29679 45942 20
5757 46926 20
17718 46300 20
12285 48889 20
26103 45815 20
27836 49637 20
12656 15280 20
10692 17483 20
37840 47907 20
226 18862 20
7226 17776 20
10686 28700 20
5218 29727 20
4222 39633 20
26125 49765 20
38996 44228 20
5038 37791 20
17749 20341 20
5218 40704 20
26652 35515 20
41665 45639 20
3669 31390 20
29728 43473 20
46442 49611 20
18511 36493 20
272 26791 20
7215 44056 20
36482 37547 20
19400 47716 20
12278 17260 20
12675 31385 20
17710 25450 20
19435 43941 20
7583 23411 20
10428 34927 20
7582 46440 20
3661 41253 20
12669 41871 20
11332 39028 20
2579 12565 20
42088 45832 20
26095 39157 20
3828 31011 20
3964 15954 20
12627 15167 20
5047 41182 20
17832 35204 20
26180 29840 20
18404 34130 20
19505 31252 20
29635 31224 20
12324 42579 20
6315 44435 20
10669 39280 20
19508 29811 20
37708 48952 20
12327 25666 20
20128 43903 20
18454 28838 20
122 11936 20
26135 48115 20
7243 36031 20
7244 44214 20
7558 42378 20
20213 36402 20
41252 48841 20
17791 36265 20
10678 25561 20
17804 49997 20
10452 25437 20
36637 37713 20
12631 31039 20
7542 16066 20
265 14954 20
12223 28991 20
2607 12175 20
19297 34009 20
7659 14789 20
12733 18357 20
12226 14724 20
2605 16607 20
6302 20101 20
2297 17901 20
28869 48428 20
1285 48924 20
5773 37490 20
28189 33271 20
5772 16981 20
29228 30095 20
25971 39325 20
12772 15189 20
10745 29498 20
18645 26942 20
40926 48900 20
3642 41769 20
38064 44870 20
857 28733 20
7670 42543 20
12754 26951 20
858 14643 20
2126 10244 20
26760 47399 20
17573 26122 20
18634 20028 20
11391 32398 20
7201 11668 20
4232 43532 20
2289 3199 20
2288 8067 20
3767 39327 20
29238 48530 20
26712 43674 20
20238 30154 20
20233 24640 20
7600 8362 20
29736 38974 20
41196 42011 20
12263 32218 20
28170 40858 20
344 28577 20
26069 39828 20
17702 32473 20
26725 31758 20
3772 4852 20
26012 49400 20
20270 47066 20
48110 49401 20
5155 18071 20
10718 21784 20
18547 44318 20
7511 29677 20
11462 34775 20
36412 39514 20
20254 42800 20
5604 14337 20
18089 29737 20
4189 17037 20
10545 40248 20
12491 23049 20
890 24936 20
12487 48569 20
18074 22978 20
28123 47035 20
12020 45595 20
18089 19240 20
18064 42918 20
18091 25698 20
19812 34732 20
19805 29825 20
12474 44372 20
6460 14976 20
18270 25215 20
12023 14830 20
6475 33303 20
27057 46856 20
28131 44545 20
5721 19924 20
47471 49718 20
26560 36411 20
19870 49824 20
18025 45523 20
7313 16116 20
6384 17251 20
19852 44562 20
5616 9983 20
29510 30641 20
7423 16804 20
2514 22459 20
18290 20809 20
29387 40153 20
313 22781 20
2208 44993 20
18290 18596 20
12424 43216 20
19756 21201 20
11416 18226 20
6961 35453 20
10573 27031 20
38897 40298 20
26482 46795 20
26422 49554 20
19725 27431 20
5708 35903 20
12402 21793 20
29434 30254 20
26463 48713 20
6562 32824 20
28945 30655 20
29444 42653 20
5708 13335 20
10591 41387 20
3719 34459 20
2241 21010 20
2500 48581 20
6567 18589 20
18256 39123 20
120 14458 20
18248 30033 20
10560 49116 20
18010 33366 20
7384 7841 20
19772 31572 20
18245 35014 20
18241 24333 20
26403 48813 20
18237 37926 20
19764 31781 20
11431 32078 20
5348 42335 20
155 27478 20
46841 47888 20
2545 14846 20
7487 27746 20
1033 9985 20
19551 20344 20
10491 16766 20
17910 27908 20
36850 38415 20
284 8720 20
2257 20319 20
7480 35027 20
7479 35318 20
36859 37875 20
1159 47147 20
36866 40386 20
19566 34843 20
12572 34730 20
7471 40600 20
19970 42711 20
47603 49422 20
5731 30932 20
19963 34116 20
26582 41483 20
26244 44344 20
26195 38780 20
7261 43384 20
2180 31714 20
17875 42959 20
12330 47067 20
18393 49741 20
7504 9038 20
12599 23717 20
26203 27226 20
17887 31700 20
26217 30241 20
10483 47165 20
37675 41601 20
2183 36024 20
38824 45302 20
2545 39501 20
12587 31725 20
19946 38665 20
17965 26893 20
10522 38285 20
12349 29976 20
10643 41701 20
4196 9720 20
12539 36928 20
3745 41259 20
5123 40573 20
317 7265 20
28952 31341 20
26571 32703 20
10636 39152 20
1065 23096 20
17987 49524 20
12534 32414 20
12529 31757 20
2525 25254 20
3703 18599 20
7304 44141 20
2523 38811 20
1160 36047 20
3695 21364 20
7288 24628 20
7288 41061 20
47567 47660 20
6559 10738 20
1216 3772 20
5766 19164 20
6559 45643 20
18334 35885 20
38961 44832 20
1250 38016 20
7452 40840 20
29357 30709 20
18331 47069 20
19948 33908 20
885 28701 20
12545 46987 20
35887 49667 20
25769 30790 20
25770 27415 20
46136 46282 20
3609 49400 20
238 41124 20
18794 48524 20
11344 23883 20
12149 41148 20
1312 4034 20
10856 24430 20
18789 25564 20
29961 38152 20
12151 38772 20
7095 39049 20
933 46093 20
29959 31529 20
6388 26798 20
6897 37936 20
4967 5001 20
5190 48536 20
2338 20406 20
4967 36544 20
7078 46600 20
25747 39337 20
7806 20193 20
2080 23263 20
12903 47901 20
3607 15026 20
2335 25146 20
7081 30621 20
35852 35860 20
12136 44695 20
1153 12295 20
28855 36216 20
48686 49600 20
29937 42884 20
39077 49885 20
38346 47693 20
19177 38191 20
12848 29563 20
1304 44739 20
7761 14714 20
7769 30617 20
35955 49109 20
6289 19712 20
38311 43291 20
5433 14141 20
20498 34336 20
18728 37273 20
25871 26243 20
3612 28335 20
151 5073 20
375 9119 20
12874 21270 20
20569 24685 20
20568 38535 20
18779 45348 20
41753 46959 20
253 13737 20
25825 33238 20
4978 6893 20
1307 12302 20
25829 49475 20
38385 49561 20
4281 49532 20
4282 28243 20
7864 8352 20
19006 35297 20
7857 43877 20
5202 28001 20
20686 44068 20
18931 39164 20
12973 34795 20
12069 26141 20
12971 43642 20
12096 30527 20
17213 24383 20
18923 34216 20
7840 26795 20
12966 25933 20
25689 33457 20
12962 44991 20
20708 40164 20
1049 17845 20
11965 19563 20
7009 41960 20
7877 20927 20
831 18437 20
5642 31053 20
943 38492 20
30048 31262 20
38655 39568 20
27773 49618 20
20701 41256 20
12087 48973 20
1176 29712 20
5798 10431 20
4100 21684 20
3800 12062 20
10263 21484 20
12931 13482 20
19055 41227 20
26933 38744 20
38703 40878 20
7057 11930 20
38538 41756 20
3987 4230 20
10269 15876 20
30004 49267 20
2661 17802 20
20650 37070 20
5644 26199 20
1325 22134 20
28004 36099 20
2075 26218 20
5337 37230 20
12952 49348 20
5209 24989 20
35743 49016 20
28008 39944 20
3597 33461 20
20650 39896 20
7680 39383 20
29022 34039 20
2369 13328 20
6368 46509 20
5357 16614 20
7052 36015 20
12939 20428 20
18904 27013 20
19028 44289 20
1322 36394 20
20447 41341 20
36133 40240 20
29144 39515 20
29874 39289 20
26795 29164 20
4009 46569 20
6546 11761 20
25959 49450 20
7728 23391 20
20444 44690 20
27817 43645 20
6526 19849 20
11256 49425 20
7139 27018 20
29152 47781 20
20408 34131 20
26828 46958 20
29178 44691 20
7735 9784 20
28212 42778 20
19240 46109 20
19222 35840 20
12201 36409 20
17416 47980 20
20401 48059 20
3623 17502 20
36105 40103 20
38173 39156 20
38220 45579 20
10749 14943 20
6547 29879 20
2397 14483 20
7153 28777 20
12197 13899 20
7693 47275 20
7734 11709 20
20395 40522 20
7701 37850 20
36192 40331 20
12193 26605 20
5780 33660 20
10752 11542 20
6533 42519 20
20400 21777 20
5431 28975 20
20438 42392 20
5168 38937 20
7697 22563 20
12811 35132 20
19238 35173 20
3831 37558 20
2113 17967 20
15265 24754 21
18295 38662 21
22682 24859 21
3052 7707 21
9106 44385 21
47422 49094 21
9278 20322 21
11351 13495 21
3885 41362 21
4676 48180 21
27396 27876 21
18293 41369 21
4676 38682 21
37526 47068 21
19308 25650 21
3218 30656 21
1673 24033 21
14862 33458 21
37597 39053 21
38152 46492 21
18672 22101 21
32602 37817 21
8881 41595 21
43320 44121 21
38568 45887 21
288 8114 21
22717 32275 21
39825 49160 21
33090 42688 21
568 17000 21
9149 25274 21
5125 11176 21
5125 18477 21
2315 21230 21
23384 32618 21
8901 20853 21
38138 48195 21
33129 46944 21
23423 40730 21
23114 49364 21
6737 29554 21
3145 7491 21
22654 23439 21
37549 39297 21
7180 20117 21
18669 35513 21
11411 45643 21
22696 30633 21
5696 29667 21
18894 48659 21
3900 38203 21
5989 47987 21
28002 40007 21
9309 23986 21
15364 36107 21
6084 13366 21
33237 38852 21
8824 13244 21
9124 49964 21
1772 6328 21
23172 44024 21
19254 38037 21
32123 38883 21
23193 26582 21
23489 43987 21
15341 43451 21
11769 31659 21
28094 45725 21
7007 22305 21
22552 45742 21
4047 32940 21
2483 28621 21
4604 40768 21
8805 31127 21
32081 45950 21
2483 13317 21
15387 28750 21
1622 34185 21
19681 44512 21
28478 47576 21
38772 46930 21
40115 45398 21
23518 30782 21
22581 23821 21
6771 9029 21
4678 10225 21
22643 44959 21
11414 26417 21
23201 25042 21
9135 38437 21
15311 22913 21
2306 25719 21
18660 38955 21
32621 38717 21
5999 46503 21
8840 41636 21
43992 46671 21
7167 14418 21
9279 25141 21
2410 20180 21
5116 13845 21
15296 29681 21
19242 29678 21
23142 39151 21
1762 34123 21
38655 39170 21
1764 41500 21
15333 34351 21
18990 48395 21
3040 18515 21
7027 13104 21
38047 39855 21
19260 19564 21
15331 32685 21
7332 19736 21
18259 37266 21
4049 36761 21
18636 48170 21
14550 46943 21
75 44508 21
6740 15117 21
22638 28714 21
6048 33726 21
33181 38779 21
4062 28421 21
41478 41551 21
3161 13903 21
11699 24587 21
2268 5909 21
32706 48270 21
4055 49415 21
18696 22444 21
8994 24444 21
621 12666 21
5628 30064 21
43432 46701 21
22912 34799 21
3191 45705 21
15080 41215 21
9202 48117 21
27451 37701 21
8999 33991 21
586 7636 21
1715 28657 21
18502 37074 21
3179 24789 21
19460 27030 21
18437 40217 21
19450 40492 21
15105 37435 21
23240 43447 21
5296 46740 21
19508 34610 21
23053 28442 21
43804 49904 21
15096 36529 21
5665 35897 21
9065 31969 21
18783 37449 21
5152 14401 21
19229 45896 21
3099 30298 21
2423 33917 21
47965 49027 21
18405 46435 21
4589 42744 21
15008 24926 21
32753 43284 21
590 25453 21
9034 29397 21
38318 41176 21
9187 29489 21
7225 17959 21
37879 47316 21
23294 36119 21
14985 36667 21
18737 31532 21
18739 42039 21
32743 37826 21
5177 20619 21
18478 42503 21
1658 48265 21
6060 27916 21
14978 45613 21
32731 39168 21
32427 32885 21
14975 44831 21
18491 32355 21
2428 31797 21
7242 30328 21
273 6030 21
18453 37576 21
15043 33154 21
32780 44232 21
5297 48234 21
43757 49545 21
23300 33012 21
28027 47776 21
32713 42633 21
37815 38803 21
28543 46145 21
6746 47548 21
2322 9474 21
14717 21306 21
18464 49097 21
15145 23355 21
5502 38023 21
15168 39048 21
3077 24650 21
9241 12624 21
18851 46222 21
15162 29850 21
5127 5606 21
8922 37741 21
14904 47015 21
19086 26249 21
8930 19772 21
14637 27612 21
32946 38909 21
47606 48349 21
8933 18191 21
23356 49313 21
28522 48457 21
23079 48946 21
15136 30586 21
14898 33913 21
23380 47120 21
8901 22889 21
15201 25025 21
7292 35936 21
33042 43185 21
4617 11734 21
19067 33102 21
14774 42945 21
43500 45363 21
4568 5847 21
14900 21295 21
37960 40932 21
43570 46705 21
23376 25371 21
19077 32795 21
19577 44435 21
22802 34394 21
47671 49964 21
22860 32253 21
15124 27315 21
18539 30327 21
7271 43385 21
19537 41172 21
32906 44039 21
22877 41211 21
9221 30525 21
8959 23837 21
18389 41340 21
19513 38026 21
18816 45395 21
38202 44812 21
32353 38052 21
8619 10709 21
32869 46230 21
2447 37582 21
15107 48924 21
22892 23926 21
983 15092 21
578 48267 21
40066 41836 21
23076 43194 21
19554 21585 21
6067 34768 21
37652 47399 21
4653 19322 21
6996 21528 21
73 333 21
19545 23281 21
630 39067 21
22849 38547 21
7278 32373 21
37946 43376 21
28075 32829 21
8165 46871 21
16534 27420 21
16535 20000 21
8178 46271 21
3956 21413 21
34754 48329 21
7713 14063 21
16562 33638 21
34803 39619 21
16574 38694 21
21271 26544 21
45228 48676 21
16578 48024 21
2111 13988 21
20413 23332 21
46257 48681 21
17508 37896 21
17507 21618 21
16506 49428 21
8194 43076 21
28197 46044 21
39425 48044 21
5857 19161 21
16509 21944 21
8187 25432 21
8184 17785 21
11482 29348 21
21325 26194 21
7708 38522 21
20501 44796 21
369 21899 21
4877 6080 21
4983 30484 21
7750 36419 21
39312 47897 21
34982 45007 21
46207 47401 21
3954 37651 21
17390 18958 21
17388 30485 21
20520 36286 21
35005 36379 21
20491 33329 21
17442 46948 21
7730 19257 21
440 16050 21
439 1852 21
41394 46863 21
39352 47392 21
21223 25188 21
2806 31914 21
8141 37342 21
39065 48763 21
27792 30696 21
16629 36638 21
16635 49129 21
16639 27555 21
6842 28107 21
2834 8142 21
7634 36165 21
45077 48139 21
141 9756 21
34497 48634 21
16345 21535 21
5566 34647 21
8294 18999 21
5601 11581 21
8276 29913 21
21495 29431 21
20324 20522 21
5775 33173 21
16317 44888 21
17667 37392 21
20253 31658 21
4824 16648 21
2841 43998 21
8315 17634 21
7617 12423 21
5236 16694 21
8308 15182 21
16320 42184 21
4826 49056 21
36398 41237 21
2142 29696 21
34468 43156 21
7630 16849 21
46307 49778 21
17545 25848 21
6438 17851 21
208 17597 21
20381 35556 21
5005 22657 21
45128 47766 21
34668 37802 21
8214 29473 21
8211 35421 21
16468 21893 21
16475 30034 21
17513 29930 21
21435 36515 21
20333 36551 21
4836 11408 21
17590 34968 21
20337 38423 21
34562 43636 21
8260 32921 21
6845 48428 21
16408 39693 21
21429 29839 21
5777 11940 21
16422 32992 21
1945 46327 21
208 5427 21
1946 2036 21
2611 41646 21
17237 24968 21
7969 17170 21
4924 36197 21
2716 6205 21
28281 32820 21
2076 48987 21
45738 47065 21
20868 28628 21
220 4132 21
20652 30285 21
4958 34271 21
20655 41544 21
35461 37570 21
20840 29674 21
35331 49684 21
16938 36745 21
16945 34919 21
28229 49977 21
16952 34943 21
35780 48104 21
7975 43805 21
35392 38726 21
5798 48648 21
7973 44070 21
7829 46627 21
5584 21212 21
2691 34884 21
11512 17675 21
35657 41263 21
20708 47410 21
17104 22701 21
17113 26117 21
7875 47643 21
390 21237 21
6889 44365 21
35636 47646 21
2061 17147 21
17128 18672 21
7894 49179 21
27769 41830 21
20726 48886 21
2685 29433 21
17055 31707 21
11510 34057 21
1079 23530 21
11525 14388 21
17196 45952 21
17056 49726 21
2066 39337 21
45791 48386 21
17093 34695 21
17094 28426 21
35519 45803 21
11210 15940 21
35102 38227 21
28296 49850 21
21051 34573 21
16839 30190 21
21043 35063 21
7785 14891 21
5842 37668 21
2741 6252 21
35888 36042 21
5580 30852 21
11557 30536 21
11556 28384 21
35863 40510 21
427 557 21
8104 13110 21
2754 36078 21
8094 26843 21
2738 16276 21
4891 12599 21
21105 44018 21
21089 32937 21
17353 40942 21
16798 36733 21
27788 40856 21
17343 20018 21
8015 22975 21
2022 14451 21
8013 23975 21
410 604 21
20942 41570 21
6874 19453 21
35813 43267 21
2657 28124 21
409 4061 21
408 49661 21
2728 31298 21
381 7812 21
28284 40473 21
3950 28917 21
20919 46715 21
7994 8318 21
7799 12557 21
21013 31011 21
8044 23280 21
2737 46209 21
8042 8200 21
7797 16586 21
21581 25555 21
5792 25658 21
2735 13823 21
2016 2556 21
8023 9786 21
27721 32578 21
15744 34950 21
8649 20940 21
22296 47102 21
15723 22579 21
19910 45374 21
19913 39460 21
22285 47171 21
46998 48793 21
19922 41122 21
22271 42992 21
1820 5788 21
2528 9274 21
33700 46909 21
17971 31355 21
318 5358 21
5727 41826 21
15638 30169 21
8683 29013 21
19866 34278 21
44277 49167 21
19940 43148 21
4727 44140 21
8667 19071 21
39636 49516 21
1812 49477 21
37012 44830 21
15699 45451 21
17992 31268 21
15705 47540 21
11443 28876 21
7457 21812 21
515 2953 21
15836 27981 21
11131 27751 21
11132 20317 21
2533 21413 21
8584 14846 21
22115 30104 21
15861 24797 21
17930 32482 21
1842 11836 21
11447 23163 21
202 12369 21
19975 37947 21
22260 22323 21
33721 47500 21
8622 25943 21
20735 49753 21
4739 19578 21
15632 44551 21
8596 31161 21
17950 40981 21
22190 33688 21
15802 35127 21
17950 30377 21
5271 29940 21
22184 29430 21
15465 20991 21
18183 22769 21
11104 23867 21
19731 39655 21
5979 42706 21
5979 7150 21
22478 32534 21
8751 45881 21
6778 39600 21
33336 36653 21
19695 21419 21
4694 18783 21
27893 31402 21
37348 44137 21
3021 16522 21
7356 42819 21
22533 49143 21
5095 10646 21
38903 39654 21
11422 45645 21
19713 30892 21
7362 28132 21
11676 31650 21
22423 30561 21
1794 9578 21
44195 44907 21
4714 27687 21
22425 48804 21
47065 48590 21
15603 49198 21
4717 21744 21
5720 14684 21
15621 41056 21
8702 13557 21
28438 39054 21
19844 44298 21
8698 41971 21
37063 49224 21
15503 49190 21
18125 41103 21
8744 35379 21
15531 25508 21
15534 47600 21
22447 45164 21
7386 27950 21
36867 40847 21
15548 41135 21
33432 48778 21
1790 23047 21
5379 29691 21
2503 14459 21
11624 31766 21
16127 20952 21
46527 46935 21
17730 36318 21
11457 26608 21
486 20936 21
16141 43408 21
2877 39734 21
4797 21009 21
2160 31002 21
44829 49653 21
36498 46386 21
5265 8046 21
4802 9945 21
36496 37410 21
16159 30844 21
20199 36740 21
46569 47504 21
1876 14396 21
11148 33415 21
16073 24202 21
5039 38093 21
38993 48137 21
16091 25133 21
34154 39210 21
41433 41569 21
11455 44830 21
8340 47051 21
17696 32945 21
6489 10759 21
2857 30355 21
21652 26097 21
11460 24466 21
44976 46777 21
8333 11973 21
36439 39276 21
16269 26476 21
1007 11156 21
17670 42136 21
16291 29453 21
16294 49899 21
2866 6495 21
11280 37440 21
16172 48433 21
8376 13486 21
21733 27379 21
36577 37040 21
1900 16803 21
7586 35995 21
21699 38183 21
8364 16164 21
5604 42391 21
2582 4270 21
11158 35258 21
8359 45748 21
39564 42554 21
2917 17388 21
8505 15982 21
22015 27270 21
44596 45511 21
36798 47685 21
8500 28612 21
8499 23177 21
33986 38376 21
8488 23818 21
17881 35523 21
17878 49006 21
20034 30057 21
15904 25648 21
8545 41734 21
17918 46617 21
11136 13367 21
8536 48484 21
17 115 21
6806 12880 21
2543 48435 21
19994 25498 21
27574 34863 21
5735 48578 21
15917 24227 21
7496 11327 21
4764 16786 21
6819 8977 21
17837 43293 21
36668 45569 21
34059 45085 21
34062 39421 21
8461 23124 21
27856 39869 21
27842 31903 21
36641 47501 21
11454 13864 21
17819 42635 21
6936 29904 21
339 6059 21
16056 42858 21
494 1460 21
1875 21905 21
46704 48590 21
36748 39528 21
21969 48296 21
15993 40618 21
21956 39126 21
21943 45830 21
36742 47345 21
11449 44058 21
20048 34762 21
5105 43169 21
498 38499 21
20055 30040 21
21921 30736 21
17853 29070 21
497 49081 21
11144 19214 21
36714 42935 21
38989 46054 21
3630 44428 21
1519 2282 21
1155 44187 21
5432 27120 21
9640 22916 21
5341 17681 21
13919 40348 21
3359 41223 21
24265 49868 21
24261 26383 21
1293 2962 21
31247 43707 21
25946 46787 21
3370 16332 21
6287 10637 21
24327 24460 21
29916 43044 21
10320 25311 21
3364 28982 21
1533 1818 21
10387 12794 21
10388 26026 21
25987 32198 21
10389 33580 21
42108 45832 21
29790 39990 21
24169 40769 21
6147 43248 21
40287 41559 21
3342 40173 21
26007 31862 21
3639 12015 21
3634 34625 21
4078 34666 21
12784 13170 21
25957 30435 21
31287 46937 21
24211 37305 21
12760 29350 21
42861 48059 21
4281 43300 21
12953 28217 21
3595 47682 21
4279 4892 21
6167 41804 21
4443 44512 21
5437 10976 21
10985 16745 21
12928 42835 21
12926 17354 21
1321 15724 21
25665 26587 21
1333 35447 21
107 1145 21
11855 18148 21
12925 14204 21
31118 32138 21
10233 37513 21
9708 33137 21
10238 44485 21
31124 44673 21
5472 6301 21
3609 48414 21
24345 35331 21
28854 46753 21
13870 28656 21
3613 8253 21
10305 18581 21
25814 48949 21
719 17514 21
12862 28255 21
5338 38301 21
3603 25136 21
1318 10533 21
12909 24892 21
6595 20610 21
24148 32901 21
13864 22955 21
29985 39853 21
29982 49776 21
25759 44270 21
10291 42254 21
12573 24856 21
12571 13888 21
26244 35225 21
10496 20941 21
14150 28029 21
10506 32739 21
12561 32330 21
26253 36571 21
12585 41378 21
879 8280 21
12595 40648 21
880 45583 21
9544 13984 21
4200 7223 21
28913 37528 21
12584 33508 21
26231 33195 21
3319 19693 21
4484 40698 21
14142 20639 21
6684 39664 21
23969 47182 21
9511 47922 21
29512 30162 21
12496 42633 21
14175 27504 21
28920 36290 21
10544 48796 21
14177 35380 21
149 43765 21
6331 15094 21
4107 24582 21
5484 10036 21
26270 37087 21
6569 48517 21
28657 40797 21
9521 10254 21
26279 31678 21
14161 37430 21
3313 40219 21
29527 38625 21
23973 35699 21
3705 42681 21
1538 42801 21
26076 28321 21
10425 37525 21
26086 41236 21
24128 47845 21
10434 25819 21
42979 43189 21
1273 10574 21
12661 31745 21
12657 44451 21
6582 7384 21
24147 39165 21
10400 44071 21
14015 20393 21
9590 40282 21
864 12798 21
12693 34016 21
27075 36549 21
1278 39937 21
9587 34208 21
1278 4755 21
1538 15253 21
14100 41209 21
12634 30961 21
5312 15578 21
1263 19327 21
10462 31471 21
10465 31364 21
29628 41736 21
12613 42408 21
9558 10483 21
10443 47359 21
26126 46506 21
4221 5139 21
10888 28925 21
26140 49105 21
9717 40494 21
14070 40244 21
31404 49646 21
5345 8512 21
24084 48607 21
31414 41091 21
12635 25496 21
25183 26228 21
30818 34628 21
24784 31909 21
11875 23950 21
4349 13679 21
24775 45920 21
4345 20971 21
13645 28411 21
13335 19994 21
9850 49262 21
30784 31545 21
40991 48270 21
3439 13222 21
25197 37505 21
30486 32922 21
10006 14994 21
13362 38381 21
10015 39252 21
166 13952 21
9820 20700 21
24706 37683 21
25249 41555 21
25255 40402 21
25257 37576 21
25248 35483 21
25261 29306 21
4335 45487 21
28724 43328 21
11921 19977 21
40513 48227 21
6234 44747 21
3507 48291 21
4341 33972 21
3428 28889 21
1144 6832 21
24961 42625 21
30637 41886 21
13484 24073 21
9945 32152 21
9906 43255 21
6518 49709 21
24973 26107 21
1143 1410 21
1430 23590 21
10947 45637 21
30673 33123 21
13515 45520 21
13521 27882 21
13497 25309 21
24897 26249 21
24953 45665 21
5398 39692 21
9962 12722 21
3848 36666 21
9972 14265 21
24843 27704 21
6199 37506 21
25076 45126 21
30783 42232 21
30710 44822 21
30621 39788 21
3474 13291 21
13553 19157 21
13461 32963 21
24883 46624 21
13458 13501 21
1436 33168 21
13563 48721 21
11887 35077 21
4301 9066 21
10173 20175 21
30153 42339 21
30150 45702 21
4299 29927 21
25533 29720 21
10169 16725 21
24507 46189 21
3562 46463 21
13101 16959 21
31035 33540 21
25540 44197 21
13780 15704 21
9758 16171 21
9757 10510 21
30991 40806 21
737 24238 21
25491 40143 21
25496 44641 21
4305 49830 21
30170 44962 21
820 2686 21
10977 27655 21
13044 27341 21
25603 27108 21
13019 19955 21
30089 38265 21
6269 15767 21
3391 13744 21
3579 43829 21
28834 30099 21
10196 35991 21
25565 38758 21
10197 31618 21
24494 32053 21
25586 33320 21
1355 34930 21
13058 34165 21
13047 47759 21
13792 17991 21
13243 39293 21
40385 41045 21
6243 25644 21
28809 37484 21
25399 25836 21
742 23329 21
9786 27416 21
40383 41496 21
30377 39893 21
9807 34650 21
25296 44526 21
10083 24015 21
28804 45972 21
13705 27516 21
11868 14224 21
27178 46326 21
10121 15218 21
9800 41782 21
6240 38920 21
13249 27718 21
9798 28215 21
30909 34215 21
30201 42061 21
30955 36305 21
30967 39907 21
3547 8959 21
24581 49000 21
10143 17038 21
24579 42007 21
13754 41344 21
6176 8489 21
1357 15514 21
27150 49586 21
13758 13991 21
13149 15638 21
10150 17808 21
25436 40313 21
10123 21447 21
11943 32513 21
30243 32410 21
25439 48692 21
40378 44740 21
10132 34397 21
24597 40696 21
10133 19821 21
10629 44425 21
1219 7472 21
26851 43336 21
26859 32706 21
10782 48234 21
12375 43658 21
4534 9980 21
4534 24513 21
3788 8881 21
12378 33110 21
14431 18329 21
155 527 21
9458 14956 21
12380 33532 21
10790 24255 21
26997 27408 21
3285 19958 21
23636 31641 21
11787 29340 21
29360 36625 21
9360 23292 21
3791 21277 21
29139 44908 21
9358 19922 21
26574 42242 21
14414 48630 21
657 39275 21
5494 25512 21
9450 36139 21
1608 7558 21
26487 35533 21
14242 47172 21
31697 32763 21
14454 34155 21
28623 37267 21
29043 29995 21
26440 41459 21
14233 37857 21
12145 21981 21
12028 33976 21
10793 31439 21
41901 42533 21
10796 38949 21
31733 42539 21
31931 34233 21
14436 31645 21
14253 37780 21
12395 23408 21
26491 34506 21
29083 33707 21
26894 47711 21
10611 34338 21
31710 32068 21
12291 40707 21
6349 16605 21
12238 38590 21
26739 35913 21
31905 36971 21
12287 15911 21
14318 48224 21
12316 33153 21
26637 27872 21
26750 32913 21
31862 34390 21
23713 24486 21
12262 24865 21
666 24357 21
1204 4328 21
10702 41611 21
29211 31247 21
11014 34379 21
4113 17998 21
23730 28774 21
12275 23889 21
12336 26251 21
12336 41240 21
29316 46514 21
29322 39896 21
12338 26561 21
29309 30217 21
10654 24786 21
12204 27715 21
4164 32335 21
4512 9189 21
10741 45699 21
26757 42709 21
12319 40989 21
29205 34065 21
10740 28616 21
28629 30690 21
14422 23761 21
9426 14703 21
26763 29213 21
29028 43237 21
23883 26166 21
28931 47968 21
12099 36125 21
40213 45140 21
896 12259 21
5349 26831 21
12478 27000 21
26428 48425 21
1176 6696 21
3723 13092 21
9332 18876 21
23885 34406 21
10812 15210 21
23926 45389 21
26404 36795 21
32046 46418 21
10571 25299 21
23902 37015 21
23533 46920 21
4181 37383 21
14227 26949 21
12433 46122 21
6376 40543 21
12110 21673 21
683 5451 21
12075 30485 21
28983 47443 21
413 25283 22
413 17298 22
5172 43902 22
30226 35230 22
28356 33538 22
2015 9066 22
2856 21614 22
38081 39948 22
1361 11031 22
4021 28813 22
7154 7463 22
26821 36598 22
25466 47097 22
13161 22818 22
18640 40738 22
11354 36112 22
4020 37508 22
19225 39321 22
27152 32896 22
13229 13358 22
42436 43411 22
13226 25180 22
40610 41082 22
925 5234 22
11205 11660 22
6870 15109 22
25460 33793 22
8085 14471 22
6254 21290 22
21087 36496 22
12051 32948 22
16872 33464 22
49393 49667 22
421 1963 22
26792 44218 22
13197 22136 22
42453 46726 22
4813 35597 22
30280 40240 22
26821 29714 22
2858 5913 22
26806 32708 22
35162 36444 22
8062 8255 22
4371 42167 22
38194 39722 22
4140 18592 22
4898 16318 22
18975 22878 22
8041 25983 22
16833 39617 22
16810 43544 22
7034 37953 22
10830 43770 22
18682 27574 22
21060 28462 22
10130 12842 22
21062 37384 22
16860 41482 22
6356 21576 22
5835 45456 22
21014 38712 22
10126 23474 22
12102 42155 22
3921 41049 22
1347 19235 22
30133 39655 22
11526 35020 22
34284 43283 22
27013 39097 22
4151 6385 22
12254 39981 22
20848 49500 22
5585 8453 22
11395 12157 22
5675 8796 22
37964 41492 22
10721 15435 22
3769 7170 22
30145 41563 22
9924 43513 22
5371 36497 22
2702 8216 22
42591 47914 22
2873 17819 22
10707 12852 22
5265 10286 22
18538 43109 22
2706 19560 22
5264 37746 22
11157 13517 22
7930 48674 22
30116 33403 22
2729 37159 22
1355 16069 22
13137 22753 22
40872 44195 22
18943 39054 22
2025 3250 22
5902 39212 22
25494 32625 22
13127 18463 22
42582 49978 22
13160 23317 22
10741 30191 22
16203 18314 22
20948 37193 22
25473 27937 22
19262 37358 22
18946 22070 22
1995 45102 22
18939 45423 22
18624 36990 22
8010 30969 22
4921 20252 22
35385 37369 22
18580 35792 22
5829 38546 22
12236 24726 22
13111 49044 22
4377 10928 22
10838 45328 22
3561 25827 22
19330 35126 22
7023 37424 22
2726 13228 22
37989 43427 22
3810 5311 22
44872 47954 22
25504 49962 22
20909 39816 22
20908 31384 22
10161 32706 22
21749 33593 22
30179 33236 22
1090 49403 22
38481 43985 22
10933 48236 22
10022 40290 22
13346 26224 22
1048 1578 22
12055 18186 22
16484 35267 22
251 11384 22
34684 48387 22
16492 47769 22
16445 33277 22
21533 25110 22
12131 37592 22
25148 41427 22
45063 46329 22
18824 35610 22
18823 36014 22
27638 41255 22
6631 20533 22
16464 35094 22
18782 49580 22
10793 30373 22
9962 12828 22
8192 31207 22
18777 44535 22
11187 15893 22
16314 48649 22
27665 35444 22
34688 40347 22
19130 33787 22
19132 19505 22
28772 29028 22
13368 22785 22
27185 31709 22
8311 30482 22
34697 35805 22
10795 18276 22
5258 23402 22
8316 19151 22
21475 45719 22
29049 30567 22
21485 37898 22
2835 5867 22
34529 45028 22
3925 8198 22
463 40102 22
8256 15916 22
3799 6261 22
3924 17076 22
11370 16383 22
6397 42568 22
41125 41665 22
7066 19467 22
13414 23221 22
12121 41443 22
5194 7601 22
42547 47707 22
1009 33359 22
21413 31562 22
4841 18032 22
6628 10697 22
7077 35401 22
6839 12480 22
5866 30439 22
6365 41450 22
34617 39148 22
27190 27722 22
2379 14487 22
6227 14064 22
16414 40427 22
21438 45214 22
208 1931 22
25039 44985 22
38712 42275 22
39458 48741 22
21419 30952 22
18850 23663 22
16424 45977 22
44998 46003 22
4138 20149 22
38310 42814 22
12173 14500 22
11365 13658 22
1987 7536 22
16682 28510 22
30346 35633 22
16685 27311 22
38310 40274 22
29028 42991 22
21207 26559 22
27690 45222 22
42479 49937 22
21192 39451 22
34989 35630 22
8129 32350 22
2773 30260 22
8128 32247 22
1380 9089 22
21182 40888 22
11569 16690 22
40924 44382 22
13467 39106 22
40473 48726 22
803 37472 22
13240 15547 22
18705 23892 22
1375 17113 22
2763 16177 22
21149 37306 22
21142 45033 22
21620 25334 22
21139 24316 22
21135 38011 22
13247 26669 22
5562 34010 22
34782 37610 22
3789 35924 22
34794 46066 22
18763 22414 22
27684 39570 22
10048 11274 22
10051 39428 22
6236 24515 22
18756 49180 22
10931 39942 22
28980 38771 22
1920 28269 22
21316 24357 22
21312 29934 22
10785 41187 22
7105 22088 22
3789 40541 22
4093 30178 22
11193 27751 22
1187 11370 22
25272 39659 22
18891 42226 22
25277 38749 22
16272 42513 22
16603 47281 22
25271 25518 22
5574 27307 22
3520 15238 22
7118 26643 22
5377 17750 22
6240 25122 22
16588 40680 22
38351 48717 22
16585 47189 22
30612 44236 22
1917 49464 22
4820 43623 22
5449 40696 22
16606 40609 22
13279 16867 22
776 20810 22
12400 31801 22
26122 27957 22
4222 9239 22
19663 28724 22
7339 25168 22
5040 9292 22
3828 38766 22
3671 21991 22
29428 37322 22
2242 35923 22
11459 46628 22
18264 43421 22
18228 39578 22
38891 44394 22
6933 10395 22
5380 43223 22
11293 16032 22
7532 38971 22
12002 35370 22
5415 49014 22
20093 42780 22
2556 10261 22
17849 30130 22
11450 24596 22
2176 5843 22
7516 7606 22
5738 16067 22
36632 44347 22
11323 46011 22
12635 35054 22
11454 28578 22
10605 26242 22
10603 41380 22
36618 40187 22
7549 12268 22
7328 28376 22
11454 25850 22
26157 43164 22
28889 42200 22
27855 41242 22
20094 35803 22
10400 49792 22
7320 39066 22
26002 29926 22
10894 41662 22
17650 37957 22
3650 11771 22
2143 10369 22
7618 49727 22
7313 28408 22
5775 7549 22
10393 29882 22
47453 48687 22
7316 25317 22
1027 15513 22
17615 46608 22
18281 47091 22
41655 49365 22
18273 47823 22
29736 30176 22
5428 7032 22
10619 19109 22
4228 30496 22
37474 45589 22
5028 29244 22
866 21770 22
5701 48954 22
2151 43963 22
36402 45556 22
36411 39715 22
36433 47813 22
28102 39222 22
38868 48447 22
10415 23553 22
2586 36959 22
12454 42872 22
19921 28434 22
19915 29192 22
12535 38441 22
1063 2137 22
3997 6500 22
12523 22908 22
12457 37966 22
17993 24301 22
17996 42994 22
2501 3268 22
16 741 22
17947 36873 22
17949 31717 22
885 5347 22
3721 23117 22
7432 17167 22
12546 37578 22
6454 48475 22
29538 46445 22
2216 24096 22
19832 27448 22
18100 22542 22
5084 25786 22
18086 19679 22
18066 35933 22
10548 10597 22
10884 19862 22
1241 31470 22
11304 26254 22
5418 46473 22
10534 47843 22
12506 47333 22
26316 43736 22
18040 34523 22
26252 41538 22
4191 4503 22
7423 46095 22
47154 47399 22
12022 48651 22
19847 32312 22
1161 49779 22
7420 42829 22
5422 41860 22
2182 42663 22
18186 42546 22
36813 45622 22
36814 49436 22
17898 39906 22
3970 20459 22
118 237 22
46797 48653 22
2542 3712 22
7505 39017 22
36747 46592 22
29459 39631 22
12424 14008 22
3682 22588 22
26185 38436 22
27065 30421 22
36770 37976 22
28941 37686 22
29605 32811 22
26430 37289 22
1259 47745 22
40790 41868 22
7469 34317 22
12438 22935 22
12441 43490 22
1062 23570 22
17941 45529 22
2193 17871 22
12558 31761 22
11448 49322 22
12574 49279 22
26234 41497 22
5612 47025 22
5061 40412 22
19747 38777 22
36875 44786 22
46871 49035 22
5795 47865 22
18438 46896 22
39119 48853 22
2273 4212 22
25741 40840 22
4966 40359 22
17281 44774 22
19470 48182 22
3605 4980 22
7242 23756 22
12944 25473 22
27779 28479 22
20650 41284 22
5799 23973 22
17245 36720 22
2270 5131 22
12941 31207 22
837 1544 22
12936 20931 22
30007 42164 22
29299 43898 22
11251 15184 22
912 41933 22
27785 36422 22
1211 19538 22
28229 31493 22
17311 43441 22
4975 30405 22
2088 23275 22
17339 30571 22
3751 21546 22
7253 48290 22
17291 26042 22
12902 26065 22
12320 25929 22
7253 42373 22
38823 48434 22
11501 29718 22
29295 48044 22
17309 23056 22
2083 18490 22
10700 14957 22
394 36321 22
17128 40469 22
20759 31034 22
35571 49000 22
17166 34324 22
20768 35452 22
28254 46787 22
27131 48387 22
920 7383 22
41214 49414 22
2053 6409 22
30094 34944 22
7847 12921 22
7233 22848 22
2067 43346 22
3591 24107 22
3950 22750 22
2435 11077 22
17227 25465 22
35725 35927 22
20658 21564 22
12968 32677 22
12957 25004 22
2670 27738 22
19441 21179 22
6524 43973 22
37831 40588 22
6349 42165 22
19420 31400 22
12981 48092 22
3759 8380 22
2264 5016 22
1327 46062 22
27774 38515 22
276 42805 22
12779 21377 22
7697 43800 22
36198 44312 22
17506 31881 22
37599 49607 22
10356 22376 22
26576 44663 22
19594 29062 22
854 49040 22
6300 20175 22
27822 42838 22
10870 45275 22
39042 49772 22
10634 12770 22
17477 31366 22
12805 15088 22
10645 21375 22
12031 49827 22
17481 45841 22
7705 32471 22
25945 35956 22
4999 16808 22
42111 44335 22
1288 6664 22
29804 40161 22
26566 37472 22
12751 18197 22
19606 41354 22
10896 11809 22
2607 3054 22
11266 45224 22
41212 44981 22
855 20340 22
855 33955 22
2121 40896 22
12766 16271 22
12765 13460 22
1289 34298 22
17548 32602 22
37562 43442 22
5359 45002 22
5006 9258 22
47478 49416 22
25978 36041 22
11984 26552 22
222 24498 22
20520 41398 22
2642 11421 22
11255 27186 22
42179 45342 22
284 4319 22
154 9662 22
10901 30536 22
47936 49654 22
7775 7816 22
1059 30318 22
25833 27698 22
17363 38049 22
2260 14714 22
35989 39659 22
17366 43319 22
37667 39671 22
7763 35393 22
5782 36711 22
17430 23103 22
10898 45410 22
2110 7010 22
25903 47553 22
10338 25546 22
17446 27794 22
40687 47693 22
17457 48586 22
29876 30679 22
7713 11888 22
20480 29748 22
12829 18665 22
367 39866 22
4985 32899 22
7736 19238 22
7734 48447 22
849 1758 22
6909 31325 22
2256 39212 22
4254 25514 22
5598 17289 22
2254 30875 22
31235 45190 22
1771 29195 22
15379 28467 22
15380 31060 22
9650 49660 22
10986 49483 22
4080 31403 22
13899 44228 22
11692 31943 22
13898 36589 22
1523 1731 22
22642 47078 22
15314 29801 22
31251 41658 22
31247 33980 22
9629 9895 22
9631 25830 22
718 1043 22
9632 48071 22
4685 13009 22
22597 47923 22
9670 44194 22
15457 23169 22
22515 41854 22
15457 33463 22
15458 43361 22
13878 32685 22
28690 47926 22
3013 8656 22
24369 40371 22
9660 33881 22
33310 44184 22
33324 34400 22
5981 43710 22
22532 37989 22
40332 44181 22
8791 41196 22
32972 47575 22
15162 45966 22
24131 34133 22
9583 24562 22
11704 26632 22
571 21889 22
10991 38525 22
33028 42278 22
15189 43547 22
33047 47974 22
15196 33826 22
24141 39847 22
5390 42567 22
975 18485 22
5289 17810 22
14076 14245 22
8947 18460 22
15140 21873 22
32949 40261 22
3083 11476 22
6677 11015 22
22839 29188 22
3081 16907 22
24202 30070 22
3054 47812 22
1107 3205 22
43980 44211 22
22673 30817 22
27501 43395 22
8859 12089 22
13960 45985 22
13957 45164 22
3355 12122 22
22644 26793 22
31259 37900 22
1745 3614 22
31371 33830 22
28507 32978 22
31366 33449 22
15231 47896 22
1534 31381 22
15241 48936 22
22493 40899 22
43954 46273 22
1751 4634 22
1752 3755 22
8869 37048 22
33690 44213 22
527 22336 22
2960 38330 22
33690 40088 22
5273 29686 22
6177 7570 22
30959 36666 22
33696 48593 22
1819 40393 22
22332 47697 22
22331 47382 22
15683 29034 22
22328 43246 22
30949 31677 22
39643 47676 22
22321 44263 22
24535 45306 22
22314 34047 22
2964 40404 22
4416 30908 22
15792 35085 22
40396 42681 22
11657 37248 22
39589 41775 22
27247 45123 22
13710 28267 22
22171 31144 22
24627 26957 22
30940 32481 22
1822 18085 22
22259 34656 22
4739 21497 22
24629 46710 22
8615 32158 22
8612 24226 22
33406 38659 22
5530 15175 22
5530 19072 22
24422 40046 22
15530 22241 22
8742 46085 22
15539 18470 22
4440 35626 22
31119 47816 22
1502 22562 22
15547 29735 22
22431 26263 22
22429 38396 22
6403 7909 22
546 34561 22
11686 35298 22
31148 48118 22
24379 27223 22
22476 32249 22
9717 36055 22
87 33522 22
31137 43238 22
1505 9908 22
1505 9607 22
1787 2017 22
39714 42813 22
8704 21267 22
33528 33577 22
11114 18608 22
15632 46817 22
33572 37776 22
22348 26838 22
6790 41116 22
33593 49815 22
1793 40058 22
15582 43327 22
15586 40951 22
24064 33797 22
15600 22745 22
2985 6149 22
14356 42087 22
1655 6812 22
32402 38881 22
23701 31612 22
23297 32804 22
32419 46127 22
3187 7822 22
23730 27064 22
9186 24701 22
23340 25561 22
6065 37599 22
23656 32181 22
1601 5676 22
31908 48602 22
14726 32001 22
3195 8590 22
3267 28527 22
23313 27634 22
9168 16048 22
5306 16914 22
6054 33146 22
28632 43895 22
31831 41619 22
14777 29786 22
28634 45780 22
1671 34669 22
6733 28327 22
9145 21562 22
14334 37945 22
14330 43614 22
669 11851 22
23742 35137 22
23340 47248 22
23743 31639 22
9421 36773 22
1663 29113 22
6056 11942 22
23749 41581 22
9173 23517 22
3176 16002 22
9331 21872 22
14545 45675 22
32134 36490 22
23551 45345 22
649 7625 22
23468 44030 22
32168 34228 22
40117 43067 22
14514 32679 22
3237 13627 22
9319 11655 22
14491 39091 22
23511 30188 22
23436 34591 22
32037 38130 22
23536 28364 22
3229 3317 22
641 8212 22
14651 41679 22
6071 23470 22
41553 45828 22
23368 40703 22
4530 38756 22
9237 38025 22
4530 20968 22
43399 43539 22
5299 26969 22
3200 5461 22
14658 21468 22
9226 47149 22
14660 37456 22
31989 36262 22
6077 12005 22
14584 45395 22
6076 39973 22
3251 6793 22
23590 36674 22
3211 6785 22
149 17283 22
14624 46712 22
23604 40229 22
22966 29606 22
9024 24134 22
31560 46641 22
15035 26977 22
41567 44926 22
43772 48706 22
43779 49836 22
9001 16735 22
15066 48102 22
31513 38140 22
32831 35888 22
188 6283 22
31584 38924 22
3123 10417 22
28660 37649 22
9520 15500 22
32758 46778 22
8976 25879 22
8974 10167 22
4646 7323 22
15118 34018 22
4650 28738 22
15120 18765 22
28660 39190 22
1556 10927 22
15089 32530 22
31507 35111 22
14122 25139 22
27446 32492 22
14116 14561 22
24030 26329 22
31479 39313 22
4508 5976 22
14259 41280 22
1680 39197 22
9111 29876 22
3867 16952 22
4508 11472 22
23152 29724 22
31713 39857 22
4061 10457 22
32568 45679 22
9104 12536 22
14241 46120 22
43504 45003 22
23205 29232 22
11009 25691 22
14804 27385 22
23130 40578 22
14271 25182 22
43144 46621 22
9130 26814 22
14211 24414 22
31638 40596 22
4621 30879 22
5486 31871 22
14204 14351 22
4625 38473 22
14970 20131 22
4612 45272 22
14863 46232 22
23112 24825 22
21774 42313 22
11815 31732 22
27440 32256 22
9481 43017 22
9089 24669 22
23093 25803 22
22060 29225 22
751 48234 22
16090 17050 22
11624 35671 22
16078 24466 22
27220 32070 22
3917 32247 22
11871 22799 22
15956 38878 22
2897 38790 22
9855 49163 22
8494 11894 22
30836 44199 22
22063 32546 22
15848 34203 22
13559 18798 22
24864 34881 22
8541 20422 22
24889 36487 22
8553 23147 22
30769 33215 22
764 11896 22
16125 27362 22
22023 34474 22
21815 22453 22
3421 33017 22
41432 48143 22
30699 33890 22
9831 17113 22
44557 46752 22
27574 45684 22
1843 37543 22
9858 19802 22
21926 47303 22
8464 27619 22
1450 49104 22
30706 42991 22
34187 39206 22
508 16371 22
8398 13492 22
15835 24342 22
8578 23984 22
8396 26595 22
21872 37399 22
11147 48340 22
9894 15538 22
30800 40074 22
15986 35003 22
4760 46320 22
8447 25584 22
13660 45498 22
6512 25469 22
28757 41198 22
34106 41997 22
34103 45177 22
10962 17417 22
5397 44626 22
41004 42953 22
44472 49582 22
22072 48913 22
41598 45948 22
19641 27834 23
12026 16586 23
26357 30089 23
24865 35671 23
41678 49678 23
23933 37106 23
2505 39602 23
9109 25062 23
37181 40320 23
26374 43081 23
23154 48467 23
5617 33172 23
19792 30019 23
14250 30909 23
28352 39736 23
23041 44978 23
4608 19169 23
14968 18205 23
25045 30147 23
14176 30082 23
4361 27795 23
677 11997 23
6957 17755 23
10543 32626 23
12498 35822 23
10999 16481 23
17747 22977 23
32729 45971 23
14261 28355 23
14958 25363 23
11307 21002 23
29500 33247 23
40948 42191 23
19814 34555 23
39977 48762 23
3129 7708 23
2211 18710 23
11729 37926 23
890 49384 23
43105 47108 23
37109 41383 23
30755 32198 23
23943 26393 23
41046 42743 23
7360 13447 23
37329 42188 23
32589 44940 23
41928 46530 23
19713 35759 23
11423 14634 23
19724 34298 23
26429 47327 23
23878 46294 23
14861 19541 23
30722 47054 23
1233 29152 23
10592 25896 23
27427 28104 23
6962 30143 23
2232 3047 23
19703 29280 23
2485 18279 23
29446 31341 23
21887 37389 23
4178 7420 23
18221 21493 23
7352 28398 23
6216 29338 23
29456 37737 23
3145 7426 23
12421 47140 23
6958 45468 23
1036 14306 23
3968 40038 23
23083 26923 23
26406 28417 23
18247 21489 23
4504 9347 23
1440 43088 23
6561 46924 23
10955 41065 23
11052 36934 23
25040 40402 23
8295 13183 23
37434 41390 23
29423 40359 23
8455 42048 23
12402 41842 23
599 29799 23
599 25771 23
18166 44492 23
32626 38613 23
12439 22169 23
6562 12215 23
4076 36157 23
41276 43831 23
10463 25275 23
28900 32979 23
8972 41305 23
20044 21224 23
1110 16686 23
25119 43396 23
12614 21621 23
115 2896 23
10472 33752 23
3682 23447 23
40 26215 23
29636 32943 23
2555 44991 23
12620 43429 23
20034 21667 23
12620 35624 23
9563 25763 23
22880 25388 23
10487 28225 23
1940 41420 23
8261 39741 23
5261 23043 23
9546 10662 23
20008 24781 23
6942 36925 23
3320 45662 23
29587 35346 23
36839 48741 23
16011 22063 23
15097 46540 23
2181 26033 23
12605 21762 23
16402 22318 23
25119 34544 23
8257 32535 23
1553 8507 23
13385 29094 23
36594 39086 23
2166 19188 23
14066 44530 23
12637 44809 23
13375 26425 23
5328 24545 23
11289 40032 23
578 49883 23
1404 21757 23
2565 15200 23
20110 47709 23
46637 48613 23
9316 32330 23
36557 41426 23
12650 17576 23
22844 36614 23
4399 4758 23
15133 15319 23
3671 8439 23
42515 44332 23
24811 31303 23
17830 44589 23
34587 36179 23
36694 41345 23
46658 47537 23
21426 22000 23
8960 16861 23
4104 32914 23
24079 42609 23
36637 37584 23
26164 33901 23
3700 28372 23
6220 17017 23
3855 4135 23
8280 33719 23
10528 46967 23
689 36503 23
22964 29515 23
26261 48834 23
12551 42151 23
5071 45398 23
11721 48521 23
31548 49334 23
25077 48762 23
29547 43257 23
12546 15189 23
2521 23668 23
7429 49745 23
12512 24717 23
23972 45256 23
14169 41366 23
26298 41991 23
9042 43831 23
9044 9112 23
2831 20539 23
316 43847 23
3702 25386 23
17991 33312 23
31572 46670 23
21912 35585 23
22919 27450 23
2540 8740 23
3105 46666 23
6196 10655 23
32818 43628 23
11825 24109 23
21932 35506 23
32832 40629 23
10491 14085 23
11449 26099 23
12576 20262 23
16011 25024 23
28913 45424 23
26234 31013 23
9538 13462 23
22915 42101 23
8274 44978 23
28540 34566 23
21477 44959 23
19964 21396 23
10997 38448 23
31548 32128 23
9021 47758 23
24003 39292 23
15047 36818 23
2536 27174 23
14611 44902 23
38358 38629 23
18761 26847 23
9256 16266 23
31980 42950 23
31983 46031 23
1887 30646 23
32226 42873 23
29136 40673 23
44885 48156 23
12172 34493 23
48552 49215 23
26847 38082 23
6991 18626 23
19188 39903 23
40128 49495 23
3218 7027 23
44866 46121 23
28981 43795 23
6363 24174 23
5186 17459 23
1427 38480 23
29082 41675 23
14599 26958 23
24909 27254 23
32215 47675 23
19148 44449 23
14595 22550 23
2328 30867 23
6994 25347 23
23420 40987 23
26884 41624 23
24912 26247 23
14434 30501 23
43417 47871 23
19247 39630 23
2403 10614 23
10750 16248 23
23344 40231 23
14653 39463 23
10752 27819 23
29172 48414 23
26804 46227 23
14404 45685 23
30695 40510 23
9222 33319 23
6066 6993 23
2880 34308 23
947 31547 23
23369 33514 23
19215 20457 23
4138 49065 23
2396 49703 23
32276 42068 23
27946 47574 23
19207 33479 23
2396 4603 23
34332 40234 23
7138 44821 23
32297 45371 23
14406 49295 23
14649 32627 23
16133 42983 23
3219 11838 23
10764 21383 23
1190 9525 23
38745 40735 23
244 21576 23
642 36734 23
8389 18174 23
42601 44459 23
7030 25310 23
23503 48619 23
21770 24035 23
4380 9581 23
11762 49731 23
18909 28562 23
18914 19062 23
10829 32685 23
28006 36651 23
4380 23133 23
10833 17588 23
12076 41029 23
18968 23685 23
41709 42770 23
41509 46941 23
241 13426 23
41691 43327 23
12074 13826 23
30674 40137 23
38637 41647 23
19003 25032 23
19000 39085 23
34248 36078 23
7006 25524 23
5639 32533 23
14494 16774 23
38666 44629 23
14565 22315 23
6716 44798 23
48910 49195 23
14451 26358 23
6079 41691 23
34224 38144 23
16163 18157 23
16160 24324 23
18828 46341 23
4798 12222 23
11760 25526 23
6827 38108 23
19101 19282 23
23488 43895 23
18888 29960 23
30664 45259 23
49031 49827 23
9291 22493 23
8385 24836 23
9329 21535 23
14480 49396 23
4380 7484 23
23476 37713 23
12063 45112 23
206 47719 23
23551 24771 23
14548 49875 23
2449 30821 23
1212 9647 23
2261 21803 23
2263 39849 23
7264 47750 23
11805 15881 23
32464 41652 23
12325 45146 23
30587 49044 23
26593 48474 23
19551 30953 23
29301 46867 23
9152 40108 23
28388 37587 23
18423 33172 23
1915 12080 23
78 2307 23
914 38042 23
23751 35522 23
3849 7449 23
23254 42686 23
26641 36404 23
12323 19233 23
18399 24463 23
4594 23950 23
11328 40603 23
5358 41361 23
18406 39028 23
32452 38741 23
14759 24877 23
613 663 23
96 618 23
21574 32267 23
9886 16798 23
26564 29920 23
14813 24755 23
29383 44010 23
24865 38167 23
13568 44267 23
19616 48276 23
27334 43650 23
27906 28240 23
155 312 23
4508 29070 23
26546 38448 23
34106 35547 23
10651 11499 23
3285 42116 23
29348 33475 23
12343 22748 23
29340 36503 23
26582 33598 23
19568 36512 23
13562 24926 23
14803 27666 23
11165 39122 23
14276 26980 23
18320 44138 23
26575 37034 23
19587 30864 23
11791 13894 23
37607 45727 23
12350 44926 23
9139 14509 23
47562 49491 23
8327 14782 23
3268 24581 23
12240 36582 23
21807 41881 23
9385 15449 23
5158 39710 23
41554 43545 23
29218 36211 23
23307 31439 23
26718 48338 23
12252 12409 23
13479 49550 23
2418 45612 23
11790 12065 23
24977 25126 23
9911 13520 23
18622 41199 23
8418 10723 23
5164 30278 23
29205 44165 23
16207 19794 23
32346 48375 23
19258 37920 23
12050 16318 23
2298 48366 23
23328 30016 23
2300 27493 23
2411 33194 23
16218 24331 23
7169 13518 23
21685 27660 23
12303 47337 23
2433 4322 23
27919 48562 23
19434 37904 23
3182 31173 23
12288 20103 23
6382 20785 23
31859 47220 23
18476 43514 23
5628 6930 23
18447 24769 23
31839 48713 23
3179 48067 23
16096 24487 23
27026 49523 23
16236 32215 23
29250 44635 23
28050 42057 23
3189 33552 23
23302 40999 23
7222 9878 23
27025 29983 23
26684 37893 23
26685 28963 23
18490 22320 23
34367 46806 23
29270 47446 23
28964 31884 23
6730 14158 23
12271 25684 23
22104 38302 23
4944 45462 23
7897 28516 23
6856 18520 23
15590 21013 23
5812 35378 23
10222 10965 23
15579 34310 23
35585 38348 23
8543 24748 23
1844 7959 23
2986 5705 23
41094 42159 23
5971 20837 23
31068 48925 23
3946 5202 23
20758 49301 23
9724 21129 23
10217 44053 23
27124 29040 23
33897 48517 23
22429 22726 23
42303 42516 23
30084 46324 23
7893 11050 23
13819 33156 23
20741 37113 23
4409 8024 23
1332 33002 23
7891 43953 23
1332 20351 23
2058 45747 23
6600 32318 23
15622 40955 23
22374 36141 23
16600 37452 23
28272 48684 23
17049 47739 23
8701 47524 23
1802 10519 23
7934 45115 23
2981 8034 23
13097 30772 23
11859 43852 23
17061 43793 23
33561 33624 23
11859 21704 23
25568 36248 23
11959 35531 23
35508 42630 23
24486 25174 23
39674 42637 23
15606 48377 23
8711 11717 23
7933 9690 23
7932 26914 23
4936 22108 23
11858 38791 23
17176 41473 23
7930 19141 23
17074 39983 23
2702 27907 23
4334 13900 23
8149 49842 23
10981 19871 23
35506 40584 23
35820 42761 23
7820 10995 23
10271 43339 23
17272 34554 23
17278 49315 23
379 2432 23
3376 42540 23
22491 33812 23
838 41062 23
4274 5850 23
8170 14118 23
6482 30490 23
11506 39517 23
1320 30772 23
2793 43158 23
6594 18912 23
3013 48793 23
39098 40950 23
6280 8348 23
13866 45992 23
28229 36635 23
25773 30326 23
7810 15754 23
8770 14038 23
29986 41365 23
22076 42144 23
22079 40571 23
12907 43776 23
35840 47241 23
39753 45663 23
10287 15286 23
548 34326 23
1788 3602 23
386 25776 23
10242 33015 23
13837 16079 23
3592 21608 23
12970 45600 23
21265 27745 23
24433 33062 23
2679 41177 23
1971 5080 23
27534 29488 23
11509 17766 23
15543 29787 23
20699 41396 23
31122 44245 23
1789 7218 23
34825 36305 23
35765 38480 23
13846 17231 23
21277 25796 23
10255 48372 23
509 12084 23
16563 17344 23
27573 46300 23
2924 47630 23
10046 22451 23
1021 31181 23
24411 32111 23
24409 32862 23
6855 48327 23
33412 37511 23
24710 38075 23
4279 38106 23
11679 39953 23
1969 27649 23
15841 18517 23
5542 44579 23
33744 48583 23
25422 33441 23
35151 44819 23
21036 21309 23
13200 16010 23
35157 38602 23
33849 45221 23
13726 48725 23
45593 46407 23
4738 17064 23
16827 26093 23
16827 35297 23
22239 49034 23
22246 39227 23
16841 18727 23
34982 38272 23
3410 9703 23
24666 42057 23
22261 44020 23
8632 41658 23
1839 21663 23
13259 14346 23
90 42619 23
13196 29254 23
25428 45255 23
4902 13599 23
21052 45722 23
30936 42747 23
8048 43165 23
8626 23568 23
39285 45621 23
24639 38626 23
24638 48138 23
25343 26317 23
34995 36900 23
35055 35975 23
25320 35579 23
8594 25815 23
5389 31191 23
8117 18435 23
3842 38252 23
15816 32504 23
28415 36386 23
16720 17825 23
4748 8938 23
5320 39497 23
35030 46738 23
16743 47012 23
16749 16834 23
25395 29651 23
22224 23359 23
33772 47990 23
21085 29735 23
6801 14553 23
10112 16847 23
11577 39574 23
15776 49889 23
16814 22382 23
44461 48041 23
8093 36313 23
8093 12674 23
10107 10804 23
24635 31348 23
30357 34075 23
3532 32588 23
22222 46618 23
13220 24857 23
4749 5717 23
28831 39003 23
3559 45732 23
30166 41596 23
16956 43127 23
30869 48428 23
11535 33012 23
1809 43823 23
1150 34952 23
35351 46238 23
10977 46757 23
11669 12568 23
31006 45729 23
13123 22749 23
13100 29246 23
4298 45084 23
27746 44644 23
28614 44362 23
15642 17741 23
11526 35036 23
31037 45879 23
13779 15990 23
8692 25097 23
28798 35261 23
24508 35038 23
42387 47648 23
21211 30999 23
8558 42043 23
16984 44347 23
3561 48214 23
20874 30687 23
10175 37552 23
1807 11988 23
6256 14832 23
11132 23615 23
8018 49972 23
20975 39080 23
2018 6497 23
20972 26399 23
9766 32873 23
28427 47673 23
30225 34917 23
22275 41942 23
5270 42839 23
6443 48502 23
24680 36145 23
10079 31342 23
15727 38523 23
22316 30692 23
22317 25133 23
16921 17995 23
1146 37220 23
5831 11774 23
1981 2425 23
16932 21788 23
2963 47847 23
1081 18651 23
16639 29411 23
8566 44147 23
40556 41086 23
12930 38733 23
13145 48460 23
16635 40755 23
409 27588 23
13695 14978 23
20331 37883 23
11480 40392 23
24782 39470 23
15261 18136 23
4240 26289 23
31347 43092 23
25992 29693 23
8214 22397 23
6916 9512 23
16471 23208 23
17569 43901 23
10384 11655 23
5777 32803 23
27828 33739 23
7664 46928 23
24179 32029 23
11600 21045 23
6147 21149 23
22723 39671 23
21379 41940 23
7642 38791 23
7635 38304 23
4007 28825 23
34661 38795 23
7634 47614 23
6395 35536 23
17644 27403 23
2135 3616 23
39036 45737 23
36331 36857 23
16460 39110 23
25171 34344 23
17630 43115 23
27658 39551 23
41422 46753 23
8507 11087 23
5779 47581 23
27085 36765 23
45156 48763 23
3861 45758 23
3639 5377 23
10363 39621 23
4677 36727 23
17498 44796 23
8836 15788 23
17494 35717 23
22662 29317 23
13338 49828 23
15937 45219 23
3957 18003 23
21351 30292 23
24243 48098 23
15945 36359 23
8860 9983 23
17549 34726 23
22666 48288 23
36268 40495 23
44578 49973 23
17554 42433 23
7670 44920 23
3347 8506 23
29825 46026 23
9835 20072 23
22665 44623 23
39798 43348 23
24211 34766 23
17533 38750 23
12770 17883 23
5603 31790 23
20377 27733 23
5003 49328 23
3075 39063 23
5764 18971 23
1276 19376 23
11080 18677 23
1948 49724 23
17714 27676 23
15167 49560 23
32979 33745 23
15165 32166 23
7580 10368 23
5030 18544 23
6926 10373 23
1277 14124 23
5398 43549 23
14044 40268 23
14045 41674 23
36482 41193 23
6927 35374 23
6500 33799 23
9581 41651 23
1269 48136 23
6933 9043 23
15966 18077 23
17739 44116 23
8928 30977 23
17746 20280 23
36536 46534 23
8929 36522 23
113 10071 23
22837 31737 23
10437 27284 23
3334 40585 23
10892 30541 23
26106 36300 23
27477 43707 23
17729 20495 23
46508 49355 23
28330 38618 23
36397 38426 23
42102 48323 23
21387 49371 23
36391 40169 23
24141 47377 23
10403 21495 23
15962 33514 23
11274 15369 23
8901 23447 23
15225 20590 23
25167 42890 23
11464 47451 23
5771 11466 23
3341 23847 23
36424 39287 23
36384 45748 23
41051 41325 23
5770 42346 23
11275 38938 23
2587 5108 23
1157 15023 23
30811 31242 23
16447 39301 23
4770 46437 23
158 28911 23
27835 49775 23
26034 35552 23
36432 46289 23
17670 18175 23
346 3589 23
22787 46403 23
12693 28973 23
8228 33951 23
2918 47255 23
849 32342 23
24332 40702 23
20458 29877 23
8528 30007 23
789 27267 23
4261 45010 23
1849 40618 23
39573 48607 23
4252 21279 23
44041 48074 23
11483 48729 23
29885 31152 23
10899 15248 23
5860 35081 23
34746 45736 23
2637 29692 23
20570 27927 23
44569 48132 23
367 10769 23
29895 44397 23
21343 23110 23
7738 40430 23
10028 13878 23
3026 24416 23
15407 33628 23
2800 48188 23
8524 31330 23
17364 36668 23
8824 17516 23
15398 39191 23
17410 46941 23
24329 47306 23
35932 47130 23
6910 16454 23
12853 16048 23
25778 41639 23
8786 42993 23
33270 39077 23
11500 46643 23
15387 36715 23
1391 19371 23
11649 38093 23
28206 36619 23
21310 25444 23
22520 38904 23
12890 33158 23
42186 45320 23
15451 45068 23
15928 39971 23
33338 43268 23
20432 37215 23
29915 44510 23
6588 30986 23
5544 26877 23
8790 10790 23
1075 20537 23
22073 45616 23
17391 20945 23
39047 48386 23
24315 47712 23
42140 46106 23
17388 21659 23
6772 21104 23
20439 27899 23
20442 44692 23
30830 47500 23
35865 43239 23
25849 41955 23
6051 8134 24
5923 17886 24
39830 42542 24
6402 33480 24
6365 10433 24
6253 33326 24
5211 36104 24
6998 48183 24
44510 49209 24
6341 31353 24
47357 49225 24
39260 47810 24
6242 45454 24
6829 6976 24
43511 46579 24
43510 47252 24
6047 18457 24
5787 23878 24
45110 45988 24
42462 47944 24
45492 46476 24
5846 33298 24
42489 49325 24
40893 43611 24
40834 49406 24
5489 31990 24
5982 22182 24
192 432 24
3937 40243 24
39367 45920 24
135 6198 24
39835 40937 24
40590 49087 24
0 707 24
46697 47769 24
46460 46895 24
6488 35257 24
6474 44189 24
5323 42543 24
42310 44803 24
6548 25391 24
6605 35955 24
6397 13442 24
163 5256 24
40724 43466 24
43202 48993 24
41785 46085 24
44535 49157 24
43079 48415 24
45264 46965 24
42818 47811 24
77 13194 24
42577 48514 24
6438 44544 24
45756 49537 24
42938 46818 24
42131 46047 24
44798 49489 24
6519 32657 24
42790 45325 24
44 85 24
5873 6774 24
5315 22932 24
6601 24862 24
42137 44963 24
6645 38365 24
44946 45176 24
40474 44286 24
6327 30365 24
43202 46846 24
6685 35201 24
40801 44274 24
46302 47726 24
6191 38670 24
39244 48495 24
47179 48448 24
5455 37166 24
43253 49927 24
6208 31567 24
5832 11679 24
6509 22538 24
6133 22278 24
177 34911 24
5468 45963 24
5433 11892 24
46027 48240 24
6195 36056 24
40488 40922 24
5337 24863 24
42291 49107 24
41121 43352 24
6971 28642 24
6781 22802 24
40353 42623 24
42110 49432 24
6492 10344 24
5325 14744 24
5275 15520 24
39214 43836 24
5342 42744 24
6493 9820 24
40075 44974 24
6006 38479 24
42488 43521 24
6732 47512 24
5259 22954 24
39124 43527 24
5601 17192 24
5346 22442 24
5239 32531 24
45275 46833 24
41055 41169 24
3896 46431 24
1874 3732 24
16051 25415 24
11720 32595 24
27451 48149 24
3874 28961 24
27497 39773 24
1106 5099 24
27506 27918 24
1100 5792 24
11631 21832 24
11845 15401 24
11908 49123 24
11897 33588 24
1142 29222 24
27219 49540 24
11864 38330 24
21922 30898 24
11805 46831 24
1870 31159 24
3870 48215 24
21771 39901 24
11486 11697 24
21767 42718 24
21767 22686 24
21759 46354 24
21758 40009 24
1895 8252 24
11443 12084 24
3972 18497 24
1060 2824 24
2866 20532 24
16201 26261 24
27933 29238 24
27955 48992 24
1878 36865 24
16096 23823 24
27648 36833 24
21827 23313 24
27671 37805 24
1086 1703 24
2884 29954 24
16118 45202 24
11560 29033 24
11544 36196 24
11537 31516 24
11534 15186 24
27748 27847 24
21791 38948 24
1204 38460 24
15774 45571 24
26645 42313 24
26646 46410 24
22177 46255 24
26661 34619 24
12300 25336 24
12298 16111 24
26663 32336 24
12281 49051 24
12326 39604 24
12272 27978 24
22144 44691 24
26731 48951 24
26745 38096 24
22128 47493 24
15837 31004 24
26374 38737 24
26392 32564 24
12432 41943 24
1231 26028 24
26442 27121 24
26458 45475 24
12207 23131 24
12400 12615 24
22260 28312 24
12340 20174 24
12328 36702 24
15949 37355 24
27038 39144 24
1856 4077 24
11985 30444 24
3832 45008 24
1168 41993 24
27169 28803 24
11939 27959 24
11935 38449 24
3846 48256 24
3847 33083 24
12206 18103 24
1189 38188 24
12133 26998 24
26906 44755 24
15873 41511 24
22076 47018 24
2922 41167 24
3803 31976 24
12085 44720 24
12084 13547 24
12075 22231 24
3811 32028 24
1966 6702 24
29351 29808 24
16587 23539 24
4175 36085 24
10605 14138 24
29437 41909 24
16609 20967 24
10548 12404 24
4114 25204 24
4117 42563 24
1950 47557 24
10813 13099 24
29039 44005 24
10801 20755 24
10796 43347 24
21351 31303 24
29102 31028 24
10771 44975 24
10755 46337 24
29198 34788 24
10720 32156 24
21324 48838 24
29236 45560 24
16739 43391 24
10304 39782 24
10287 49431 24
30004 44338 24
10266 34619 24
21082 45435 24
16822 34202 24
4286 21724 24
16694 38593 24
10519 44254 24
16643 24250 24
16657 25410 24
29563 43498 24
4208 34726 24
10478 27275 24
21167 24605 24
4216 11208 24
872 48658 24
10446 41059 24
10429 45890 24
21142 41191 24
10416 41915 24
858 2506 24
28340 30270 24
28251 43078 24
28263 33358 24
21649 41145 24
28310 40164 24
28314 43849 24
16253 43093 24
11247 35154 24
11157 23179 24
21598 42678 24
28378 43660 24
28393 46779 24
21596 39611 24
28415 49834 24
1001 1235 24
11118 34121 24
3992 42002 24
1902 7321 24
11376 49959 24
27990 45362 24
27995 28421 24
16209 42616 24
28033 48949 24
3990 5496 24
11336 18254 24
21687 45795 24
11335 38579 24
28054 45402 24
999 11111 24
11313 49915 24
16222 18744 24
11300 24075 24
11256 44833 24
2857 40880 24
2826 36379 24
968 25457 24
10939 32086 24
16405 32418 24
10934 12562 24
16351 23348 24
16431 26586 24
28859 49916 24
28885 45358 24
16446 29805 24
28943 46621 24
21521 38098 24
28464 30090 24
28498 41117 24
1927 29420 24
22286 31155 24
4067 4411 24
1931 44281 24
10984 26773 24
28716 31695 24
24246 29569 24
24271 42785 24
24278 32069 24
24366 30592 24
13961 16263 24
3376 32257 24
3376 41827 24
24385 33284 24
13855 17726 24
3122 40637 24
23117 47052 24
1549 9302 24
3144 48614 24
1544 27722 24
14884 42845 24
14058 33451 24
14056 14059 24
3140 32251 24
24125 34687 24
22985 49441 24
24159 48782 24
13989 40461 24
23050 37582 24
1527 26450 24
1460 39946 24
1460 31204 24
24744 48401 24
24758 49774 24
22910 24959 24
1444 25972 24
15096 36358 24
24823 33988 24
24556 29923 24
24478 39335 24
24486 39871 24
24504 29863 24
13776 49451 24
24509 39266 24
24518 35471 24
13768 42807 24
24534 41520 24
24553 32263 24
15025 47111 24
1482 15678 24
15033 48378 24
3415 6412 24
13707 29137 24
14727 22857 24
23310 40376 24
14711 31997 24
23585 30941 24
23591 29758 24
23283 44845 24
14416 36848 24
14733 19702 24
3264 49486 24
14377 41927 24
14364 42907 24
14341 36175 24
14340 48610 24
14338 28054 24
14745 39661 24
14618 38828 24
23391 36873 24
3207 46719 24
23422 47047 24
14578 49659 24
14577 37477 24
23375 30378 24
1646 8985 24
1646 31604 24
23350 24703 24
14659 41939 24
3228 10163 24
23492 42206 24
14517 41643 24
14490 24788 24
3315 21514 24
14193 21612 24
23936 47883 24
3308 47157 24
23952 46183 24
3310 3388 24
23174 48761 24
23172 45464 24
3313 46201 24
14831 17140 24
14841 40062 24
24009 37331 24
14128 47628 24
3322 24735 24
14108 28873 24
1666 3539 24
14766 46625 24
23234 30489 24
23772 44970 24
14775 30128 24
23818 33727 24
14270 46135 24
1670 41931 24
14263 25325 24
14260 20091 24
13590 31983 24
1578 20068 24
23854 44276 24
14236 38980 24
14229 41897 24
1675 14030 24
14809 19312 24
12826 25225 24
15435 25327 24
22518 46240 24
12857 18871 24
12839 29468 24
25852 45159 24
22454 36422 24
22450 25273 24
2997 38611 24
3635 16306 24
3639 10477 24
1338 26389 24
15395 24545 24
25647 45813 24
25648 41747 24
15402 37958 24
12972 41592 24
15421 30555 24
1324 36438 24
15423 35986 24
15426 36676 24
25742 27391 24
26246 28290 24
1262 11941 24
12611 38813 24
26197 27453 24
3704 12072 24
26326 37134 24
15718 27573 24
1240 9418 24
12739 18753 24
26017 27310 24
26030 32519 24
1282 11309 24
3654 24387 24
12692 15326 24
12689 44479 24
22391 42720 24
13063 31962 24
15615 42474 24
12649 46197 24
12630 34040 24
1804 44083 24
13384 23060 24
13448 14493 24
25033 35303 24
15174 40871 24
13411 31091 24
25069 41185 24
13401 35321 24
13381 24177 24
3500 18959 24
25175 41034 24
13341 23610 24
22709 32104 24
13333 38514 24
22705 22884 24
22878 47064 24
13540 14549 24
3461 45166 24
3508 24241 24
13515 25713 24
13498 19319 24
22808 33738 24
3077 8805 24
24986 34821 24
22632 35354 24
15338 32527 24
22591 41346 24
25503 44598 24
25539 37001 24
3565 26926 24
25555 33351 24
25573 49713 24
22699 25015 24
3510 27689 24
13314 43963 24
25244 27661 24
22695 42528 24
3517 40494 24
25279 43793 24
38671 48308 24
1381 14043 24
15297 20451 24
13237 18570 24
13231 23003 24
1759 19419 24
7595 22826 24
33403 45432 24
20162 29223 24
20162 26710 24
2435 32900 24
20144 37297 24
18445 23285 24
20126 38472 24
8708 29794 24
4717 5441 24
7602 20593 24
8695 38967 24
8810 42045 24
8827 25569 24
18487 33591 24
33263 49572 24
36495 42285 24
4723 19472 24
550 45334 24
8788 49359 24
7585 21850 24
33361 48273 24
8770 41848 24
523 20029 24
20038 42863 24
7654 36499 24
33804 45042 24
33714 37438 24
19996 47793 24
33837 36869 24
33851 39215 24
33894 34327 24
33649 38570 24
20108 32222 24
8686 43636 24
2170 3181 24
17827 28597 24
20095 43371 24
36383 49827 24
36362 47674 24
8830 38861 24
2179 3314 24
7486 21819 24
9112 37573 24
9079 44623 24
20320 48477 24
9061 12177 24
20318 30989 24
19365 47539 24
326 426 24
7490 10235 24
32835 41926 24
9161 18976 24
36960 46275 24
20359 23086 24
19302 29790 24
17576 34568 24
32882 37123 24
32521 44207 24
18597 31548 24
4603 40191 24
7468 10811 24
17592 18259 24
19330 45184 24
5064 37081 24
2578 42420 24
7560 32566 24
33116 44990 24
17711 38182 24
4666 40203 24
36524 49913 24
33173 34512 24
33175 49139 24
32901 35203 24
8956 47595 24
20260 32569 24
36787 41303 24
32915 45940 24
32918 43479 24
20232 23853 24
18516 24642 24
8901 39267 24
339 4800 24
4876 31046 24
18152 35732 24
7833 35291 24
34941 38134 24
4877 32136 24
35706 48865 24
8109 29932 24
449 35886 24
454 46039 24
34674 45231 24
4850 11713 24
8194 15065 24
18095 19373 24
35815 41521 24
34781 45619 24
35290 42776 24
19679 22309 24
2236 28450 24
7999 17687 24
18260 21186 24
35582 47912 24
18217 20718 24
35559 37896 24
35418 40588 24
19641 24056 24
35478 43564 24
7950 48285 24
19720 39597 24
8065 9426 24
35133 39297 24
35146 38729 24
415 25898 24
7873 43632 24
4847 38065 24
8038 29195 24
18195 20917 24
18198 39035 24
2485 21017 24
34143 46844 24
17941 18356 24
8442 24348 24
36100 46612 24
8440 12241 24
17943 33679 24
4792 8589 24
18378 23403 24
17944 39501 24
2451 11827 24
486 32505 24
36055 44629 24
18419 30373 24
33924 39803 24
33938 42191 24
357 2485 24
4766 27803 24
17968 25866 24
33975 49004 24
2537 25947 24
8487 13046 24
7701 14850 24
4773 8946 24
34433 35660 24
35940 44458 24
19854 46739 24
4827 12518 24
8302 38250 24
34472 40428 24
18066 42197 24
19826 27709 24
34645 35110 24
8225 47505 24
7733 9215 24
4807 25568 24
35954 45481 24
34377 37493 24
34382 40142 24
18022 18635 24
35943 40465 24
9834 48279 24
9821 20547 24
38182 48216 24
30858 34268 24
30859 45557 24
2050 26470 24
9814 44724 24
9785 29100 24
38085 39744 24
9900 31500 24
7107 40019 24
19067 44797 24
7125 31425 24
30706 42857 24
7129 9659 24
7132 8528 24
30790 33635 24
9649 22631 24
2681 14524 24
17178 39670 24
19162 46688 24
9623 34616 24
19163 48342 24
31314 33436 24
20684 47551 24
7162 16714 24
9755 13943 24
17121 29836 24
17123 35105 24
17132 34207 24
17136 17432 24
38396 42025 24
17152 30792 24
9709 38732 24
7183 32404 24
611 14911 24
38555 45067 24
812 10816 24
5198 47899 24
10122 39008 24
18923 20437 24
38547 41616 24
30338 30480 24
19017 42469 24
2021 5415 24
21032 49864 24
7008 43212 24
10203 20372 24
10197 22518 24
18980 44154 24
10185 39037 24
18962 19978 24
16857 47107 24
16858 45237 24
7031 9019 24
18988 32968 24
7043 34449 24
4311 46221 24
9970 20154 24
9988 29637 24
5186 29832 24
16968 26572 24
19041 43306 24
30582 47242 24
9933 47984 24
19021 36289 24
16917 38177 24
2368 11091 24
791 39372 24
38487 47463 24
10039 10392 24
10038 21095 24
30434 37974 24
4343 31724 24
10008 15352 24
37466 39046 24
18722 43187 24
32009 44080 24
9334 13334 24
4548 4817 24
17322 49986 24
9297 15224 24
32133 40352 24
18718 26784 24
2646 14490 24
7360 37200 24
31893 35733 24
9411 29104 24
31861 44647 24
20606 30330 24
31886 49180 24
7375 8491 24
31909 48856 24
9372 42811 24
31930 45234 24
2651 32895 24
20676 44960 24
9195 12478 24
17440 23078 24
4576 5662 24
32348 44323 24
17447 25483 24
620 2929 24
32403 44018 24
17466 17778 24
20422 42112 24
9174 47177 24
629 20665 24
9265 36579 24
7381 32490 24
32235 39784 24
2108 8209 24
306 478 24
656 19510 24
9234 38260 24
9234 17325 24
32297 32463 24
37167 46505 24
7393 27915 24
32307 46042 24
310 459 24
37100 39438 24
31655 32981 24
9478 48383 24
4479 21592 24
37746 43577 24
9572 24472 24
7285 46012 24
2659 4246 24
7296 33548 24
17217 32209 24
31490 32167 24
2393 48120 24
9535 33466 24
9528 33357 24
17236 36472 24
9509 25004 24
17303 47106 24
31603 43671 24
9554 36280 24
4493 20145 24
677 8843 24
19205 37897 24
17297 41796 24
17214 42867 24
9581 22716 24
15171 15858 25
18964 39965 25
43571 49596 25
14678 43146 25
14953 45808 25
18305 24228 25
6042 17843 25
18675 36880 25
23081 49998 25
19616 39459 25
19175 23283 25
18956 21847 25
23354 49154 25
14799 34126 25
43600 45836 25
19140 34009 25
19358 25268 25
18999 48093 25
22962 41753 25
15055 27885 25
43838 44269 25
18867 31467 25
22897 38110 25
18386 20695 25
48517 49767 25
15111 45229 25
19568 42742 25
19539 24382 25
19082 43281 25
6057 19469 25
22918 36314 25
22920 35089 25
14737 30766 25
43738 48639 25
6029 16141 25
23225 41403 25
18533 29380 25
19446 35029 25
15142 27975 25
14685 23127 25
18736 28165 25
19039 25384 25
19572 29810 25
18333 30939 25
18834 24205 25
23156 45768 25
23016 25957 25
14844 38747 25
18518 27092 25
44940 47320 25
20657 21695 25
5887 19886 25
21653 26083 25
16230 30038 25
20640 48238 25
17228 40220 25
17289 21584 25
20624 21377 25
21660 46647 25
21672 32169 25
21694 25563 25
17176 18029 25
20714 33472 25
21519 45394 25
20710 31273 25
16284 36245 25
20680 41765 25
21596 23642 25
20658 47388 25
20427 42471 25
16126 47651 25
17447 42293 25
16098 49208 25
20410 20594 25
16081 42363 25
17534 36719 25
20355 35924 25
17330 46984 25
20571 47264 25
5906 18696 25
17159 24607 25
20502 42893 25
44831 48887 25
5909 21855 25
16883 47943 25
21121 30416 25
16725 44824 25
45406 48270 25
16701 48262 25
16674 27766 25
16661 19127 25
16624 31559 25
21211 27535 25
16846 29740 25
21076 43745 25
21076 45500 25
16795 46873 25
21025 25221 25
20896 20914 25
5843 45061 25
21116 26478 25
21008 38422 25
16764 27961 25
16759 19614 25
16871 20146 25
21356 45980 25
21361 28028 25
17098 47444 25
16473 33860 25
16508 40962 25
45866 47213 25
21494 21936 25
16614 22687 25
45694 48823 25
16983 25961 25
45756 48628 25
16552 26745 25
17021 45664 25
45205 45554 25
16539 24453 25
21315 40897 25
20825 25055 25
15571 33338 25
19917 33079 25
22439 31197 25
19888 20001 25
15483 39637 25
22505 41338 25
15453 16580 25
15442 49525 25
15437 17524 25
5981 24041 25
47048 48274 25
19967 45468 25
15634 43596 25
15605 39880 25
17958 32137 25
17963 29961 25
19741 49711 25
5710 6007 25
15301 26028 25
19696 47801 25
22717 25115 25
19755 29457 25
15202 37977 25
47395 49350 25
18119 21200 25
18072 42549 25
15403 39384 25
15396 37740 25
22571 37703 25
19808 46105 25
22576 42703 25
18117 20355 25
44348 47052 25
22583 42214 25
15362 37733 25
47207 48146 25
18155 27371 25
22618 36821 25
47207 49623 25
5714 16606 25
21974 31712 25
20282 44518 25
17651 26012 25
21948 28585 25
15993 20007 25
21965 27676 25
17671 19821 25
17675 30056 25
20226 34520 25
15974 36759 25
20223 41754 25
22014 47538 25
22018 44248 25
22025 48016 25
15944 19490 25
21861 25047 25
16062 33587 25
20333 22439 25
20322 28028 25
21875 27464 25
21877 28711 25
22034 48142 25
16034 48004 25
17628 25576 25
17629 20104 25
17640 29363 25
20109 34298 25
22231 35800 25
20076 40339 25
20066 37423 25
15759 30008 25
17897 26103 25
22309 27464 25
15933 31709 25
22055 26759 25
44552 45838 25
22055 37527 25
20189 31918 25
15863 42665 25
22122 40771 25
22131 43833 25
20167 45107 25
17786 29143 25
32313 44455 25
9259 18506 25
9281 42827 25
9339 48421 25
6709 26221 25
40136 46377 25
9187 42115 25
32495 43740 25
9148 45956 25
32433 35965 25
9360 45473 25
40021 40580 25
32409 47115 25
31652 33354 25
31627 49518 25
31396 36144 25
9145 10017 25
9467 38595 25
31730 39368 25
31756 34489 25
9433 24749 25
9431 17162 25
9418 22204 25
31885 37318 25
31913 36723 25
8849 23780 25
33154 46563 25
8858 39447 25
8897 29056 25
33070 42631 25
33069 39730 25
8900 33128 25
8904 46075 25
33337 45928 25
33432 44507 25
33436 40908 25
33477 34334 25
9113 46496 25
32754 46675 25
9031 13310 25
32720 41822 25
9049 35017 25
9075 40565 25
9103 15440 25
32530 45397 25
9129 41770 25
31356 34511 25
8997 9272 25
39895 41723 25
32911 34729 25
32915 34312 25
8951 47000 25
8924 15489 25
10202 38496 25
30221 38304 25
30203 42154 25
6607 7461 25
40559 43227 25
10030 38265 25
10049 46233 25
10068 21804 25
10236 35171 25
10103 18846 25
30301 48902 25
10350 45342 25
10350 47202 25
29782 44244 25
29763 32254 25
10419 37462 25
29870 48805 25
10449 49428 25
10451 41563 25
29616 31642 25
29609 34014 25
30459 31423 25
10343 26057 25
29981 31534 25
10288 14665 25
30004 38931 25
6658 10916 25
9691 27796 25
40342 44316 25
9707 46519 25
6662 36628 25
6658 38164 25
9669 28317 25
40299 43567 25
31345 37520 25
9973 46466 25
9920 45218 25
9926 17170 25
30610 31349 25
30575 44929 25
8721 21277 25
9883 13828 25
9870 30352 25
9870 10527 25
9832 18500 25
9819 24584 25
30853 31426 25
7506 15180 25
36517 40888 25
7578 36256 25
7593 18534 25
36889 38702 25
38944 48961 25
6943 30918 25
36841 48884 25
6941 21934 25
36803 42966 25
7740 46612 25
36075 37882 25
7722 46969 25
7732 27207 25
36033 40716 25
36030 40631 25
36021 49828 25
7709 20876 25
35954 44359 25
7766 23564 25
7768 34515 25
7424 7986 25
7665 32939 25
6919 30127 25
36362 43211 25
36376 45108 25
36469 38126 25
38719 42389 25
38397 39967 25
38286 46880 25
38441 42251 25
38746 49737 25
7137 49306 25
7139 15863 25
7141 29439 25
38059 41954 25
7168 39908 25
37987 46924 25
38567 49021 25
7046 39420 25
7044 41513 25
38619 45413 25
7277 16429 25
37587 44218 25
7310 35515 25
37512 49248 25
7370 46709 25
37239 49770 25
7795 20368 25
7264 46515 25
7229 43694 25
37904 45297 25
7211 39599 25
7200 44344 25
7188 46226 25
8436 13607 25
39541 44523 25
8485 47633 25
8495 33561 25
34237 44243 25
34261 37231 25
34273 48289 25
8349 16033 25
8346 31226 25
8331 16564 25
34408 38554 25
34520 35318 25
33648 39724 25
39643 42606 25
8674 11865 25
33608 46534 25
6791 15012 25
8712 48049 25
8717 15142 25
33671 36824 25
33710 38763 25
33732 34902 25
8618 22744 25
33758 46255 25
8591 25790 25
33835 37892 25
8553 9520 25
6804 11639 25
33945 48190 25
7943 17422 25
39198 39556 25
7937 39448 25
39245 41667 25
6885 42287 25
35598 43562 25
35616 45775 25
7865 25935 25
35702 44030 25
35710 41776 25
35753 38390 25
7824 27087 25
7821 30989 25
34730 35090 25
8151 14794 25
34785 43519 25
39382 48521 25
34864 44025 25
34571 38864 25
6845 47533 25
10502 48069 25
8147 24506 25
8115 42064 25
35108 40172 25
8033 33535 25
25334 45337 25
6240 30183 25
13261 42174 25
25251 28011 25
13344 23590 25
25177 30534 25
42400 49117 25
25480 29403 25
25456 47819 25
13184 32026 25
13508 48745 25
13475 49900 25
6213 6854 25
24961 44517 25
24959 47531 25
13494 42524 25
13509 35554 25
24924 32795 25
13518 42784 25
24891 48366 25
13432 33376 25
25046 37747 25
13408 29375 25
13397 15006 25
6224 17755 25
13394 42825 25
13372 42472 25
6226 16216 25
13356 39104 25
12773 21177 25
26014 35730 25
12731 30543 25
12750 18940 25
12757 37172 25
12784 36027 25
25882 27822 25
26090 35413 25
26149 34199 25
12626 18996 25
12623 22850 25
26227 30689 25
12918 28515 25
12940 34453 25
25685 46465 25
12989 32155 25
12916 18547 25
13011 42637 25
25633 35024 25
13022 27706 25
42326 42827 25
13088 14725 25
25798 40464 25
12874 14992 25
25838 32357 25
12837 45418 25
12835 33064 25
42162 45833 25
25879 28670 25
43132 43655 25
23838 43551 25
23808 43387 25
14292 18421 25
23759 45019 25
6112 10694 25
23727 42697 25
23704 30314 25
14218 40103 25
23915 34373 25
23948 36016 25
23967 32484 25
14158 40110 25
14134 21060 25
14125 41111 25
43044 44049 25
23499 49515 25
23476 44036 25
14552 22564 25
14556 25035 25
14478 30868 25
23630 31438 25
23637 28381 25
14402 32651 25
6103 18619 25
23696 36142 25
13760 14594 25
6180 19587 25
42813 49164 25
24562 26047 25
24506 32189 25
6168 13631 25
24401 36557 25
13682 28247 25
24730 28891 25
13658 14377 25
6192 22005 25
24785 48619 25
13636 17932 25
13634 16515 25
13600 23086 25
24845 31979 25
14010 22081 25
14017 34547 25
43008 43862 25
14062 22609 25
13979 48444 25
6137 15001 25
24064 26616 25
6135 45318 25
42955 48847 25
24296 41115 25
13921 30983 25
24311 28875 25
24313 46097 25
11189 44694 25
11139 16409 25
28360 41428 25
28331 32002 25
28409 35160 25
11211 32905 25
28285 45377 25
28276 44627 25
11248 25964 25
28512 33441 25
11040 42222 25
28551 31796 25
28538 35816 25
28510 43686 25
28506 45177 25
28417 29448 25
27841 47431 25
6460 22840 25
11422 16649 25
11437 33577 25
11448 27714 25
27838 32036 25
11473 46270 25
11474 18654 25
27911 39419 25
27919 42505 25
11356 44366 25
11335 40134 25
28073 32927 25
28134 49003 25
11278 29996 25
29323 47467 25
29230 29772 25
29216 29267 25
10736 34945 25
10737 43784 25
29170 44243 25
29389 42696 25
10568 36025 25
29527 37768 25
10529 24452 25
10521 11849 25
10519 20255 25
6515 12029 25
28781 41000 25
10937 14936 25
10940 39775 25
40975 44215 25
41026 49053 25
28644 43999 25
28626 48131 25
11030 44100 25
27822 29694 25
28852 49834 25
10902 39944 25
28936 44062 25
10861 20383 25
29019 37246 25
26783 32851 25
26764 29908 25
12247 43725 25
12277 48085 25
12302 20592 25
12317 31581 25
12125 32963 25
41727 43543 25
12103 33767 25
12077 22271 25
12475 27377 25
12485 14053 25
12485 21558 25
26341 41959 25
12500 24126 25
12528 31560 25
6324 48446 25
12041 40229 25
12470 21486 25
26450 34766 25
26458 37675 25
12406 25531 25
26507 36666 25
12375 28422 25
11626 16289 25
11628 26529 25
27600 33282 25
27585 34703 25
11721 47958 25
11732 13270 25
11583 34542 25
11550 44180 25
11547 19431 25
11520 19971 25
27761 32262 25
11950 47866 25
11906 14069 25
11917 34209 25
11954 17844 25
11959 40078 25
11988 33997 25
14629 20666 25
11835 25201 25
27335 48892 25
27354 38609 25
11766 13731 25
1689 40452 25
4974 29967 25
2586 34135 25
5529 47418 25
453 4438 25
4622 12355 25
2181 49225 25
3109 14242 25
3198 44519 25
5619 47168 25
405 9276 25
455 4123 25
1845 28022 25
4968 40491 25
1586 38948 25
1633 27771 25
1890 25093 25
4854 13576 25
3033 27515 25
2178 2700 25
450 13399 25
1475 3877 25
4180 20460 25
4184 22216 25
3856 44743 25
3419 10882 25
5167 16111 25
4195 21644 25
1714 3572 25
4065 29747 25
1223 32002 25
4173 19225 25
2394 20153 25
4491 8479 25
4488 17163 25
3629 19161 25
4059 5369 25
2895 16579 25
2483 20691 25
4211 28447 25
3639 30340 25
320 29035 25
268 46735 25
5245 5423 25
398 39001 25
4605 42895 25
1092 45657 25
107 295 25
5092 10542 25
3637 26432 25
5537 13891 25
635 3882 25
618 42250 25
4010 21201 25
3079 23568 25
274 44188 25
3878 19259 25
4336 8699 25
83 265 25
1619 14507 25
611 21453 25
2097 18239 25
3062 43907 25
5293 16456 25
4665 5106 25
4003 44628 25
1113 4917 25
2340 49865 25
3067 39603 25
2768 7628 25
1858 3893 25
5141 38215 25
5182 13747 25
3783 38190 25
647 6436 25
2070 3511 25
1272 48911 25
322 47891 25
2837 18986 25
4702 25293 25
5518 21590 25
443 31085 25
1283 2292 25
312 11547 25
3094 41176 25
4284 11488 25
2325 15845 25
2822 30117 25
2152 30282 25
1695 17142 25
1359 23516 25
4834 9092 25
324 4044 25
2557 39728 25
1470 48737 25
5324 45016 25
602 1556 25
5608 8319 25
4957 13045 25
4304 4476 25
3577 7856 25
89 45687 25
89 34767 25
5550 6394 25
226 242 25
3830 42801 25
1979 19092 25
1977 46392 25
694 14896 25
1427 12197 25
1975 17421 25
5310 22411 25
1236 47588 25
2457 5713 25
5370 17026 25
319 524 25
341 48014 25
3217 4834 25
4501 7928 25
4109 9466 25
988 3687 25
2456 24976 25
5567 8790 25
3925 40013 25
3917 36263 25
1014 37260 25
380 761 25
3145 13239 25
2669 20126 25
3831 32605 25
4781 8301 25
5154 6153 25
3137 40393 25
2978 31122 25
5314 29475 25
3749 7754 25
4895 47779 25
547 48676 25
1966 2482 25
3763 19500 25
4536 16321 25
228 46035 25
5443 39770 25
1721 17217 25
1000 23254 25
2634 32634 25
114 36652 25
5006 11502 25
737 46910 25
372 6881 25
53 15273 25
3735 40310 25
1814 16232 25
1566 32548 25
1239 39958 25
1421 14489 25
3439 5208 25
1433 38066 25
4746 34410 25
230 35744 25
2928 4210 25
1412 19425 25
20138 42010 26
1592 35299 26
4926 14095 26
2652 34034 26
151 35751 26
5060 36823 26
27033 27992 26
34841 48293 26
15135 26422 26
44690 47854 26
36386 37823 26
40004 43484 26
27304 45839 26
27039 45100 26
12089 49886 26
27293 41335 26
9775 47791 26
24980 33217 26
16851 25977 26
12705 46235 26
31276 46689 26
34800 43941 26
12707 15426 26
9762 30782 26
9806 48874 26
3395 44254 26
30294 41941 26
31250 32580 26
7962 29460 26
3269 5484 26
11548 40448 26
43625 44366 26
30365 43762 26
19596 45202 26
1119 1457 26
7924 40152 26
830 30010 26
7022 19491 26
11325 28905 26
5184 43309 26
189 18881 26
23969 33503 26
16695 33821 26
2638 16591 26
20343 36370 26
7419 31988 26
38115 45826 26
31442 39357 26
699 27138 26
13927 17916 26
2211 31973 26
5506 49590 26
9935 17114 26
9942 25763 26
27415 29003 26
23020 44232 26
34962 48039 26
708 3224 26
2150 22275 26
16779 32329 26
3082 40948 26
438 695 26
7082 11358 26
11351 42467 26
30171 47001 26
16793 43346 26
19631 26810 26
9843 21097 26
34370 42707 26
16732 46131 26
9883 42292 26
19620 34150 26
30111 49203 26
31368 34234 26
23964 39248 26
4540 18760 26
11575 12054 26
20266 25214 26
5198 27500 26
7056 8313 26
12781 27285 26
19901 37169 26
9552 41658 26
39969 47728 26
26161 37532 26
5541 36781 26
30861 34403 26
30857 42853 26
37983 49310 26
4481 36169 26
34641 46673 26
6444 15445 26
2196 30466 26
1710 29687 26
17053 41788 26
7061 12082 26
12776 39566 26
25022 25436 26
11456 19776 26
19927 36621 26
31031 31839 26
9614 15573 26
38021 40259 26
23876 36743 26
1410 28581 26
17170 40885 26
2213 2247 26
9522 38649 26
30915 44778 26
40787 47405 26
13678 45806 26
2212 3421 26
22215 32373 26
5270 21639 26
19813 47783 26
9492 31579 26
5936 42017 26
3955 34206 26
22209 35528 26
7446 19875 26
39079 46699 26
22206 31741 26
8068 37786 26
30990 39825 26
30886 45104 26
462 19559 26
15005 39004 26
9540 36240 26
8049 39264 26
1150 19485 26
9481 19935 26
25099 35405 26
13700 47681 26
44269 45895 26
44263 48086 26
31165 44262 26
19705 41861 26
2231 4231 26
20081 44345 26
6434 38238 26
12131 36253 26
12861 30536 26
16922 20025 26
66 6355 26
23913 43433 26
43805 45628 26
15075 37511 26
25189 43637 26
22094 47134 26
37935 41872 26
20075 32105 26
14943 26068 26
9735 44817 26
15108 45328 26
39182 40120 26
2167 2655 26
22060 42640 26
7980 15437 26
27247 42088 26
5064 7341 26
12133 29688 26
19696 28379 26
14366 33957 26
12848 47800 26
17025 35708 26
11523 47710 26
9633 46037 26
4913 48503 26
30647 42072 26
770 2342 26
3258 23695 26
36467 48341 26
23822 43643 26
19964 32568 26
19966 28337 26
2708 30966 26
15048 29281 26
27197 47283 26
30651 31184 26
9668 30523 26
12094 43798 26
31120 43499 26
16968 25924 26
17256 22181 26
26168 40398 26
23793 38734 26
15073 28455 26
43898 49013 26
8011 48701 26
31108 32628 26
28694 39758 26
36035 36667 26
7585 49766 26
975 20609 26
15916 23529 26
976 32935 26
1293 18147 26
1996 2617 26
23344 45522 26
15968 39091 26
25638 41517 26
36032 38013 26
1291 28446 26
4989 16616 26
1331 37090 26
25656 34545 26
23321 33133 26
3737 37655 26
2934 9832 26
5029 48934 26
10661 22480 26
21192 43091 26
35662 47157 26
1064 40049 26
15907 47665 26
4063 19109 26
12403 22655 26
11033 13655 26
10472 41142 26
10473 47185 26
105 47618 26
14261 14670 26
21720 46036 26
41306 48977 26
951 14458 26
36118 48833 26
27748 30078 26
3715 21008 26
15377 42953 26
1335 41043 26
2908 3793 26
6705 11587 26
11069 17205 26
27845 38664 26
958 19004 26
1898 20833 26
23379 42244 26
11086 16513 26
15395 38418 26
15828 42406 26
10510 47706 26
16000 40752 26
21393 48159 26
1948 12778 26
23253 45141 26
23250 23300 26
35823 45160 26
1945 2620 26
1020 34270 26
1020 49619 26
1956 40055 26
21361 26528 26
5437 10071 26
7616 32635 26
1016 42479 26
1040 8673 26
15660 18354 26
1948 48171 26
12338 22151 26
41637 44543 26
10921 39293 26
5018 9881 26
21487 46389 26
1301 40831 26
1035 41981 26
2993 28860 26
10865 42957 26
14201 48189 26
15616 39239 26
25816 31067 26
15775 17512 26
15771 39931 26
5445 17692 26
1971 26963 26
1049 42788 26
10976 32640 26
23177 35297 26
5449 5465 26
21215 37869 26
1915 27203 26
35682 44913 26
10754 33712 26
14107 17958 26
1053 28017 26
21324 30808 26
41507 42036 26
15708 29979 26
1661 19109 26
15698 40387 26
10805 45804 26
15695 28114 26
12287 37137 26
10755 41749 26
5025 17859 26
10759 11402 26
37481 44872 26
1049 6901 26
15737 44287 26
21563 43388 26
14031 25282 26
10778 13354 26
16440 42859 26
4315 38318 26
7859 49378 26
10144 23763 26
7857 18144 26
23552 41588 26
4951 35953 26
7874 48311 26
2811 8603 26
2811 47864 26
30664 33542 26
10151 44796 26
3062 16341 26
3062 13821 26
13933 31582 26
12179 48549 26
20633 41681 26
14298 20049 26
4017 42731 26
7843 17221 26
4308 16965 26
20583 45740 26
16400 47913 26
7119 35144 26
13920 41125 26
20598 42489 26
42853 44948 26
1357 38509 26
26050 49121 26
7899 43898 26
29888 44947 26
20404 41232 26
29883 31719 26
23036 34874 26
6072 48806 26
16563 49349 26
29855 44849 26
29949 32924 26
16604 34317 26
4339 41512 26
16603 48410 26
6066 25231 26
354 5901 26
422 27631 26
21930 35997 26
6087 24734 26
10070 38405 26
4951 19682 26
20482 42417 26
23575 31319 26
10085 30397 26
11269 38858 26
16525 41897 26
29767 31255 26
35083 41646 26
7108 20273 26
43059 44782 26
16182 24172 26
2862 21792 26
29141 46935 26
20813 38215 26
5407 48097 26
29154 29867 26
29117 33619 26
2868 46659 26
27713 42262 26
4034 43507 26
300 16200 26
36161 43493 26
16174 18171 26
13998 15648 26
12503 15234 26
4248 21811 26
11126 21097 26
16142 34280 26
29024 33417 26
10427 12349 26
3339 18498 26
6175 41645 26
7772 33700 26
10434 21447 26
285 38224 26
2038 41090 26
16172 46342 26
20867 21824 26
16152 34998 26
16304 47879 26
23490 33939 26
7537 32585 26
13964 17305 26
25515 41748 26
20697 46399 26
5403 26207 26
21872 27572 26
15264 42713 26
29456 38955 26
1694 13489 26
20667 37909 26
2071 45375 26
6642 37163 26
26017 26024 26
6146 18767 26
1883 11955 26
5479 16060 26
15303 38594 26
11160 16933 26
20763 32687 26
7552 45954 26
14278 32613 26
1630 44688 26
10253 40863 26
29950 32326 26
29329 49063 26
41208 46561 26
911 6215 26
10277 47579 26
207 1580 26
31832 34982 26
1186 15515 26
9113 30547 26
24838 43856 26
3908 5603 26
13259 16470 26
8953 27200 26
32929 41505 26
32916 35809 26
24064 48485 26
2387 24521 26
6587 28900 26
9108 30334 26
12045 19124 26
17625 39164 26
12044 31558 26
2389 3777 26
26758 41650 26
33400 37948 26
8676 35635 26
19372 24394 26
9122 23218 26
31819 44945 26
26585 43670 26
1479 35216 26
19150 29756 26
32880 41247 26
2590 36793 26
47040 48506 26
18819 39298 26
1786 36744 26
33677 45082 26
32153 40149 26
18041 49132 26
38433 41249 26
18368 19796 26
3457 4549 26
13043 39425 26
33852 44305 26
11798 22136 26
5246 26545 26
13112 49197 26
18969 39959 26
45169 48417 26
22536 36020 26
2482 11758 26
13485 21128 26
19110 32990 26
26561 34959 26
31760 40535 26
9144 49036 26
24668 28452 26
1801 44091 26
678 10743 26
9154 31248 26
38589 48473 26
22650 25853 26
22754 24206 26
19130 32375 26
1521 6814 26
251 38791 26
3155 22179 26
13339 43155 26
12969 23716 26
2553 28363 26
22817 37260 26
261 9295 26
13338 23160 26
18034 24813 26
18013 22908 26
8819 36682 26
18220 22435 26
37022 44928 26
6528 40957 26
8227 38322 26
6920 46019 26
17601 30176 26
18400 47203 26
8814 16832 26
6990 28850 26
13512 33907 26
14683 47082 26
24113 35524 26
9031 49324 26
1213 5532 26
8754 22617 26
179 23024 26
6877 30713 26
18883 29210 26
492 19851 26
4626 9135 26
11806 29690 26
19261 45117 26
32084 35867 26
14803 26939 26
17 28533 26
13009 26783 26
14683 26605 26
11904 25723 26
17764 27643 26
18901 22453 26
17775 47652 26
14489 41065 26
18099 21445 26
17769 24328 26
32730 34713 26
32058 32740 26
5812 39554 26
9021 28793 26
2318 41987 26
32016 38482 26
6576 18409 26
12995 21353 26
18146 39779 26
13416 21107 26
11828 27635 26
17814 37228 26
8193 42461 26
11688 15372 26
8701 9169 26
239 1950 26
8791 10116 26
34179 44502 26
18837 20787 26
4618 44842 26
12994 31661 26
2 10620 26
1193 20223 26
31948 34297 26
5653 35593 26
13397 38939 26
3864 42619 26
24458 35812 26
8525 45752 26
14805 49007 26
4711 31498 26
33889 48670 26
14557 45932 26
587 7338 26
6881 44686 26
13161 48423 26
31922 46211 26
20 26 26
8452 43597 26
38770 45685 26
26488 49838 26
2399 46192 26
18691 45081 26
45038 49466 26
22875 48807 26
11989 25711 26
9227 18400 26
36668 48876 26
14747 28764 26
17919 41326 26
18679 40749 26
12926 19974 26
4571 29426 26
1514 40285 26
5361 30399 26
8352 29404 26
18685 47203 26
22520 26331 26
567 32125 26
19070 41832 26
24681 27059 26
1806 23898 26
1518 24690 26
22492 24537 26
8916 40634 26
14756 43378 26
14645 21747 26
18698 31354 26
5231 11271 26
13588 30112 26
19508 36849 26
32291 45717 26
26522 30061 26
8604 36047 26
8556 13753 26
24540 39921 26
4671 27124 26
13090 41782 26
4809 47184 26
4749 40267 26
14892 26185 26
8366 17994 26
9263 41574 26
5662 30545 26
11883 22406 26
31461 38679 26
37073 45320 26
8361 27951 26
8886 34025 26
2632 28407 26
8481 35773 26
14596 17441 26
40644 42710 26
1432 12146 26
2349 13134 26
2626 25725 26
560 40286 26
1721 7641 26
46099 48522 26
12014 31504 26
36957 39126 26
32420 38331 26
18649 39980 26
36835 38595 26
24173 30764 26
14504 35417 26
24148 44172 26
26903 45005 26
5573 49363 26
18507 24449 26
6890 29421 26
3813 31912 26
22531 49960 26
571 12058 26
17529 30939 26
33673 44617 26
11995 21500 26
32502 38560 26
18979 19171 26
1244 15619 26
13268 15449 26
8475 20097 26
5625 19719 26
38799 43337 26
18428 19831 26
38651 46266 26
3219 45032 26
13582 17650 26
8341 45209 26
2394 32875 26
18249 30102 26
1490 6942 26
11622 45163 26
26532 49382 26
18995 30631 26
32473 42441 26
13569 21916 26
6602 31509 26
26660 34974 26
8158 32622 26
32456 37377 26
32477 39728 26
14696 23269 27
11262 23469 27
39409 41403 27
3003 40164 27
15511 28109 27
8258 26696 27
13905 18307 27
10750 47554 27
29758 45980 27
25464 33868 27
29423 49126 27
5752 33026 27
33329 41107 27
6110 21259 27
34023 34444 27
23526 27476 27
10046 26164 27
8252 24564 27
2844 29835 27
4312 9226 27
8511 17138 27
18085 44296 27
12610 26997 27
6083 6421 27
23534 30931 27
21323 26887 27
172 2900 27
6131 20586 27
12605 24985 27
14304 18540 27
2089 24232 27
3191 48688 27
19030 41572 27
42866 47247 27
11230 15990 27
20464 36753 27
21938 49757 27
1877 9380 27
40397 42376 27
3692 5667 27
16358 25594 27
10114 13418 27
16357 40988 27
42797 44563 27
16477 40426 27
21874 45173 27
21919 34163 27
14731 23748 27
8792 22482 27
15745 16201 27
26676 34323 27
3190 9032 27
7522 17705 27
3352 43266 27
8841 34569 27
2514 42683 27
21568 41428 27
27501 34927 27
21880 33246 27
10173 37792 27
22527 26709 27
3188 38545 27
32468 44738 27
3319 42658 27
1617 24405 27
16454 43286 27
23074 32860 27
91 201 27
16376 31434 27
7345 40726 27
24633 42499 27
46167 47951 27
24217 34004 27
20668 46768 27
37480 42997 27
10959 14761 27
38328 46034 27
29447 48505 27
13962 41298 27
13324 33730 27
2349 45347 27
2802 49498 27
23289 45923 27
8761 34198 27
29719 31984 27
26306 44906 27
2529 8519 27
10968 30215 27
36847 41846 27
43014 49660 27
14310 23327 27
20496 37252 27
91 35043 27
35191 40040 27
20500 41207 27
8807 23990 27
13915 22330 27
12364 16977 27
1099 2723 27
35200 38465 27
11801 46902 27
8261 30274 27
11994 37978 27
11993 16063 27
23142 47752 27
21040 39911 27
6890 30607 27
22613 47915 27
3203 4141 27
33712 43481 27
18267 18781 27
42213 49135 27
11075 37012 27
22616 25788 27
41427 45743 27
21074 48231 27
21219 49932 27
14625 29933 27
23340 41350 27
26525 34912 27
3297 5461 27
12423 29733 27
10585 28589 27
28763 29250 27
5691 7157 27
395 37555 27
296 43338 27
12389 23445 27
13370 21235 27
28753 43257 27
4058 29962 27
35485 44706 27
20989 48439 27
40119 40677 27
8546 24156 27
16014 46481 27
18226 38090 27
3335 3357 27
39823 44312 27
33015 49570 27
40306 48351 27
13225 44877 27
21010 45292 27
18254 30744 27
6940 28192 27
6244 29757 27
42253 43616 27
15797 17402 27
4735 41487 27
42062 49862 27
10645 36179 27
25924 47285 27
5680 22192 27
8578 24655 27
21156 26610 27
978 27006 27
27894 27966 27
23328 25173 27
1224 36891 27
35635 46254 27
11032 15681 27
1325 29878 27
47934 49820 27
25910 31869 27
18339 45374 27
18340 32457 27
28603 38165 27
28604 46493 27
38663 39207 27
2931 37560 27
12399 22277 27
21216 28568 27
10598 19244 27
21678 25816 27
33722 45747 27
15920 17375 27
3329 39025 27
28669 29835 27
6552 34477 27
2471 25192 27
2002 3051 27
7720 44540 27
10587 49809 27
1066 9209 27
28719 32375 27
10625 36162 27
11038 16791 27
8587 43052 27
12419 24728 27
6895 26396 27
25694 29044 27
14233 28971 27
6223 27706 27
6223 24609 27
6895 10912 27
41372 45770 27
18298 38266 27
8594 18458 27
23456 45303 27
46882 48187 27
12213 30523 27
20796 44418 27
27685 33012 27
589 16794 27
15323 24079 27
5725 21813 27
7794 25673 27
20821 23580 27
11828 38631 27
2042 11102 27
20831 47590 27
16182 23827 27
24264 26009 27
20804 39018 27
4716 19980 27
39662 42647 27
36901 43050 27
27647 42805 27
37059 47567 27
22573 41337 27
38726 40319 27
11902 21159 27
20703 39304 27
8743 43923 27
14551 17614 27
18892 26430 27
16270 36588 27
32738 45354 27
4964 22778 27
1629 37535 27
37687 39461 27
4825 20290 27
16257 27739 27
27653 28140 27
590 32876 27
10276 34774 27
27649 28038 27
18207 42101 27
12273 49361 27
16082 20174 27
16081 39777 27
20939 35924 27
12224 40421 27
579 6048 27
15781 31891 27
29008 48196 27
14029 32903 27
15366 42572 27
12476 46049 27
3713 46348 27
18203 38312 27
25731 45301 27
11986 12520 27
24499 27942 27
7758 24320 27
7220 29485 27
574 12429 27
5706 40334 27
20948 24576 27
24585 45493 27
6358 37051 27
14676 15093 27
18803 21534 27
35369 48641 27
35373 41111 27
6884 39522 27
12001 22418 27
36127 46534 27
27726 49959 27
7774 21534 27
32915 42737 27
7144 44643 27
21285 39349 27
938 46591 27
27726 49152 27
6172 19237 27
25587 40425 27
3711 35334 27
37650 42183 27
31818 36585 27
537 27274 27
4110 11523 27
17126 39980 27
9130 42879 27
7272 27552 27
6616 16382 27
31808 43544 27
17456 27483 27
24455 32469 27
28219 35910 27
30751 37415 27
39 14135 27
30913 32365 27
14571 36448 27
26155 35422 27
9530 13507 27
24044 29980 27
40583 45071 27
5939 42536 27
27125 35799 27
1573 8147 27
22383 33080 27
15600 40595 27
3593 41486 27
6616 9000 27
11472 47254 27
22940 35161 27
21439 47311 27
7190 17331 27
744 17077 27
31789 32272 27
12963 31486 27
22722 38925 27
9073 33032 27
36462 39045 27
19982 44914 27
8014 49838 27
33465 37064 27
13733 48262 27
19301 29264 27
22827 31298 27
17001 28935 27
34177 43063 27
19982 38860 27
43945 45138 27
11579 35789 27
9072 19924 27
10936 37296 27
9663 16879 27
9663 21430 27
23804 26899 27
2713 38837 27
27206 38450 27
4453 27494 27
11677 45591 27
21426 32087 27
45322 46502 27
5068 21416 27
19941 22505 27
37128 49725 27
12981 25177 27
3159 34387 27
768 47125 27
17032 24951 27
22415 44754 27
9100 20589 27
23249 40636 27
44001 45538 27
9623 22701 27
13256 49884 27
17666 34846 27
28236 40973 27
4522 32836 27
31215 43684 27
8095 28681 27
13272 24952 27
3599 19797 27
31224 33074 27
719 23617 27
39997 41837 27
31349 32723 27
11616 35099 27
36596 41204 27
23227 38239 27
12865 46265 27
40709 42733 27
5079 6900 27
11620 11706 27
27063 47319 27
40670 41154 27
44561 46726 27
17289 19014 27
2990 13004 27
12090 43146 27
2266 44064 27
31316 46024 27
4534 49708 27
692 36669 27
33586 41627 27
24910 27639 27
8140 27654 27
12873 25160 27
7423 17936 27
17322 48236 27
12068 31283 27
40697 41523 27
19657 20378 27
19627 43588 27
26940 27344 27
2648 39792 27
36540 45934 27
17209 41934 27
38034 48560 27
22931 37984 27
9173 9689 27
17215 36524 27
19453 26885 27
30980 35143 27
13672 40972 27
38156 40869 27
6456 16162 27
30967 33228 27
24041 34302 27
25870 47367 27
22933 38980 27
14407 14912 27
17565 31788 27
9493 23884 27
22373 35158 27
11643 44936 27
17252 32898 27
17521 39040 27
19485 45620 27
22724 30557 27
5332 12531 27
4582 13434 27
21516 43058 27
31128 46350 27
474 47126 27
12856 30409 27
4586 44283 27
5919 48868 27
22369 26257 27
3918 22786 27
5853 15756 27
36556 49340 27
10925 18127 27
9469 33694 27
31083 33059 27
3127 28536 27
24883 41536 27
13842 23419 27
21994 46100 27
35787 42079 27
9909 46112 27
25299 46505 27
4654 18089 27
15690 18668 27
4385 18879 27
11738 38584 27
32231 37836 27
26728 30488 27
24156 31712 27
7279 49325 27
12344 30811 27
14500 40266 27
38303 44011 27
27409 45267 27
23662 27252 27
9299 26465 27
16666 42335 27
16707 22805 27
9930 36489 27
8926 30589 27
25302 31534 27
13854 18920 27
37858 47656 27
37859 39167 27
19132 34032 27
23696 35005 27
19562 25121 27
13826 35269 27
8948 30954 27
36352 44320 27
16762 38551 27
24463 48921 27
1597 27217 27
23699 46529 27
5790 39145 27
30105 38917 27
7934 38751 27
25291 39651 27
9899 24986 27
40464 42207 27
17870 39195 27
8939 33901 27
699 34067 27
27452 47728 27
11972 38381 27
12898 25448 27
7100 32815 27
2537 6972 27
29875 45448 27
9287 23928 27
5204 45788 27
20401 32242 27
16594 30131 27
26383 30699 27
43143 47218 27
2633 34096 27
6520 44378 27
12612 28810 27
16548 31388 27
25381 35281 27
23603 39482 27
29904 37390 27
11277 46968 27
40424 48553 27
6480 16554 27
5397 9552 27
11923 44536 27
17911 32494 27
9948 22291 27
28318 34273 27
36316 37634 27
4369 30511 27
9963 10471 27
1116 19515 27
37830 42678 27
235 46262 27
26069 45655 27
39318 42750 27
13462 46235 27
20401 24263 27
6866 10339 27
2964 31344 27
11756 48116 27
12638 20025 27
43203 46163 27
17753 38580 27
16902 42915 27
9723 12822 27
36428 48178 27
12141 44625 27
37126 42121 27
18446 42444 27
26116 46253 27
5652 28756 27
14491 36146 27
6779 39248 27
7979 25225 27
22732 37559 27
20139 22504 27
25224 26901 27
15526 20830 27
22896 48616 27
19145 32983 27
43694 45144 27
10915 43868 27
1398 47682 27
12333 29400 27
30567 48623 27
14484 37417 27
14908 47223 27
41703 43177 27
16955 43607 27
3106 20946 27
5985 32932 27
6674 36478 27
2718 10987 27
16972 19118 27
1449 18330 27
3645 38581 27
6783 33949 27
17736 42716 27
13523 47413 27
2977 40156 27
6852 28770 27
24791 40478 27
15646 28258 27
27233 39794 27
40877 48303 27
2724 6483 27
11702 43488 27
7470 27607 27
26120 38538 27
15081 22252 27
13808 48860 27
17818 22024 27
701 1807 27
15667 26592 27
30258 49946 27
17823 49438 27
8958 44798 27
3082 39312 27
9849 25272 27
72 40168 27
30190 42353 27
3986 5742 27
11722 17485 27
34095 48393 27
13495 39752 27
2742 17380 27
14152 43804 27
26785 28145 27
19203 27003 27
7970 32373 27
701 23341 27
5518 8589 27
18442 33998 27
13781 41915 27
16843 18104 27
30375 34942 27
38836 45774 27
39942 42199 27
26976 31562 27
3983 39612 27
5801 15294 27
2158 19168 27
23736 35431 27
16823 18957 27
32119 38926 27
4800 29031 27
19182 21853 27
6509 43516 27
20179 22773 27
4644 28502 27
13613 13838 27
16830 32177 27
32108 35278 27
8467 9986 27
14628 25242 28
22759 46688 28
12288 30722 28
3002 25953 28
3214 45821 28
3002 21246 28
28062 41807 28
23187 30516 28
35966 46395 28
5121 7983 28
7200 35496 28
7307 39707 28
26419 47562 28
22735 49619 28
14554 46738 28
14553 19282 28
41506 44941 28
1239 8551 28
11969 21727 28
26395 41143 28
40184 45515 28
5021 13018 28
21543 27987 28
179 17495 28
179 26118 28
21592 44612 28
25877 36851 28
10991 29450 28
3166 45723 28
36767 43061 28
346 3103 28
3793 38905 28
27257 41438 28
3095 4593 28
3974 40352 28
3166 30429 28
3162 18664 28
39946 49409 28
27302 27695 28
11374 28963 28
1852 19123 28
1191 14510 28
5366 19444 28
12032 44325 28
26826 32079 28
14809 17310 28
3107 9157 28
6422 34875 28
40516 45938 28
3797 10515 28
21994 38899 28
15154 40448 28
6514 41697 28
3887 29897 28
1122 18394 28
3887 25002 28
36333 43061 28
7363 16611 28
26732 28888 28
7503 48338 28
40455 48147 28
22811 43371 28
11749 22278 28
27339 37401 28
36375 49395 28
40485 48328 28
6511 9074 28
26773 43806 28
15152 36120 28
27365 31229 28
7268 44495 28
5079 21848 28
159 23922 28
14948 48269 28
22920 30777 28
6464 28544 28
22921 44911 28
14965 18522 28
5372 42783 28
22891 25436 28
40770 41147 28
306 24559 28
22278 40613 28
3135 48350 28
26214 27608 28
3135 4126 28
3114 4362 28
6496 12594 28
12045 40024 28
15023 34153 28
7274 41965 28
3962 37670 28
27186 47190 28
15040 28810 28
1267 36794 28
22416 38597 28
11487 12885 28
3814 4391 28
22847 48460 28
36710 41101 28
22201 43208 28
11477 44712 28
36509 47930 28
3261 29413 28
7394 7749 28
7392 13426 28
26576 48897 28
6541 10211 28
3035 6207 28
14264 47975 28
11836 49510 28
12224 35073 28
1896 2558 28
5410 16022 28
11998 49171 28
15384 38155 28
23124 49701 28
37351 41821 28
27782 46574 28
27789 47155 28
6361 32323 28
27704 33421 28
25965 40480 28
1890 13867 28
7335 30260 28
40328 43065 28
21648 43012 28
15432 24246 28
1058 44441 28
7593 49159 28
40275 48581 28
36012 47594 28
6555 16270 28
12266 16730 28
11013 17195 28
15465 18227 28
41412 47341 28
15465 44129 28
15466 34145 28
21714 39442 28
26543 28358 28
3865 6211 28
7216 8670 28
3204 24820 28
26701 40353 28
4010 5273 28
12173 42374 28
1734 12956 28
1867 29294 28
26673 39779 28
15225 47026 28
21913 41046 28
11784 48388 28
36285 43944 28
14501 23296 28
15192 39796 28
26714 48253 28
27451 33354 28
7527 16313 28
1862 38119 28
26708 46398 28
14320 30271 28
37275 41729 28
26705 40368 28
21865 47187 28
40367 45934 28
3051 36126 28
36203 42197 28
21831 23919 28
11168 14421 28
14282 49791 28
6387 15626 28
27538 41697 28
14708 16316 28
15257 34029 28
27562 43150 28
3870 41384 28
21870 44760 28
19917 41191 28
5962 36838 28
9594 35359 28
3486 23631 28
5966 9916 28
34648 36576 28
24636 35680 28
8041 9022 28
5223 37283 28
8037 19495 28
43990 48835 28
2199 30716 28
30791 38738 28
34602 36867 28
9588 40499 28
9589 18299 28
1672 30640 28
23813 33470 28
43876 47654 28
452 39145 28
7062 7287 28
43861 46749 28
34708 46142 28
43973 47273 28
8755 30756 28
23824 24943 28
30668 47813 28
19966 24570 28
9634 30312 28
2710 9608 28
17016 20764 28
8070 10941 28
9479 18961 28
17209 40593 28
13673 41425 28
2679 7206 28
23879 32860 28
30949 33473 28
31030 40775 28
19769 44399 28
7037 20932 28
31014 34428 28
31012 35245 28
13429 18898 28
34565 47532 28
18057 20093 28
17135 39506 28
19861 43199 28
747 37411 28
13703 14041 28
5542 15927 28
19873 43007 28
3634 3696 28
5951 36435 28
33926 48549 28
6961 47370 28
34534 40854 28
30919 47785 28
1409 33934 28
13127 20997 28
18172 26074 28
38431 39363 28
18183 46754 28
9833 10663 28
7080 21838 28
7080 22501 28
4411 36310 28
24591 35101 28
9803 40082 28
13820 22951 28
18169 31579 28
16722 33912 28
18206 37691 28
2765 25241 28
7089 29382 28
37844 39731 28
43379 45913 28
9857 27862 28
34870 44452 28
30173 37251 28
9862 27540 28
25276 40621 28
16744 27535 28
20168 27918 28
20261 25345 28
30126 37624 28
4728 14457 28
9707 12296 28
37943 41672 28
20045 20726 28
30534 48730 28
13752 36725 28
43790 46893 28
18108 18966 28
20071 36045 28
30375 49889 28
20142 24009 28
12716 17056 28
2738 30687 28
2496 47324 28
30457 38233 28
18135 38540 28
20115 41471 28
32797 41243 28
9740 10652 28
13665 28642 28
2734 47342 28
3400 4862 28
34776 42173 28
9121 39622 28
19364 25479 28
17913 36867 28
31815 32994 28
38 48577 28
17682 44698 28
9086 23636 28
9093 47931 28
12984 21501 28
4856 41705 28
24065 45803 28
38916 46409 28
5851 35859 28
3449 13374 28
17599 20742 28
19399 46204 28
17693 48933 28
17597 19011 28
4600 6823 28
9145 31408 28
19413 24136 28
19048 23032 28
38806 48884 28
13042 15121 28
31 15685 28
38296 44487 28
17815 26016 28
32120 37633 28
24743 31905 28
8231 17480 28
32195 40616 28
19133 35048 28
19133 35249 28
32279 41757 28
8914 14482 28
13521 29480 28
24166 39088 28
9064 40692 28
31924 48791 28
32282 40572 28
17800 42281 28
32068 47635 28
13025 13795 28
9008 28086 28
4659 20893 28
19241 23670 28
5895 11295 28
4886 34651 28
712 46140 28
23933 29427 28
19661 49232 28
23956 34337 28
8855 35253 28
31337 44301 28
12884 42950 28
12860 30437 28
8085 47667 28
19729 21702 28
8815 35545 28
17244 27662 28
19675 29050 28
19694 21428 28
31201 47302 28
23924 37718 28
3610 38596 28
31610 32837 28
17501 35810 28
17485 18039 28
45003 49204 28
17481 27394 28
34300 42246 28
1432 35692 28
24192 24792 28
8867 32831 28
9244 39826 28
46121 49869 28
24022 36093 28
31438 41064 28
32424 49099 28
46214 49957 28
9292 36542 28
17980 19091 28
5564 13815 28
19603 32408 28
17398 46845 28
9328 33404 28
25 5069 28
31538 31916 28
38968 39142 28
17449 38436 28
32413 45817 28
19563 35474 28
12901 18001 28
21065 47526 28
10552 13763 28
12447 12768 28
33646 37695 28
530 617 28
28777 36476 28
33384 47598 28
1648 3366 28
33388 39634 28
12441 47981 28
4181 9670 28
33391 46149 28
15947 20039 28
15938 30553 28
15996 41685 28
33655 43902 28
12449 17157 28
28806 45919 28
28794 42871 28
8389 43179 28
18437 32854 28
21146 30835 28
28692 36116 28
7716 45851 28
15924 24394 28
33392 48859 28
35602 40133 28
42247 48690 28
13241 16160 28
28986 44290 28
2026 41464 28
10449 20382 28
35432 42470 28
20874 37963 28
35388 43771 28
29065 36581 28
37652 39763 28
3340 19354 28
553 42834 28
203 6534 28
16129 47828 28
1637 40559 28
42405 47248 28
16120 18779 28
29019 36183 28
7771 45385 28
16018 39901 28
16041 27368 28
14045 33385 28
959 47197 28
18415 29611 28
28926 31520 28
14039 49519 28
28921 39041 28
23385 30749 28
16048 48441 28
6190 29410 28
28295 29218 28
24444 24782 28
6914 10853 28
1953 31290 28
1017 1530 28
1313 24741 28
2963 33245 28
2969 11893 28
7659 38659 28
3753 30732 28
6299 19485 28
1667 48525 28
28156 35381 28
1031 18610 28
23217 46165 28
25846 48507 28
21499 47318 28
10839 48501 28
28240 49123 28
6914 48785 28
14162 36054 28
1025 22409 28
12389 20753 28
21204 33413 28
33622 41698 28
10696 15929 28
28519 33229 28
542 4760 28
3737 42192 28
15852 26711 28
23324 43036 28
28563 36919 28
12367 18140 28
2955 33544 28
1968 25894 28
4796 39453 28
3321 22391 28
23283 24415 28
21307 24838 28
7673 29412 28
4139 10003 28
10712 43737 28
7690 20466 28
16675 22296 28
37501 47492 28
4356 45044 28
20580 22606 28
20603 40733 28
29553 41140 28
886 2932 28
8348 35766 28
33771 37437 28
23537 31031 28
29914 46055 28
25458 36500 28
16344 21927 28
7840 44672 28
29469 47765 28
10208 19867 28
12552 28883 28
16336 31225 28
2400 24900 28
7845 28427 28
20533 45138 28
6120 39921 28
2466 41137 28
29797 33349 28
23586 31888 28
33034 36292 28
4337 46541 28
43092 46686 28
43083 44067 28
35074 47385 28
20471 24204 28
18715 41864 28
2478 28731 28
33022 46546 28
43140 43223 28
3369 16251 28
5695 14993 28
2792 30427 28
6755 15997 28
12583 41579 28
12629 12924 28
25363 44418 28
35128 40844 28
8620 43160 28
29745 37123 28
29739 40238 28
39320 42524 28
24542 29194 28
7800 15260 28
8549 11478 28
9942 26332 28
12503 46529 28
42539 47300 28
29233 41036 28
29249 47977 28
20668 39446 28
37668 43780 28
35300 38799 28
3532 35856 28
13849 49836 28
29118 30581 28
39519 42105 28
33274 39918 28
2042 33283 28
20838 42724 28
8645 24781 28
5472 40361 28
2863 44896 28
18367 33310 28
16653 17578 28
10379 19378 28
12530 43390 28
3669 42276 28
25318 44879 28
6135 44420 28
1349 32661 28
6136 27192 28
20704 40420 28
42738 46499 28
8581 14324 28
20678 32890 28
25539 48654 28
16307 47162 28
29409 47258 28
7829 8236 28
1349 2889 28
10269 41918 28
20357 39508 28
13981 49901 28
13974 30797 28
4278 7591 28
7129 32062 28
24571 29987 29
26378 26866 29
11995 30404 29
2429 3535 29
13391 45865 29
24580 48936 29
24414 49039 29
24557 36213 29
1514 40960 29
22794 38299 29
247 37715 29
13439 45329 29
38491 49311 29
3502 21834 29
24467 32588 29
1510 31957 29
24359 35651 29
1512 17282 29
1491 49673 29
13423 24292 29
1743 17333 29
24598 38479 29
13085 43035 29
24262 28098 29
13467 16198 29
13095 24166 29
12010 40901 29
6584 45925 29
24535 24546 29
7123 17833 29
12200 24985 29
12564 29018 29
23066 46881 29
3691 46677 29
3345 18938 29
23457 23683 29
39856 43572 29
23092 29345 29
26028 26480 29
12525 24905 29
1350 7135 29
3667 4170 29
5326 12923 29
12623 43221 29
14331 17450 29
14333 49090 29
3376 13481 29
23669 42007 29
14344 27282 29
1613 12277 29
23052 39009 29
12596 27250 29
25422 31901 29
12364 31239 29
23303 28814 29
12384 20080 29
6681 39060 29
23313 37188 29
25710 38515 29
25699 28384 29
194 5144 29
3756 43439 29
295 16048 29
25809 33370 29
14206 48291 29
6662 7588 29
1677 5963 29
3338 5085 29
14033 18214 29
1337 29430 29
3339 36499 29
37333 38319 29
14013 20870 29
1345 19360 29
3709 41810 29
5165 38020 29
12444 27636 29
37580 47215 29
7214 31949 29
6704 41882 29
25620 44267 29
12912 45046 29
7019 29119 29
14439 18266 29
26199 29405 29
24890 41285 29
13580 15924 29
13665 20343 29
23907 29130 29
24995 37294 29
1420 39979 29
12867 31783 29
3822 3825 29
3457 40437 29
24809 44246 29
13000 14225 29
6994 29174 29
38848 43854 29
38242 43365 29
13510 41112 29
13042 33677 29
13560 39885 29
24028 35368 29
26226 28563 29
12946 35106 29
231 14025 29
14411 30844 29
3455 23835 29
7004 28056 29
14364 28200 29
23761 23848 29
25233 25563 29
1395 8027 29
39959 40089 29
12686 20108 29
23725 29326 29
14362 24998 29
3396 20048 29
23842 34323 29
12110 38956 29
12790 47898 29
7254 49788 29
1409 3979 29
6618 12241 29
188 235 29
12811 18097 29
7044 25104 29
25065 29432 29
25052 38273 29
37937 45059 29
1398 48615 29
12124 48793 29
3799 13263 29
6791 23834 29
25135 32923 29
30163 30631 29
2145 11441 29
4395 21926 29
436 47249 29
2760 5944 29
7966 47682 29
2744 6521 29
9802 32364 29
2154 47521 29
9832 24671 29
16798 19697 29
20211 44171 29
29916 35275 29
29915 32850 29
16596 30662 29
7905 23176 29
2126 3125 29
16581 31917 29
16568 31936 29
30093 38254 29
6045 47572 29
7971 35099 29
5507 26925 29
20328 27754 29
9936 41278 29
43285 44365 29
750 1728 29
19882 20855 29
17112 29899 29
34588 47133 29
5950 16960 29
19908 39572 29
2198 17678 29
30710 34691 29
746 20268 29
30879 43038 29
8049 17348 29
17127 45614 29
20105 36092 29
16901 17588 29
20071 47761 29
30435 46023 29
7982 38801 29
43670 49331 29
6013 9872 29
9641 17956 29
5991 9639 29
16945 32220 29
16943 41484 29
2880 27210 29
933 46419 29
103 32587 29
16120 35113 29
10433 49344 29
6178 32352 29
28936 45345 29
20760 45373 29
10342 33541 29
2050 2465 29
10352 39189 29
10359 27637 29
10383 12301 29
21080 43925 29
28783 44582 29
21045 42418 29
28762 30334 29
395 21153 29
10573 41641 29
35580 42688 29
21082 28736 29
10589 16165 29
10593 37723 29
4176 19495 29
35606 48141 29
6224 27254 29
16059 38542 29
106 7288 29
6191 49773 29
954 34068 29
28899 44493 29
28895 41092 29
10519 38936 29
10530 46908 29
20524 39649 29
2100 35415 29
29702 35199 29
20524 22140 29
7882 39874 29
29659 32269 29
2815 46976 29
16527 22782 29
7898 36836 29
4343 46614 29
20432 49872 29
880 8025 29
16526 37988 29
6083 6929 29
20468 48458 29
43075 46407 29
35091 45060 29
2801 31663 29
5497 18591 29
35235 49365 29
4283 30780 29
2835 41110 29
20730 36418 29
29554 35306 29
4304 14696 29
90 3075 29
16326 41124 29
4704 34423 29
18919 38205 29
18030 25791 29
32552 44415 29
8303 11505 29
18128 25882 29
33892 42407 29
5733 6140 29
8300 37581 29
4709 35411 29
46638 47270 29
32694 35740 29
32304 46622 29
8914 35927 29
8237 14854 29
17914 31476 29
34074 41046 29
5785 21666 29
2549 4756 29
4654 7182 29
19042 38108 29
34035 36843 29
17925 42960 29
33243 33631 29
8477 46654 29
18380 33254 29
18365 42857 29
18625 32103 29
560 11207 29
8560 26105 29
2429 48074 29
2426 28139 29
4787 49926 29
33450 44600 29
5653 23215 29
2479 8477 29
2479 41334 29
18234 23433 29
18233 38031 29
18723 44175 29
4730 28523 29
8656 31487 29
8664 29347 29
8688 17347 29
33865 41018 29
18663 21745 29
18674 19829 29
33086 37568 29
33767 45995 29
47505 49801 29
31304 43691 29
9324 26895 29
4536 32191 29
5561 27052 29
31305 46488 29
2250 17921 29
44666 47714 29
17326 47643 29
8101 23534 29
17458 37640 29
17454 21900 29
44941 49029 29
4556 5009 29
9301 22501 29
17406 37541 29
9315 34927 29
44415 46849 29
17207 48123 29
31029 39618 29
53 46500 29
30957 47010 29
2210 8372 29
19822 33120 29
17309 21964 29
9396 27693 29
4889 36516 29
34430 49954 29
9408 43005 29
9442 22069 29
17248 36913 29
31101 47235 29
727 24285 29
5920 9040 29
17225 25627 29
31996 40916 29
17762 26293 29
9026 43369 29
4633 11177 29
17740 29921 29
2576 14344 29
19264 32667 29
34149 46643 29
8199 10314 29
31949 43761 29
637 3100 29
17839 26341 29
8963 10822 29
17825 36735 29
32 28480 29
32097 35314 29
2567 29909 29
2320 46009 29
2569 6619 29
8164 45852 29
19462 48204 29
31691 39933 29
19480 37721 29
17500 25957 29
690 22872 29
31889 43352 29
4615 37582 29
17670 44249 29
19323 45736 29
17648 27132 29
9115 46543 29
4860 23960 29
31791 48925 29
19408 23648 29
11674 49381 29
21689 46832 29
4057 12734 29
11064 46976 29
26875 33598 29
36012 37575 29
22392 35484 29
36740 48359 29
27861 30715 29
41252 43669 29
41267 47970 29
15347 27357 29
5086 39653 29
15346 29881 29
26937 30270 29
7560 9071 29
1809 7067 29
1897 5579 29
21713 47580 29
11101 20621 29
27924 34127 29
21732 25758 29
15369 31102 29
1779 35542 29
5426 44643 29
3179 19838 29
11763 43196 29
1037 48920 29
3000 48845 29
1776 32610 29
11801 44631 29
7348 11789 29
21507 30793 29
374 3043 29
4076 7013 29
11705 48939 29
26777 32887 29
11010 27141 29
15472 15931 29
15519 29790 29
10944 12965 29
6516 31694 29
11738 33579 29
36806 49833 29
21551 43174 29
10964 34135 29
15513 22591 29
11732 29894 29
10982 43043 29
11339 41713 29
27392 28120 29
22205 38396 29
27381 38403 29
22202 32364 29
11478 17549 29
36544 37832 29
27443 32090 29
22027 22843 29
15185 44640 29
11500 21515 29
15099 39208 29
22069 24873 29
3108 18887 29
40892 42548 29
6425 8384 29
1111 34044 29
15016 27901 29
36415 44769 29
15114 27478 29
27263 33627 29
40927 49847 29
1834 7225 29
5402 26476 29
14913 39441 29
22290 42450 29
27023 31692 29
21849 35146 29
11559 43471 29
15272 38783 29
3930 4785 29
14905 42945 29
36181 47030 29
7546 39338 29
5373 31065 29
40728 46076 29
15225 40297 29
11531 31205 29
15217 19116 29
27072 34594 29
3128 46843 29
4005 14111 29
15246 43258 29
22267 49897 29
36597 42760 29
27556 43515 29
21138 39479 29
11232 46529 29
36990 48301 29
11925 49782 29
1765 26570 29
4125 33330 29
10815 47631 29
10809 29139 29
15693 40301 29
21228 29048 29
35836 44260 29
35642 45452 29
21335 33258 29
22607 33648 29
7649 17586 29
6546 18918 29
4121 28694 29
26556 29064 29
26492 33180 29
21300 29812 29
6251 10021 29
35700 44934 29
21265 43703 29
28418 34047 29
3850 31704 29
7682 20828 29
996 38361 29
11895 41518 29
2958 7683 29
7679 38995 29
21280 27357 29
28439 39169 29
6244 7675 29
26455 43443 29
6561 29440 29
15727 17886 29
10711 23437 29
15727 29559 29
28501 31193 29
7673 37448 29
3221 5854 29
22573 41385 29
6535 36160 29
15862 26518 29
11833 43127 29
7710 15551 29
10893 46101 29
41629 45036 29
6541 19504 29
10894 11308 29
10860 24336 29
28615 31653 29
12993 42247 30
11446 36858 30
33336 42575 30
11451 23423 30
34182 37304 30
13240 43376 30
8500 32761 30
24442 48255 30
7300 21503 30
654 33634 30
38576 44858 30
8525 41869 30
5234 30444 30
33263 46750 30
32848 47275 30
37062 40727 30
533 27353 30
260 18897 30
13236 28780 30
12088 40477 30
31678 36479 30
33597 36143 30
11932 47998 30
31666 35000 30
33445 45900 30
4782 8602 30
1235 3204 30
11465 24291 30
38551 42410 30
27149 48698 30
37010 49402 30
8161 27917 30
34252 43022 30
8162 25550 30
31680 42740 30
33410 48119 30
5120 47315 30
6924 18402 30
34291 49233 30
12942 44379 30
12978 27336 30
9139 29355 30
12934 16508 30
24461 46812 30
685 43601 30
11922 14860 30
24462 27455 30
31615 31884 30
27104 47470 30
32584 34801 30
32579 34585 30
8280 34702 30
8631 10973 30
37121 48533 30
32598 46704 30
11733 19437 30
13096 29803 30
32425 48968 30
11859 45524 30
3539 29324 30
36934 46961 30
33795 43030 30
8824 35424 30
3829 6202 30
580 35423 30
24582 28951 30
3873 47022 30
8731 37637 30
11779 33573 30
26691 34904 30
38430 39247 30
8709 23366 30
11794 19335 30
32834 37718 30
26634 41720 30
5105 44426 30
24632 28620 30
33000 39453 30
34009 36164 30
11755 30584 30
26939 46490 30
8561 14353 30
26952 46068 30
8221 27120 30
1225 34711 30
5132 12744 30
7408 49278 30
1456 17410 30
11570 12501 30
8538 43018 30
37178 48277 30
26182 40747 30
12072 16632 30
11597 16412 30
33721 40763 30
1255 4065 30
32352 42017 30
12037 30756 30
8878 9984 30
11861 30589 30
33062 46383 30
32255 42565 30
3918 14971 30
12056 24203 30
4634 23925 30
11645 24264 30
13075 48141 30
6935 49821 30
36701 37394 30
13084 45944 30
4953 24189 30
3689 25229 30
28154 39454 30
4327 4571 30
29673 39350 30
7633 11122 30
418 27541 30
4955 16080 30
29732 36502 30
12310 14631 30
7860 16592 30
12312 39647 30
7878 48320 30
35115 42269 30
12313 38995 30
7649 8620 30
29466 40739 30
7643 36298 30
29591 47322 30
10883 49507 30
4309 49360 30
35166 36285 30
10168 37516 30
25314 47373 30
25890 33395 30
27985 42176 30
27996 31305 30
9991 21462 30
34909 36603 30
12636 46828 30
4379 42662 30
10998 15769 30
9931 12538 30
3760 3806 30
10930 35232 30
35921 39522 30
28087 45370 30
1370 42501 30
29798 46975 30
10054 32274 30
7200 48537 30
9991 30564 30
28053 35338 30
4090 33976 30
10832 41628 30
28071 49594 30
12617 38893 30
28077 37694 30
10475 29123 30
7695 27582 30
10505 35142 30
25621 47771 30
35509 40840 30
941 46164 30
29001 30781 30
10455 47910 30
28948 43130 30
37561 48948 30
1329 16466 30
28648 38264 30
37561 37836 30
10520 30563 30
10523 44787 30
28806 44136 30
28773 37992 30
7156 49846 30
919 14704 30
10272 35731 30
281 15860 30
29259 45953 30
28364 37808 30
10777 29536 30
25540 49633 30
4284 36876 30
29400 41745 30
4279 42627 30
12523 14216 30
29104 48927 30
35366 38942 30
29119 34207 30
10724 31090 30
1000 40260 30
10353 29168 30
27933 31853 30
25766 31860 30
37492 47099 30
29129 47967 30
9506 18007 30
30988 49206 30
26072 37276 30
30967 35288 30
11279 38003 30
7517 12910 30
31075 40635 30
34482 44311 30
12843 44188 30
12832 13829 30
12186 13767 30
302 13805 30
3785 16072 30
9575 37329 30
459 5889 30
756 9163 30
30913 32766 30
27490 47678 30
25100 46889 30
37992 38308 30
24941 42007 30
4540 22638 30
31339 41897 30
3611 24727 30
38116 44176 30
31431 32393 30
31163 45838 30
11391 43391 30
9362 26448 30
31295 39584 30
7486 45444 30
8098 10529 30
4413 43711 30
25242 29546 30
12697 26884 30
27820 28949 30
12219 42841 30
25984 30302 30
27748 37960 30
27772 35034 30
34768 42476 30
30258 32354 30
12227 19384 30
363 3729 30
5191 16135 30
799 1593 30
7942 23069 30
7934 27228 30
25952 36373 30
30223 44802 30
7952 10082 30
9845 19503 30
30200 44322 30
9640 13482 30
11163 19748 30
4026 24816 30
4469 14371 30
30723 32740 30
36173 43541 30
27627 45099 30
30670 44450 30
25191 43225 30
34723 46272 30
27720 28534 30
27681 35461 30
8002 45567 30
1082 45304 30
2546 15348 30
23980 27689 30
2303 5604 30
43920 48620 30
14154 28992 30
14153 19892 30
45065 48356 30
16082 46623 30
3339 11239 30
23231 41104 30
18566 37615 30
13839 21561 30
16063 17707 30
18920 28962 30
13605 19219 30
23247 43254 30
18830 36514 30
6430 17361 30
14834 14953 30
22390 39003 30
3152 36716 30
21091 45549 30
13653 36949 30
21023 42257 30
39252 43635 30
23693 42739 30
3317 7527 30
21570 46400 30
21580 41353 30
5896 49243 30
1850 21254 30
21037 31998 30
13637 18176 30
16220 30023 30
23199 39793 30
5562 22696 30
2308 35768 30
15434 48355 30
20816 30211 30
18687 29769 30
43802 46396 30
16943 32696 30
14735 36755 30
20062 41379 30
21693 37174 30
23178 37794 30
24081 45079 30
13536 23213 30
17269 34475 30
6663 22672 30
1551 38958 30
6331 19402 30
16140 25396 30
2715 40102 30
21660 24614 30
2717 25620 30
18533 46695 30
2643 36111 30
18157 39769 30
19274 23022 30
3452 35439 30
19859 48718 30
23747 41893 30
3413 46570 30
2479 4208 30
18865 32604 30
5958 18949 30
41823 46592 30
15714 44011 30
6448 21537 30
14063 17183 30
2337 25729 30
21410 38599 30
6286 14127 30
14055 44681 30
15028 43382 30
19345 47173 30
5386 14881 30
23342 35827 30
15002 34994 30
23340 49098 30
23815 29433 30
21486 36895 30
23365 44224 30
21389 22953 30
41720 47251 30
23364 28754 30
22122 25149 30
1585 19627 30
2934 12550 30
17896 35202 30
199 1510 30
161 45905 30
17321 27445 30
15831 30841 30
13675 20516 30
3150 18803 30
39232 42790 30
15518 31262 30
19840 44118 30
2927 6622 30
17065 29258 30
6491 28153 30
22301 23435 30
18902 49392 30
15522 48401 30
6316 36264 30
22327 37886 30
15539 49050 30
2997 14763 30
17087 34690 30
14091 22493 30
19855 49627 30
15778 31370 30
39100 47284 30
18603 46946 30
21521 36574 30
14089 46939 30
18384 30523 30
1654 42694 30
17320 42174 30
14917 39369 30
15809 24138 30
45349 45589 30
1817 39988 30
40977 49134 30
18385 34395 30
21537 41884 30
17085 35867 30
15787 29812 30
17313 22339 30
21843 44738 30
21834 31136 30
4 9678 30
18482 40665 30
39885 48917 30
18188 27740 30
14299 33974 30
40127 46524 30
2662 44442 30
190 34955 30
40131 47599 30
15299 26539 30
2255 3844 30
18503 42988 30
2672 40862 30
6592 34457 30
3236 7998 30
2774 18539 30
2127 25290 30
19527 22054 30
13374 24051 30
5875 49078 30
38720 48019 30
18328 20798 30
20445 40858 30
23563 46474 30
22722 43692 30
18662 28601 30
2278 3063 30
47081 49543 30
2386 8100 30
3217 45592 30
5501 12879 30
17256 17882 30
20423 42367 30
45927 46708 30
16547 38246 30
2630 30283 30
16775 20033 30
13947 31098 30
18784 41353 30
2155 44863 30
17452 35075 30
22968 29908 30
6398 10852 30
2221 10849 30
16790 24816 30
20217 49222 30
18199 38643 30
2161 12254 30
17784 43419 30
13342 34670 30
19082 29422 30
21962 49662 30
19557 47183 30
19407 22624 30
16663 48908 30
15186 41272 30
20338 47178 30
18407 26023 30
22867 24873 30
38635 43158 30
16722 31420 30
6602 14295 30
13327 37197 30
13331 16393 30
2529 2670 30
24176 36204 30
20617 38638 30
16288 28819 30
2174 30783 30
2064 49903 30
13878 18529 30
21735 38701 30
3290 19064 30
13896 40429 30
14649 44782 30
22003 39983 30
6344 25438 30
17805 26282 30
5355 14567 30
6351 43106 30
18680 44939 30
40341 41288 30
1683 36301 30
20690 30171 30
2828 26171 30
2638 47492 30
18302 32653 30
22013 49196 30
21731 38209 30
2829 19919 30
15161 42584 30
21716 34897 30
16348 37631 30
20518 29694 30
16261 41292 30
39842 49191 30
23463 45237 30
41235 49481 30
17382 26109 30
24229 44781 30
16271 16286 30
19597 48664 30
21992 22611 30
43001 47430 30
23116 28213 30
19617 48558 30
5480 16023 30
15153 19219 30
6110 20956 30
16283 38816 30
20572 42236 30
22541 42741 30
1855 4484 30
5781 15737 31
33000 38700 31
9436 9515 31
7490 30144 31
40995 45366 31
27333 45697 31
9433 48519 31
1111 46502 31
27336 31680 31
36395 49780 31
41032 46184 31
15170 20255 31
7505 7686 31
27270 30607 31
18217 43941 31
11424 11627 31
8089 45943 31
11375 12743 31
5064 49302 31
15126 17198 31
27309 31892 31
7512 18335 31
27444 35943 31
36347 37770 31
3090 9871 31
27294 44432 31
7508 44119 31
3981 10341 31
41011 47278 31
11919 33993 31
26453 44743 31
14596 37366 31
5352 18155 31
1762 46196 31
26511 47116 31
8586 48330 31
6569 41205 31
7298 10000 31
14578 48048 31
17416 36484 31
5563 14965 31
9332 36046 31
8593 27118 31
14704 28468 31
36864 43774 31
3189 6104 31
26656 41292 31
11837 44133 31
11857 15835 31
19116 21924 31
37041 45249 31
6543 13688 31
36918 42279 31
8136 32921 31
6608 7572 31
1263 12368 31
12069 27626 31
7267 30964 31
14453 34433 31
12117 28878 31
22955 39985 31
37208 44812 31
26143 44693 31
7256 18867 31
37200 39021 31
26169 39294 31
479 6278 31
9298 25902 31
1731 41877 31
31473 33984 31
33155 41898 31
32208 34591 31
14722 49135 31
26304 30445 31
26311 27858 31
12001 21035 31
31243 34455 31
14899 17364 31
7421 12236 31
2234 39608 31
7431 16399 31
47438 49778 31
40581 42612 31
45877 49320 31
11643 20267 31
3915 7554 31
8613 27709 31
14858 16790 31
22349 37705 31
33054 47273 31
7454 16585 31
4519 22594 31
1823 49621 31
11504 39034 31
8629 16642 31
19628 25980 31
44770 45704 31
6517 30539 31
17374 48269 31
7364 29766 31
7369 22936 31
6510 11780 31
17381 18936 31
26682 36663 31
5104 11311 31
7355 37847 31
19626 45468 31
40436 40623 31
6497 37846 31
7394 25605 31
2398 13967 31
3164 16829 31
36757 46193 31
30514 34212 31
901 2468 31
4285 19496 31
18026 45136 31
6145 22702 31
10285 17118 31
9699 38749 31
46446 48286 31
20665 25921 31
16276 17990 31
20076 39171 31
7996 34334 31
2819 33468 31
10139 29201 31
7860 8111 31
10127 48745 31
30491 49887 31
4690 38382 31
29456 45322 31
6124 14179 31
9719 12266 31
785 36595 31
10186 28910 31
18020 18393 31
29545 39247 31
16898 47620 31
9652 47077 31
35408 45986 31
4976 43374 31
16161 20572 31
29095 45223 31
20976 40888 31
4213 14469 31
32324 41218 31
35373 42138 31
19059 48186 31
20929 39068 31
403 43048 31
2887 32453 31
20003 43038 31
20766 32635 31
32601 40816 31
8791 19025 31
16237 32674 31
29215 33993 31
35326 44150 31
2055 10380 31
16258 35827 31
10392 31847 31
20833 31468 31
29127 29697 31
29130 39492 31
16443 28732 31
30576 39193 31
20032 27360 31
10362 11276 31
9927 36356 31
800 21037 31
5761 45205 31
30326 40440 31
9907 38818 31
46077 47677 31
8863 25697 31
20287 39379 31
34028 34043 31
4677 5315 31
7918 24795 31
16795 25083 31
20201 30656 31
16815 17540 31
4416 36152 31
19014 24910 31
43400 49568 31
823 8282 31
30310 39346 31
16764 41109 31
30178 31922 31
30186 48414 31
20495 49113 31
43051 43685 31
6084 47366 31
16529 19187 31
4337 46470 31
35132 38434 31
29662 33989 31
872 26689 31
2813 44337 31
20448 36825 31
16891 32908 31
18980 45673 31
7873 22899 31
34759 38544 31
5495 20461 31
8842 24356 31
20151 47988 31
9979 35159 31
9974 31525 31
43225 47436 31
29862 36641 31
10024 14167 31
20411 20782 31
4069 30877 31
11013 16541 31
27898 41857 31
27982 35929 31
11063 11895 31
17181 47084 31
18810 47457 31
15427 30308 31
41392 48507 31
18843 39096 31
9549 37223 31
10871 16710 31
41677 47634 31
17143 43897 31
9525 49073 31
4088 34056 31
21550 25866 31
8241 27825 31
30899 33006 31
35933 40837 31
21546 25407 31
2688 8548 31
7627 30030 31
2381 6400 31
17227 39481 31
6371 38008 31
18799 31649 31
41211 42181 31
1103 36987 31
7521 12720 31
15305 41752 31
8076 33032 31
41141 45173 31
9462 9931 31
7531 11766 31
17202 26605 31
15370 21835 31
2384 38297 31
15397 35502 31
30970 31694 31
8690 9136 31
36151 48674 31
32891 49866 31
42065 42734 31
21157 39748 31
979 7979 31
6223 18900 31
2196 38031 31
44017 44416 31
28566 38639 31
28569 30950 31
21192 37719 31
15841 44648 31
984 19436 31
19973 20845 31
15996 19806 31
6200 17800 31
10521 13032 31
21005 31288 31
10511 25854 31
42267 46870 31
16015 26322 31
10506 30450 31
28713 37787 31
15929 39910 31
18910 27020 31
35574 49520 31
21049 40275 31
15969 41858 31
15972 35835 31
32688 33444 31
30649 34897 31
28330 35808 31
15707 27106 31
15631 22384 31
8043 10558 31
15639 49257 31
35768 41465 31
15675 22704 31
41894 47680 31
10732 21259 31
5537 10731 31
5961 16353 31
8741 27989 31
28515 34822 31
2947 4567 31
30783 33107 31
21321 41803 31
34603 49153 31
34604 39757 31
10740 43582 31
7096 13159 31
6713 24000 31
25346 44304 31
25338 45966 31
5212 48855 31
8963 45325 31
13324 16451 31
18527 36306 31
31982 32114 31
39309 41847 31
7067 18318 31
6910 9295 31
24536 28648 31
19142 23128 31
12851 25408 31
3668 4351 31
215 364 31
14164 30068 31
37622 39311 31
32071 34052 31
33285 46491 31
6894 8414 31
38837 39679 31
38607 48729 31
5269 15609 31
2412 45602 31
4802 36117 31
13068 26018 31
3651 30770 31
38529 42351 31
1532 3275 31
7229 32439 31
17738 49142 31
33298 43264 31
37315 48348 31
3443 21405 31
12208 17222 31
8995 31685 31
1341 39182 31
12272 20404 31
12426 27089 31
25275 37195 31
12939 45765 31
4576 29368 31
38587 39927 31
5585 10950 31
6650 31478 31
6814 11843 31
14242 36039 31
38150 48346 31
5640 12318 31
19368 30782 31
1566 32552 31
23768 26873 31
1437 46685 31
25629 33967 31
8191 19168 31
24793 40121 31
14080 47325 31
14039 30895 31
25609 41584 31
5257 42070 31
5826 28735 31
13543 30420 31
7029 19265 31
3590 27591 31
38074 39984 31
12241 32735 31
260 48765 31
12233 40391 31
31947 46940 31
12196 27126 31
25266 47175 31
233 422 31
13294 30385 31
18444 39205 31
19321 43644 31
31553 45240 31
6773 33006 31
37494 43308 31
48272 48503 31
1617 10375 31
5865 7717 31
6899 27208 31
6956 31906 31
31754 48199 31
34223 43659 31
39917 49874 31
1361 47687 31
5865 12228 31
4568 43463 31
6955 10570 31
12581 17912 31
23008 42011 31
48470 49663 31
8990 21814 31
12382 40677 31
1564 17075 31
26123 44451 31
13951 44029 31
1577 30478 31
3654 22266 31
37215 46982 31
23498 24375 31
3510 37643 31
33439 35659 31
6821 8835 31
662 33526 31
6887 35632 31
38691 44715 31
6684 24372 31
267 37863 31
5590 28141 31
34113 40688 31
1479 21070 31
12568 14452 31
9016 27330 31
17826 49124 31
17746 19652 31
7236 16954 31
38777 47008 31
24688 33269 31
14014 26522 31
23802 24945 31
34236 45249 31
12168 49681 31
6703 29625 31
7171 41583 31
12163 27481 31
8425 34705 31
6682 7656 31
24922 48476 31
3486 30265 31
13138 41295 31
18430 48221 31
14334 40338 31
19869 35698 32
9000 25588 32
10891 25103 32
28175 28561 32
20165 37848 32
17653 25341 32
39131 41608 32
44130 48287 32
9567 47661 32
28292 43909 32
20309 45167 32
21326 33835 32
15706 42936 32
21332 23898 32
10861 16788 32
18140 29971 32
2202 2693 32
17786 26954 32
7065 41274 32
28246 30881 32
750 38571 32
5953 26116 32
7066 32783 32
10851 44777 32
41696 43391 32
7644 34934 32
3683 7099 32
6750 36553 32
37761 48154 32
6366 48358 32
1090 2812 32
4600 48176 32
13916 21399 32
1371 36338 32
12617 30588 32
27757 48292 32
23604 30931 32
36091 43956 32
2213 2568 32
21755 23810 32
27728 35990 32
16748 28892 32
3063 5172 32
15231 30702 32
21907 45485 32
9452 19118 32
2488 3354 32
37751 43073 32
27620 49306 32
25435 32266 32
11214 35475 32
36225 43768 32
7117 18716 32
39406 46902 32
15271 36670 32
7538 46115 32
15277 42050 32
12682 19370 32
39241 42797 32
12685 43311 32
13819 18769 32
10994 12538 32
23687 36459 32
18828 30851 32
6927 9675 32
17140 35032 32
28114 33281 32
28114 37688 32
1390 1768 32
1036 3686 32
5023 7441 32
434 27438 32
39219 48491 32
3001 20415 32
30089 48524 32
25344 33553 32
33355 42395 32
364 8222 32
11078 13218 32
27881 45376 32
9509 13050 32
32152 33761 32
12663 45186 32
27893 30971 32
5288 34896 32
13241 28156 32
9903 11475 32
10223 17419 32
1534 41488 32
20664 27503 32
9039 10406 32
29376 35240 32
35240 38463 32
258 38788 32
29538 32806 32
4955 48531 32
1464 4101 32
9729 33434 32
16628 46707 32
2172 13968 32
16360 36463 32
8813 37810 32
19042 47889 32
38790 47478 32
4677 7045 32
6002 24649 32
4781 47844 32
34717 39952 32
16246 48121 32
20762 34812 32
29225 38610 32
33618 47535 32
16196 43461 32
32609 40727 32
35252 44111 32
7818 32416 32
38817 46164 32
2063 27384 32
10319 15045 32
920 43487 32
35278 36627 32
16936 47287 32
32094 35458 32
601 12127 32
8883 44615 32
38686 46007 32
9757 14192 32
24598 34169 32
3491 18250 32
24252 37338 32
16873 45847 32
35076 44817 32
7890 32124 32
10048 12392 32
34791 41379 32
2119 29508 32
38442 40668 32
2122 40750 32
3541 45360 32
8429 34067 32
13386 35584 32
38753 49286 32
533 9617 32
10118 22028 32
5222 17216 32
19246 49463 32
13101 29542 32
20575 48310 32
20562 25154 32
13112 29517 32
4951 32999 32
2167 33431 32
8206 36337 32
29684 49931 32
15862 41592 32
6807 34129 32
4638 33788 32
24513 28097 32
3425 31925 32
18901 35728 32
6813 38462 32
34805 37827 32
30675 41020 32
2506 32103 32
25006 36191 32
15915 30097 32
7714 26700 32
21108 33934 32
28430 33046 32
37983 42711 32
35739 48907 32
6795 19585 32
10767 13938 32
546 8190 32
23861 37106 32
35736 48614 32
1965 13514 32
8032 9624 32
5735 8271 32
15817 46153 32
3631 49688 32
9623 26005 32
19917 22162 32
7047 30091 32
25078 49305 32
23871 31690 32
20924 30426 32
20160 47651 32
8772 32270 32
16074 39956 32
2894 37437 32
38964 49500 32
16066 17748 32
20951 34574 32
33922 37182 32
18444 49811 32
31938 44915 32
16646 33887 32
16173 49640 32
17930 47039 32
5261 28726 32
4799 47301 32
966 17725 32
30020 45343 32
4190 7991 32
15989 28438 32
30029 34899 32
7029 10331 32
21047 39427 32
10489 28027 32
30014 33547 32
28843 49966 32
17019 23903 32
21322 45761 32
2905 14329 32
21003 24474 32
5857 14215 32
36491 43850 32
22399 25649 32
6706 37168 32
36471 48379 32
24455 48535 32
9233 45568 32
22396 49604 32
699 47192 32
5381 21289 32
14572 35115 32
37310 42228 32
18351 25883 32
34439 44978 32
5855 36772 32
718 30583 32
7333 35727 32
40783 48858 32
22715 32993 32
6538 19449 32
25782 26687 32
8511 28416 32
11467 25721 32
4591 37356 32
11470 41819 32
14677 33547 32
6638 33600 32
20180 44445 32
1191 15736 32
11799 21217 32
8593 48402 32
15076 32771 32
40377 43261 32
31615 33143 32
31307 39419 32
699 16349 32
17520 38572 32
31372 32713 32
2262 28794 32
14552 40374 32
11673 12229 32
19442 24573 32
14292 22218 32
22127 30963 32
721 16499 32
12332 28699 32
37602 42638 32
26040 44196 32
8528 37999 32
6499 28113 32
7385 23486 32
20188 48827 32
19510 39814 32
36673 45622 32
19598 47708 32
27026 38545 32
40247 43965 32
40679 46036 32
5087 10144 32
19029 48165 32
7217 10364 32
19119 41001 32
14935 31527 32
18718 49359 32
22360 28194 32
11882 48992 32
5691 42152 32
7418 10836 32
13260 17414 32
26524 33705 32
5516 25991 32
22295 23705 32
2401 33854 32
33196 35950 32
14621 44500 32
4576 11001 32
36685 40137 32
19657 27749 32
3218 14948 32
1650 6473 32
5378 24381 32
1828 10051 32
37001 39059 32
25668 29808 32
14990 23324 32
45794 46884 32
11498 32035 32
1659 2666 32
27069 35700 32
32075 48624 32
2649 35609 32
11921 21817 32
14945 42614 32
11537 45279 32
1233 10021 32
11630 42368 32
6697 20827 32
8550 41134 32
12242 15801 32
19103 22587 32
5677 41852 32
7259 10283 32
2557 39787 32
3764 4473 32
27366 43445 32
5237 22111 32
14442 49391 32
36347 41538 32
8082 49981 32
26655 41809 32
22451 28638 32
676 43492 32
12497 15376 32
22993 29709 32
3343 9235 32
1785 21805 32
24431 30262 32
27426 41725 32
31493 32279 32
19083 20347 32
26674 41404 32
1205 27954 32
37690 41666 32
32951 44400 32
13983 48179 32
726 9537 32
14728 30132 32
8656 37099 32
5709 13279 32
22885 35358 32
8875 9176 32
17243 28839 32
11705 33080 32
37105 47051 32
4650 37156 32
1775 21844 32
18398 29148 32
17904 28662 32
5859 29564 32
39961 41429 32
4540 38882 32
27301 36984 32
26142 33675 32
3091 25478 32
19716 21945 32
26277 44651 32
40954 46837 32
24411 31979 32
15120 40533 32
45006 46018 32
12029 26316 32
2632 31387 32
3710 24848 32
348 31228 32
40445 45729 32
26308 29537 32
8664 14807 32
9206 24258 32
22837 23151 32
3067 21779 32
3242 30471 32
26255 35338 32
5327 15388 32
15128 42724 32
26797 46649 32
3710 37002 32
15130 46776 32
6053 48926 33
16037 48243 33
28878 49756 33
11763 16256 33
23188 41847 33
28897 43865 33
407 19907 33
10497 21016 33
11861 38981 33
28906 35485 33
28904 45249 33
9056 10919 33
12910 14131 33
38197 38730 33
13567 31263 33
16087 42560 33
7765 25921 33
20877 33112 33
20865 32079 33
26602 35545 33
28973 30045 33
11821 21298 33
23157 25942 33
24018 30818 33
28995 39146 33
13591 15777 33
28974 46414 33
28976 36791 33
1486 23400 33
11777 25724 33
28914 47360 33
31944 46388 33
36916 38698 33
11834 41584 33
24844 28315 33
4240 23532 33
33755 49956 33
16978 18273 33
28911 35656 33
10372 42677 33
22580 35093 33
22583 41234 33
1558 41090 33
35438 46562 33
18540 27594 33
24902 40921 33
24914 27421 33
31612 39137 33
8265 22050 33
20949 22092 33
16652 36670 33
5753 48168 33
30424 43875 33
8408 10854 33
7876 22561 33
14324 33334 33
872 22080 33
5523 19230 33
6878 19138 33
37135 48403 33
4940 6682 33
3814 23787 33
12151 19786 33
6596 22668 33
14476 22866 33
18343 39794 33
16424 35352 33
2458 11666 33
38761 45118 33
1467 40399 33
16429 40803 33
12188 48116 33
5596 6377 33
4810 35337 33
22760 22795 33
40129 42298 33
42925 42939 33
1738 26733 33
14510 34256 33
5864 20467 33
22854 37371 33
427 18232 33
9010 45200 33
26119 46087 33
20141 25366 33
6884 46188 33
31537 34582 33
1481 45202 33
2629 36930 33
29935 43566 33
14394 16037 33
8267 38055 33
24291 46891 33
22969 28119 33
39960 47096 33
44945 47783 33
2792 12748 33
18480 31733 33
4356 42984 33
22882 45914 33
523 7939 33
19223 41572 33
14452 22983 33
24605 35104 33
14444 35854 33
16524 30468 33
3812 26231 33
16526 37944 33
32373 47354 33
9756 26219 33
22892 38510 33
12079 46048 33
11914 42511 33
13030 18795 33
19515 21012 33
1690 46682 33
1541 4584 33
7817 29593 33
20740 42804 33
4271 21094 33
40215 44617 33
20698 33833 33
20085 40533 33
20693 40718 33
2433 46166 33
13036 17316 33
5996 20910 33
8123 23844 33
25977 27767 33
11884 45266 33
11885 22143 33
18056 30908 33
5259 29708 33
3582 21846 33
13527 27118 33
16259 19279 33
30522 45219 33
29285 39832 33
17718 25300 33
4260 19686 33
38231 47433 33
20631 27241 33
29492 49536 33
33965 49665 33
4689 24010 33
414 3533 33
30479 41040 33
256 32629 33
20611 24123 33
4653 20338 33
11984 43887 33
535 9239 33
10224 22725 33
7303 45189 33
9954 23942 33
1748 37712 33
22707 49970 33
34737 44584 33
35194 47906 33
6980 13955 33
1284 10386 33
13852 27867 33
13850 34552 33
36452 44376 33
13855 46792 33
6434 16820 33
13847 46469 33
22081 27655 33
19826 46164 33
27913 47516 33
6763 6906 33
8057 12181 33
679 4475 33
10995 14152 33
44556 46912 33
5418 37291 33
24484 46103 33
17970 47868 33
15487 34381 33
15488 24229 33
21695 39339 33
23633 25984 33
25333 39911 33
36424 48757 33
31731 39835 33
3096 28987 33
36426 49745 33
23639 37569 33
15494 35549 33
16726 48556 33
1066 3438 33
548 20012 33
15433 30589 33
33291 38493 33
15015 30202 33
36498 37946 33
9536 14136 33
16710 24110 33
44183 45621 33
17133 45404 33
19034 45002 33
17556 23050 33
9406 9462 33
21504 48976 33
25240 44198 33
35964 48227 33
40868 48036 33
19706 46679 33
7603 30316 33
41477 49999 33
5386 27271 33
28041 37324 33
12447 44616 33
40827 43083 33
11463 11702 33
33872 44684 33
31041 45425 33
7127 44980 33
19159 45430 33
1876 27944 33
36233 48419 33
21871 32252 33
17838 22721 33
13924 38067 33
8674 34014 33
31107 39073 33
19202 32411 33
15219 49427 33
485 34699 33
19410 23684 33
18405 49321 33
21942 31939 33
31763 43398 33
41132 43526 33
31068 33749 33
11229 28380 33
41184 41868 33
21746 22006 33
32886 33510 33
13895 44591 33
9428 18094 33
15145 45505 33
52 42423 33
25576 45240 33
11093 40113 33
17909 22960 33
40963 49895 33
33330 39947 33
19394 49893 33
30134 41999 33
41184 43505 33
27645 41272 33
5173 31335 33
5924 45095 33
12510 22107 33
25558 28865 33
1345 34939 33
41244 43798 33
6357 11392 33
27713 44729 33
31798 41865 33
3683 48950 33
31117 44004 33
41231 48532 33
15328 49580 33
37456 40103 33
15882 32169 33
34938 39412 33
26851 37463 33
683 19172 33
10612 17723 33
28634 30748 33
34619 38170 33
9094 40407 33
15797 39795 33
1801 3025 33
13687 47770 33
25779 41212 33
17075 42913 33
25082 43578 33
14847 47704 33
23287 40574 33
472 28167 33
11664 35926 33
12831 27402 33
23272 47814 33
11654 35925 33
2936 33640 33
30745 45671 33
36813 46420 33
28799 34537 33
28801 41417 33
25853 48830 33
7736 9479 33
5774 26048 33
14197 23512 33
964 1088 33
14190 44285 33
7731 29628 33
707 14530 33
3173 11291 33
28848 46036 33
17695 44284 33
23974 30803 33
8016 39535 33
28834 42285 33
32056 35026 33
2709 17527 33
28721 37447 33
39729 46961 33
20183 49631 33
13648 37810 33
15928 37816 33
22459 44680 33
21067 47927 33
9205 30234 33
25705 32325 33
6467 43959 33
14101 38041 33
21350 39069 33
3641 49192 33
30055 32045 33
8617 15342 33
1164 18546 33
11563 42256 33
18390 19964 33
12729 28754 33
1155 13608 33
28181 46246 33
39169 42142 33
27105 36235 33
25194 25425 33
33798 40860 33
3645 27302 33
2135 46206 33
28231 35068 33
31237 38329 33
23299 25560 33
1407 9214 33
8302 10827 33
3420 6100 33
20216 43784 33
3418 9263 33
28484 29562 33
30336 42413 33
25095 29916 33
48249 49205 33
30780 46251 33
5001 32264 33
3931 25925 33
34414 47160 33
28370 41739 33
19075 40291 33
40665 49573 33
33574 35497 33
2134 40744 33
30322 33483 34
5845 8985 34
31098 45426 34
45913 48635 34
19399 36343 34
34243 39437 34
17606 41470 34
17577 43182 34
8060 41541 34
44321 49508 34
45271 47329 34
31822 31893 34
17156 37101 34
2214 17465 34
19160 20040 34
4495 43368 34
19105 38147 34
31343 35095 34
31649 48203 34
699 6022 34
19544 45652 34
17472 42044 34
4652 41003 34
19582 29171 34
9182 47103 34
8927 48475 34
2656 36782 34
19499 27395 34
19486 48930 34
2238 3698 34
30584 42031 34
43840 49297 34
9682 41216 34
9690 43307 34
2175 43694 34
45472 48101 34
31961 33494 34
30506 42660 34
19283 32096 34
9663 21837 34
4425 40538 34
9014 10668 34
9028 26161 34
8908 28593 34
9556 30339 34
30846 35320 34
17648 25186 34
19868 37841 34
2540 41646 34
4462 14446 34
17057 48524 34
19960 45847 34
34655 45918 34
2190 31396 34
19305 22297 34
34619 37453 34
17076 25617 34
8360 39455 34
22757 33499 34
26363 41370 34
26245 38178 34
8563 20996 34
22852 24402 34
3243 20400 34
33737 35268 34
7275 32435 34
22823 39217 34
310 15677 34
37116 41456 34
22812 47201 34
564 45395 34
4746 49023 34
40314 48431 34
5113 46337 34
33112 40182 34
40318 42267 34
6538 43729 34
6578 35179 34
37045 37659 34
8574 29693 34
22728 45409 34
3809 6429 34
26411 43766 34
22679 30923 34
5118 34318 34
33211 41920 34
39832 44490 34
33244 39259 34
23215 46925 34
39783 42018 34
7206 25490 34
1297 8868 34
22911 48563 34
37209 48368 34
14421 17475 34
14424 32413 34
1719 39647 34
22577 42327 34
36572 45086 34
40719 43409 34
11486 24136 34
36652 38459 34
27046 30710 34
15072 23381 34
7469 28059 34
3962 32455 34
14732 36280 34
7356 24800 34
22484 33253 34
18286 42630 34
18681 47016 34
22577 33689 34
3193 25402 34
5683 6670 34
22556 39061 34
26648 37842 34
11790 49024 34
14725 18577 34
14838 34958 34
7404 40500 34
11618 11673 34
36668 38694 34
40628 46362 34
22333 44319 34
5371 32228 34
11712 35364 34
18276 19294 34
8606 32469 34
26840 33704 34
13620 27113 34
228 2645 34
23959 47990 34
13628 33884 34
13631 40552 34
13632 26850 34
38088 46064 34
260 39096 34
24072 26025 34
12973 34826 34
12927 41349 34
7048 43452 34
23845 33233 34
2441 23456 34
25158 26930 34
12872 44164 34
13653 41304 34
12855 22630 34
12850 43598 34
12996 48896 34
8468 14208 34
25057 31631 34
38018 41401 34
24549 41514 34
2426 47972 34
5226 13643 34
3550 15883 34
8412 38137 34
13244 37962 34
13233 23702 34
13343 34210 34
3502 29622 34
38292 45404 34
13062 33784 34
24126 31688 34
13027 24526 34
38242 40063 34
24612 45354 34
24629 39677 34
33503 40685 34
25591 33672 34
25592 30887 34
14043 19571 34
12533 28306 34
39474 43791 34
25547 47892 34
7185 13157 34
23298 23525 34
14137 34620 34
7184 31513 34
12417 27472 34
14107 41161 34
25731 33671 34
12376 45530 34
7086 14555 34
25296 32331 34
23646 31637 34
37945 44791 34
33647 42631 34
25202 48173 34
13887 46146 34
3680 34087 34
3368 4169 34
30276 32464 34
23584 33345 34
13902 46754 34
16122 17134 34
8289 38806 34
29047 49664 34
2513 20155 34
20855 27565 34
6185 32770 34
101 49685 34
28965 32576 34
29007 31600 34
20904 41912 34
4261 8356 34
18937 48422 34
917 43730 34
16216 38112 34
32600 37034 34
20778 48193 34
8751 21832 34
21166 48736 34
1989 15917 34
15895 25179 34
10651 18313 34
28684 29499 34
10609 48497 34
28558 40650 34
10596 34604 34
28610 30440 34
10529 47322 34
10595 22346 34
21090 26460 34
28737 48446 34
10582 35236 34
20716 41654 34
7725 28296 34
4186 4510 34
29984 34765 34
34974 45459 34
20342 48479 34
9943 15705 34
75 9864 34
29818 36946 34
5757 11994 34
35023 44730 34
2782 32440 34
29920 44132 34
16784 29901 34
16754 23535 34
34881 47830 34
30155 39976 34
16775 35234 34
20228 44982 34
34882 43024 34
813 48723 34
19030 40714 34
9919 34734 34
30066 31313 34
20307 29911 34
6044 9764 34
2763 17460 34
9887 21769 34
5763 29855 34
7939 43489 34
2758 20949 34
10190 24162 34
4296 43392 34
8278 17010 34
8818 36958 34
10218 22716 34
29452 32752 34
603 4303 34
16495 18612 34
35086 41007 34
2354 30185 34
4948 28930 34
32518 37736 34
35154 38159 34
10111 46281 34
16464 27079 34
33982 42731 34
368 3399 34
11004 18428 34
4075 32863 34
5026 39127 34
21931 26101 34
15442 47445 34
27858 29696 34
583 49140 34
11255 12742 34
21548 38274 34
8702 44614 34
6320 13240 34
28009 43732 34
7612 8000 34
5715 35756 34
15358 33047 34
27583 28638 34
36197 45042 34
7548 9203 34
6370 14140 34
21818 31422 34
33844 48429 34
4051 21877 34
15421 28979 34
27742 30344 34
41286 42112 34
1874 34450 34
18809 29307 34
4150 40846 34
11084 28188 34
21879 24234 34
28315 30518 34
4129 9138 34
27367 40648 34
10784 21192 34
18857 23420 34
41910 45436 34
4144 5362 34
7689 18674 34
21312 30180 34
41827 49028 34
32964 33435 34
18881 44271 34
21306 47186 34
18146 29653 34
8309 33060 34
10909 29005 34
5430 36009 34
32772 35055 34
28110 39071 34
28117 35149 34
10849 32898 34
33460 37774 35
32432 34349 35
32943 33813 35
32099 45066 35
8851 23291 35
18752 23562 35
17974 26373 35
8624 9060 35
8661 26196 35
18392 40111 35
8573 24598 35
18848 26418 35
18333 20396 35
18928 49145 35
19059 36671 35
18149 41349 35
18065 37953 35
32813 39751 35
32179 47518 35
32747 40604 35
18896 25999 35
2541 34584 35
557 2966 35
18012 47804 35
18704 23645 35
28315 40777 35
17939 44421 35
2397 34657 35
4684 31109 35
8612 27668 35
19182 20165 35
18314 44046 35
32632 38541 35
2520 17733 35
3187 7907 35
3192 10712 35
26697 27876 35
14862 41106 35
14876 41053 35
22335 43930 35
14881 26506 35
14920 35575 35
27032 34993 35
14810 15715 35
11633 24492 35
26129 43520 35
14632 48680 35
26496 33285 35
22726 44718 35
26460 29432 35
15220 23813 35
11230 12064 35
21859 39886 35
21960 31584 35
11302 16242 35
11280 17979 35
15210 36620 35
27766 44037 35
21700 40682 35
21689 23010 35
11189 20768 35
1095 43117 35
14983 42113 35
1152 31393 35
11483 37357 35
1831 11745 35
27166 32125 35
27178 48365 35
22164 28079 35
14928 17686 35
22229 49554 35
1135 3528 35
21990 47545 35
3996 47007 35
11431 21331 35
15113 32110 35
1555 10421 35
24047 39374 35
12890 37388 35
13635 28135 35
24794 29000 35
12993 29419 35
1441 18759 35
13560 16408 35
25117 27284 35
25161 43173 35
24975 26105 35
25007 36178 35
25077 42706 35
3540 18967 35
24296 27732 35
1479 9652 35
24266 39955 35
13399 19531 35
3550 49006 35
24466 30775 35
1499 10268 35
3552 5391 35
24172 47817 35
13463 13966 35
1532 3165 35
13067 33015 35
13475 26053 35
1535 14378 35
23290 32864 35
14119 45715 35
25765 26707 35
12358 20383 35
23268 48800 35
25817 39074 35
23236 36835 35
3312 22888 35
25831 37326 35
3331 23870 35
25919 37090 35
1683 10788 35
14246 36562 35
1306 3781 35
12306 33142 35
25867 29246 35
23194 30401 35
23628 32814 35
23576 48811 35
13926 28682 35
12726 39036 35
1597 22829 35
25297 34333 35
23443 28835 35
1338 49075 35
12543 42126 35
12519 35441 35
25533 45904 35
2716 4933 35
16997 47110 35
17052 27277 35
20121 34528 35
20116 30256 35
9722 36747 35
30462 42295 35
20095 29660 35
30531 42128 35
16948 48561 35
4482 4888 35
17157 36189 35
19924 46305 35
2127 45021 35
29955 31169 35
9965 30360 35
29975 41978 35
20340 46810 35
30322 43167 35
9809 21942 35
2743 45253 35
30363 43315 35
4422 47623 35
30199 34405 35
2152 6276 35
9830 48548 35
20190 47609 35
17517 33845 35
31778 45182 35
9266 17804 35
17486 28692 35
9233 31019 35
9272 41653 35
17683 37151 35
17255 39209 35
31112 41720 35
9427 25359 35
17283 39772 35
9509 11201 35
9488 47282 35
9476 9761 35
17216 30972 35
17408 48429 35
19623 49589 35
17378 43535 35
31431 37783 35
9280 49765 35
2234 40078 35
9373 22866 35
2243 2267 35
10699 35569 35
28303 47810 35
10800 35013 35
21323 43956 35
2958 3197 35
15960 43232 35
4191 42063 35
21000 27622 35
21151 30874 35
10811 13440 35
971 16760 35
1041 42411 35
1049 19654 35
27880 31090 35
11025 49796 35
15456 31662 35
21625 28792 35
27934 42227 35
15494 15605 35
10982 39156 35
28253 40304 35
4122 8776 35
15665 38174 35
4101 23228 35
28142 43037 35
4101 40977 35
21463 36888 35
10880 46230 35
29572 43753 35
2090 27305 35
29428 45589 35
20675 30096 35
16342 47027 35
10192 20969 35
20435 49721 35
20458 48126 35
20444 24208 35
20424 45933 35
16601 43892 35
877 37143 35
16459 49694 35
903 3593 35
20484 44991 35
2107 36301 35
20866 32459 35
20890 41387 35
16195 24007 35
20811 23258 35
16071 42156 35
28944 35541 35
16104 43552 35
28994 41163 35
10424 11572 35
10266 47571 35
10256 12481 35
2845 28712 35
2844 36456 35
29189 30933 35
29267 38373 35
5676 6959 35
42773 44132 35
43509 48678 35
38680 48029 35
38688 48703 35
44947 45492 35
6753 45656 35
40000 40352 35
34389 41879 35
37446 49309 35
395 12698 35
34206 42679 35
372 1201 35
7290 36989 35
42632 49362 35
8206 27428 35
6348 27133 35
6134 37334 35
6015 46074 35
38669 42941 35
44234 49011 35
6375 43144 35
6506 14206 35
278 27437 35
34280 43020 35
5928 7825 35
5278 9482 35
37334 37781 35
34282 34948 35
39089 48720 35
5755 20038 35
7249 9007 35
6456 43502 35
9 25 35
8250 46471 35
6459 42359 35
7662 9374 35
38863 46650 35
6036 9532 35
35609 48107 35
383 4178 35
40688 46556 35
5885 34440 35
5534 18729 35
35416 47292 35
5591 22468 35
8314 11573 35
34638 37764 35
41997 42356 35
36053 47062 35
7049 10050 35
5814 31141 35
7050 7454 35
7462 30248 35
36199 48582 35
46674 47347 35
38136 43478 35
8050 36344 35
487 7844 35
39734 49948 35
33592 38549 35
8292 41819 35
8195 12926 35
5973 47368 35
259 47105 35
4899 20296 35
8295 16474 35
5465 30455 35
36193 40233 35
330 46417 35
6166 40888 35
4812 11499 35
41392 42712 35
8413 26967 35
34592 39915 35
43698 49147 35
5159 23914 35
35369 39762 35
5427 5995 35
37917 44381 35
6638 23441 35
37948 43934 35
7979 43873 35
23071 43689 36
23334 36505 36
19780 36260 36
28574 42239 36
14103 33819 36
639 30342 36
28605 40355 36
17215 49079 36
44435 48621 36
23747 33079 36
10660 39738 36
39499 48000 36
23437 43046 36
4853 5233 36
4628 25037 36
19916 38753 36
5294 45069 36
9030 18603 36
19854 37704 36
4986 25734 36
32017 41994 36
10573 33960 36
23653 41460 36
9062 46363 36
10641 28294 36
32061 41102 36
28691 36819 36
6713 34595 36
44355 46881 36
44355 44652 36
10994 26526 36
252 36707 36
27973 33022 36
13183 45289 36
2605 22715 36
27998 42441 36
10973 33313 36
6970 9413 36
3518 36362 36
7627 17893 36
24531 36619 36
8812 43136 36
17776 44764 36
1082 3878 36
11124 28678 36
24919 36291 36
45595 47809 36
11154 43618 36
8724 27098 36
7026 9006 36
24952 39989 36
8731 12513 36
6979 39138 36
27852 30627 36
19328 23080 36
32614 39605 36
12954 33851 36
27807 35946 36
11080 21166 36
17727 37602 36
44689 45073 36
13593 16549 36
6831 47577 36
28422 48869 36
44801 49046 36
38897 39194 36
13716 14208 36
10687 11149 36
23781 45990 36
10730 27711 36
32241 37337 36
32214 33949 36
19704 23671 36
38689 40838 36
32434 39720 36
45050 47487 36
28199 43998 36
24246 48826 36
24353 45714 36
1512 3927 36
19504 48605 36
10837 17488 36
17421 20332 36
8885 23929 36
5879 15431 36
4115 12242 36
44932 47331 36
24171 27526 36
19574 49584 36
21847 31794 36
6373 42744 36
6136 21506 36
6148 28020 36
34906 37805 36
9391 32995 36
7938 37997 36
9797 30603 36
15409 32979 36
2861 15057 36
15415 27931 36
3022 12129 36
15439 34262 36
4418 44261 36
5478 31814 36
15397 32800 36
30288 41937 36
29937 38073 36
22100 29048 36
15079 28845 36
20599 26186 36
22076 28723 36
29873 30635 36
29889 34351 36
29890 35287 36
40830 42673 36
3112 5434 36
21982 36049 36
20670 27811 36
4367 27129 36
4885 14919 36
15749 41373 36
9652 13918 36
1968 38172 36
30887 40835 36
15771 38007 36
30934 37225 36
9522 17449 36
6266 9224 36
34686 37731 36
15898 22434 36
21190 37502 36
5451 16904 36
5451 44364 36
15919 44998 36
15924 47908 36
21247 39679 36
30670 45587 36
42320 44499 36
15823 46348 36
30710 40604 36
30853 48510 36
21194 33834 36
41486 42876 36
15527 25275 36
21575 24341 36
15550 33363 36
41395 46877 36
15454 45868 36
15577 20508 36
9767 49015 36
42350 48057 36
5438 16398 36
447 21753 36
34522 37658 36
21409 40431 36
21407 46694 36
2740 4182 36
4600 36791 36
10353 34866 36
43556 45380 36
16824 16931 36
16896 34739 36
7788 32334 36
23053 30371 36
14319 15315 36
6632 28939 36
6028 43950 36
43405 45022 36
22922 26285 36
31744 46565 36
7764 8712 36
2719 47663 36
23270 30367 36
63 14707 36
23137 36942 36
14251 23398 36
1685 7361 36
23134 30255 36
23109 24527 36
14214 35901 36
7770 40662 36
14223 35386 36
3298 12713 36
6500 16516 36
2115 28374 36
16550 16851 36
29589 34442 36
7860 49860 36
2116 23560 36
16571 47057 36
22368 29557 36
4955 18548 36
29742 34289 36
43068 49374 36
34339 45190 36
16691 39171 36
900 26236 36
29447 47453 36
40245 43523 36
9187 42311 36
9190 36719 36
34287 34328 36
29386 29746 36
29390 47048 36
3192 40996 36
22555 33108 36
35161 49010 36
10183 40712 36
22605 26406 36
1768 11532 36
40317 47067 36
27143 36691 36
25807 47323 36
11644 18071 36
25809 36491 36
4778 7283 36
26897 30977 36
36234 43063 36
12746 38072 36
11496 26517 36
37183 38558 36
11225 46570 36
1151 37577 36
8367 42948 36
18392 45009 36
12773 38201 36
25677 36395 36
25665 30925 36
25667 30907 36
33009 36811 36
12384 20289 36
12382 23285 36
7175 12679 36
26855 32608 36
26863 38278 36
3906 23424 36
7060 15859 36
37089 49677 36
7237 47127 36
3940 41201 36
18708 24386 36
17957 47422 36
12150 30751 36
33249 40254 36
27061 44497 36
3659 37336 36
27475 44463 36
47433 49983 36
5697 42212 36
18244 21610 36
27053 31855 36
5771 6661 36
11609 14927 36
3650 4753 36
18806 20245 36
8549 30028 36
12289 16573 36
26938 41515 36
11234 47465 36
9 46999 36
36658 37151 36
27248 45056 36
26778 49518 36
8347 21862 36
3880 20856 36
18426 24888 36
5117 21999 36
7125 46252 36
11399 43322 36
46487 49542 36
7494 47638 36
12486 39701 36
2369 38922 36
33029 48168 36
322 41429 36
3697 47587 36
18096 39284 36
2511 12793 36
5746 6010 36
1332 15580 36
5637 20701 36
7726 43801 37
35276 42696 37
28763 32557 37
9011 11131 37
5541 36932 37
28766 47409 37
6031 44008 37
3767 17067 37
27079 45207 37
14619 30284 37
3208 45010 37
40256 45215 37
33250 37364 37
16659 24451 37
7220 13320 37
1765 31773 37
16644 19334 37
29515 32784 37
13868 39388 37
29399 42454 37
22734 43089 37
14556 26073 37
40187 43219 37
6580 12922 37
12237 35749 37
22689 42988 37
10216 19446 37
7485 25026 37
11377 36070 37
12385 33920 37
3337 18896 37
16953 29189 37
14037 49763 37
5527 31202 37
31965 32496 37
287 12581 37
23415 29147 37
19933 26973 37
17063 32457 37
5303 20779 37
3333 40011 37
6712 32826 37
14133 16121 37
46760 48615 37
14155 40812 37
27200 27621 37
33097 37189 37
1665 39393 37
25841 28752 37
14348 37190 37
4630 12047 37
29232 46118 37
31740 47295 37
10314 22724 37
924 40990 37
11396 32773 37
36502 37635 37
2198 44294 37
27138 39854 37
5722 40119 37
23132 36732 37
2729 35107 37
11467 32466 37
16915 49062 37
25817 28635 37
19899 21167 37
3753 18616 37
6009 44818 37
20122 42192 37
46971 47387 37
23453 27033 37
41415 49993 37
101 21979 37
3011 14665 37
33620 34921 37
20808 41655 37
15432 16796 37
138 30198 37
30324 39853 37
30335 44521 37
18578 34320 37
4429 38723 37
15532 33416 37
41554 46332 37
4919 39857 37
2991 3449 37
26396 41098 37
1236 17188 37
31047 33403 37
33617 44947 37
31037 39485 37
7305 28249 37
7977 47837 37
21552 39577 37
15320 49693 37
3828 12645 37
11670 42514 37
9869 48215 37
34877 37925 37
6151 6823 37
8093 24776 37
542 23442 37
21707 46807 37
18393 28099 37
4512 4881 37
11983 39645 37
3833 44547 37
26825 27806 37
18604 44342 37
812 2436 37
34461 38207 37
30237 48336 37
37088 38955 37
8463 42746 37
30667 40213 37
15807 21348 37
6259 11011 37
15756 31765 37
42237 48436 37
15893 44050 37
9586 17811 37
26657 44405 37
1991 47113 37
30793 45170 37
42112 43415 37
15963 28934 37
42030 46919 37
2914 37207 37
2893 29784 37
15668 36704 37
2972 42900 37
786 18924 37
16103 48620 37
16027 37136 37
9658 26591 37
15726 17568 37
21325 22283 37
42273 48509 37
1954 33840 37
20970 44911 37
10079 37353 37
29724 46001 37
22327 23887 37
20472 41160 37
14894 36469 37
14835 30135 37
10094 18820 37
29713 36983 37
20506 42462 37
22242 45210 37
14928 15448 37
9306 43988 37
16487 48064 37
40410 42146 37
9254 21620 37
22580 46782 37
33291 46331 37
3934 25486 37
8516 19252 37
18634 38633 37
31278 40490 37
31267 47225 37
3070 12301 37
8477 45698 37
15207 22001 37
40984 42530 37
34946 41144 37
16297 42928 37
9393 25367 37
2066 40498 37
12019 26225 37
4526 33014 37
21923 38176 37
33384 34813 37
40833 47959 37
42884 49144 37
5086 42124 37
9990 32142 37
7901 8227 37
16439 48915 37
9962 41481 37
1852 23323 37
20634 47217 37
31340 35265 37
153 8234 37
20596 44212 37
7262 9068 37
22083 48840 37
10748 13738 37
24648 27071 37
38350 45377 37
27929 30838 37
23962 38614 37
13126 48394 37
13128 33995 37
12591 40855 37
27916 42168 37
12585 24221 37
11223 44746 37
10986 28633 37
19647 37488 37
7067 13185 37
35996 36985 37
19276 25278 37
17709 23508 37
24769 31932 37
38190 44486 37
1442 38794 37
24815 27028 37
12779 29199 37
19316 36288 37
11029 48966 37
23847 26408 37
28513 40592 37
13694 14078 37
38267 48841 37
27873 30975 37
23880 30806 37
11274 16709 37
7651 41469 37
6869 24167 37
24187 42550 37
41 32955 37
276 16903 37
13477 17251 37
27517 36169 37
24162 42822 37
11250 29777 37
17491 39330 37
8325 38911 37
32412 47872 37
11267 26284 37
5871 23901 37
6894 33870 37
24207 36451 37
4689 5023 37
5888 49275 37
28044 30303 37
8811 47466 37
13211 25677 37
8905 18062 37
24048 40083 37
1487 8456 37
19462 31177 37
3674 6650 37
24439 44583 37
8889 44092 37
5182 47412 37
13282 20620 37
8248 36794 37
24469 29824 37
35932 38292 37
3675 44401 37
1499 10688 37
12810 16620 37
12809 27319 37
7569 19032 37
38151 42261 37
6777 15481 37
5813 37145 37
17220 25692 37
33028 44413 37
5284 17562 37
4648 14289 37
1414 47558 37
12819 26406 37
6781 35915 37
19179 32170 37
3593 28078 37
8955 9890 37
7006 25948 37
8717 47948 37
10674 49114 37
418 22537 38
21238 32168 38
2543 14475 38
767 21611 38
2118 41013 38
29910 31108 38
3111 8836 38
42109 43929 38
27005 47274 38
9264 15961 38
11611 25038 38
9327 11305 38
26610 38347 38
9350 41468 38
22506 27800 38
15123 26846 38
29991 41954 38
28203 29616 38
40883 47713 38
9976 12879 38
8819 38994 38
1045 8557 38
12188 34563 38
16387 25726 38
2781 30436 38
36677 47747 38
10903 40517 38
2932 46742 38
33686 40243 38
28148 41800 38
1984 18620 38
32486 43506 38
9562 16727 38
28166 47976 38
2797 26383 38
26982 29936 38
30770 46080 38
10098 27855 38
20440 29398 38
10887 26303 38
24340 36792 38
699 32828 38
20466 45805 38
1806 38295 38
40758 45259 38
30820 32132 38
17834 24384 38
855 5020 38
21126 33149 38
10879 20134 38
877 7645 38
26052 43579 38
22392 24462 38
26131 26723 38
2102 34973 38
40526 43148 38
14807 19518 38
37900 41111 38
3161 49253 38
14993 47344 38
36647 42639 38
3868 27860 38
13059 16374 38
6329 29474 38
3574 8892 38
16054 26282 38
12947 39842 38
19315 37922 38
16062 35015 38
5414 45659 38
17677 25969 38
9804 15521 38
17672 26348 38
17755 22030 38
27784 37036 38
9731 14916 38
15620 38118 38
6310 27529 38
19139 25461 38
11076 17711 38
9713 44191 38
4499 5363 38
25105 45946 38
11918 32471 38
31051 37460 38
11192 16657 38
4507 20676 38
27858 39781 38
42465 44867 38
21408 29337 38
42430 45244 38
26788 35564 38
21532 32736 38
21572 22724 38
20935 26344 38
21575 46678 38
7932 9507 38
10988 14321 38
4831 23895 38
9900 17140 38
452 47961 38
38405 40527 38
5038 34808 38
8278 42383 38
18643 41733 38
9642 22997 38
8808 39013 38
2957 26557 38
8807 12811 38
9534 21411 38
359 47937 38
5598 36131 38
7606 15146 38
24916 45180 38
21990 42444 38
18463 20013 38
8787 45390 38
15336 25988 38
5932 13284 38
18456 34536 38
2593 41393 38
11870 45083 38
27575 48633 38
24635 49955 38
26870 46751 38
15725 47882 38
5785 48712 38
13131 13282 38
5672 32118 38
4394 30051 38
13149 49641 38
6382 42089 38
9402 40004 38
12930 16839 38
9406 14539 38
2745 25789 38
4968 40270 38
10523 35420 38
10672 33043 38
14385 19031 38
2223 13668 38
985 21939 38
18907 24505 38
34050 44236 38
25615 44322 38
3273 17024 38
14339 46781 38
7699 32176 38
34048 48682 38
23767 47209 38
11396 35425 38
19625 36311 38
37630 48224 38
6590 41529 38
909 27480 38
44773 46086 38
43412 43615 38
13539 19033 38
19010 27793 38
22907 26807 38
27262 27554 38
14457 28822 38
6792 9158 38
6678 11325 38
12378 23026 38
14126 44753 38
4845 26508 38
995 47964 38
10421 48802 38
4217 34836 38
10459 30911 38
28518 30296 38
34183 47403 38
50 5967 38
8226 10200 38
16883 19578 38
12430 21147 38
39907 43098 38
16872 17039 38
6697 47517 38
17980 30619 38
6647 10746 38
5525 31728 38
7160 42696 38
23799 25228 38
9074 18774 38
23113 33232 38
6816 21346 38
19989 47884 38
10480 44321 38
17317 34099 38
23094 34286 38
27155 36763 38
29442 45786 38
8610 26739 38
19583 33919 38
10215 21445 38
20315 20427 38
13872 46703 38
6047 37638 38
12243 42586 38
18734 19888 38
22571 37521 38
19589 28755 38
5354 12206 38
10602 43069 38
35190 36372 38
44284 48644 38
28695 47656 38
14647 36434 38
3203 5594 38
19035 20397 38
31575 49556 38
22661 33150 38
275 49698 38
20328 45577 38
10562 26940 38
43220 47191 38
31662 45869 38
25542 48972 38
2758 11685 38
19764 38386 38
340 1832 38
25928 35592 38
24128 31651 38
40177 41817 38
39420 48282 38
27473 39820 38
18929 22639 38
15510 42837 39
28533 47415 39
14102 15784 39
7714 36643 39
37669 38814 39
36072 36323 39
15879 27999 39
30789 38354 39
13847 20027 39
25024 47767 39
36401 44763 39
12877 17764 39
7054 48819 39
4424 17767 39
26436 49258 39
21599 43731 39
28545 33856 39
15914 25859 39
26793 35427 39
3715 31878 39
38152 45211 39
23752 31272 39
9640 47698 39
27349 44316 39
780 7234 39
14024 40941 39
3717 48127 39
13977 46440 39
7358 30454 39
41830 48769 39
30589 42621 39
37700 49412 39
11397 11777 39
1967 8962 39
9641 29416 39
26531 31053 39
30596 46829 39
26565 49929 39
38175 46839 39
21219 33792 39
27805 34329 39
13753 16609 39
14089 38393 39
13911 25308 39
6749 8369 39
25623 33257 39
26491 31049 39
24864 28571 39
30525 46045 39
24869 28259 39
10526 10924 39
36894 48459 39
38105 45254 39
3361 16234 39
25626 26964 39
28747 32663 39
4048 41953 39
7073 41376 39
13504 41424 39
3230 36891 39
24107 40418 39
22766 49711 39
29446 37557 39
3466 47672 39
22823 41424 39
10281 40313 39
5385 15252 39
29887 38409 39
29356 44942 39
14525 32274 39
6591 38282 39
27443 32020 39
26146 43650 39
22453 38485 39
22400 43839 39
28183 28249 39
14750 44587 39
28205 37763 39
3185 11173 39
25296 46722 39
10144 20616 39
12677 46148 39
14758 34704 39
13408 48705 39
27047 36541 39
29754 30907 39
28253 33555 39
160 45463 39
10056 27903 39
29778 35298 39
24369 35231 39
37241 39888 39
6970 47198 39
6354 14315 39
6352 25780 39
9840 11299 39
1059 5101 39
15381 21138 39
30170 46927 39
3558 42899 39
11665 43101 39
23963 31413 39
23966 40123 39
11965 44816 39
21627 30037 39
11053 14891 39
6803 29460 39
995 45158 39
7115 9809 39
13076 33040 39
15399 35079 39
30277 46601 39
39768 41870 39
27105 42578 39
14419 36701 39
7807 43769 39
1713 30251 39
11500 23577 39
7916 44949 39
36555 44942 39
6844 9031 39
15250 44482 39
30109 33536 39
35734 47489 39
5223 45686 39
36723 38784 39
4969 12440 39
10775 46513 39
3445 48707 39
3267 34787 39
14372 49517 39
15227 49658 39
33295 49981 39
671 31062 39
8710 26786 39
43646 46401 39
8961 27175 39
33849 44768 39
45876 48886 39
19762 32430 39
34512 38676 39
30999 32615 39
20058 42941 39
20104 39392 39
5801 37031 39
17169 36190 39
47958 49041 39
31570 44109 39
46839 49639 39
46346 48212 39
18858 32387 39
32309 41103 39
17387 36933 39
17384 37737 39
20702 44315 39
16218 25800 39
2514 28505 39
32287 40666 39
8235 48490 39
18927 41452 39
32282 37242 39
96 18465 39
33109 49997 39
8612 40345 39
5744 8715 39
34407 41930 39
2253 33856 39
5601 34979 39
8955 45545 39
8562 14214 39
17283 36834 39
19000 35114 39
19704 20983 39
18154 43995 39
2495 25611 39
93 2120 39
33204 44341 39
32980 44509 39
9087 11832 39
5983 33386 39
31501 43828 39
19904 47396 39
9050 33794 39
17692 33045 39
5633 36615 39
21069 39811 39
32536 45682 39
64 12838 39
16535 28220 39
8293 9764 39
4828 34043 39
9066 36065 39
9070 33599 39
8282 34013 39
9557 25705 39
16479 48711 39
32547 41599 39
2434 14762 39
9307 46531 39
2298 24960 39
5773 18063 40
19418 28628 40
22732 36810 40
32977 49675 40
9385 48567 40
22771 26763 40
19018 42965 40
5604 40070 40
15195 28012 40
8884 30179 40
16711 17068 40
13451 38761 40
38467 46464 40
22727 25482 40
16769 32556 40
22 32638 40
2361 33971 40
15308 45964 40
9178 27000 40
17621 35205 40
16569 35210 40
2363 41455 40
1888 35196 40
46531 47775 40
27383 47514 40
27923 32701 40
37753 48132 40
27359 47138 40
27350 30122 40
3457 20880 40
27370 32946 40
20711 47418 40
31571 46592 40
2563 21616 40
24981 40269 40
16422 17898 40
4550 38719 40
887 46343 40
24408 47863 40
32770 32816 40
20557 22514 40
6539 25000 40
16644 40501 40
35070 42924 40
27652 45099 40
1837 38775 40
25006 37677 40
24807 25070 40
9992 19143 40
24898 27903 40
3600 8162 40
31545 39390 40
17745 49521 40
17773 44268 40
24430 28448 40
32529 36945 40
5381 43782 40
36137 37302 40
2321 37852 40
12890 16406 40
20371 33883 40
14695 46695 40
28095 31851 40
32507 47749 40
1428 33898 40
13047 16742 40
29992 32529 40
5508 6908 40
14891 31160 40
42801 47307 40
24262 44230 40
24263 30331 40
10137 23963 40
11220 35691 40
19069 40939 40
10852 20503 40
1750 44766 40
14889 26321 40
37880 45996 40
13058 33068 40
38009 39580 40
25088 30664 40
16657 28406 40
35071 43688 40
12816 47332 40
38695 48406 40
7059 43970 40
45377 49930 40
24759 31468 40
1518 47802 40
24305 32075 40
16659 32559 40
34286 41996 40
15097 31625 40
20610 25340 40
26799 35680 40
26802 35903 40
652 15716 40
18278 19345 40
739 26385 40
29107 40511 40
26990 30488 40
14314 45350 40
18231 25380 40
28818 37657 40
18236 49149 40
39171 49120 40
32174 38042 40
18223 40116 40
9471 36599 40
23455 39917 40
33610 45036 40
32151 49321 40
18739 29610 40
3775 25412 40
10668 16684 40
5699 32641 40
9647 46547 40
3366 5232 40
6259 11737 40
26840 29268 40
20063 25950 40
23561 48625 40
8009 19224 40
3291 40512 40
937 39710 40
4974 11241 40
26819 29076 40
23657 28025 40
34717 47910 40
23661 30280 40
26109 28841 40
15629 19225 40
18688 31693 40
4768 46301 40
6636 35493 40
39328 41277 40
13883 43678 40
16911 44451 40
18316 43131 40
18585 21073 40
25658 29310 40
10715 49142 40
8085 43331 40
15874 31363 40
37575 46981 40
11460 25315 40
12258 15553 40
25813 44960 40
2494 22189 40
11860 30726 40
15368 21254 40
7692 13528 40
31727 44408 40
21171 46592 40
4853 48229 40
11422 43469 40
12340 23606 40
30840 45176 40
42556 45296 40
25702 45576 40
10308 21945 40
23341 41903 40
23920 49048 40
2049 34679 40
42561 48546 40
3254 7362 40
10478 43629 40
10723 40521 40
26696 32663 40
100 28396 40
26585 34221 40
15885 34696 40
6789 14317 40
1916 5720 40
6622 47163 40
11738 37997 40
6148 10745 40
30351 30826 40
41410 47391 40
30355 42230 40
10332 47998 40
2914 36956 40
15367 45730 40
11861 28232 40
18524 31362 40
30232 42508 40
11501 17605 40
4143 49798 40
27076 44313 40
11874 40420 40
19658 44182 40
5104 47694 40
1914 2030 40
31060 38186 40
11748 29315 40
23319 35079 40
3529 15030 41
10484 28254 41
40385 42520 41
5990 49038 41
22554 41519 41
10961 42995 41
403 16826 41
16967 17958 41
10124 11288 41
23205 38588 41
13992 20747 41
28816 45681 41
17079 31888 41
24544 34701 41
6733 41164 41
3303 17435 41
14223 39914 41
6708 28881 41
28037 38444 41
13232 16900 41
28871 49236 41
39467 48432 41
24139 38105 41
14382 30538 41
13719 40106 41
29220 42479 41
23858 27281 41
35309 46698 41
19602 27797 41
19732 22606 41
2162 32206 41
13448 25733 41
378 37052 41
2163 4120 41
22971 28706 41
6621 25229 41
28550 48599 41
10842 22350 41
17368 27182 41
4142 39650 41
5263 19310 41
13683 40720 41
13539 22752 41
16816 48629 41
31690 46812 41
23903 44739 41
40081 48465 41
10618 21474 41
14663 49063 41
2730 47260 41
28658 39531 41
45092 47280 41
6542 15554 41
10913 26970 41
35890 44853 41
22602 23910 41
16930 20694 41
10600 35368 41
13279 29633 41
17239 21530 41
23739 40793 41
16873 28106 41
14360 25020 41
7638 42575 41
28204 40746 41
24320 42650 41
8983 43230 41
17493 38002 41
13371 27704 41
18147 23336 41
9450 34107 41
30341 37654 41
9429 16957 41
7961 31271 41
27195 39739 41
12406 22557 41
12248 40576 41
12193 33902 41
6307 29182 41
1286 16958 41
9739 35685 41
42501 42510 41
33207 45744 41
2490 10432 41
36541 44520 41
34779 48820 41
11513 16759 41
2352 34097 41
42708 45298 41
15254 28074 41
1356 40941 41
7936 45310 41
1362 10632 41
4006 18192 41
46071 46453 41
2534 31665 41
3978 8764 41
9853 33308 41
7475 16817 41
34890 40945 41
8622 18528 41
33465 45831 41
33464 40256 41
30691 43609 41
26438 43258 41
2958 45236 41
26833 45128 41
48282 49881 41
5462 36232 41
42236 43960 41
26361 27186 41
21145 35079 41
30775 37116 41
5111 46556 41
42074 44556 41
21154 40643 41
11841 19493 41
21102 41603 41
2002 13714 41
26475 45370 41
8042 21229 41
15827 29504 41
4468 13141 41
36828 46061 41
9497 25807 41
21420 30870 41
42366 47055 41
21431 45636 41
1170 17796 41
20951 36993 41
41705 44875 41
33292 39750 41
8516 27216 41
30983 42760 41
36688 37083 41
2456 31561 41
30613 41980 41
7401 19430 41
11622 19961 41
42346 46640 41
33351 44447 41
29791 49574 41
16385 40435 41
600 6336 41
15028 42868 41
2826 3036 41
9953 47494 41
10001 32655 41
11237 21434 41
1102 40190 41
29759 38251 41
5596 41594 41
11080 44143 41
4340 33824 41
24703 26501 41
6476 17149 41
6452 32444 41
17924 29683 41
3160 26526 41
25022 34092 41
29851 40117 41
25124 34634 41
40789 46136 41
8739 24294 41
24933 33574 41
1410 25859 41
13112 45517 41
22086 35867 41
9968 21369 41
7906 43295 41
5820 7306 41
24648 48374 41
19188 34354 41
20442 23378 41
5794 28478 41
8210 24346 42
23567 34173 42
7273 11043 42
1612 11048 42
594 35374 42
35618 42082 42
362 7436 42
12137 31716 42
33314 46472 42
13266 36284 42
18283 47749 42
1172 5702 42
8821 10525 42
2465 47841 42
3587 9333 42
32726 47503 42
602 32186 42
1466 1804 42
23365 32465 42
26538 45038 42
17643 45828 42
11751 49760 42
27991 43464 42
23432 45384 42
26483 27192 42
45297 47622 42
8804 27283 42
7367 13231 42
4854 45479 42
17033 24901 42
26638 34148 42
14063 34792 42
39582 41775 42
11821 24557 42
27967 35805 42
5028 17427 42
3863 28021 42
13048 13827 42
13219 24125 42
3828 30993 42
9037 11795 42
396 48727 42
4084 4553 42
24729 39084 42
24544 31035 42
206 24617 42
2589 8763 42
24711 44475 42
6841 14560 42
11367 13729 42
17884 24947 42
13581 25857 42
8683 16389 42
5607 26629 42
377 42457 42
25131 40939 42
17337 33316 42
5047 49813 42
6831 49417 42
4001 11231 42
13479 38608 42
7086 23184 42
13495 15064 42
27457 39839 42
1355 1872 42
24240 41099 42
24076 40464 42
12559 21302 42
2355 28647 42
13428 22305 42
38845 47883 42
18999 46990 42
2259 34562 42
25254 46917 42
47329 48033 42
24404 30678 42
556 992 42
11555 46636 42
7221 32630 42
3617 8088 42
23794 38362 42
25927 35310 42
27684 36273 42
6784 18067 42
28607 41133 42
36129 42713 42
2614 29739 42
13789 48040 42
36615 36797 42
23724 30741 42
7547 29301 42
10717 16208 42
1406 12530 42
17307 27166 42
13350 25878 42
25856 28051 42
36555 45810 42
35896 44053 42
3418 30902 42
16169 18340 42
9911 13409 42
14779 23998 42
2070 38685 42
4421 43506 42
1865 29513 42
41395 49666 42
20426 20721 42
41458 44689 42
9463 20883 42
21933 49285 42
2116 12162 42
20659 32852 42
31685 49861 42
30512 37057 42
15018 46092 42
22195 46915 42
15584 37683 42
30998 45614 42
21956 37662 42
39864 43887 42
721 3717 42
470 20635 42
719 9808 42
21813 35967 42
35355 39193 42
16889 26355 42
10368 39673 42
3061 36195 42
20795 43090 42
14816 42916 42
15445 44642 42
30319 31074 42
9313 24078 42
22365 29263 42
22253 47098 42
15413 18387 42
31111 45998 42
20511 33880 42
22105 43537 42
42809 45529 42
22595 40545 42
16978 22763 42
43358 48971 42
20014 44966 42
29992 30760 42
42816 45000 42
16718 24752 42
15116 39131 42
7828 39255 42
21996 33183 42
15690 29369 42
5316 7124 42
16046 16519 42
28992 43620 42
6663 25492 42
14671 24020 42
30616 33309 42
35330 38157 42
9196 40315 42
16073 20630 42
40123 45997 42
12974 14445 43
1837 17329 43
22137 39827 43
12975 22838 43
22083 40209 43
42934 44717 43
843 44676 43
3610 27540 43
20583 35185 43
11123 19676 43
32817 45643 43
24963 29252 43
13264 25623 43
16619 41874 43
31527 44909 43
45145 46187 43
20375 36319 43
4091 35311 43
19447 25892 43
17561 23759 43
35207 48870 43
14606 27768 43
1761 11539 43
4672 39860 43
24210 45584 43
6565 28306 43
8852 16474 43
3497 24180 43
14861 46929 43
20442 33606 43
7584 8937 43
13028 26631 43
14931 35085 43
27886 48812 43
13033 14317 43
14751 33820 43
14766 17823 43
5625 47181 43
30448 37018 43
11579 34605 43
1267 6034 43
34526 43603 43
15652 19646 43
18156 26699 43
33727 46299 43
5149 27189 43
1984 40414 43
4903 14701 43
21218 45179 43
1227 16177 43
26753 49845 43
8414 21692 43
30750 36084 43
8470 29715 43
34551 44278 43
33411 37619 43
9513 43061 43
21340 49442 43
26234 26260 43
8398 40147 43
2959 4401 43
33427 37990 43
18153 26613 43
5124 31048 43
18401 34320 43
17959 27606 43
34942 42569 43
34935 35735 43
27415 46826 43
7500 45268 43
25377 28611 43
12619 21908 43
31249 31369 43
17972 39714 43
12752 12823 43
11218 37413 43
32866 43915 43
431 9890 43
27588 28241 43
45970 47654 43
25258 44373 43
22008 35448 43
2827 45435 43
5049 34405 43
17907 21950 43
22030 33857 43
18898 39703 43
33127 35272 43
34461 49591 43
25740 38067 43
7177 33659 43
1905 16984 43
11453 20894 43
5176 7536 43
25501 45561 43
20723 41169 43
1349 46577 43
25529 47678 43
33808 39832 43
9849 47716 43
41236 46297 43
4743 20245 43
439 2945 43
34870 43666 43
17239 48002 43
14222 21463 43
28313 36623 43
23013 40592 43
17398 32159 43
20057 29806 43
9021 26309 43
23210 46107 43
2198 31260 43
2163 9632 43
34220 34675 43
3296 11862 43
4987 28362 43
31994 36158 43
10299 11775 43
19640 49934 43
35360 38342 43
669 39888 43
28385 39662 43
22851 44683 43
13591 16863 43
13861 21457 43
6768 11203 43
28729 45546 43
23029 49214 43
494 1803 43
28710 34363 43
19631 38851 43
32047 43172 43
634 49460 43
10335 21993 43
28496 48669 43
43906 44257 43
16836 29145 43
7691 13891 43
2653 39115 43
17430 31819 43
10468 33207 43
23409 46260 43
5552 43905 43
40018 48028 43
35827 38255 43
28827 34374 43
29098 40866 44
18016 36842 44
31150 35465 44
7030 10818 44
12484 25832 44
25060 26200 44
20597 28470 44
2558 46887 44
2507 32429 44
2678 11434 44
18952 43175 44
932 35841 44
28629 41494 44
4035 8156 44
2224 43904 44
1859 2096 44
23764 27566 44
31765 39158 44
11217 37282 44
6401 19325 44
9364 11106 44
32908 35456 44
39160 46889 44
28545 38940 44
34405 44679 44
29169 36095 44
2338 32409 44
15162 47822 44
25209 37439 44
42722 42969 44
25437 43668 44
23720 38203 44
17225 22358 44
39221 43472 44
19134 28681 44
21884 22236 44
9907 14600 44
15105 30239 44
11197 18118 44
37724 45628 44
48314 48374 44
35517 47786 44
26265 27776 44
14007 43302 44
1634 22956 44
18590 35840 44
2953 42974 44
2181 12547 44
2408 5754 44
1201 34156 44
15888 38169 44
31905 35214 44
7359 36179 44
36877 39571 44
15929 28100 44
18499 28900 44
34591 41307 44
4784 28026 44
15975 32364 44
11915 16823 44
35451 49037 44
4910 22367 44
23345 28090 44
30712 49270 44
1196 36754 44
31081 40229 44
3292 48668 44
18179 32774 44
6749 13373 44
25684 47770 44
10398 34343 44
7239 16982 44
47590 49754 44
12176 35849 44
18721 42039 44
27013 29229 44
18768 28133 44
23146 32631 44
41526 43549 44
41527 48099 44
21530 43077 44
25988 36188 44
8526 43346 44
23158 31961 44
20899 25264 44
44258 49320 44
8808 13406 44
14501 40777 44
6939 13455 44
24702 35319 44
8279 49261 44
29723 34608 44
14752 24716 44
29268 43663 44
258 4597 44
38657 43433 44
9167 14918 44
10194 33762 44
20281 22502 44
3201 18953 44
22244 42657 44
31712 33992 44
35069 47511 44
862 23073 44
36058 41071 44
19300 47902 44
28076 46234 44
31682 46083 44
24484 44396 44
259 11270 44
625 16654 44
29775 39938 44
16597 40788 44
14887 48697 44
38977 43429 44
12977 16527 44
6532 40201 44
5883 19534 44
8919 21791 44
17546 19066 44
22263 35255 44
10298 34132 44
5341 47434 44
43306 46956 44
7562 49645 44
35814 42603 44
8161 32091 44
27730 44414 44
13386 46028 44
16679 42037 44
19346 32386 44
3496 49870 44
4112 49974 44
1760 41430 44
22681 36396 44
13410 30504 44
19619 25185 45
43203 46345 45
4181 41996 45
12402 38559 45
39316 46283 45
11448 22417 45
10282 37404 45
18859 33082 45
39814 49111 45
18156 23848 45
24606 48715 45
43163 46997 45
24606 42273 45
872 41606 45
18813 37331 45
14489 39154 45
28012 28666 45
5837 33549 45
25955 33668 45
5998 15825 45
12234 41826 45
13888 46587 45
38378 43639 45
5844 37054 45
29069 40069 45
138 39849 45
34126 39226 45
44725 45910 45
10584 42456 45
44886 45973 45
4624 49417 45
2713 31292 45
6559 14686 45
30855 31812 45
15997 30882 45
11694 22637 45
21233 26835 45
1640 39641 45
8866 48174 45
3876 23611 45
35822 36915 45
8421 26602 45
26619 49426 45
617 47362 45
42127 47783 45
33568 36350 45
38772 39986 45
26550 47478 45
24244 30002 45
30761 46803 45
11605 30206 45
3920 34659 45
5011 49825 45
12092 32008 45
15612 20202 45
28057 42814 45
8065 41076 45
2026 38834 45
8064 22208 45
1510 5730 45
44055 44787 45
10906 49947 45
24413 25636 45
16040 45360 45
18647 36380 45
8837 25217 45
24402 38492 45
1872 41495 45
21885 41936 45
8333 49440 45
14327 40779 45
31435 38100 45
4390 38130 45
2737 25528 45
3138 13530 45
30085 42481 45
715 4935 45
13026 21229 45
18959 47208 45
672 32997 45
15081 26879 45
19679 48635 45
31444 45719 45
16513 47640 45
6432 25688 45
36212 45746 45
8697 32695 45
14892 32303 45
19047 35125 45
3663 8479 45
11274 23495 45
22033 36591 45
15136 28916 45
2810 7257 45
37881 38234 45
2226 5926 45
15169 40784 45
3582 34676 45
27848 42438 45
1588 1615 45
1853 34195 45
1071 40263 45
19751 29718 45
14355 29652 45
6640 31503 45
41273 42604 45
24012 31946 45
27666 32881 45
35002 49740 45
45639 46430 45
2367 22354 45
18073 25153 45
31833 36038 45
31131 47748 45
6756 38984 45
18112 18322 45
18878 49683 45
1556 22720 45
20450 47688 45
12437 14444 45
3146 46464 45
31449 33041 45
15320 20106 45
143 24095 45
17346 42357 45
14308 48091 45
16818 20797 45
15077 44386 46
13738 23715 46
14952 32624 46
17079 27252 46
11802 43512 46
11844 34464 46
1986 20418 46
12766 17877 46
17836 39606 46
13465 20079 46
22138 42589 46
18439 40695 46
22614 29158 46
5446 19365 46
48437 49200 46
5531 45669 46
38650 49968 46
7304 11400 46
14620 37025 46
11912 17732 46
2335 49192 46
3282 13125 46
7203 26229 46
19799 29659 46
20849 34314 46
19621 35404 46
12300 41576 46
2604 4833 46
6748 26159 46
41240 44353 46
43109 47312 46
22834 26369 46
1609 47616 46
18847 21918 46
20775 25776 46
25835 44339 46
39290 40423 46
2798 3183 46
23594 41481 46
3244 42223 46
14853 23769 46
15359 35103 46
23452 44915 46
2464 35350 46
23473 46050 46
2463 28709 46
6627 39256 46
21990 43364 46
20157 25911 46
5816 28234 46
21482 35799 46
3529 42624 46
37750 43259 46
145 15805 46
2396 13142 46
15644 30123 46
14213 24118 46
6828 12934 46
6530 38517 46
13015 21363 46
4563 24382 46
30845 41374 46
10270 40824 46
8994 23126 46
4079 17735 46
29191 40448 46
10345 36630 46
9018 30863 46
30719 31468 46
34651 38094 46
10243 37827 46
719 6164 46
9398 43722 46
11047 31848 46
725 12797 46
11703 49115 46
4517 27866 46
32260 35304 46
401 17668 46
5032 7978 46
8870 36480 46
10630 48077 46
32454 47376 46
970 38710 46
35594 46495 46
26956 33231 46
1058 34005 46
36428 37586 46
27239 28940 46
34977 46958 46
10902 29153 46
27103 40549 46
4351 21555 46
4374 42369 46
486 8969 46
29933 32737 46
7947 37082 46
4816 18771 46
11328 40413 46
30139 46324 46
3995 21225 46
652 13304 46
519 668 46
29626 43476 46
32778 45224 46
28252 46869 46
38241 49689 47
4105 43259 47
5555 12618 47
13042 26519 47
38272 42290 47
13276 13334 47
28092 40837 47
13192 30477 47
10975 28899 47
24465 30775 47
19879 35829 47
1047 45311 47
4073 6507 47
9074 16608 47
34109 49685 47
494 21510 47
1465 30537 47
13312 42883 47
31938 32120 47
12501 45854 47
8727 18321 47
4717 34303 47
5815 11789 47
3689 31026 47
25415 33293 47
12558 34494 47
1302 13376 47
18057 35724 47
8341 38526 47
12344 14390 47
27808 45029 47
17664 47835 47
19381 48801 47
3999 46421 47
25177 37432 47
5356 44700 47
4285 15535 47
22498 34554 47
6192 37954 47
5329 25329 47
16058 16658 47
22938 28766 47
22835 35976 47
15442 46385 47
15102 32656 47
4396 43967 47
30227 32941 47
15210 43821 47
22316 35434 47
29736 33176 47
871 44847 47
15670 25506 47
6445 15508 47
9996 28159 47
30376 48381 47
29842 44274 47
5000 42178 47
9227 43494 47
23909 48931 47
31630 36601 47
3384 16924 47
31542 43444 47
7704 11860 47
13812 30174 47
8177 40155 47
16860 46814 47
16859 17522 47
28265 45632 47
670 25628 47
43705 47851 47
13609 32058 47
13615 31095 47
4139 6107 47
10769 42141 47
28448 48600 47
1554 5602 47
2047 22102 47
4509 37976 47
9401 26752 47
14168 49424 47
4243 17742 47
23062 44685 47
3369 12107 47
31274 36904 47
7745 25763 47
37067 48397 47
26917 44351 47
18244 42655 47
33706 36643 47
36690 43769 47
5622 35372 47
12012 41044 47
8519 20588 47
8587 43922 47
11787 47472 47
33430 38466 47
12108 36134 47
33126 37987 47
26058 47956 47
11645 45313 47
26599 40147 47
8560 40761 47
18893 36809 47
15505 46945 48
19582 43947 48
17799 19287 48
5485 7581 48
15183 37952 48
17810 28684 48
36873 43041 48
1936 17851 48
37610 47442 48
16697 32930 48
10728 46358 48
6043 27755 48
222 35468 48
14921 20036 48
26171 45075 48
3365 40458 48
5343 24815 48
17822 28359 48
35678 42553 48
20316 32843 48
12005 45667 48
5711 36020 48
5594 37217 48
24627 45396 48
21483 23510 48
26744 42666 48
5583 31544 48
9938 47355 48
38218 46334 48
20442 40756 48
22685 36685 48
20686 39237 48
979 16949 48
11346 21520 48
1061 8534 48
9736 34888 48
17765 18190 48
31511 38410 48
22714 26184 48
28584 35727 48
11332 40195 48
2575 7263 48
21007 38657 48
14012 43691 48
21073 47628 48
29723 43888 48
6495 47862 48
20186 32981 48
10340 31735 48
20984 47147 48
16009 18032 48
13488 20465 48
16395 45863 48
2357 32042 48
16856 21475 48
35778 36617 48
921 41786 48
12289 45652 48
30730 34984 48
7799 29671 48
22088 35788 48
41657 45010 48
14464 43335 48
25128 31589 48
23946 39284 48
21027 25586 48
25955 36862 48
10766 35962 48
13283 30113 48
9496 15010 48
13586 19605 48
24215 24746 48
35332 45225 48
28241 37600 48
21438 32006 48
4029 46115 49
42864 45528 49
36176 45248 49
4550 30568 49
7040 24130 49
14672 33053 49
31385 33567 49
4803 46504 49
9993 16282 49
8871 19930 49
12846 33257 49
45064 46223 49
7910 27086 49
25096 36616 49
26366 27483 49
26604 34749 49
11174 36769 49
6087 15742 49
10921 39898 49
10925 20922 49
9667 17020 49
9667 36897 49
867 7791 49
2688 16390 49
10738 35209 49
2762 26365 49
653 27222 49
23970 48964 49
17119 42879 49
6876 28836 49
24225 46622 49
1184 5891 49
38720 43726 49
19981 37645 49
35883 44789 49
6490 30476 49
10090 46199 49
20129 35856 49
33320 46978 49
7856 16626 49
20429 28073 49
24867 26349 49
15009 38992 49
7001 22445 49
21544 37330 49
16688 43914 49
27948 28405 49
20305 47960 49
29830 48940 49
8962 34872 49
4649 47842 49
18278 38380 49
15332 31332 49
31249 35179 49
29202 41276 49
21996 39607 49
19023 48210 49
9399 15339 49
37800 43906 49
30011 49814 49
21917 24826 49
14594 30828 49
23021 47362 49
35354 45015 49
29429 46267 49
1739 5932 49
9939 22010 49
4935 38617 49
15878 26198 49
8701 28844 49
32705 43976 49
42372 46331 49
20696 42823 49
37270 43128 49
9417 28026 49
41202 44550 49
33625 39250 49
29319 44838 49
32544 48768 49
32539 41716 49
137 31323 49
22870 35438 49
21973 34942 49
7483 16532 49
36566 47826 49
16390 19770 49
5741 6488 49
29326 35033 49
39562 49253 49
40252 41051 49
12506 38660 49
15290 35830 49
5118 5492 49
3636 27873 49
5927 16496 50
34500 42485 50
650 1508 50
21117 45157 50
1247 13396 50
7928 39286 50
15187 33550 50
26181 34432 50
14263 33843 50
24539 32962 50
25580 41438 50
40598 42566 50
38843 42717 50
1152 18731 50
1302 22232 50
21843 36758 50
10845 13814 50
18926 20709 50
38772 39058 50
30905 48040 50
2721 26137 50
15618 46618 50
8404 21683 50
13623 27663 50
8655 14986 50
24038 36494 50
16833 42904 50
17964 32192 50
2745 22153 50
20933 47272 50
47446 49494 50
2368 49878 50
16298 43016 50
17687 21110 50
136 15393 50
47838 49229 50
15788 32998 50
10491 11179 50
9795 44611 50
15132 40842 50
28638 43610 50
18819 42252 50
44641 44855 50
4459 24563 50
28826 30210 50
14657 29215 50
402 34490 50
7100 37259 50
39528 42966 50
6138 31294 50
9748 14307 50
41991 46737 50
28721 49290 50
35206 49843 50
22138 33595 50
4990 32144 50
9750 47442 50
14031 17780 50
1080 11942 50
15454 40672 50
42530 47485 50
27375 47288 50
33980 43756 50
9224 45983 50
28544 41039 50
15477 35610 50
8731 42352 50
19439 31619 50
20615 49071 50
30658 37254 50
14003 31598 50
7923 26490 50
10297 24084 51
47349 48082 51
33636 35574 51
16900 35644 51
38835 42034 51
1721 38028 51
1623 7036 51
10295 12471 51
23563 35332 51
20560 31611 51
16025 32741 51
23410 24483 51
31398 40807 51
31027 35315 51
42567 44424 51
20726 38765 51
21145 23997 51
23267 29823 51
3428 5182 51
39154 49353 51
23841 49032 51
31644 47625 51
22731 25164 51
21169 34230 51
6538 11340 51
4176 48548 51
22565 25894 51
6761 47050 51
5265 13120 51
5655 14033 51
37666 39347 51
6920 8400 51
9718 31296 51
17788 39885 51
24373 27428 51
3632 4166 51
26199 48095 51
22268 40974 51
13106 43726 51
24637 38661 51
11262 47529 51
17669 48405 51
29952 37926 51
3992 34874 51
17743 31037 51
33235 49078 51
8339 26520 51
30134 45617 51
15249 43652 51
16955 24490 51
33817 49413 51
28147 39648 51
27189 30041 51
19080 34981 51
3620 40888 51
24350 32126 51
26950 35322 51
12828 20786 51
24891 49805 51
24367 43942 51
27843 45735 51
25928 46477 51
18235 28822 51
16495 25639 52
22159 43906 52
22059 38352 52
29973 34708 52
46858 47842 52
38052 48398 52
7541 42382 52
19542 31105 52
17463 35525 52
30364 46286 52
11198 23208 52
25754 35361 52
10390 19486 52
16146 18528 52
19139 43139 52
21755 30414 52
19099 39411 52
25913 48672 52
22822 44033 52
7936 35871 52
6385 12013 52
27142 30774 52
7921 20842 52
19306 41152 52
16295 34755 52
37015 45949 52
14149 35123 52
22671 42448 52
25351 44793 52
27464 31088 52
27296 48450 52
9580 36584 52
16155 22839 52
16175 16750 52
27376 29325 52
23182 27971 52
30031 47193 52
8742 27157 52
41308 47479 52
9060 33273 52
23830 38871 52
10897 21955 52
24057 25809 52
7868 49610 52
31780 37920 52
21309 34752 52
9200 13412 52
21443 35535 52
13633 34258 52
16728 23947 52
27961 31447 52
3517 22648 52
30627 42458 52
2980 19570 52
35903 44022 52
7696 34987 52
40647 47896 52
2697 46053 52
536 15131 52
16546 21951 52
33726 43206 52
539 5808 52
13847 47715 52
34184 46441 52
670 15523 52
4459 41027 52
13432 35705 52
20433 31959 52
11850 20881 52
30652 35839 52
13268 16430 53
919 13230 53
18055 35793 53
7306 8554 53
17793 30288 53
28259 42297 53
11458 23077 53
17973 40796 53
22795 35365 53
22925 29975 53
15687 27434 53
36496 42497 53
17966 21867 53
25800 31701 53
21786 43340 53
16990 32902 53
6886 34667 53
37126 41985 53
15309 39433 53
34203 37894 53
33278 36935 53
16153 37678 53
8337 17469 53
27239 31257 53
10909 34436 53
12276 46132 53
10321 14645 53
22421 43329 53
17879 40139 53
38809 38859 53
9632 17262 53
7541 15377 53
32217 47910 53
24746 38906 53
12794 13176 53
267 36249 53
21180 35363 53
24694 28504 53
22530 39867 53
9281 40822 53
7252 39547 53
3601 34839 53
17407 46168 53
33678 34808 53
10579 18661 53
8768 10291 53
14118 49212 53
16705 44627 53
4149 33152 53
23251 35342 53
17165 47956 53
12081 30315 53
6305 27977 53
26985 41434 53
14815 39293 54
41181 48748 54
41016 45476 54
15450 27341 54
4271 16651 54
6364 21708 54
40272 44327 54
21685 26905 54
22424 41050 54
22386 35623 54
6566 24438 54
22700 46808 54
33503 35163 54
40257 46247 54
30750 46371 54
19477 21042 54
27577 34188 54
13637 21286 54
682 26237 54
5570 33684 54
28420 33215 54
16687 26457 54
28485 37613 54
43342 45316 54
12138 35551 54
10607 49400 54
4176 22979 54
2798 6173 54
38298 43993 54
13344 20925 54
35875 46548 54
9022 36684 54
32055 42010 54
13153 15178 54
20158 40422 54
1432 10875 54
5206 27335 54
17419 31306 54
361 29543 54
11055 19397 54
32230 32319 54
8941 40412 54
16957 18588 54
4233 32606 54
23262 40486 54
11417 14494 54
28912 36163 54
42308 46201 54
16033 26170 54
33084 41696 54
6189 44404 54
16028 25728 54
11538 16648 54
36503 45149 54
18368 22147 54
26453 39889 54
14353 43679 54
42725 48283 54
8748 19746 54
961 1979 54
1636 5579 54
39604 44856 54
14019 23771 54
6719 37162 54
5183 11155 55
2223 34786 55
44650 49475 55
24689 38421 55
27884 39684 55
40767 45400 55
29844 47134 55
27398 35012 55
10035 39858 55
9879 23796 55
5753 13476 55
14949 27666 55
44430 47989 55
40871 44200 55
15061 17646 55
27211 48835 55
30374 31455 55
12420 28369 55
38042 42264 55
30252 39502 55
11389 18112 55
8703 13450 55
27238 44261 55
12792 31983 55
15100 16697 55
11263 14910 55
7453 12098 55
24939 25212 55
6785 24082 55
20350 39586 55
2406 38645 55
6822 39370 55
29377 48996 55
34500 40557 55
15737 41684 55
21114 29668 55
34384 41493 55
7734 48905 55
1634 37312 55
16242 20843 55
35228 44052 55
15829 25551 55
6739 32511 55
35588 40890 55
19894 26985 55
22895 23548 55
26201 34576 55
20898 40778 55
39908 40732 55
9159 19770 55
13499 37396 55
29142 39125 55
32769 40547 56
30180 39723 56
34480 44549 56
3046 26305 56
4916 19043 56
20206 41241 56
15629 38805 56
33504 40530 56
33135 37208 56
9226 16180 56
43249 43457 56
19352 33792 56
19433 43092 56
20381 33563 56
31502 47342 56
12061 23020 56
1798 5811 56
3148 13357 56
35707 39039 56
22476 47162 56
236 16384 56
5100 6342 56
24291 40255 56
39706 42620 56
1689 41923 56
14266 20200 56
22976 33028 56
23018 25539 56
39418 49705 56
28735 38839 56
23346 46788 56
12543 16255 56
38410 47367 56
27994 28256 56
15195 33268 56
24782 42518 56
13184 16346 56
6253 38604 57
16226 36526 57
15991 44578 57
41845 49771 57
1899 11120 57
31986 38658 57
14026 35505 57
27015 31220 57
23349 23503 57
6983 33214 57
1287 22586 57
35514 47194 57
17798 33100 57
35245 37968 57
33887 34049 57
12591 17567 57
10188 28880 57
16478 38748 57
18127 24213 57
12464 48236 57
16498 30390 57
8209 44594 57
21680 35039 57
20871 35613 57
2708 31084 57
3286 26248 57
5762 29381 57
16920 29870 57
28175 47216 57
41337 49547 57
28163 48104 57
16668 43300 57
32874 48153 57
8812 17598 57
1430 44167 57
7777 43774 57
29718 35684 57
38366 40926 58
39855 49012 58
37618 48169 58
24405 49155 58
24396 41620 58
24434 34065 58
34057 47089 58
7016 30834 58
1514 30604 58
9081 16939 58
9137 11096 58
36055 37180 58
23512 30385 58
20547 24427 58
25413 33980 58
34294 45437 58
6788 12135 58
10612 34172 58
9270 11103 58
10161 17371 58
2923 16572 58
21238 23908 58
33501 38807 58
9573 19281 58
15762 43525 58
11549 15277 58
21723 40612 58
33179 44164 58
27060 42947 58
11783 29804 58
10070 41582 58
2977 46384 58
5118 6603 58
22299 43347 58
11899 47784 58
9619 22837 58
9294 23266 59
6769 41928 59
13895 38284 59
17709 35443 59
1269 29551 59
34658 41562 59
23661 38877 59
29560 40204 59
3846 7747 59
15470 40508 59
29951 47514 59
5044 9236 59
6036 17985 59
16865 46262 59
37120 38769 59
21482 44846 59
8011 34949 59
16936 36832 59
44923 49959 59
1787 41899 59
17164 18095 59
12265 40034 59
3039 9449 59
32240 38427 59
2233 37311 59
11464 41866 59
37425 40332 59
12309 27815 59
33835 40183 59
34543 45224 59
6383 47171 59
32883 49653 59
23419 27984 59
9937 15617 59
24369 36721 59
19661 46397 59
31951 43904 59
20068 28956 60
2655 4028 60
18334 30272 60
19849 27509 60
26412 42790 60
26424 37793 60
35872 43627 60
8891 48363 60
22224 36558 60
25504 30161 60
25985 46455 60
7488 24969 60
13858 41139 60
119 24268 60
43004 49387 60
20954 25717 60
17927 49032 60
16294 45506 60
40091 41688 60
10315 18546 60
5088 48392 60
5508 42104 60
10136 14465 60
8834 24951 61
12012 49117 61
4718 37777 61
26859 45062 61
19112 38169 61
5104 8975 61
27776 31626 61
4828 38776 61
27793 39694 61
17395 25710 61
4008 17130 61
8533 11322 61
33262 38036 61
20576 24940 61
23065 27419 61
740 31836 61
16721 43924 61
31788 49742 61
6020 18207 61
4991 16359 61
35109 38290 61
21875 27741 61
9969 12871 61
21688 48193 61
22058 35883 61
29532 36233 61
30686 49953 61
20085 26854 61
24638 49366 61
17161 24524 61
10929 43103 61
2199 11856 61
9009 33925 62
2708 24645 62
1178 11199 62
22318 43296 62
16331 18977 62
17812 44972 62
14568 33256 62
1440 25433 62
1294 35925 62
8363 37834 62
4722 10604 62
14217 18592 62
3930 45611 62
27130 44670 62
8028 8943 62
25758 28146 62
23118 34290 62
17127 42394 62
20283 41814 62
11865 14373 62
6779 25904 62
22060 39015 62
30146 42651 62
15370 31210 62
20221 48273 62
26583 34501 62
11039 26208 62
44840 47094 62
14970 46203 63
5112 12677 63
33555 38184 63
822 41585 63
12195 43872 63
15686 48928 63
15477 44806 63
451 17559 63
18374 47071 63
797 33770 63
5669 43821 63
44433 48037 63
10014 25012 63
37767 44409 63
8719 38845 63
34434 34922 63
375 33202 63
13943 24473 63
9083 31933 63
37734 46417 63
5803 9611 63
9166 32615 63
37972 40748 63
20107 44825 63
5877 20637 63
28123 42259 63
12387 45350 63
31084 36972 63
30885 38721 63
5333 13783 63
8696 29550 63
14181 31653 63
149 15967 64
30922 49076 64
28855 41781 64
28495 30674 64
20143 22044 64
38878 41449 64
27275 43435 64
20538 21968 64
31405 36102 64
31866 44772 64
1387 12514 64
841 32791 64
40921 46185 64
23728 29174 64
23053 39223 64
12799 34399 64
7176 38268 64
10329 42875 64
11313 46114 64
16638 26881 64
16034 31942 64
15342 33262 64
3039 27641 64
9128 22868 64
7334 21497 64
22044 35994 65
23362 25460 65
14178 40388 65
20247 26677 65
15839 41120 65
2117 9017 65
16361 18745 65
28121 34815 65
28667 37340 65
5149 16363 65
31828 43064 65
13231 19783 65
32088 45081 65
13989 19721 65
32019 42528 65
25613 41049 65
1393 15343 65
18014 33670 65
18623 35919 65
17961 26049 65
19987 44170 66
32761 42585 66
1305 45346 66
3324 33936 66
40769 45558 66
19691 41548 66
6108 8513 66
15674 48400 66
37433 43200 66
36446 38111 66
16619 36687 66
16611 25285 66
15191 40236 66
11215 33106 66
25528 40316 66
39978 46989 66
3522 44480 66
13159 40575 66
12844 47664 66
2299 41435 66
14987 36705 67
11409 26233 67
31585 44072 67
20558 43443 67
12796 19632 67
18273 29816 67
2036 34112 67
10601 35537 67
34067 43649 67
36236 43843 67
15622 29744 67
33692 38880 67
21567 39870 67
38859 43881 67
25537 31813 67
23125 38445 67
18770 27320 67
9160 14817 67
31183 41531 68
3460 19326 68
42459 49696 68
27119 43031 68
17058 20944 68
45899 46535 68
40933 46942 68
32010 36455 68
5072 20002 68
4640 18251 68
25096 34680 69
24005 46137 69
16113 19737 69
28471 49572 69
26784 28477 69
26703 33305 69
13195 35769 69
9436 44514 69
31459 37439 69
27047 45250 69
18059 49867 69
35982 44010 69
36381 48741 69
36970 38560 69
8031 14094 69
19344 34082 69
16291 19714 69
10394 48369 70
3016 42777 70
25838 26449 70
21764 24753 70
11471 20259 70
19259 48223 70
115 13578 70
16819 37807 70
19735 26821 70
11074 38338 70
17215 33791 71
8129 15533 71
26486 39453 71
4558 31569 71
31424 45880 71
11815 31866 71
46994 49523 71
8760 31010 71
13684 20586 71
212 28539 71
25521 40790 71
4693 6321 71
31749 38898 71
16206 48851 71
28549 36952 71
2737 24766 72
4321 16812 72
11916 18886 72
29974 46114 72
6927 45507 72
18257 38023 72
15670 34577 72
18613 49083 72
34285 38976 72
34285 47070 72
2182 12894 73
4380 30398 73
26128 42596 73
31444 35324 73
7359 46191 73
43145 44659 73
31237 36382 74
14217 19331 74
28122 49747 74
3182 18362 74
25920 40627 74
33372 36237 74
705 9494 74
28049 34194 74
25967 34856 74
13617 17937 75
8133 34700 75
39188 49249 75
220 32853 75
30502 46242 75
33437 39673 75
7411 37869 75
18990 33353 75
22458 31217 75
4284 38283 75
14744 25107 75
14925 45523 75
22359 23655 75
5760 16360 76
45143 45913 76
40778 47519 76
41535 44348 77
1355 45043 77
6725 30408 78
28403 42363 78
10095 12212 78
899 49169 78
3977 10007 78
1971 17293 78
22776 38754 78
5968 14928 78
13775 38615 78
36442 43112 79
12094 22029 79
11360 24705 79
1775 37821 79
27980 33649 79
3012 46635 80
21305 28562 80
24462 38305 80
13846 18895 80
4768 19131 81
259 35480 81
18992 35642 81
30820 39466 81
146 25891 81
48062 49242 81
19388 37903 82
34012 49367 82
8371 26287 82
11756 30432 82
27256 40324 82
32306 33578 83
29738 39099 83
24634 46771 83
470 48222 84
23592 45697 84
36592 41719 84
28298 29619 84
35697 39978 84
40070 42573 85
44525 46414 85
30656 45783 85
32824 40284 85
26302 47115 85
11621 47459 85
14770 46321 86
20486 21057 86
19992 40417 87
12574 29057 87
26774 34757 88
33426 41224 88
11090 42846 88
18357 34347 88
24400 33834 89
30083 49522 89
21275 31179 91
1450 18725 91
22658 22902 91
26015 49482 92
26990 47419 93
34081 46594 94
7719 17722 94
34637 38497 94
33921 42714 97
12783 21112 97
30048 37495 98
10877 17280 98

Total MST weight: 764914

Execution Time: 103.804 ms
