Algorithm: Kruskal's MST

MST edges:
2979 9448 1
16 455 1
2623 6137 1
826 5304 1
5833 6007 1
7376 7589 1
5824 7340 1
839 8354 1
274 4445 1
5803 8305 1
147 3409 1
862 1872 1
3455 7719 1
5759 8541 1
2983 3407 1
4717 5946 1
793 1146 1
4724 7359 1
892 6885 1
2975 5054 1
1647 1818 1
266 682 1
5672 6179 1
924 935 1
262 3857 1
1636 6312 1
1636 1978 1
1630 1830 1
932 2725 1
5628 5630 1
1616 5466 1
736 747 1
682 985 1
685 4993 1
6128 8137 1
6114 7944 1
6083 8919 1
1902 2723 1
299 975 1
719 759 1
4457 4661 1
1887 5835 1
6047 6334 1
127 3008 1
2563 7043 1
3067 3667 1
942 1479 1
13 788 1
131 2143 1
4554 8940 1
741 6266 1
1772 7139 1
6020 6410 1
1766 8020 1
758 1876 1
9293 9661 1
15 396 1
8043 8331 1
8036 8643 1
4629 6783 1
784 9792 1
7625 9303 1
1472 3526 1
5328 7592 1
1137 4143 1
1150 1656 1
1451 4845 1
1160 1445 1
2856 5339 1
5298 6115 1
4940 8429 1
5270 9051 1
1185 2834 1
1442 3154 1
5264 9730 1
4967 5042 1
5247 8416 1
5361 7839 1
2725 7415 1
3567 5071 1
5002 5769 1
2833 4186 1
192 2058 1
5024 6638 1
1224 5150 1
1354 6869 1
3628 6269 1
5058 5646 1
3579 5089 1
1338 4597 1
1323 1402 1
5153 7580 1
1551 9632 1
5611 7649 1
2648 4309 1
3486 9025 1
960 2733 1
967 3484 1
974 3876 1
5567 7882 1
160 7725 1
979 7032 1
4800 7578 1
1565 2349 1
9090 9555 1
166 2122 1
2921 9477 1
374 3767 1
1532 3078 1
5442 7792 1
2901 5047 1
24 342 1
1524 5782 1
4871 6302 1
1062 6064 1
1069 1249 1
3691 5945 1
1076 2488 1
1509 5355 1
1499 9505 1
234 3344 1
1098 4890 1
3293 5321 1
3332 8479 1
3228 8877 1
6703 8713 1
4248 4520 1
4251 7883 1
6722 6799 1
350 626 1
461 9552 1
7162 9671 1
7 2020 1
7074 7157 1
76 3396 1
9446 9846 1
4036 6159 1
3290 5609 1
6366 7209 1
8670 9049 1
2026 3943 1
6834 9457 1
426 2379 1
105 9040 1
6294 6421 1
2349 7915 1
481 659 1
3937 8543 1
2239 6340 1
3209 9408 1
81 9319 1
487 6612 1
2211 6298 1
3321 6872 1
4155 8531 1
3190 8507 1
4098 9247 1
2160 4898 1
2346 8119 1
6607 9372 1
337 8400 1
509 1912 1
3908 3914 1
2138 4305 1
6 8 1
3181 4550 1
529 6822 1
2469 4440 1
2280 3462 1
532 7866 1
660 9652 1
411 1067 1
2359 7617 1
636 5330 1
2369 5043 1
3117 4213 1
4373 5776 1
647 2659 1
4408 6158 1
6206 8682 1
386 9446 1
612 2151 1
2537 6037 1
68 613 1
6175 7668 1
1918 3047 1
672 8139 1
675 6226 1
7242 8662 1
1905 2204 1
678 1667 1
421 914 1
7205 8080 1
361 7402 1
412 821 1
2357 3841 1
6905 8417 1
2007 2029 1
6266 9833 1
617 1994 1
2428 9404 2
5086 5755 2
3602 9439 2
4100 6504 2
2683 6652 2
2254 7972 2
1512 3712 2
3661 5087 2
2681 9424 2
5102 9021 2
4091 9983 2
2252 5534 2
8517 9503 2
1903 2772 2
4003 4702 2
7786 8937 2
2724 9448 2
1347 8556 2
2296 7093 2
2695 4222 2
1352 4577 2
4903 8569 2
2357 2689 2
2385 8610 2
4897 9136 2
5058 7803 2
3654 9442 2
1327 2624 2
8550 9385 2
2324 7078 2
1344 1694 2
2270 8806 2
1408 8194 2
4876 5436 2
4947 9474 2
3963 8330 2
140 7830 2
1987 2674 2
3761 8685 2
3759 8706 2
1987 7103 2
2615 3562 2
4621 8913 2
4334 7655 2
106 108 2
1975 7863 2
1731 9507 2
1723 9961 2
4658 9365 2
2626 7070 2
1684 3589 2
146 5095 2
2021 2539 2
4315 5690 2
138 871 2
136 177 2
4591 9658 2
2581 5710 2
1796 8833 2
4396 9879 2
4406 7092 2
1930 4836 2
4551 8781 2
1857 9611 2
2541 5543 2
4482 9335 2
56 2505 2
122 2872 2
8161 8912 2
2138 3448 2
3702 6294 2
2221 8418 2
1562 1876 2
4810 5735 2
1569 3874 2
1581 7434 2
1585 3494 2
1591 5980 2
4180 4458 2
3716 5678 2
2153 7733 2
1609 2905 2
8365 9714 2
1616 3433 2
3727 9958 2
1530 7663 2
92 3439 2
2122 6247 2
1643 4240 2
4229 7167 2
2098 4804 2
2096 7106 2
2063 6017 2
99 470 2
1652 2819 2
4714 7558 2
1660 2741 2
2061 5888 2
2044 3693 2
4704 6670 2
8286 9337 2
622 4497 2
547 1537 2
541 1928 2
3354 7296 2
5621 6636 2
3177 4323 2
3330 4216 2
6526 8231 2
528 558 2
527 3988 2
5562 8607 2
6551 8334 2
617 2612 2
6614 7775 2
3058 8922 2
5638 8428 2
3324 7169 2
1009 1641 2
5514 6894 2
739 1552 2
6651 8583 2
3127 7407 2
7532 8397 2
733 1685 2
3319 8882 2
5457 6007 2
633 3430 2
5422 8436 2
1060 3003 2
7386 9153 2
761 8109 2
770 1051 2
6366 9197 2
773 2165 2
775 7687 2
779 3691 2
796 5290 2
7346 9144 2
581 1094 2
5148 7880 2
6019 8602 2
5872 7305 2
9216 9995 2
565 9850 2
238 1509 2
273 1564 2
5755 5889 2
873 2495 2
874 1368 2
605 6923 2
5737 8892 2
885 4462 2
6416 6862 2
923 5628 2
9161 9752 2
929 1010 2
6426 8784 2
2963 3255 2
6156 8387 2
1205 7838 2
30 157 2
30 2014 2
722 842 2
445 8861 2
387 864 2
6217 7548 2
720 7729 2
2835 9201 2
718 1290 2
1217 2907 2
5165 8295 2
473 6594 2
3258 4327 2
7041 8761 2
7660 7820 2
5186 9715 2
1243 5669 2
674 928 2
8974 9322 2
7657 8836 2
403 2804 2
3382 7712 2
306 7972 2
307 333 2
7581 9312 2
2893 4519 2
6668 9510 2
1074 6075 2
6197 7349 2
5155 8641 2
6231 9666 2
486 5290 2
485 2852 2
3069 6813 2
1089 2759 2
233 2339 2
483 1074 2
7579 9405 2
6702 8496 2
6686 9191 2
3399 9739 2
6691 9844 2
209 3734 2
295 1580 2
5281 8369 2
9017 9401 2
2843 5579 2
1255 1460 2
7661 8480 2
3563 5156 2
2023 3818 3
601 1600 3
6006 7040 3
1932 4433 3
2022 5122 3
654 2238 3
116 822 3
6314 8135 3
4405 9638 3
1946 2000 3
2017 3252 3
622 1506 3
311 5592 3
6207 8688 3
1959 8953 3
424 6174 3
6673 7087 3
2256 3982 3
4096 7281 3
6692 7373 3
77 107 3
6729 9367 3
2300 8346 3
444 4860 3
4019 9389 3
6825 9130 3
6666 7956 3
421 3282 3
6893 9753 3
6928 7121 3
70 531 3
2377 9068 3
6954 7192 3
3964 9280 3
373 2998 3
1563 7408 3
8369 9311 3
6330 9606 3
6372 9385 3
2051 6882 3
6405 9690 3
99 208 3
98 601 3
8330 8983 3
327 1883 3
6511 8279 3
595 4594 3
2153 3289 3
4209 4292 3
7098 8259 3
4191 4689 3
492 3074 3
2218 2769 3
489 4553 3
81 5849 3
2230 8084 3
1035 6563 3
1451 1814 3
225 4294 3
1454 2137 3
1457 3737 3
1482 6938 3
1087 5565 3
4880 6546 3
1085 2241 3
1080 6030 3
1063 3920 3
237 2469 3
1189 6719 3
4850 7882 3
1541 3898 3
7894 9530 3
4817 5369 3
5498 8160 3
5508 8602 3
1566 6174 3
5537 5770 3
994 4404 3
991 5466 3
250 1285 3
1364 2266 3
5141 8901 3
1290 9123 3
1327 2329 3
5061 8199 3
1346 9586 3
1347 4209 3
1240 5869 3
5183 6771 3
1350 2089 3
1225 5531 3
5034 8897 3
988 7248 3
1367 3740 3
1222 1586 3
1213 2721 3
1394 2608 3
4993 6389 3
7764 8240 3
1405 6370 3
188 3188 3
1193 1457 3
1429 4788 3
131 816 3
138 3227 3
757 7454 3
754 6390 3
4587 6446 3
742 5543 3
134 401 3
8070 8788 3
1794 9824 3
292 2959 3
1803 7934 3
6027 8319 3
767 5876 3
129 5870 3
4533 7738 3
1828 1834 3
1840 3557 3
295 8870 3
722 923 3
1897 2623 3
7245 9418 3
1906 3543 3
4421 5098 3
1632 5842 3
1603 4720 3
5558 8617 3
953 4110 3
7936 8412 3
1613 8754 3
952 2267 3
942 3701 3
7937 8035 3
1618 4447 3
4753 7788 3
1622 9184 3
1921 2530 3
898 2928 3
4721 5428 3
4720 8322 3
7375 7635 3
4683 9822 3
4674 6893 3
806 3038 3
805 1167 3
7336 9096 3
5963 8237 3
2670 4599 3
2403 2837 3
3297 8003 3
3273 8045 3
4 9 3
3951 7889 3
3558 6819 3
2916 3907 3
2667 8635 3
2643 4409 3
15 5834 3
3181 5533 3
65 5800 3
3670 4161 3
2639 5052 3
54 3824 3
2565 4605 3
17 3377 3
3 11 3
8574 9594 3
3100 4427 3
3555 6928 3
3701 3748 3
3671 6147 3
2426 3400 3
3245 3648 3
17 7527 3
2645 9620 3
2918 4331 3
2536 5328 3
3247 7622 3
3230 4375 3
2459 7734 3
2395 9522 3
2794 7989 3
57 502 3
3659 3919 3
2473 2801 3
2523 2717 3
3560 8742 3
2972 3717 3
2460 2517 3
3122 4581 3
2637 7457 3
291 4010 4
6789 8110 4
259 2621 4
6634 9415 4
3338 9178 4
1086 4725 4
665 1625 4
4555 5077 4
1540 9889 4
443 6185 4
2495 2574 4
201 1029 4
1321 5284 4
26 3219 4
9 1979 4
5368 6425 4
4295 8476 4
2883 6965 4
6406 9147 4
707 743 4
1340 2555 4
762 6672 4
1340 9343 4
4220 5385 4
1810 5137 4
4227 4503 4
3153 8474 4
3784 5686 4
631 7907 4
6189 7589 4
3782 5247 4
2680 3345 4
1338 1862 4
2120 2350 4
4525 6624 4
2116 4760 4
4543 8684 4
7091 9155 4
6189 8976 4
1520 2522 4
693 3571 4
749 6303 4
7156 8036 4
925 2793 4
1639 8062 4
4532 7090 4
3233 4210 4
1248 5148 4
3491 9391 4
45 52 4
4345 7496 4
5553 9190 4
6053 7962 4
724 917 4
7537 8219 4
1249 3783 4
120 866 4
350 1307 4
1986 3429 4
1981 7142 4
7230 9478 4
996 5662 4
2810 8278 4
3586 5065 4
998 8300 4
209 2234 4
6233 8085 4
1007 1069 4
3834 8740 4
5481 7596 4
4409 7474 4
4392 6357 4
1951 2601 4
2662 8531 4
1017 1232 4
1017 4576 4
1939 9906 4
6705 8749 4
8672 9031 4
4483 9778 4
2044 5255 4
4481 6922 4
1317 9934 4
944 5846 4
7890 8091 4
2039 3738 4
1868 7885 4
637 728 4
7936 9335 4
3607 7279 4
4316 9116 4
2032 9184 4
2895 6200 4
958 7028 4
2884 8613 4
2509 3073 4
4325 6943 4
353 9324 4
961 1385 4
548 2803 4
6080 8942 4
963 5292 4
1612 5708 4
480 2826 4
122 710 4
2816 6548 4
253 320 4
2009 2687 4
1285 3282 4
2291 4881 4
4654 7939 4
7595 7908 4
1376 8427 4
1164 8097 4
369 490 4
2995 6231 4
2992 6595 4
74 3714 4
2298 6070 4
602 2003 4
5822 6818 4
4633 5288 4
3342 4450 4
522 690 4
396 2601 4
11 55 4
6942 7333 4
1492 2954 4
518 1805 4
77 1902 4
3128 7632 4
3757 9380 4
3264 4539 4
1367 9258 4
1137 3251 4
1758 2769 4
194 4602 4
509 5267 4
2249 5983 4
1419 2882 4
796 1302 4
2394 8924 4
1670 1785 4
3092 9763 4
4984 8013 4
9394 9486 4
3963 4164 4
1414 2054 4
7181 9462 4
1389 4291 4
1672 5130 4
2373 5192 4
5855 9463 4
7989 8051 4
320 6242 4
5849 7317 4
67 113 4
6279 6720 4
2631 7938 4
5273 6174 4
4708 6016 4
2405 6193 4
2414 3258 4
7364 7972 4
5287 6995 4
144 236 4
304 3405 4
6956 9203 4
2186 9379 4
4928 8155 4
287 334 4
5355 6134 4
1483 7989 4
1766 7112 4
2775 3453 4
423 7984 4
5350 7876 4
4917 7189 4
365 1112 4
5717 6756 4
8426 9150 4
3259 8292 4
2445 4729 4
1467 2584 4
2219 9402 4
669 3369 4
1766 9786 4
49 7611 4
7317 9177 4
3769 9454 4
5981 9019 4
3687 3857 4
39 2972 4
2985 5739 4
2776 9631 4
2201 3084 4
4109 4279 4
2174 7097 4
3815 4714 5
1652 6430 5
1603 2205 5
1227 8120 5
1687 9516 5
694 1976 5
6613 7443 5
4547 5368 5
1040 3658 5
3746 4772 5
2912 3318 5
3092 3162 5
4766 6144 5
1226 6979 5
3179 3862 5
2871 3943 5
3096 3786 5
6464 9985 5
5482 9835 5
5592 8885 5
471 4274 5
6550 9262 5
338 4623 5
221 7719 5
1024 4968 5
9357 9756 5
4690 5232 5
1115 2510 5
5292 6241 5
1185 6626 5
3788 4649 5
1783 2104 5
3165 9438 5
155 1276 5
1732 4446 5
1738 4070 5
3316 9564 5
2618 9687 5
4591 5399 5
1628 4398 5
1869 5297 5
8053 8883 5
8810 9019 5
5322 7581 5
4463 6241 5
518 722 5
150 2391 5
55 1148 5
52 817 5
6579 6843 5
6580 7336 5
1135 4554 5
1122 9360 5
1619 2059 5
7107 7195 5
3810 5720 5
1713 3167 5
1118 8276 5
4584 6976 5
3184 8800 5
4585 7523 5
1094 5142 5
2553 3623 5
1201 4601 5
3725 5580 5
4634 7718 5
1710 2759 5
4633 7029 5
4760 8019 5
229 6171 5
1121 2307 5
3079 7562 5
1093 3042 5
1058 2111 5
1771 7058 5
3317 4118 5
5421 5959 5
4251 6897 5
1497 4893 5
7164 7944 5
2145 9746 5
2464 6798 5
1441 7346 5
5682 7860 5
2130 8099 5
4223 6295 5
265 1962 5
840 1388 5
4227 8846 5
2995 8486 5
3038 8330 5
434 9060 5
1517 4254 5
1495 3216 5
2968 3284 5
5645 7960 5
4047 6966 5
5642 7212 5
4265 4290 5
2312 2365 5
33 40 5
4268 6820 5
933 1641 5
2494 5185 5
3951 7781 5
2326 3308 5
5617 9029 5
7071 9808 5
880 4615 5
1449 6340 5
1363 7507 5
1363 4502 5
6920 9515 5
9243 9852 5
1358 2730 5
778 8037 5
2268 3202 5
1372 4364 5
273 2731 5
2223 2637 5
3458 3770 5
626 2046 5
2981 3944 5
368 4602 5
838 3540 5
3360 4641 5
181 1918 5
6326 9325 5
2420 8411 5
884 1134 5
17 6527 5
7196 9647 5
39 6494 5
7846 9095 5
6368 9453 5
4065 7018 5
4209 6244 5
2292 3171 5
4887 7687 5
999 8331 5
3957 8249 5
968 8840 5
636 7866 5
605 1291 5
7078 9376 5
5129 7651 5
382 5212 5
723 4971 5
3074 9850 5
3116 3719 5
1986 6457 5
5540 9518 5
3350 3887 5
5533 8815 5
817 6634 5
384 1970 5
1967 9039 5
3014 3422 5
1000 6646 5
2728 3419 5
1269 1473 5
0 1 5
298 801 5
1011 1629 5
2664 5653 5
4389 8963 5
5510 5623 5
1012 9269 5
1589 4018 5
3711 4014 5
2336 5172 5
2951 6954 5
5925 6955 5
566 697 5
3489 7106 5
71 1972 5
386 1924 5
1550 7223 5
7282 8729 5
2344 8469 5
943 8233 5
3850 5873 5
185 2832 5
1543 5106 5
6044 9147 5
3956 9276 5
943 7559 5
254 631 5
6249 6468 5
3858 7774 5
192 283 5
2513 5340 5
5030 5661 6
1664 2466 6
2723 5667 6
4957 9125 6
1430 1827 6
5017 9236 6
4946 6288 6
149 2935 6
6532 8123 6
3181 5126 6
1201 1898 6
7179 9910 6
1663 9637 6
3099 8576 6
1205 3206 6
5235 6322 6
669 7342 6
2717 3419 6
3148 5728 6
185 6726 6
1196 1810 6
1444 8972 6
4706 6835 6
6247 7964 6
215 385 6
6499 8516 6
1311 6401 6
3110 4027 6
3727 4859 6
1311 6372 6
7717 8271 6
637 7022 6
3167 7737 6
1296 3069 6
3335 8572 6
2820 8072 6
1864 8533 6
655 2688 6
5080 6637 6
1610 1892 6
1291 3049 6
5109 7083 6
7909 8858 6
3705 3930 6
3164 8715 6
1571 6736 6
8828 9829 6
7146 7318 6
651 4607 6
206 728 6
7918 9282 6
1580 4459 6
1267 2557 6
1485 1671 6
1358 4287 6
2637 2922 6
3341 8898 6
5049 8220 6
2748 3755 6
6330 7992 6
5050 6602 6
7201 9333 6
588 5839 6
4720 8868 6
316 969 6
1208 4499 6
1480 5658 6
1481 6562 6
3326 7413 6
6184 7508 6
4727 6677 6
1217 9194 6
3688 4787 6
1341 8326 6
583 1637 6
4875 6909 6
6261 7968 6
3328 8014 6
2782 9066 6
1524 2904 6
215 1623 6
1324 2816 6
3362 5626 6
2036 3391 6
971 7531 6
2428 7736 6
80 623 6
353 3532 6
7073 8388 6
2513 8085 6
4318 9063 6
956 3231 6
2032 8174 6
2242 3499 6
8253 9655 6
4311 5644 6
947 7748 6
2240 7967 6
8290 8660 6
5756 8060 6
943 2245 6
5755 6729 6
356 1061 6
3426 4432 6
783 8017 6
77 3977 6
853 1270 6
854 5204 6
2423 5553 6
6709 9672 6
4089 4604 6
2264 7832 6
6717 8662 6
999 2789 6
5618 5838 6
2928 5970 6
992 2855 6
9248 9790 6
1991 4654 6
4348 9290 6
2256 7289 6
978 1089 6
2941 5885 6
2518 4869 6
3913 4028 6
902 6209 6
2138 7632 6
901 2739 6
427 8384 6
762 8885 6
2969 6851 6
6857 8943 6
61 4729 6
5693 6890 6
3892 8058 6
4208 4653 6
3248 6160 6
6842 8687 6
881 9585 6
84 5006 6
6845 9513 6
5708 9169 6
5715 8584 6
3461 4951 6
774 6626 6
5747 6235 6
4293 5503 6
357 2257 6
5628 6855 6
2086 7233 6
2090 3985 6
747 1690 6
2097 9160 6
2485 9771 6
298 2910 6
438 6342 6
6801 9820 6
262 6591 6
3419 5342 6
2217 2966 6
5990 6935 6
5677 9611 6
264 8050 6
270 6032 6
1098 8435 6
691 4423 6
6619 9974 6
5853 6169 6
5356 9003 6
1109 1725 6
384 556 6
1794 2252 6
3781 7080 6
1101 8564 6
2869 7540 6
1820 3949 6
2363 2912 6
6665 8657 6
2398 2936 6
6103 7756 6
4000 5053 6
7554 8701 6
4503 7005 6
1084 4184 6
2384 6730 6
1668 3322 6
526 1873 6
3968 8071 6
282 2062 6
3745 5863 6
1687 6540 6
1175 7859 6
1161 5058 6
5922 8450 6
26 9546 6
7590 7817 6
5321 7564 6
818 4694 6
688 2851 6
6587 7590 6
793 2265 6
2375 4589 6
3769 9471 6
230 373 6
3819 4575 6
1044 9402 6
122 228 6
121 5378 6
4433 9969 6
75 8029 6
2909 9957 6
1906 5759 6
720 5738 6
1913 4774 6
4501 4813 6
119 4822 6
2541 5708 6
4420 6605 6
4419 7059 6
844 7418 6
2418 8619 6
1925 1996 6
1027 3871 6
5484 8853 6
240 4671 6
5403 8771 6
4013 9293 6
4019 6886 6
5834 8423 6
2995 8807 6
5828 8121 6
1860 9002 6
274 2977 6
123 8259 6
4060 6600 6
706 736 6
842 980 6
5892 6413 7
5793 6800 7
3660 6747 7
854 9066 7
833 5889 7
1403 7929 7
2983 9320 7
881 5356 7
839 2647 7
6292 9567 7
1384 4131 7
3128 4756 7
830 2460 7
5765 7815 7
5375 9452 7
3593 7018 7
5156 9349 7
5178 7965 7
240 5106 7
3079 3855 7
714 6347 7
238 6741 7
6213 7854 7
1237 8299 7
6094 8491 7
16 3020 7
3577 4512 7
5188 5602 7
301 3868 7
5378 7849 7
3115 9987 7
3570 9797 7
1108 2619 7
1111 6619 7
1117 8198 7
690 2399 7
5347 8433 7
1137 1984 7
227 6346 7
678 9619 7
3558 3761 7
1164 3909 7
5270 6706 7
8995 9963 7
2843 5241 7
7621 8598 7
5603 9702 7
3425 5412 7
2978 6722 7
892 9390 7
5701 8737 7
5060 8447 7
266 3720 7
905 3303 7
923 2064 7
5073 7186 7
3413 4588 7
740 5964 7
3064 8902 7
3484 4065 7
3411 8457 7
946 1508 7
3624 5954 7
7708 9164 7
3399 6971 7
5575 8362 7
5126 5192 7
728 810 7
7277 8374 7
3506 4623 7
247 5441 7
1001 3196 7
2926 4556 7
721 3719 7
9087 9168 7
1019 2079 7
5148 7601 7
4797 7390 7
3782 7700 7
2036 6812 7
6777 9515 7
1564 5135 7
2043 6725 7
4563 8213 7
2044 3239 7
3251 5387 7
4050 7145 7
4566 6771 7
8375 9181 7
505 3316 7
6472 6884 7
4595 5327 7
7110 7655 7
3766 4371 7
1754 4732 7
3279 5606 7
4544 7275 7
2386 6294 7
2026 9057 7
1838 2333 7
1849 2189 7
2016 5716 7
169 1728 7
1531 9176 7
8413 9251 7
4501 7792 7
575 4748 7
6742 7236 7
2557 3360 7
7 6391 7
1711 2284 7
149 364 7
4711 6580 7
150 1336 7
4701 5484 7
526 1322 7
1653 4699 7
6797 7678 7
4262 4623 7
8542 8856 7
146 1944 7
530 2080 7
1701 9606 7
6530 6594 7
4734 9457 7
1628 6367 7
2508 4555 7
4755 6088 7
2474 9572 7
4641 7644 7
6485 7147 7
1611 7376 7
2125 3740 7
2075 3031 7
2620 2921 7
2131 6698 7
3897 5498 7
550 3627 7
3862 4257 7
6475 8041 7
52 777 7
3975 9192 7
3947 6531 7
1469 7743 7
6711 6819 7
2006 8152 7
8594 9334 7
4445 8287 7
3812 5627 7
3673 9128 7
8874 9714 7
3814 7428 7
3839 6284 7
4983 5374 7
1909 8656 7
3306 3428 7
62 7377 7
410 1006 7
2394 8565 7
1927 6122 7
2521 7422 7
4358 5677 7
181 255 7
1471 9314 7
322 4684 7
6924 8053 7
6941 8905 7
4334 8043 7
2014 2118 7
4897 9485 7
76 6513 7
4878 9441 7
4079 5831 7
3316 4207 7
1876 5801 7
1725 6999 8
670 783 8
6138 7917 8
4278 8292 8
3082 6205 8
5631 6805 8
4704 5541 8
4375 5663 8
1160 6937 8
1729 3593 8
3834 8635 8
723 3201 8
741 8889 8
1669 5507 8
5300 9573 8
2963 4931 8
3560 8194 8
743 7819 8
95 8601 8
1686 7184 8
4387 9236 8
369 406 8
2529 8920 8
1709 8854 8
4365 9219 8
5284 8117 8
2083 2132 8
6149 7026 8
1974 3093 8
8474 8664 8
1960 2284 8
1012 2342 8
1172 1269 8
3474 8345 8
114 5147 8
2082 2670 8
1963 7466 8
1720 7645 8
69 9651 8
1887 9299 8
6967 8586 8
4 19 8
976 8817 8
8658 9560 8
2031 9492 8
1097 8705 8
1822 2335 8
3274 3422 8
3243 5045 8
2370 7244 8
1824 6388 8
2344 5270 8
1833 7758 8
703 2809 8
3804 7924 8
2944 7784 8
105 2614 8
5419 6496 8
237 1170 8
708 5943 8
3316 8357 8
7279 9729 8
7487 9777 8
1072 3854 8
506 4036 8
5318 5343 8
9671 9923 8
2 1016 8
1748 5504 8
1925 9635 8
1033 5360 8
1135 6633 8
2047 9014 8
9374 9563 8
473 7281 8
2601 4315 8
279 410 8
8687 8844 8
135 2288 8
4345 8719 8
1775 2818 8
2045 5526 8
256 5350 8
828 6904 8
6946 8938 8
3308 9076 8
2583 5910 8
790 9185 8
6067 6812 8
829 1765 8
6245 7490 8
2671 5539 8
273 9791 8
50 2794 8
2184 3095 8
3645 3895 8
4820 5341 8
8544 8621 8
4125 8715 8
2746 4525 8
4179 7224 8
561 918 8
646 1175 8
622 5811 8
2387 3697 8
882 938 8
4072 7454 8
3706 4032 8
6443 6797 8
35 2771 8
3908 9984 8
2789 4909 8
647 900 8
1369 4156 8
2241 8525 8
1370 7376 8
2462 2835 8
649 2087 8
7924 9576 8
172 232 8
7837 8790 8
1352 2375 8
3259 4384 8
5749 6371 8
5047 8037 8
4920 6438 8
2216 5620 8
3149 8513 8
175 650 8
3687 8021 8
628 5118 8
1503 7280 8
2686 3125 8
3425 6089 8
7742 9512 8
4148 9329 8
2202 4441 8
7737 8392 8
315 633 8
1323 3673 8
6253 6766 8
597 901 8
774 8202 8
1536 3187 8
2673 4886 8
4835 7700 8
3603 6034 8
1546 4289 8
3949 7928 8
2426 3586 8
7656 9361 8
8461 9864 8
4972 8788 8
7136 8506 8
358 8442 8
2969 3624 8
606 2849 8
616 8691 8
1626 4229 8
2736 4327 8
2120 6159 8
1397 1432 8
4772 9629 8
3576 9268 8
4086 4521 8
3147 4429 8
216 1990 8
5885 8475 8
2834 3638 8
5226 8082 8
49 263 8
1207 9183 8
5789 6569 8
218 6786 8
2275 5460 8
651 4038 8
1259 7435 8
1447 5734 8
182 6119 8
1602 2086 8
1256 1372 8
2462 9281 8
1440 1904 8
3114 8283 8
6278 6661 8
905 1599 8
161 4385 8
2798 4203 8
4215 4592 8
1244 3820 8
46 2262 8
159 522 8
1242 7017 8
1608 2076 8
1602 4828 8
1607 7935 8
1249 1584 8
996 5634 9
1987 6373 9
6723 8158 9
1980 6466 9
2006 3332 9
5799 6889 9
2005 4816 9
2314 2960 9
6854 8410 9
1982 7743 9
3492 8322 9
3497 6335 9
250 936 9
1981 3581 9
8247 9408 9
3075 7708 9
779 2968 9
15 223 9
2148 9247 9
5614 8129 9
8299 9355 9
2059 8278 9
2138 8546 9
60 112 9
2497 4272 9
2487 8144 9
4227 7486 9
65 1528 9
5670 5938 9
8638 9940 9
2154 3152 9
260 2107 9
3424 4973 9
94 148 9
2116 4680 9
3045 9090 9
840 3845 9
3052 5003 9
500 6625 9
747 8847 9
4260 5830 9
2297 5779 9
456 2825 9
413 3379 9
296 2121 9
296 1613 9
729 2747 9
8260 9696 9
9777 9808 9
3258 4266 9
4333 5868 9
4333 5477 9
5968 9857 9
2198 3145 9
2225 6704 9
2192 6725 9
2182 3570 9
268 4472 9
3067 8531 9
8476 8916 9
3425 4039 9
733 9086 9
425 1788 9
73 5702 9
5698 7657 9
3452 5391 9
1258 2711 9
1239 4213 9
1239 8092 9
1615 7567 9
2811 7374 9
811 1149 9
808 9017 9
2809 4059 9
3587 8240 9
3964 4932 9
5186 8884 9
4778 5730 9
3598 4123 9
326 9242 9
163 272 9
5141 7916 9
3708 7992 9
1269 1855 9
7150 8343 9
560 1197 9
3575 6963 9
5528 8738 9
1662 1674 9
1660 4419 9
1660 3026 9
150 1415 9
1207 7042 9
7631 9890 9
2639 3853 9
4729 5315 9
6245 8969 9
2641 4243 9
3329 5334 9
5188 9922 9
1623 2308 9
3333 7778 9
5187 7101 9
3374 5896 9
3108 7107 9
7782 9492 9
1461 2603 9
2708 6132 9
5038 8693 9
600 1150 9
180 2627 9
3440 4212 9
4945 6884 9
3645 5606 9
5011 7900 9
8 171 9
6290 9879 9
1390 9506 9
800 8735 9
187 1380 9
1415 7701 9
5920 6726 9
1412 7831 9
4984 9440 9
189 1899 9
3011 9289 9
7904 8489 9
44 118 9
641 7801 9
3704 9760 9
639 5928 9
4828 4984 9
1547 3723 9
1536 2631 9
43 53 9
1672 4529 9
575 5994 9
579 9133 9
6379 7632 9
323 2982 9
3612 7977 9
1481 1934 9
624 841 9
2756 3604 9
124 7645 9
299 6384 9
714 3004 9
4460 7198 9
1879 3261 9
2907 5838 9
6086 6911 9
712 4877 9
1878 2035 9
237 3630 9
6690 6938 9
3214 6261 9
301 619 9
342 3778 9
5388 6951 9
1083 1892 9
70 71 9
5850 6233 9
2560 9105 9
1939 8942 9
1967 3041 9
4382 4593 9
1001 2207 9
1008 1749 9
1959 2323 9
1944 5569 9
6705 9491 9
57 4534 9
1682 6176 9
7084 9445 9
1936 5468 9
3826 3903 9
1909 2131 9
4010 5812 9
241 830 9
346 617 9
1047 3821 9
3389 5430 9
6130 9611 9
137 8379 9
512 2307 9
3753 7110 9
6566 9055 9
6566 8609 9
3081 8455 9
679 8347 9
6552 8226 9
1094 1776 9
823 1281 9
3089 5536 9
5288 7720 9
1710 2286 9
222 3659 9
4681 7583 9
2631 5376 9
1682 4869 9
3545 9542 9
6995 7996 9
7567 9352 9
1812 6643 9
3197 7016 9
792 4274 9
3547 9628 9
5364 6265 9
500 6521 9
1111 5519 9
3772 4462 9
1783 3350 9
503 1300 9
302 4303 9
399 1337 10
609 8819 10
5931 6308 10
7012 8958 10
5925 7585 10
793 8135 10
3269 4267 10
6944 9746 10
3026 7383 10
668 4220 10
3203 6817 10
698 891 10
6109 7210 10
3324 7521 10
499 547 10
3394 5445 10
3186 8311 10
3181 8381 10
685 7518 10
524 629 10
6552 7365 10
6158 8821 10
331 2514 10
342 551 10
3368 6582 10
549 9104 10
7230 9705 10
6423 9969 10
3338 4255 10
6392 7607 10
600 3117 10
600 4410 10
604 8647 10
615 2699 10
612 8408 10
3344 9584 10
452 3181 10
366 4147 10
0 754 10
419 1406 10
361 5342 10
6802 9353 10
288 509 10
437 519 10
3050 9486 10
3053 7806 10
6025 7985 10
6037 7162 10
444 8534 10
0 124 10
453 1743 10
7074 9631 10
461 1201 10
7277 7818 10
3230 4618 10
6066 9027 10
9363 9684 10
3310 9299 10
7268 9801 10
481 2451 10
6682 6881 10
6098 7413 10
4844 9931 10
1383 9172 10
8910 9397 10
4983 9498 10
1441 6778 10
2722 4686 10
1445 4338 10
3678 7886 10
4928 5820 10
1509 1851 10
3690 7494 10
3691 6847 10
7870 9277 10
1381 5319 10
4820 6303 10
4818 7585 10
44 131 10
1598 6643 10
1603 9466 10
8819 9033 10
158 1510 10
47 64 10
2645 3149 10
1631 8381 10
4712 5928 10
4702 7273 10
2830 9598 10
1053 9297 10
1057 3285 10
25 5111 10
27 32 10
7562 7846 10
1116 1999 10
3555 7822 10
223 6291 10
1170 6916 10
3565 5155 10
2837 8802 10
1208 4561 10
3741 4482 10
5191 7216 10
215 413 10
1263 2745 10
5142 6491 10
1272 2523 10
32 3934 10
1301 1988 10
2783 4877 10
1334 4959 10
2782 7102 10
5057 6576 10
5018 9246 10
2171 3009 10
1979 9553 10
8213 8639 10
4348 5366 10
4341 7291 10
2517 7101 10
2515 7176 10
2509 4545 10
2022 7975 10
3853 8193 10
100 2879 10
2484 8449 10
2122 7760 10
4369 8108 10
4183 5710 10
2181 3055 10
2444 2482 10
3937 7681 10
4095 9859 10
2268 3451 10
78 105 10
3951 4546 10
4041 5409 10
4005 8319 10
3987 6320 10
2371 3947 10
1811 8892 10
8770 9570 10
3751 6490 10
1744 3392 10
1758 4567 10
1762 2060 10
2595 4676 10
2589 8976 10
1774 1779 10
1775 1996 10
1780 5273 10
4559 4794 10
1804 6356 10
5918 9700 10
3788 7166 10
1862 8193 10
55 1554 10
4455 8208 10
1901 2074 10
2550 9378 10
3823 9457 10
4407 7855 10
2535 5685 10
1954 3859 10
8191 9026 10
3835 8491 10
944 1869 10
987 1073 10
3477 7535 10
5669 6416 10
9134 9263 10
5764 9347 10
261 4370 10
7470 9737 10
9215 9718 10
926 5449 10
5447 6048 10
3491 6072 10
925 3288 10
5649 7405 10
5898 9966 10
967 5521 10
7405 7638 10
901 4140 10
995 3473 10
5642 7197 10
5689 9315 10
964 999 10
3470 7801 10
924 9691 11
6611 9030 11
924 3247 11
4603 9571 11
4598 5128 11
6019 8284 11
511 2550 11
5642 9135 11
1790 3132 11
54 312 11
761 5580 11
1817 9592 11
129 2199 11
4533 5166 11
4527 6811 11
913 1152 11
1882 4589 11
2555 9560 11
910 1158 11
4442 8984 11
479 1088 11
4757 9998 11
9341 9809 11
582 989 11
4858 9686 11
1524 3321 11
1528 6827 11
42 1381 11
167 583 11
294 4112 11
943 3884 11
4807 8382 11
4807 6873 11
162 5008 11
4773 9130 11
3725 3929 11
936 6247 11
1754 5714 11
3415 9087 11
6 5558 11
3728 5710 11
1646 2510 11
2636 8279 11
7126 8590 11
4701 5180 11
8773 9396 11
1717 6268 11
4377 8963 11
6565 9897 11
335 341 11
1750 6980 11
515 4620 11
8432 9581 11
4082 5598 11
2270 5024 11
3447 4367 11
5856 7044 11
3939 5492 11
409 8854 11
5847 6739 11
410 6579 11
6940 8781 11
9802 9806 11
5845 7002 11
2223 3826 11
417 3836 11
3924 8669 11
3920 6783 11
8420 9253 11
2201 5954 11
65 9860 11
69 166 11
2381 5026 11
3268 9477 11
797 7060 11
5902 9093 11
2364 2941 11
6980 7027 11
8562 8970 11
4172 7730 11
396 554 11
4022 4588 11
6952 8704 11
2314 3309 11
3445 8356 11
8470 9485 11
819 5596 11
6736 7247 11
8330 9404 11
2063 9314 11
3245 5434 11
101 102 11
102 3686 11
776 1953 11
2017 2177 11
5960 8597 11
2102 9689 11
7401 7500 11
5735 9759 11
5726 7111 11
7412 8498 11
1642 8463 11
5971 8655 11
1932 5616 11
428 3353 11
424 5236 11
838 4912 11
2988 7915 11
855 6407 11
61 6479 11
2157 9538 11
4206 9404 11
2146 2596 11
1913 3135 11
2139 3354 11
93 159 11
5778 6319 11
2120 8778 11
7396 7914 11
95 280 11
8642 9252 11
6287 7382 11
32 3829 11
196 8579 11
679 699 11
5119 9229 11
3374 7331 11
1283 5281 11
583 6586 11
5030 7322 11
2933 7586 11
311 4310 11
2742 8615 11
3630 7643 11
5573 6197 11
1137 8935 11
7652 8704 11
35 7991 11
1391 3177 11
615 2938 11
2869 4312 11
5333 6780 11
5347 8492 11
1235 2731 11
1175 6879 11
5228 9992 11
1298 5994 11
5092 5816 11
3509 4924 11
1318 4349 11
5080 9294 11
30 34 11
1013 4244 11
5248 6659 11
1190 6143 11
1326 1453 11
1122 8448 11
1231 1829 11
1295 5529 11
5457 7652 11
3388 9899 11
721 6935 11
1168 2652 11
2781 5706 11
2779 2858 11
989 6946 11
1292 6967 11
1461 3641 11
7499 8599 11
9063 9945 11
236 3783 11
1102 2396 11
1255 8781 11
1255 1736 11
6215 9257 11
4937 7287 11
716 8481 11
3540 4419 11
596 9464 11
4947 4975 11
2944 6107 11
2895 6417 11
4911 6183 11
1253 6052 11
1477 3290 11
3113 8667 11
3679 9474 11
1054 9725 11
4894 5829 11
5429 6579 11
1053 8250 11
3076 5023 11
3348 9771 11
7254 8832 11
296 1611 11
3660 6170 11
233 1217 11
1409 2230 11
2933 6917 11
4981 5144 11
3074 4085 11
1236 1999 11
1089 2393 11
1261 4659 11
1088 1479 11
5183 6847 11
1048 9546 11
444 726 12
4303 9641 12
3506 6749 12
2058 5859 12
4288 7096 12
443 643 12
5207 8482 12
5172 8309 12
2013 2227 12
763 9428 12
2984 3320 12
4336 4451 12
3577 8850 12
5772 5882 12
2501 6528 12
3265 9630 12
2226 6413 12
2866 6836 12
1046 3616 12
2869 9319 12
3000 3035 12
2871 7917 12
2308 9694 12
4037 5359 12
1085 1784 12
2440 3693 12
2889 7954 12
6967 8857 12
2348 2387 12
6981 8801 12
2358 6794 12
2368 3633 12
3530 5877 12
382 662 12
1049 2289 12
1158 6903 12
429 8637 12
5470 6395 12
3562 8604 12
5285 6641 12
3256 6478 12
1038 2768 12
2182 7689 12
2187 8874 12
3558 6073 12
721 1690 12
6858 7994 12
419 6102 12
1155 1792 12
1154 5190 12
1151 1586 12
3277 5781 12
1142 8521 12
2225 3856 12
1398 9143 12
3412 8665 12
1418 2286 12
2645 7633 12
728 2396 12
2644 3610 12
716 3596 12
3733 6863 12
4994 7138 12
741 9936 12
1401 1478 12
2632 3157 12
1419 3230 12
1395 2740 12
3358 8370 12
4639 6855 12
4633 4702 12
4627 8196 12
1374 6301 12
981 5684 12
1365 6277 12
1757 3613 12
1758 3950 12
5644 6121 12
563 5164 12
1490 4758 12
4886 5843 12
3153 5807 12
5600 6836 12
3154 3692 12
1516 5909 12
3485 8272 12
3700 8640 12
733 1791 12
4830 6264 12
1455 8060 12
1352 1722 12
2715 3647 12
1252 5656 12
4944 8460 12
4802 6418 12
1571 9070 12
729 770 12
1603 7246 12
2954 9325 12
4954 5722 12
1607 4142 12
1271 7771 12
1855 4940 12
6249 8332 12
4468 9965 12
3219 9353 12
3221 5579 12
481 1662 12
2553 6162 12
765 922 12
4412 8312 12
1930 2486 12
472 4324 12
4500 9959 12
5702 9878 12
4403 5011 12
892 4212 12
892 1872 12
5151 5544 12
1981 8635 12
1255 1642 12
4348 9780 12
867 8394 12
6228 8456 12
986 8478 12
6272 9816 12
5055 6614 12
1772 2436 12
3184 5938 12
6052 9976 12
3467 6829 12
1779 8493 12
2968 5460 12
1784 4838 12
1787 2210 12
986 1739 12
457 8859 12
6620 9059 12
3777 8843 12
495 778 12
1801 3111 12
6637 7636 12
919 4271 12
1323 4703 12
3499 3670 12
1833 9155 12
4514 9811 12
7167 8364 12
7787 8193 12
7467 9712 12
257 8451 12
161 1392 12
7707 8099 12
7604 8644 12
228 1047 12
64 1644 12
136 7841 12
9603 9919 12
7036 7485 12
308 874 12
57 70 12
31 7994 12
57 4934 12
334 9924 12
8353 9549 12
72 154 12
287 2248 12
109 6824 12
7039 8425 12
8846 9718 12
298 7639 12
18 287 12
126 3274 12
297 1968 12
14 7424 12
8 553 12
8 205 12
1453 3160 13
75 1595 13
3845 7976 13
2517 3128 13
7770 9311 13
1413 8473 13
6052 7149 13
3864 7998 13
1455 5790 13
4014 5421 13
3090 7940 13
3211 9177 13
2493 3466 13
1140 8663 13
2959 4460 13
8432 9100 13
227 3166 13
4972 5084 13
6424 9237 13
3858 4145 13
4606 7314 13
1434 3764 13
1329 2958 13
1006 1242 13
1347 4373 13
5908 9193 13
2549 5734 13
1154 4339 13
2925 5892 13
2045 2198 13
1074 6286 13
2557 9548 13
103 1018 13
812 1757 13
280 604 13
3600 6871 13
3706 8210 13
3297 8457 13
2567 3192 13
1305 1691 13
3114 3654 13
362 1079 13
765 9334 13
3218 3863 13
554 5707 13
2021 2364 13
1032 1503 13
1361 2412 13
1040 4616 13
1040 1643 13
3315 3809 13
3306 4826 13
22 3298 13
3702 8314 13
2727 5898 13
284 3206 13
5054 6279 13
3304 6537 13
2544 3060 13
3017 3038 13
127 846 13
161 6082 13
2418 7344 13
3139 7583 13
8128 9188 13
2419 8500 13
487 8460 13
4785 9931 13
79 80 13
250 3598 13
309 3475 13
654 1505 13
8519 9453 13
2434 6012 13
665 2217 13
2438 4665 13
6196 6631 13
6 7934 13
7561 8151 13
3141 6346 13
321 6077 13
2697 4120 13
319 3224 13
7177 8787 13
505 2701 13
3059 4889 13
499 5483 13
6190 9665 13
6286 8463 13
1869 6688 13
3963 3999 13
506 4623 13
629 3138 13
1110 6987 13
4692 6008 13
4763 9835 13
4393 6978 13
7255 7938 13
3452 3931 13
256 373 13
1053 3385 13
6107 6528 13
6106 8679 13
2245 2884 13
699 6566 13
8627 9726 13
3912 7295 13
3901 8846 13
2465 2809 13
7262 7586 13
3673 5019 13
7472 8070 13
4918 6530 13
1470 6230 13
10 1617 13
3651 7059 13
3594 5830 13
475 4892 13
4420 9592 13
992 8687 13
969 2943 13
3174 3463 13
1922 8275 13
6153 6463 13
1963 5288 13
6133 9803 13
7246 9162 13
468 4300 13
686 1100 13
2453 9220 13
5537 9552 13
4409 8366 13
302 863 13
91 2563 13
5154 6391 13
1261 8755 13
4195 4810 13
3558 8224 13
2607 5083 13
267 6649 13
5792 9824 13
1176 7716 13
3710 7368 13
524 8178 13
5695 9362 13
28 9731 13
3571 7333 13
2148 8132 13
3293 8069 13
377 2489 13
46 7775 13
3528 4658 13
1168 6947 13
8324 9526 13
278 478 13
5292 7215 13
1018 6660 13
2105 5735 13
880 2887 13
2633 9775 13
3116 3594 13
6524 6941 13
1797 8857 13
8777 9987 13
88 9112 13
5181 8311 13
1242 1749 13
1178 7587 13
864 1593 13
1782 7687 13
8336 9102 13
8074 9698 13
246 8611 13
5209 7491 13
3370 3597 13
911 3207 13
3370 3661 13
1212 4098 13
2857 6107 13
5159 5362 13
1208 1384 13
5248 6966 13
2066 2575 13
2143 2807 13
8323 9205 13
4435 9154 14
2979 3552 14
4917 9486 14
1060 1161 14
863 3368 14
567 4974 14
1466 2978 14
6327 7752 14
3584 4918 14
3693 7929 14
5176 9299 14
585 1629 14
3582 8524 14
2357 3142 14
4493 4962 14
4389 4818 14
2427 6007 14
5091 7027 14
5614 7172 14
1902 8980 14
483 1387 14
1569 2979 14
6206 9718 14
280 520 14
6205 9254 14
2105 8293 14
5383 6792 14
4172 7899 14
4366 9286 14
1258 3327 14
1889 8626 14
2135 7483 14
859 930 14
232 9722 14
733 6878 14
563 1756 14
163 2656 14
2557 2598 14
1982 8442 14
3815 7858 14
6599 7532 14
3656 6080 14
1686 5826 14
1296 3164 14
130 6964 14
859 8212 14
112 134 14
6050 7698 14
1583 9676 14
407 4466 14
726 7947 14
3948 9836 14
9175 9922 14
3754 4086 14
8659 9143 14
3013 5030 14
4481 6832 14
3753 5688 14
303 9315 14
1841 2662 14
4859 9668 14
384 4066 14
8441 8692 14
5537 7426 14
1086 3319 14
117 358 14
3392 7634 14
1526 2365 14
384 9136 14
133 2484 14
1 6 14
3181 4159 14
1014 3373 14
3084 4801 14
348 2115 14
950 7323 14
229 4819 14
1120 4570 14
168 4569 14
4415 5339 14
304 2808 14
3566 7898 14
270 1547 14
9464 9922 14
1925 4132 14
255 7360 14
4837 5665 14
674 1650 14
884 6374 14
1950 9593 14
1587 4033 14
7909 8556 14
2347 9288 14
1501 2653 14
3585 8050 14
1563 5817 14
3085 4529 14
3521 5102 14
6735 9795 14
1561 7721 14
4203 6062 14
213 550 14
1217 1882 14
6201 9180 14
3238 3709 14
2992 5487 14
5375 9671 14
2262 3579 14
4874 4935 14
80 431 14
1669 3015 14
6693 8641 14
75 6425 14
1704 7363 14
1839 9391 14
1937 5856 14
6121 6352 14
2409 9015 14
3222 3452 14
31 569 14
1343 1910 14
6873 6874 14
4462 6500 14
4138 8883 14
1382 6361 14
3101 7435 14
4137 9479 14
362 2766 14
983 7151 14
2770 4977 14
9346 9388 14
3700 4160 14
1072 4750 14
1168 4443 14
1173 2016 14
3989 5347 14
103 5188 14
5987 9898 14
8681 9073 14
9122 9893 14
131 5510 14
2691 6011 14
789 3155 14
1674 5979 14
2280 2821 14
1360 4562 14
3960 4439 14
5241 6265 14
3959 9422 14
417 8669 14
48 2435 14
1365 9854 14
426 1557 14
3493 4904 14
3973 8356 14
2397 5302 14
2800 4888 14
5106 9124 14
5586 9835 14
1357 7497 14
427 1112 14
274 1426 14
1626 1908 14
3340 8666 14
2211 6279 14
6834 8042 14
283 5309 14
2414 3172 14
5569 6959 14
3296 7644 14
2606 8912 14
6872 7480 14
2328 3652 14
3249 9587 14
1745 3063 14
236 1055 14
2889 6449 14
1294 8864 14
1335 5794 14
2930 6327 14
6429 9264 14
505 3597 14
980 7106 14
2383 3154 14
2923 3739 14
1746 8964 14
109 3654 14
831 8380 14
614 2106 14
4214 5196 14
5793 8812 14
5697 9981 14
1642 5153 14
8422 8944 14
1341 1432 14
435 1601 14
759 1099 14
5439 7740 14
2952 8471 14
4983 6494 14
757 7232 14
6482 6504 14
5593 8955 14
7774 8672 14
1219 3806 15
2387 5571 15
2634 5650 15
3113 9623 15
1546 9877 15
3331 5817 15
2276 8108 15
3415 6045 15
3055 6802 15
2651 9874 15
4175 5569 15
505 7770 15
5542 8282 15
2701 8029 15
1068 3157 15
2390 5919 15
1922 5529 15
473 9975 15
76 194 15
1642 2479 15
5702 8519 15
885 2934 15
491 741 15
2849 3250 15
9832 9936 15
1662 9271 15
653 771 15
4477 8007 15
321 1146 15
70 308 15
5546 9269 15
4083 4278 15
1210 5746 15
319 6353 15
313 1053 15
65 171 15
2711 8454 15
4217 8704 15
2802 7486 15
341 9605 15
2694 3700 15
1065 1303 15
4825 5040 15
1636 5527 15
7617 8307 15
1910 9626 15
3443 5032 15
6994 8438 15
1905 4819 15
4500 8103 15
2635 7258 15
2407 7185 15
8371 9720 15
482 6532 15
2146 4523 15
231 9200 15
1203 9864 15
2411 5189 15
2413 3551 15
1574 8635 15
3121 7510 15
31 1404 15
106 3523 15
983 6887 15
3220 8496 15
4140 7254 15
5012 8558 15
5821 8750 15
1172 1797 15
3311 9362 15
3095 7591 15
7319 9680 15
1148 2812 15
7737 9353 15
5451 5599 15
5938 9588 15
8379 9038 15
4324 8638 15
205 3648 15
2090 2748 15
439 2395 15
7780 9359 15
32 2955 15
6014 7301 15
9739 9779 15
2607 4462 15
4974 8481 15
3767 7868 15
3247 6373 15
2938 5425 15
2170 7396 15
2725 8324 15
2222 6907 15
2518 9035 15
1398 8058 15
8681 9222 15
1172 8457 15
7315 9668 15
1781 5427 15
262 3648 15
3240 3424 15
5453 8105 15
6476 7589 15
7141 7766 15
803 8692 15
2553 4207 15
3704 4223 15
5100 7612 15
4290 8629 15
5885 7011 15
201 3213 15
1320 6428 15
5642 7222 15
4039 5314 15
1785 6150 15
2907 6982 15
824 5460 15
196 363 15
2715 4702 15
5121 8057 15
2898 6726 15
2 8021 15
2539 7976 15
6513 6987 15
2540 9643 15
56 6396 15
253 476 15
3527 6681 15
368 1324 15
6865 6932 15
3819 3951 15
6560 8569 15
363 4505 15
4309 5952 15
5911 8765 15
5750 7517 15
4254 5387 15
3920 6074 15
8377 9131 15
455 911 15
709 9625 15
5532 8617 15
9214 9771 15
144 166 15
1221 2025 15
1931 7245 15
2347 6116 15
2991 6574 15
950 1144 15
1944 8783 15
1246 9958 15
2622 4464 15
3650 3751 15
460 2597 15
5668 6781 15
1708 1764 15
1797 4831 15
27 78 15
115 1310 15
5741 7008 15
463 6663 15
1127 1730 15
2454 5128 15
4518 6268 15
2456 2712 15
1434 8414 15
6752 8756 15
2616 8825 15
2230 6535 15
7814 8304 15
3873 6106 15
1733 6215 15
241 2349 15
2229 8875 15
1452 2114 15
393 2164 15
8494 8616 15
294 1906 15
3094 3961 15
9063 9488 15
5777 8209 15
4954 8737 15
5327 8778 15
1049 9029 15
117 1889 15
4254 5818 15
8445 8481 15
6065 6793 15
3116 6834 15
943 7010 15
2295 5667 15
305 5786 15
128 3710 15
472 946 15
6163 8555 15
2319 7895 16
980 1849 16
1797 4498 16
3080 3247 16
1469 2759 16
1800 5064 16
2337 6907 16
6353 7853 16
141 3443 16
4636 8200 16
38 3341 16
590 6575 16
568 5721 16
1721 8393 16
3079 6858 16
1086 7267 16
8482 9740 16
1800 2074 16
970 1090 16
1797 9651 16
1790 2019 16
2356 4362 16
583 974 16
286 4290 16
5066 7525 16
1335 3506 16
803 7432 16
2552 7961 16
5901 7656 16
2925 4420 16
197 562 16
284 1169 16
793 5216 16
1356 1485 16
1357 5838 16
788 2242 16
1372 1929 16
1372 3604 16
5021 7413 16
812 2846 16
1383 9075 16
1385 2782 16
7756 8713 16
762 3322 16
1407 6729 16
761 931 16
7777 9510 16
290 6727 16
3854 4352 16
5617 8412 16
293 6966 16
1441 2269 16
2968 5920 16
183 503 16
5764 6905 16
3561 8269 16
5679 9210 16
902 3799 16
5246 8962 16
3559 9849 16
1210 9284 16
885 2821 16
7416 8495 16
884 1030 16
2864 6395 16
2868 5717 16
873 8983 16
2656 7670 16
8751 9448 16
8665 9830 16
2618 2931 16
3545 8021 16
5661 8630 16
5147 5913 16
3769 9585 16
8726 9372 16
7442 9490 16
833 3848 16
3784 6974 16
3789 9223 16
1301 2694 16
825 6198 16
1166 1817 16
2666 9051 16
65 8717 16
4833 6439 16
672 8057 16
41 103 16
669 8765 16
1549 3333 16
955 4770 16
165 1189 16
164 713 16
1575 8297 16
16 4792 16
1575 8445 16
1586 4121 16
1587 1915 16
2690 8849 16
6249 6399 16
7894 8231 16
4770 7920 16
632 3491 16
4760 6614 16
157 336 16
4755 4907 16
1621 8148 16
1626 5336 16
622 5266 16
153 2745 16
2392 6525 16
14 2598 16
5370 6936 16
1650 2787 16
3414 5067 16
1493 1570 16
2492 5552 16
1136 5567 16
180 5485 16
179 4082 16
1452 2813 16
2971 4787 16
7818 7999 16
4932 7416 16
7832 9886 16
6264 7018 16
2980 3576 16
4904 7717 16
176 6184 16
946 4970 16
69 353 16
1131 4196 16
4885 7508 16
5336 6920 16
698 2232 16
2994 3037 16
2684 8504 16
4862 9184 16
692 7462 16
691 4183 16
2455 6253 16
2454 6072 16
1524 3180 16
1123 9573 16
4839 6026 16
523 7684 16
1819 3902 16
4513 5141 16
2223 9539 16
1032 1896 16
1887 8296 16
2136 5453 16
4259 7448 16
6909 7270 16
2170 3361 16
1059 6682 16
3340 6876 16
6631 9828 16
3198 4001 16
1877 2691 16
1969 3050 16
1876 2524 16
354 9131 16
4371 6979 16
4541 8290 16
2251 5391 16
1931 4167 16
3650 5585 16
994 6638 16
3126 6406 16
2114 5386 16
4533 6184 16
2245 9242 16
1956 7006 16
6845 9658 16
2033 6332 16
2767 4537 16
4423 4648 16
2 999 16
1822 8723 16
8241 9522 16
512 962 16
2078 4817 16
3206 4717 16
1867 9678 16
3606 3948 16
2304 4448 16
373 8048 16
4288 4912 16
6615 7102 16
3664 5917 16
3207 3935 16
7505 7969 16
6778 7932 16
1865 6734 16
3147 6037 16
2279 9484 16
4314 5587 17
4672 6346 17
6622 7714 17
2933 5825 17
573 9484 17
667 1781 17
2383 6172 17
574 5388 17
152 4644 17
4725 9561 17
1118 1237 17
8409 8858 17
512 3218 17
8611 8806 17
1706 8274 17
2547 5149 17
3968 6718 17
5634 5695 17
4159 9018 17
2543 8593 17
1561 2239 17
1840 2012 17
2536 4743 17
286 681 17
3597 7114 17
5015 8664 17
5018 8592 17
6133 9566 17
2714 3127 17
8421 8822 17
1830 7351 17
3719 6958 17
3243 4396 17
6578 8482 17
934 8525 17
1146 1175 17
1027 3817 17
3822 5488 17
1364 1692 17
6406 7891 17
1363 3672 17
6405 9726 17
4837 9243 17
306 5237 17
840 5110 17
2584 5782 17
6178 9807 17
1285 5561 17
6181 9299 17
513 2858 17
4004 4526 17
96 1834 17
207 5182 17
2823 9103 17
396 429 17
6324 7120 17
834 939 17
630 1177 17
397 3568 17
1617 5239 17
3410 7954 17
492 6711 17
1659 5744 17
8333 9237 17
4746 5601 17
1266 9117 17
4696 5241 17
843 6883 17
1629 7033 17
3043 5363 17
2085 4903 17
3523 4228 17
830 1621 17
1275 6045 17
4729 5549 17
54 529 17
2576 8739 17
3979 7144 17
2893 3556 17
406 523 17
4197 4942 17
7507 8015 17
7660 8421 17
1575 1701 17
4673 6069 17
198 941 17
6884 8702 17
860 9167 17
1584 5315 17
834 7786 17
2672 2684 17
3756 5659 17
4256 6933 17
650 5344 17
7499 7559 17
2380 4570 17
1895 2946 17
393 2726 17
1593 6549 17
387 8421 17
2081 7753 17
5132 6021 17
4773 6521 17
4459 4866 17
4171 7133 17
1323 3985 17
3952 8274 17
1884 5957 17
161 1066 17
6760 8822 17
2240 8162 17
3729 7772 17
1816 6637 17
6075 8163 17
6067 8154 17
219 430 17
2850 6304 17
5676 7413 17
3102 6579 17
42 492 17
2239 5852 17
1779 3136 17
721 1023 17
3582 9773 17
3666 9442 17
333 3282 17
92 3369 17
708 2023 17
3733 4009 17
456 2425 17
760 2034 17
3194 3332 17
6001 9665 17
5707 7425 17
4984 7561 17
3211 5065 17
435 4257 17
1131 4213 17
218 906 17
6475 8148 17
1479 1858 17
2136 2740 17
6799 8047 17
4362 8225 17
2680 6508 17
6027 9519 17
3368 5371 17
1447 1778 17
5401 6251 17
2312 4330 17
3273 3425 17
440 3709 17
4358 6961 17
1137 1389 17
6041 7003 17
4050 7691 17
9 3065 17
4558 7132 17
1808 3204 17
6038 9373 17
2136 3249 17
729 3170 17
980 8021 17
1043 1411 17
3694 5616 17
2490 3646 17
333 1227 17
73 214 17
4934 6747 17
1429 5127 17
2236 7822 17
297 1856 17
2974 9016 17
3117 5590 17
3474 9213 17
2149 2969 17
1084 5059 17
3734 4417 17
693 1448 17
6425 7878 17
1515 5002 17
4106 7051 17
4625 6336 17
372 5425 17
1504 8643 17
4227 4394 17
2655 4913 17
17 592 17
4623 9142 17
2529 3384 17
4338 7652 17
8683 9465 17
432 2152 17
4610 7421 17
2151 2353 17
458 2569 17
6826 8118 17
57 4980 17
516 1399 17
2463 6716 17
6454 8241 17
1396 4563 17
1829 7263 17
4995 6135 17
6460 6842 17
6729 8350 17
6571 6972 17
1407 3711 17
3909 8630 17
5207 5444 17
3617 4615 18
131 4550 18
1137 2969 18
4737 5882 18
6724 8574 18
3623 8227 18
1312 8740 18
781 6147 18
8457 9127 18
1615 3149 18
45 4374 18
1296 8620 18
722 1854 18
4841 7249 18
4387 6631 18
347 3615 18
202 8987 18
172 1573 18
2960 6858 18
2450 4409 18
2496 3120 18
1055 7917 18
3864 5695 18
4855 8204 18
1435 8546 18
2213 3096 18
224 3017 18
613 1730 18
1531 1579 18
2390 3253 18
3416 3827 18
9103 9393 18
295 4363 18
4124 9817 18
2256 9089 18
3861 8428 18
2179 2992 18
6139 9091 18
1431 6020 18
34 1314 18
1368 9078 18
5107 9746 18
1048 2013 18
3879 7019 18
1929 9821 18
16 6551 18
496 8123 18
5855 5956 18
7523 7639 18
1899 6019 18
2426 4899 18
2541 4707 18
2509 6271 18
2223 8011 18
2268 6163 18
7262 8143 18
4168 7201 18
2005 2900 18
2554 3821 18
763 2141 18
1335 3997 18
6006 9673 18
9462 9835 18
6236 8881 18
1334 7407 18
759 2053 18
1493 4214 18
3009 3322 18
2689 5697 18
3502 4872 18
8615 9126 18
1998 6192 18
3946 8524 18
7854 8499 18
2254 6524 18
3442 7930 18
2243 2757 18
2040 3348 18
761 3762 18
1902 5607 18
3896 5396 18
418 3879 18
411 5783 18
33 572 18
3031 3312 18
2482 2548 18
85 381 18
1884 2008 18
2413 3246 18
1611 2787 18
1421 9342 18
1886 6546 18
259 5518 18
6167 6841 18
819 9506 18
15 5127 18
1461 9147 18
491 8848 18
474 1244 18
811 9067 18
4909 9947 18
1334 1911 18
811 1969 18
237 6567 18
647 2097 18
1591 4846 18
5888 7630 18
958 1011 18
2566 8493 18
8448 8876 18
2918 5439 18
670 984 18
7 1003 18
3891 4449 18
458 8491 18
4 1864 18
588 3484 18
3722 5045 18
4211 8219 18
2640 3472 18
3402 7088 18
2645 8681 18
4547 5582 18
2136 8813 18
1718 6066 18
5378 5692 18
2127 6989 18
5760 7136 18
3537 9268 18
8002 9855 18
3993 4355 18
2126 8303 18
4672 9644 18
5280 7882 18
1721 4670 18
3536 8109 18
5718 7672 18
2082 9054 18
2146 9085 18
1747 6792 18
2373 4932 18
4561 7110 18
1746 9041 18
4608 9815 18
5217 8634 18
4667 6380 18
4021 6186 18
5687 6431 18
2111 6636 18
911 1816 18
888 3699 18
2285 5791 18
4220 5919 18
2168 8510 18
6340 6438 18
6386 8642 18
5265 9082 18
1851 8154 18
1199 5993 18
3073 9425 18
9350 9836 18
2886 9228 18
505 1789 18
1671 7033 18
1069 1258 18
95 490 18
5234 7850 18
508 4397 18
73 87 18
1771 5976 18
843 1682 18
216 245 18
6412 7164 18
0 7405 18
4272 9344 18
3757 4582 18
5821 8110 18
4274 6635 18
4676 9287 18
2896 3865 18
1733 8153 18
1847 8690 18
393 2123 18
6314 8340 18
1775 2280 18
2728 7754 18
5253 7793 18
2862 3689 18
7123 7988 18
1280 8286 18
561 5304 18
6571 8566 18
1069 2941 18
3999 5885 18
2339 3360 18
4550 8272 18
380 451 18
3593 9871 18
8089 9385 18
272 6035 18
1192 4388 18
127 2586 18
2122 3726 18
906 3972 18
1770 3452 18
7126 8948 18
982 2865 18
3637 9194 18
5710 7995 19
3194 4264 19
11 5780 19
1818 6932 19
1037 5417 19
4441 8608 19
3564 6183 19
136 8416 19
1817 1839 19
5431 7464 19
4893 9365 19
802 1644 19
2325 5445 19
186 4385 19
2880 8690 19
1900 9712 19
1482 3076 19
2473 7697 19
2470 5617 19
231 562 19
7160 8626 19
4438 7525 19
4812 7176 19
165 240 19
8424 9253 19
1904 2920 19
1420 6764 19
102 724 19
1564 2381 19
6884 8510 19
3848 6995 19
3754 6717 19
385 1169 19
785 6366 19
698 5383 19
2946 6577 19
2218 4348 19
127 6671 19
569 4387 19
1722 3809 19
6107 9114 19
238 2735 19
5719 8128 19
768 5379 19
1510 6520 19
1228 8612 19
996 3107 19
5951 9147 19
4646 5464 19
685 1992 19
469 1451 19
3446 3502 19
4229 9799 19
9116 9778 19
94 104 19
5205 8391 19
2942 4814 19
5011 7260 19
2997 3794 19
2251 5040 19
171 1712 19
428 4242 19
1936 2256 19
1505 3882 19
244 5257 19
6092 9926 19
4426 8890 19
7903 9658 19
7896 8060 19
1118 1374 19
705 2316 19
4544 6839 19
1549 9615 19
1949 2991 19
1949 2195 19
1914 5354 19
2989 4452 19
8688 9370 19
5352 9855 19
4523 5383 19
6845 9050 19
670 8607 19
4006 5023 19
2990 7393 19
1915 5583 19
475 8818 19
701 986 19
1051 2340 19
1719 5914 19
3087 7742 19
1546 3521 19
2779 6976 19
4413 5006 19
41 1951 19
32 4219 19
4293 6985 19
99 1467 19
2971 4505 19
1790 2426 19
742 8984 19
7599 9225 19
8392 9033 19
2647 5517 19
726 2583 19
5103 7843 19
624 7806 19
2148 3556 19
2400 2883 19
7105 8371 19
6276 7724 19
965 1028 19
4483 6017 19
594 3435 19
291 310 19
2185 3242 19
322 1039 19
2355 9614 19
179 3732 19
1048 8510 19
2735 3626 19
96 229 19
4079 6930 19
1426 7659 19
5587 5733 19
8 3611 19
591 3828 19
747 945 19
610 8444 19
1288 3204 19
2381 7146 19
3772 6405 19
1286 6436 19
2728 8075 19
5843 7596 19
368 7659 19
2386 5986 19
1866 5146 19
6620 8080 19
24 1487 19
14 35 19
1000 4196 19
2226 3436 19
5825 9229 19
530 5769 19
6503 8093 19
69 1566 19
1868 1876 19
25 58 19
7368 7482 19
1640 2612 19
294 736 19
1190 8160 19
741 8780 19
502 876 19
3347 4634 19
503 887 19
6047 6764 19
4963 9347 19
2787 4964 19
1632 7074 19
641 751 19
1090 4558 19
2717 3129 19
3757 7806 19
1779 4582 19
1326 4653 19
3544 6139 19
2319 6016 19
4448 5262 19
3477 9871 19
48 4732 19
1678 6853 19
260 8577 19
6491 8255 19
1597 2863 19
3513 9985 19
3427 7962 19
1075 8753 19
3570 4971 19
2802 5379 19
5785 8248 19
2563 9345 19
5167 8728 19
6364 6886 19
1423 2398 19
969 1630 19
5238 7620 19
2613 5998 19
146 1610 19
2883 4372 19
958 1347 19
2420 6086 19
3363 9441 20
3204 4797 20
3185 4205 20
771 1286 20
1509 8763 20
5968 7783 20
3634 4058 20
5444 5808 20
3885 8923 20
2246 4299 20
2323 2672 20
4909 7915 20
7610 8106 20
530 6862 20
523 1395 20
109 7602 20
2997 4190 20
1137 1597 20
80 7894 20
62 192 20
3887 5638 20
1776 2378 20
1190 7677 20
5340 6281 20
80 8950 20
4907 8996 20
4960 8977 20
740 3207 20
113 8094 20
4873 9910 20
4043 7910 20
2988 6405 20
1198 4310 20
2962 7055 20
7423 9481 20
3885 7569 20
3727 8132 20
7762 9406 20
2841 4500 20
762 3482 20
9036 9686 20
542 653 20
1412 2517 20
438 463 20
2461 5783 20
1215 8169 20
5388 9288 20
1785 6400 20
3192 6193 20
6552 7963 20
1408 5358 20
2463 9553 20
6460 7126 20
8220 9492 20
896 2950 20
3694 7232 20
7433 9502 20
945 3405 20
62 77 20
2313 6827 20
1770 1909 20
4936 8212 20
6004 9162 20
5527 6502 20
7542 7887 20
2233 8611 20
247 3442 20
1462 9715 20
4213 6859 20
29 9076 20
1211 1418 20
1487 1615 20
59 7684 20
4925 6640 20
1622 4457 20
796 3305 20
4497 4929 20
2037 8185 20
2713 3967 20
625 5365 20
3523 3970 20
2575 3320 20
1904 2148 20
7086 9433 20
4160 8038 20
2101 6722 20
800 1767 20
1248 1263 20
2825 5864 20
8600 8840 20
1107 3102 20
4437 4937 20
1666 5229 20
4705 4707 20
3931 7383 20
2349 3109 20
5141 6427 20
6196 6939 20
406 8702 20
1353 6887 20
3961 5912 20
7231 8205 20
1559 2544 20
2350 7923 20
52 9651 20
3010 6039 20
5289 5860 20
4702 4880 20
3082 4628 20
6361 6429 20
4446 6811 20
6365 6696 20
6894 8908 20
8988 9398 20
488 4543 20
3570 8876 20
1063 2201 20
2054 6322 20
2422 9963 20
1324 3574 20
1088 9511 20
6251 8105 20
5151 8029 20
1882 9187 20
1883 8826 20
6655 8187 20
4769 5647 20
4677 9568 20
4437 5631 20
3287 8416 20
655 1226 20
6633 9088 20
6873 8324 20
3136 8804 20
1580 1640 20
4303 7383 20
27 2650 20
5637 9906 20
2784 4069 20
282 468 20
5357 5861 20
3152 8237 20
7090 9575 20
3807 7482 20
1148 3681 20
3742 5725 20
2819 8678 20
7595 9890 20
2022 4642 20
2384 4077 20
1182 3433 20
242 409 20
4641 8067 20
117 2002 20
3328 6433 20
361 407 20
2295 5532 20
7179 9259 20
324 5357 20
6619 8523 20
320 442 20
3281 8996 20
5479 5887 20
428 1000 20
8094 9409 20
5386 5457 20
468 526 20
8028 9565 20
7377 8634 20
2630 7617 20
2339 4047 20
3553 5614 20
1525 8350 20
1937 2115 20
8859 8980 20
2453 9844 20
8175 8354 20
869 8518 20
5665 6967 20
3928 7072 20
150 1942 20
71 873 20
970 4482 20
5931 7294 20
6173 8402 20
1549 5664 20
3527 5518 20
5140 9843 20
2443 3016 20
5365 5568 20
3050 7235 20
3416 4847 20
786 2276 20
255 6484 20
2260 3072 20
8966 9104 20
2114 4804 20
2279 2447 20
1167 6673 20
2065 2412 20
5110 6263 20
144 179 20
7300 8524 21
3247 8945 21
7379 7726 21
3526 8891 21
5784 9688 21
2763 4274 21
73 3071 21
825 8072 21
841 6770 21
2906 7979 21
2087 4306 21
906 4329 21
47 760 21
924 4767 21
5108 6656 21
1285 3123 21
745 6029 21
3572 9127 21
5292 8717 21
5868 8687 21
2585 7483 21
1993 3863 21
3773 7953 21
7795 9834 21
884 1450 21
793 1128 21
2000 3300 21
1242 5202 21
2876 5377 21
2028 8285 21
2936 3602 21
1240 1403 21
3711 9882 21
57 97 21
5931 9203 21
3696 9901 21
868 3408 21
2007 8008 21
226 6388 21
5935 9170 21
864 9042 21
934 1371 21
5034 5108 21
5033 5694 21
871 2586 21
5720 7077 21
911 7199 21
6821 7203 21
1230 9361 21
226 8273 21
2941 3973 21
3827 7301 21
4233 7888 21
191 9663 21
773 9643 21
775 4023 21
1141 1155 21
855 4830 21
201 4885 21
5884 9733 21
2053 4990 21
815 2888 21
814 4917 21
5777 5931 21
5300 6461 21
2049 3986 21
5664 8187 21
2661 5357 21
1038 1419 21
2924 5555 21
2956 5306 21
3479 6726 21
8404 9945 21
5310 8406 21
4199 4452 21
197 3831 21
757 3382 21
2674 3234 21
1020 3025 21
3579 7716 21
797 7433 21
8240 8503 21
3505 6348 21
212 449 21
3819 6526 21
2638 6567 21
2104 2153 21
4889 9421 21
2295 8578 21
4546 7397 21
3951 6754 21
3432 9116 21
1487 2630 21
687 2772 21
4102 9395 21
2255 3397 21
2466 7593 21
4673 8073 21
662 7787 21
1762 7792 21
7 121 21
582 2525 21
3604 4408 21
4701 8407 21
6748 8802 21
1659 4925 21
134 4506 21
1603 4735 21
6484 7687 21
3068 8404 21
134 7600 21
8888 9418 21
1953 8898 21
42 187 21
4594 7530 21
7114 9876 21
1767 4111 21
141 6594 21
4389 8982 21
4516 7498 21
3597 4728 21
4505 9129 21
651 4291 21
4064 6118 21
4682 5616 21
6428 7916 21
562 1727 21
1510 6686 21
1829 7118 21
5569 7069 21
1826 6898 21
5576 6533 21
255 814 21
590 2971 21
6681 8901 21
3127 4060 21
2248 3762 21
6109 6150 21
3990 8908 21
1562 7509 21
2996 5596 21
1856 8694 21
1589 1618 21
6118 9145 21
4091 6106 21
2250 8507 21
4879 8842 21
3416 5484 21
233 7302 21
1673 5893 21
996 7529 21
6202 7208 21
4790 7982 21
2331 5209 21
7921 9004 21
1928 9590 21
5385 7766 21
2350 3674 21
6054 8538 21
1444 1724 21
1549 5398 21
2404 4336 21
2969 4231 21
670 1735 21
4745 8797 21
236 3844 21
3608 7777 21
3042 8692 21
676 1134 21
1974 8062 21
112 3696 21
356 3087 21
3597 4168 21
3146 4238 21
2440 7808 21
1450 9098 21
444 8533 21
1448 5704 21
1046 5437 21
295 644 21
535 957 21
670 8104 21
8 15 21
1547 6549 21
7946 9203 21
6065 6758 21
42 384 21
7480 7723 21
7970 8302 21
6382 8169 21
354 5477 21
4427 6253 21
3593 7366 21
630 7178 21
2789 3131 21
1725 3256 21
2380 5897 21
298 6971 21
1534 5470 21
1534 1573 21
443 4510 21
6189 8502 21
3089 4933 21
1963 4821 21
1122 3438 21
532 791 21
6062 6316 21
4669 5783 21
3167 9761 22
127 1023 22
673 752 22
6842 9545 22
474 1151 22
8419 9523 22
2613 4562 22
1705 7771 22
4091 8262 22
1150 9620 22
2803 6855 22
2879 4046 22
1553 5318 22
510 5937 22
5924 8272 22
7086 8934 22
5765 7531 22
32 7539 22
1549 1827 22
8417 9322 22
1250 1748 22
3251 7523 22
3546 6225 22
2537 3317 22
607 658 22
3957 4431 22
1651 8723 22
7576 7852 22
4279 8747 22
8317 9606 22
1652 6025 22
7962 9918 22
4295 9028 22
1650 5846 22
151 5995 22
823 8879 22
2697 3412 22
822 6241 22
6323 7663 22
921 7396 22
1319 4488 22
5882 8419 22
9304 9589 22
1869 2458 22
3050 8794 22
3416 7046 22
497 2161 22
2753 4169 22
5361 9074 22
2275 3962 22
2398 3935 22
4704 9238 22
6623 7264 22
2386 6150 22
4079 6333 22
828 4559 22
626 5136 22
2183 5956 22
5089 5550 22
966 7539 22
1156 6804 22
3018 3847 22
4790 7711 22
2554 5877 22
593 2485 22
3232 6113 22
273 3634 22
199 2169 22
918 9650 22
3166 9842 22
273 2380 22
855 1491 22
2426 6967 22
5510 6897 22
1342 8869 22
1578 4277 22
3436 7105 22
1860 9388 22
638 9429 22
2172 4265 22
7721 8215 22
1667 1946 22
815 8181 22
1174 1967 22
1326 2124 22
4683 9156 22
2561 5106 22
2671 4092 22
1327 4209 22
4170 8019 22
1327 8075 22
1593 9469 22
3950 9552 22
3261 5936 22
381 7115 22
3907 6319 22
1950 2561 22
707 1854 22
1211 8450 22
6470 9525 22
3557 4074 22
6088 9342 22
5994 9823 22
5264 5925 22
1081 2924 22
552 6318 22
4897 8334 22
1041 3266 22
9022 9675 22
758 920 22
4025 8165 22
6464 8087 22
4021 5619 22
2636 8404 22
1403 4463 22
3095 5571 22
4612 6083 22
1749 2367 22
5718 7282 22
190 3908 22
8440 8622 22
559 4243 22
883 2810 22
2459 4572 22
560 5670 22
4876 5258 22
1450 9510 22
81 7014 22
2504 3214 22
2845 9470 22
1971 6531 22
1814 7160 22
448 2854 22
2139 4870 22
4963 9453 22
2489 5363 22
2141 5654 22
4559 6964 22
906 2607 22
3582 7510 22
4362 6052 22
357 948 22
4953 8100 22
3844 4550 22
6019 6423 22
3560 5770 22
266 498 22
999 1342 22
2301 6958 22
437 3148 22
3197 7349 22
1204 6030 22
3375 9365 22
3478 8092 22
1475 1844 22
3117 6184 22
6080 7276 22
5701 6655 22
945 4227 22
2337 8951 22
1224 5629 22
5316 8234 22
869 2315 22
2623 6692 22
7403 9815 22
4527 7264 22
2337 7018 22
2345 8544 22
5031 7502 22
361 696 22
561 6656 22
4641 5031 22
1510 4236 22
4851 9947 22
4236 9196 22
7440 9761 22
105 7872 22
2684 3969 22
2446 6768 22
7548 8325 22
4838 5051 22
17 27 22
5317 9860 22
4135 7545 22
679 3742 22
4329 7791 22
5195 8370 22
463 8608 22
287 577 22
2103 9492 23
1281 7906 23
1243 9875 23
252 6210 23
3969 9320 23
3265 4050 23
2317 7833 23
3066 3515 23
4642 5679 23
6319 9117 23
896 2965 23
2139 3095 23
2380 2467 23
4576 8504 23
205 3920 23
7653 9426 23
2657 6991 23
4525 4771 23
2899 6726 23
139 2397 23
3749 5909 23
530 634 23
4558 7367 23
573 1502 23
3051 3501 23
573 9659 23
4661 5091 23
5409 8159 23
29 1410 23
981 1521 23
573 672 23
4284 6211 23
535 7016 23
1785 4549 23
1194 3657 23
2306 5282 23
916 2944 23
5370 8387 23
4244 6298 23
4475 5141 23
2652 6356 23
214 241 23
3529 5649 23
901 4961 23
377 4156 23
2788 6080 23
4477 5235 23
574 7321 23
3542 4739 23
8524 9607 23
867 4418 23
1846 3559 23
147 952 23
6462 8495 23
4063 7380 23
8519 8668 23
7551 8587 23
5553 7675 23
6574 8945 23
879 8199 23
4221 5234 23
237 669 23
8098 8348 23
2170 9602 23
3543 5277 23
853 8726 23
592 7628 23
8355 9405 23
561 2881 23
591 2507 23
5502 6289 23
5208 9494 23
507 1078 23
1219 1985 23
2708 3703 23
12 198 23
2714 3409 23
515 6736 23
3068 5026 23
5814 8094 23
3081 6431 23
1775 9590 23
6324 7590 23
3770 9995 23
1076 2686 23
1767 2794 23
233 3802 23
3770 7683 23
4062 7889 23
2352 5172 23
6327 9729 23
5130 6535 23
1667 2679 23
4631 5350 23
876 954 23
6375 7761 23
1097 3937 23
4255 4473 23
50 1335 23
5201 7169 23
1213 2683 23
595 7131 23
1822 3237 23
32 7776 23
147 2174 23
281 3626 23
6894 7358 23
695 6790 23
231 1669 23
1156 6953 23
4445 6666 23
4317 5278 23
3641 8774 23
758 7370 23
167 356 23
650 7303 23
5532 7408 23
435 962 23
2986 3000 23
1951 2498 23
190 9081 23
5998 7713 23
120 266 23
3590 3922 23
21 380 23
6896 7913 23
4405 6367 23
1143 7300 23
2419 5541 23
4826 9937 23
4773 8197 23
7927 8161 23
1323 4278 23
1996 2772 23
771 7196 23
2936 5530 23
714 1223 23
1604 9783 23
8250 9920 23
433 1293 23
7046 7844 23
2991 7413 23
2193 6700 23
344 1315 23
764 6927 23
795 6901 23
6106 6150 23
1903 6849 23
699 6181 23
3839 5486 23
4807 6695 23
1350 7721 23
4879 5698 23
931 2319 23
638 2268 23
6215 6353 23
163 8132 23
308 727 23
1559 7371 23
1558 4870 23
2525 3844 23
2770 4802 23
173 824 23
8628 9008 23
3014 3128 23
2047 6300 23
1155 9580 23
3811 4781 23
1407 1693 23
421 1749 23
2535 9099 23
7747 9600 23
3233 9990 23
6265 8193 23
4842 7931 23
925 936 23
2446 2631 23
438 2918 23
6023 7578 23
1122 1993 23
3878 5365 23
181 988 23
1624 7402 23
1447 6262 23
2182 4999 23
302 936 23
2530 4578 23
683 5464 23
1525 9868 23
775 7608 23
3828 6645 23
7943 8761 23
60 566 23
620 8736 23
2067 2214 23
1443 9543 23
2067 4656 23
1440 9963 23
317 6693 23
1931 9291 23
4974 5570 23
1040 8201 23
8190 9424 23
1150 4578 23
2413 9974 23
2205 5545 23
3034 8444 23
820 8327 23
2910 7764 23
450 1397 23
1112 3726 23
124 1745 23
5940 8499 23
2185 5778 23
7830 8149 23
5294 9584 23
3612 4975 23
22 279 23
4148 8677 23
290 1321 23
2217 6007 24
3737 9328 24
7851 8398 24
877 949 24
5203 7216 24
190 9238 24
4014 5843 24
2944 8289 24
3629 3965 24
3385 6989 24
6830 9009 24
1508 1667 24
50 9744 24
17 1589 24
2250 8163 24
6127 7459 24
7152 8853 24
1393 4588 24
5009 6102 24
5737 7285 24
4334 8498 24
3465 8436 24
1476 9500 24
4388 9649 24
4919 7938 24
1073 7206 24
3107 8175 24
3477 8124 24
4350 7202 24
298 1363 24
1200 2820 24
4569 7922 24
1135 1643 24
1815 2331 24
6509 6957 24
3321 6972 24
3670 6152 24
725 4841 24
185 823 24
524 6786 24
296 3028 24
981 1633 24
7018 8653 24
5439 9878 24
6042 9248 24
732 2724 24
2229 6941 24
4551 6428 24
1444 4346 24
6540 6761 24
6786 7457 24
189 317 24
6434 8305 24
2949 3448 24
1753 4282 24
9037 9370 24
1083 7454 24
1002 7700 24
2814 4414 24
8802 9269 24
3599 5083 24
129 7190 24
2001 2198 24
4602 7631 24
553 2206 24
2130 7096 24
558 1535 24
195 2762 24
5263 7895 24
7772 9150 24
4901 7431 24
1416 9982 24
7628 9801 24
187 875 24
945 4722 24
1078 3013 24
939 5724 24
4904 9655 24
1205 5797 24
454 635 24
2509 4411 24
5889 6854 24
158 8509 24
55 138 24
7976 8789 24
3535 5272 24
2594 2623 24
1884 9052 24
3515 8663 24
639 1004 24
5654 6518 24
5355 5692 24
7594 7617 24
1157 5366 24
8735 8973 24
3021 3196 24
1172 2559 24
1263 5717 24
95 5752 24
2923 5468 24
225 5763 24
7106 8939 24
804 2692 24
5421 9930 24
2426 4442 24
1675 5900 24
1898 4899 24
3074 3528 24
2426 7217 24
4195 8670 24
3346 9791 24
618 1248 24
2072 2773 24
205 289 24
7954 9673 24
835 3118 24
2389 8698 24
86 675 24
4281 7027 24
316 9965 24
1299 3731 24
6921 8349 24
2824 9185 24
3658 3786 24
6919 9558 24
7319 8494 24
4721 6094 24
2665 4543 24
5827 9764 24
609 1080 24
5824 6569 24
2273 8384 24
2081 2375 24
1652 6770 24
5088 8697 24
3518 9217 24
1109 6234 24
1110 7903 24
2565 2693 24
1543 6395 24
1005 4778 24
392 1327 24
4093 7766 24
5518 5799 24
7108 7987 24
126 9599 24
2660 8796 24
8516 9686 24
6582 7212 24
104 862 24
423 8708 24
953 1593 24
1927 8172 24
5041 6288 24
232 3361 24
4319 4458 24
2444 6882 24
5384 5771 24
1179 3891 24
2115 5088 24
2445 3785 24
5186 7007 24
1235 9039 24
5509 7011 24
2449 2550 24
1232 8013 24
683 834 24
169 1988 24
5574 7073 24
467 5885 24
2101 3976 24
323 620 24
1565 6258 24
4678 6518 24
658 1752 24
481 8652 24
8452 9309 24
661 5999 24
1257 4923 24
1088 1722 24
2167 4502 24
8286 9338 24
103 1149 24
1258 1940 24
1006 1423 24
7464 8911 24
5055 6980 24
3076 8899 24
222 311 24
5620 6412 25
2656 3724 25
5533 6816 25
1000 5292 25
5445 6694 25
908 5959 25
1166 7384 25
961 8754 25
2753 4222 25
5360 7027 25
1065 6178 25
5452 6350 25
1049 5595 25
2815 2951 25
3709 8873 25
3578 7243 25
1188 1541 25
2815 6040 25
5320 8145 25
1140 3520 25
1099 1511 25
5512 9006 25
2762 5648 25
2665 6607 25
2671 6399 25
7524 9752 25
5260 6668 25
249 3806 25
5658 7456 25
2144 5576 25
909 955 25
956 5694 25
8863 9654 25
1115 8868 25
158 3839 25
3005 5263 25
4824 5871 25
1552 2970 25
4816 9394 25
7916 9893 25
1584 9309 25
64 4386 25
4782 9187 25
2421 3086 25
2419 7955 25
639 4010 25
636 1102 25
1609 8371 25
1613 2571 25
9264 9324 25
306 766 25
629 6439 25
622 632 25
317 3922 25
6289 8251 25
7962 9670 25
4708 6583 25
1668 7444 25
4698 6701 25
1678 4342 25
590 3219 25
4681 8750 25
2356 5297 25
3080 3341 25
4654 6744 25
2482 4378 25
2536 2822 25
2941 4321 25
5955 8762 25
5000 9273 25
5973 7355 25
3852 6234 25
20 2842 25
59 5216 25
1426 1926 25
1432 4348 25
1435 2930 25
1456 9965 25
722 2067 25
9181 9562 25
4007 9010 25
4907 7502 25
176 9475 25
4905 9923 25
1484 6260 25
6087 8068 25
2987 4830 25
1506 5409 25
3451 7666 25
7865 9064 25
170 6101 25
3920 8945 25
1536 6154 25
678 4364 25
1538 2408 25
4313 4490 25
4388 5845 25
3317 7185 25
2225 7424 25
6790 7925 25
4356 8417 25
7064 7986 25
1997 2017 25
3212 9558 25
2000 4139 25
4147 4157 25
7052 9987 25
2203 6889 25
2029 8309 25
2199 6383 25
453 458 25
4310 7878 25
3301 9171 25
6889 9848 25
4172 8925 25
6928 8233 25
4286 5215 25
2076 3363 25
2102 2899 25
4206 6489 25
4237 4949 25
2156 4908 25
4218 5470 25
378 4753 25
4525 7370 25
2344 5965 25
3385 8295 25
6448 7361 25
2328 7696 25
1760 3294 25
2325 7682 25
2323 3717 25
1774 7631 25
547 6284 25
538 3494 25
1792 4965 25
4547 5843 25
1816 9918 25
129 1888 25
2845 4468 25
3141 5493 25
1864 2065 25
498 1007 25
2274 3494 25
7092 9246 25
6678 7181 25
4431 4674 25
344 1274 25
1918 6223 25
4410 9266 25
6 533 25
1932 6496 25
115 779 25
3187 4756 25
5070 9611 25
794 2438 25
5147 6232 25
8802 9432 25
888 8622 25
5910 7310 25
2859 8896 25
1344 9475 25
7414 8172 25
3506 5367 25
5065 5369 25
1222 2104 25
1288 6623 25
5195 9832 25
3758 5402 25
3809 3911 25
7345 9519 25
9063 9487 25
3545 4152 25
5072 9813 25
832 5777 25
3525 5708 25
1325 8731 25
2576 4508 25
214 7868 25
3747 3776 25
824 9657 25
2566 4326 25
2570 8282 25
5878 7774 25
2567 5375 25
206 4192 25
2601 9447 25
1281 1663 25
5700 6358 25
276 4525 25
7385 8749 25
3775 4469 25
903 2727 25
1270 1534 25
5945 6213 25
284 2897 25
5687 7433 25
2790 3327 26
2620 9419 26
6656 9611 26
2335 3025 26
4083 7211 26
342 433 26
5421 7857 26
7668 7870 26
2331 8027 26
4014 5097 26
6619 9217 26
570 2135 26
6 9364 26
1239 9045 26
2589 6294 26
868 1196 26
8166 9520 26
971 1210 26
4417 6532 26
1058 9875 26
2589 3241 26
8010 9787 26
3769 3895 26
3372 9675 26
1791 7405 26
3111 8252 26
6511 7415 26
7130 9512 26
1266 6036 26
9 2640 26
544 4966 26
1774 8220 26
37 5299 26
5396 9022 26
8185 9051 26
8908 9432 26
1069 6440 26
3123 6461 26
2298 4663 26
8736 9078 26
5804 9516 26
3357 8378 26
6617 7679 26
781 3029 26
3109 7308 26
5775 8010 26
4019 8975 26
8103 9231 26
1204 5135 26
1004 4707 26
2034 5715 26
3302 6285 26
892 5782 26
6886 8668 26
29 9622 26
6890 8561 26
2748 9785 26
242 3350 26
7533 9893 26
2190 4115 26
9671 9841 26
5227 8120 26
6914 8076 26
2849 6102 26
4323 7340 26
5474 7730 26
1012 6639 26
4247 6172 26
2159 3550 26
4238 5731 26
2645 5091 26
219 7327 26
7021 7594 26
3635 6283 26
1021 1353 26
7020 8779 26
4227 8936 26
907 2091 26
2140 8377 26
2764 4554 26
6774 6974 26
470 3943 26
1056 8228 26
8443 9673 26
6716 8875 26
117 184 26
7656 9126 26
3187 3397 26
5807 7251 26
1053 2347 26
4395 6459 26
1952 7502 26
4390 6969 26
5189 7750 26
30 1508 26
6759 9460 26
470 8563 26
4117 5483 26
6779 7827 26
111 2904 26
7643 9115 26
2631 8463 26
1184 2978 26
2224 4237 26
5441 8805 26
3621 4166 26
82 1542 26
4338 8657 26
9613 9755 26
878 2213 26
2861 9301 26
182 224 26
1474 5493 26
297 4140 26
628 6790 26
2546 6517 26
728 7193 26
4755 5250 26
1629 3134 26
729 7387 26
317 1634 26
1291 5739 26
54 388 26
3780 8247 26
1339 5182 26
3467 9907 26
318 2721 26
68 4607 26
6297 7469 26
2500 2600 26
2963 6550 26
3412 3777 26
6323 6956 26
13 139 26
2377 3193 26
3825 9564 26
2911 4007 26
5078 6956 26
229 4425 26
3704 7067 26
62 2713 26
6159 6754 26
2998 8271 26
171 8954 26
1331 2563 26
1508 9556 26
8833 8971 26
3929 7388 26
193 2921 26
2438 5915 26
61 6399 26
1560 8751 26
5084 5359 26
3454 6218 26
6386 6582 26
5900 7565 26
278 9576 26
5304 9194 26
8710 9979 26
15 4972 26
785 3986 26
3073 7374 26
593 595 26
1676 8758 26
5291 9478 26
1405 7608 26
2529 6411 26
763 7280 26
190 2310 26
5381 6506 26
1387 9421 26
5002 7498 26
1674 2629 26
1680 8668 26
287 1256 26
191 6542 26
767 3875 26
234 9860 26
5290 5391 26
1685 3303 26
3999 6561 26
2527 3118 26
2536 8054 26
195 4573 26
2373 3544 26
1280 9964 26
148 2849 26
4978 7354 26
276 8054 26
1414 8849 26
2374 4416 26
1420 3244 26
7319 9526 26
5630 6273 26
7164 7713 26
5575 7518 26
3578 5058 26
5484 7877 27
7018 7325 27
1587 7509 27
113 933 27
93 9742 27
170 3877 27
1330 2723 27
109 3997 27
172 794 27
5338 9391 27
1362 5210 27
1029 1141 27
3639 6447 27
2050 7390 27
4974 7079 27
1356 1719 27
1035 4402 27
1426 6665 27
48 9199 27
3862 6321 27
1418 4083 27
2499 3033 27
48 382 27
2039 2609 27
199 5260 27
5222 9737 27
3883 6794 27
2681 3108 27
4924 6259 27
2025 6125 27
1482 2741 27
1026 7741 27
4904 6298 27
1492 1518 27
221 4494 27
1185 6559 27
3982 9488 27
1268 4408 27
135 3964 27
2321 2783 27
8874 9004 27
3986 8320 27
4035 5187 27
1780 7123 27
1782 3743 27
7980 9947 27
8051 8129 27
2581 3620 27
1793 4609 27
1794 5195 27
7974 8029 27
4552 7531 27
4055 6379 27
52 2304 27
4545 8271 27
1274 2049 27
2352 4480 27
8502 9728 27
71 151 27
142 4873 27
2591 3785 27
1725 2343 27
2341 4476 27
2356 3832 27
1262 9563 27
141 190 27
4631 9249 27
1746 2914 27
1747 2599 27
1684 9722 27
1753 4839 27
4021 4561 27
1759 7423 27
1937 8598 27
8758 9647 27
4776 5958 27
1593 7389 27
1301 4680 27
118 5252 27
4099 7728 27
2622 2825 27
1575 2674 27
2623 5330 27
1608 1803 27
1055 4329 27
3929 5938 27
115 116 27
4830 4969 27
4830 6552 27
7728 8958 27
3688 6548 27
1951 8672 27
1618 1893 27
39 1624 27
4523 9363 27
1845 6314 27
1846 2963 27
1856 3408 27
1069 1118 27
4070 6123 27
1868 5159 27
200 1171 27
2275 5216 27
209 1516 27
158 173 27
2271 9289 27
1884 5981 27
204 3301 27
7710 7931 27
1896 6649 27
2823 8047 27
3316 6278 27
3134 8588 27
2829 4104 27
553 4774 27
2820 3610 27
9326 9673 27
6178 7124 27
5605 5740 27
903 2290 27
6323 9193 27
3389 8116 27
674 1388 27
6008 7039 27
6674 8787 27
5814 6018 27
270 9160 27
247 819 27
519 1796 27
330 534 27
3625 6137 27
6006 9479 27
6975 7641 27
24 33 27
301 5499 27
7243 8946 27
271 1218 27
1009 6428 27
7388 9962 27
6841 8472 27
324 4809 27
710 7763 27
2952 3367 27
5650 8315 27
5678 8789 27
6487 9330 27
320 2654 27
3134 9188 27
646 1198 27
2791 7398 27
14 141 27
480 6838 27
3468 4454 27
3168 5515 27
27 63 27
6535 8069 27
3579 8615 27
5787 7032 27
6495 8729 27
434 532 27
3499 3931 27
3068 6543 27
404 1196 27
744 1594 27
320 9373 27
3422 3534 27
271 9603 27
756 807 27
6050 6140 27
2786 7087 27
340 7882 27
6554 6723 27
5722 6538 27
500 5548 27
833 9245 27
791 9984 27
6866 7399 27
559 4752 27
5961 6861 27
30 117 27
487 2528 27
5639 7166 27
260 3347 27
3265 8880 27
6740 9745 27
5599 9381 27
958 1348 27
377 1025 27
7198 8123 27
333 1488 27
268 1117 27
5863 6492 27
3396 4008 27
650 1454 27
286 7148 27
2971 3782 27
842 2534 27
7322 9663 27
753 8771 27
7430 9010 27
868 2106 27
6075 9083 27
2778 5330 27
66 9928 28
5668 6830 28
6132 8228 28
6086 6875 28
3553 4949 28
423 4471 28
978 5465 28
1136 1272 28
989 5663 28
1805 5652 28
667 1468 28
2836 5177 28
6256 6598 28
6847 9244 28
1727 3215 28
4045 7808 28
2594 2628 28
527 3445 28
8266 8490 28
923 1443 28
2529 7014 28
2473 9563 28
5327 7069 28
6330 6419 28
2473 8088 28
1692 6858 28
6083 9753 28
2321 7822 28
6002 9867 28
948 2434 28
4307 9738 28
3304 8439 28
1670 3557 28
4640 8060 28
7691 9361 28
38 132 28
7947 8368 28
6510 9829 28
254 666 28
2459 5666 28
350 6461 28
3109 5278 28
3452 9904 28
5229 6713 28
3687 4154 28
232 5222 28
6730 6875 28
5601 7668 28
537 2969 28
4500 8577 28
447 6380 28
888 9359 28
1682 9185 28
3534 8852 28
3491 5948 28
3189 3992 28
5157 9809 28
1684 3082 28
7601 8649 28
449 9746 28
1509 9206 28
4561 8305 28
2802 4412 28
2850 8052 28
324 5310 28
4765 7980 28
5080 9751 28
1573 9847 28
6726 9480 28
6823 6979 28
9556 9654 28
5574 9430 28
1273 3455 28
9 8998 28
2280 6488 28
3218 9463 28
5344 5921 28
5036 5256 28
2253 2916 28
4131 7800 28
274 4402 28
434 2405 28
3352 5266 28
1724 5270 28
4800 6436 28
1092 1124 28
2250 3514 28
174 209 28
6281 9836 28
2522 5409 28
234 1937 28
229 2273 28
2703 4377 28
951 7810 28
2394 3378 28
4507 9211 28
5149 6017 28
2344 5022 28
4406 5941 28
3548 7077 28
3831 6269 28
6963 8614 28
31 128 28
3334 5932 28
4840 9883 28
3166 4351 28
1430 9125 28
217 5353 28
678 8733 28
9153 9465 28
829 8417 28
3286 5005 28
804 1058 28
3285 3957 28
1151 2313 28
4927 9574 28
3359 7934 28
719 5247 28
1294 2455 28
1046 1754 28
8331 9679 28
8931 9326 28
1433 5640 28
7518 9283 28
1042 9577 28
260 9655 28
5442 9501 28
1367 5044 28
3621 7020 28
1016 2109 28
1440 2830 28
930 6916 28
2135 5432 28
1712 2641 28
730 4689 28
22 51 28
1160 5545 28
1746 2457 28
3336 8572 28
245 1592 28
4814 7272 28
607 6873 28
6547 7489 28
1542 2673 28
2338 9233 28
7153 7201 28
727 5987 28
278 1180 28
5050 8061 28
2269 3311 28
3121 5076 28
3119 7333 28
5473 9621 28
1872 6565 28
6053 8958 28
475 1076 28
4717 6148 28
1328 5179 28
2154 4252 28
2668 2902 28
3086 4069 28
180 270 28
1197 2642 28
98 3313 28
5253 7136 28
3956 9132 28
2651 4935 28
574 5057 28
2065 7626 28
2841 8594 28
2936 5261 28
1056 6474 28
2550 9541 28
1139 1960 28
7551 8118 28
1138 6820 28
4853 6148 28
5257 8649 28
7219 7259 28
3833 7444 28
1291 3150 28
346 9367 28
3655 6857 28
2510 9160 28
367 8531 28
2188 4454 28
3891 4668 28
3358 8581 28
3298 5943 28
5703 9348 28
6939 9429 28
139 8922 28
1053 1076 28
2481 6797 28
684 2743 28
1052 2856 28
597 1456 28
4027 8005 28
757 1982 28
3645 7871 28
2782 3010 28
1234 2808 28
571 2912 29
1887 6653 29
2244 3052 29
2564 7039 29
2681 3280 29
3162 4866 29
7164 8021 29
26 1484 29
5004 5360 29
3584 3738 29
7469 7832 29
1880 2848 29
1945 7664 29
6391 9832 29
958 5840 29
62 5054 29
114 252 29
6517 8651 29
857 3509 29
1207 6630 29
4095 8424 29
3425 9869 29
941 7071 29
1883 8104 29
1859 5075 29
4054 6990 29
5032 7178 29
889 9453 29
304 1305 29
268 2424 29
5344 6536 29
1903 5463 29
3817 5500 29
224 9095 29
1265 5382 29
6521 8553 29
4095 5514 29
8 870 29
42 170 29
7595 9613 29
3445 5842 29
1125 9660 29
7245 7926 29
2454 2716 29
4093 8391 29
3041 3975 29
8448 9662 29
4803 9081 29
1631 2736 29
3497 6207 29
6703 7142 29
224 3285 29
6133 7588 29
6671 9338 29
5350 8009 29
6734 6944 29
4842 9707 29
3330 9116 29
952 3839 29
922 1259 29
1939 5423 29
117 6201 29
5333 8038 29
7100 8589 29
3448 4997 29
513 827 29
2438 9502 29
6414 6460 29
59 7919 29
4239 4722 29
635 4182 29
1645 6287 29
2570 5121 29
645 2659 29
7046 7090 29
1669 5126 29
716 1081 29
5405 6940 29
420 898 29
2979 8133 29
4294 4579 29
58 1123 29
2034 2552 29
5760 6916 29
1581 5378 29
5270 5673 29
1029 4265 29
593 8943 29
7502 8488 29
5786 5984 29
177 3414 29
3225 4404 29
179 7688 29
4192 6456 29
129 6170 29
2770 3369 29
830 1213 29
3252 5374 29
278 608 29
4608 5426 29
95 1500 29
1237 2084 29
4609 6090 29
3882 4699 29
3465 5263 29
9 1156 29
3068 7244 29
3954 4781 29
3383 3497 29
905 4263 29
2871 6091 29
4250 8197 29
803 4329 29
2297 3243 29
1712 2456 29
2176 6210 29
6932 9699 29
240 725 29
1055 1068 29
1617 5120 29
896 8586 29
7648 7863 29
4921 5770 29
2589 7941 29
3773 4804 29
5277 6560 29
3085 7319 29
4040 4084 29
355 2362 29
444 6755 29
4688 8941 29
3203 6693 29
1683 3107 29
606 3795 29
962 5452 29
1974 4701 29
1804 6817 29
6605 7594 29
3763 6759 29
841 1879 29
7569 9708 29
5084 5322 29
2405 3796 29
7572 8147 29
5690 8722 29
4499 6345 29
1215 3977 29
1174 7661 29
5969 9764 29
2994 7490 29
3196 3612 29
2664 3904 29
6750 8917 29
3367 6163 29
4497 9521 29
7363 8157 29
1815 4615 29
4359 9227 29
2876 5866 29
1612 5975 29
710 6621 29
3990 9899 29
8421 9226 29
430 6932 29
660 4896 29
14 2925 29
8365 8783 29
2212 2295 29
427 8772 29
738 2801 29
3060 7905 29
1285 4341 29
4129 7091 29
3907 4264 29
7258 8669 29
1091 1311 29
1989 6658 29
1251 2314 29
4799 9644 29
4352 5796 29
1219 6924 29
4053 6623 30
663 3205 30
2608 4124 30
334 1202 30
194 956 30
165 4924 30
2299 7951 30
4555 6642 30
2559 3932 30
1193 3116 30
1874 6617 30
526 804 30
5055 5932 30
2664 2910 30
126 4611 30
1364 2261 30
5653 6910 30
8004 9365 30
6599 8845 30
6599 7240 30
4514 6642 30
2292 5461 30
1841 8147 30
335 6943 30
6184 7869 30
285 1369 30
2350 3330 30
1872 6190 30
1709 7600 30
3366 4745 30
1185 3397 30
4474 5235 30
64 136 30
913 1850 30
4805 6412 30
1835 9157 30
2295 3627 30
5676 8814 30
1829 2871 30
6532 9686 30
2842 4242 30
664 7759 30
3100 4147 30
2343 4189 30
634 7794 30
3849 4782 30
5087 7712 30
251 685 30
7143 7599 30
6223 8532 30
4171 7934 30
1414 1555 30
3950 8654 30
646 2253 30
4975 9362 30
5848 7902 30
1248 3381 30
59 352 30
7839 8378 30
3399 5426 30
3215 5058 30
4339 6008 30
654 2576 30
761 5762 30
838 7827 30
2015 5779 30
873 1037 30
2982 6289 30
6408 9551 30
8265 9203 30
2980 6691 30
568 2618 30
1481 5253 30
6217 7334 30
5163 6672 30
604 2128 30
2155 3415 30
2965 8275 30
6323 9085 30
557 3955 30
1451 8472 30
6428 9140 30
3637 8865 30
2156 6690 30
244 6928 30
2970 4245 30
7009 8137 30
607 1636 30
1016 2465 30
1651 9986 30
610 2632 30
3091 7799 30
2776 7575 30
215 1359 30
2176 3537 30
138 327 30
6417 6562 30
1461 2374 30
297 2487 30
5028 9038 30
555 2808 30
803 6165 30
743 1885 30
724 6430 30
1034 5712 30
6979 9810 30
3256 6686 30
49 146 30
3324 4351 30
584 8111 30
2448 3844 30
6125 9389 30
2529 5205 30
819 5315 30
229 686 30
6792 8809 30
1523 4603 30
1125 9108 30
7753 7925 30
1623 6634 30
4671 9468 30
49 54 30
347 4643 30
4416 5456 30
1529 2763 30
6700 9092 30
481 7019 30
582 7187 30
5617 7890 30
5080 9098 30
1697 7426 30
9370 9434 30
1699 8396 30
1141 3684 30
6784 7525 30
447 3950 30
2427 8254 30
112 1138 30
4995 7008 30
9448 9884 30
960 6050 30
156 562 30
1114 7800 30
859 8736 30
1963 7923 30
1257 2979 30
4996 6687 30
5634 7809 30
3912 6298 30
3416 9093 30
1512 8599 30
4114 4127 30
3088 3946 30
763 2915 30
2364 3978 30
5378 6818 30
3030 3535 31
1355 1998 31
1739 2313 31
6530 7613 31
6248 9610 31
1209 2094 31
196 3846 31
4619 5730 31
2334 8451 31
4655 9090 31
135 9827 31
2307 5294 31
1782 8530 31
48 8470 31
1218 9537 31
5060 7099 31
535 1749 31
8497 9195 31
3442 3955 31
269 4311 31
327 4717 31
1349 2040 31
573 968 31
6520 7767 31
3745 4224 31
136 8886 31
7651 9845 31
8484 9710 31
1572 8058 31
5221 7568 31
415 4091 31
251 1290 31
3305 5256 31
2582 8465 31
596 4391 31
1475 2850 31
1645 5289 31
2043 9539 31
1289 5666 31
321 5903 31
2027 9723 31
2049 6447 31
2779 9830 31
2189 2948 31
2375 3270 31
2053 6097 31
366 4349 31
9186 9930 31
2738 3900 31
1639 7073 31
6105 6214 31
3454 4071 31
2226 4234 31
5084 8298 31
2364 9995 31
2707 7523 31
704 951 31
708 4273 31
276 1139 31
7512 7852 31
3777 6390 31
1486 7047 31
1085 3077 31
2213 3932 31
3052 7431 31
976 3633 31
362 871 31
187 1744 31
7527 7899 31
4249 8615 31
741 9321 31
7530 8792 31
4961 5176 31
6055 7425 31
6031 7214 31
384 2321 31
2123 2632 31
6051 7213 31
6024 9206 31
4224 8077 31
5505 8757 31
5483 7572 31
605 704 31
9172 9731 31
1021 1816 31
4215 5094 31
4953 6010 31
5437 8636 31
4289 6902 31
2180 7103 31
2742 5303 31
7538 8137 31
4921 6902 31
4972 5566 31
5436 9346 31
6559 6580 31
4922 6480 31
4721 6918 31
7839 8254 31
3471 3615 31
3859 8354 31
2772 8887 31
2746 4288 31
2769 9686 31
1884 9216 31
782 1173 31
3541 4743 31
503 3146 31
1545 6509 31
2826 2831 31
2824 6098 31
3423 7530 31
9075 9166 31
1541 9021 31
2605 5404 31
1541 1865 31
3000 9440 31
2532 5018 31
79 360 31
1701 4614 31
3445 9782 31
3831 8605 31
4420 8138 31
2837 8600 31
8465 9994 31
1820 4505 31
2540 6157 31
1262 5593 31
6194 6371 31
3128 6180 31
221 6048 31
2695 3867 31
7895 9467 31
8097 9890 31
7234 8601 31
1363 8905 31
782 3140 31
852 6732 31
4067 8282 31
693 1775 31
6757 9771 31
5134 7785 31
1689 8547 31
2805 8670 31
4379 5276 31
1520 7174 31
772 2420 31
2593 7230 31
2994 7470 31
154 5290 31
7576 9005 31
961 2047 31
587 4666 31
1104 8911 31
8200 9471 31
4857 5930 31
1924 3678 31
231 6156 31
5083 7307 32
2887 5007 32
4004 4046 32
854 2605 32
8741 9012 32
844 2956 32
1614 4320 32
6318 7126 32
1735 3640 32
3969 4806 32
3091 5925 32
808 1941 32
5859 8659 32
1273 3328 32
143 213 32
809 4151 32
9339 9869 32
2908 8192 32
4646 5938 32
3078 7404 32
3081 6018 32
848 7390 32
635 765 32
612 1738 32
9081 9084 32
200 2697 32
1303 1350 32
2617 9568 32
4746 7066 32
53 5873 32
5767 9137 32
5165 5991 32
836 7905 32
602 3295 32
1272 1284 32
5882 6850 32
1733 9755 32
2454 2470 32
248 1437 32
6696 6923 32
119 4456 32
943 3869 32
98 654 32
3918 7573 32
7083 7765 32
349 818 32
2807 3851 32
996 3884 32
2509 3248 32
5345 5859 32
2246 4472 32
1944 3780 32
4860 8949 32
1115 5779 32
32 1026 32
21 6458 32
504 5207 32
2282 7805 32
3290 7763 32
2536 4920 32
2277 4567 32
3004 3304 32
1162 3183 32
8107 9975 32
9435 9633 32
2445 2542 32
4872 6409 32
343 4687 32
8132 9946 32
2448 7261 32
7538 7550 32
935 5374 32
1910 2455 32
2678 3487 32
4424 9553 32
18 3025 32
7757 9112 32
8431 8826 32
8213 8724 32
3906 6939 32
4302 9649 32
175 9851 32
2729 4686 32
969 7639 32
177 8646 32
3482 8571 32
5390 6685 32
5390 9158 32
4328 9269 32
978 3403 32
4319 5295 32
981 5369 32
1415 9893 32
3318 5535 32
770 1357 32
17 624 32
4293 6465 32
1956 8631 32
767 8047 32
2526 3335 32
3462 6117 32
5418 7981 32
3142 4600 32
2052 3562 32
446 7237 32
1980 4886 32
178 869 32
4361 5873 32
2699 8296 32
3262 5755 32
3440 9574 32
1223 4042 32
2139 2420 32
545 8727 32
2547 4532 32
4579 5285 32
5731 8247 32
309 1938 32
2862 9693 32
880 3394 32
1581 2074 32
1219 3954 32
1021 5307 32
8072 9920 32
5213 8244 32
1573 5900 32
8809 9338 32
5288 9550 32
1795 3939 32
5056 8907 32
530 9436 32
3436 8757 32
2418 2777 32
641 2644 32
4625 9172 32
3093 6577 32
326 2287 32
2419 7030 32
6453 8316 32
4606 7393 32
554 4332 32
1794 5935 32
1760 9630 32
3742 4768 32
1442 5993 32
1446 6227 32
2764 4640 32
5487 6810 32
2146 6647 32
134 9111 32
5934 7034 32
2114 6892 32
1823 3105 32
4967 9744 32
4537 7260 32
3860 7538 32
665 6923 32
2294 8511 32
6035 7686 32
5037 5385 32
195 4276 32
3569 3825 32
3140 9303 32
2831 9940 32
2505 5610 32
2169 5765 32
195 7973 32
1571 1622 32
5226 9678 32
1801 7743 32
1206 3830 32
2850 7168 32
267 5875 32
1567 1723 32
791 5947 32
4208 6336 32
9420 9968 32
898 5170 32
4810 5125 32
3415 7814 33
90 4381 33
1304 4065 33
1425 2610 33
8669 9557 33
2970 9459 33
5866 8859 33
4932 7957 33
296 570 33
4942 9870 33
3891 6452 33
2477 6572 33
5089 5178 33
656 4641 33
673 2585 33
2403 4025 33
3823 3923 33
4816 9118 33
812 1427 33
4814 9597 33
3807 4068 33
7335 8232 33
2431 6394 33
661 1006 33
6261 8571 33
3502 8614 33
1575 6983 33
8702 9259 33
633 7664 33
2413 3371 33
5060 9321 33
1582 5339 33
198 942 33
5904 6351 33
1340 5965 33
3026 4107 33
2921 9163 33
287 982 33
4726 5039 33
3850 3995 33
1478 4636 33
7844 8010 33
4988 5228 33
4895 6000 33
1311 8417 33
1491 3432 33
3900 5046 33
2989 7999 33
2459 3057 33
154 3428 33
1521 5516 33
5008 7095 33
1384 4541 33
1529 3386 33
4853 9516 33
6276 9633 33
3958 4175 33
9114 9475 33
1365 2648 33
552 738 33
6787 9264 33
4029 8159 33
4125 9913 33
5740 8044 33
8055 8549 33
2226 8811 33
2697 9612 33
5585 9105 33
7482 8761 33
32 1070 33
4118 7503 33
3736 7398 33
5213 5439 33
2237 3587 33
113 2908 33
861 3410 33
420 3676 33
6864 9239 33
5555 8150 33
1072 3079 33
567 8836 33
1249 1966 33
422 576 33
4640 7881 33
1956 5693 33
2022 4971 33
2022 4846 33
2335 8908 33
972 9069 33
971 9369 33
1085 9552 33
4337 5191 33
8044 8763 33
8864 9988 33
936 8190 33
1188 8690 33
5270 6616 33
4429 6473 33
482 5157 33
1182 4899 33
1181 4673 33
2820 5227 33
4445 6962 33
2260 9974 33
3702 8977 33
337 1114 33
919 1376 33
8111 8674 33
2272 5976 33
3573 9563 33
6625 6857 33
4073 6421 33
3343 4683 33
4471 9261 33
2847 9968 33
529 1154 33
453 2486 33
218 379 33
3195 8591 33
1804 3471 33
5600 8486 33
4552 5686 33
2306 5081 33
465 674 33
970 2036 33
6542 7040 33
949 4326 33
7086 7212 33
1815 8883 33
1195 9984 33
4418 6867 33
1920 4900 33
8464 9299 33
1919 2933 33
3332 8483 33
584 2864 33
2363 4250 33
6970 9371 33
2362 3548 33
8916 9383 33
2098 4810 33
5138 7511 33
1681 4162 33
3249 6512 33
2093 4818 33
396 6676 33
1044 1220 33
405 5040 33
5538 7312 33
13 21 33
2142 5208 33
3267 5374 33
278 582 33
3629 5858 33
4212 5072 33
986 9371 33
1672 5977 33
2767 7617 33
6990 9664 33
2122 7083 33
4693 7146 33
4693 5408 33
589 5294 33
0 1553 33
5156 6255 33
574 9197 33
3389 7657 33
237 8241 33
5421 5867 33
2782 7710 33
2185 8900 33
6917 8729 33
2609 4943 33
3238 9519 33
4303 4655 33
5540 7559 33
5424 8678 33
5149 9776 33
6902 6909 34
3168 8885 34
1436 9181 34
8364 8955 34
7500 8329 34
6696 8699 34
7050 8557 34
383 4319 34
119 3785 34
774 2719 34
3325 5293 34
426 3003 34
5393 7226 34
755 948 34
2137 6111 34
3261 7048 34
982 6680 34
1892 4353 34
6143 9227 34
2967 9175 34
5312 5660 34
492 655 34
5312 6136 34
5027 8965 34
778 1833 34
4440 8270 34
1066 9325 34
382 1462 34
497 2098 34
2127 2292 34
2675 4861 34
2266 2703 34
2475 5547 34
7036 7863 34
1040 2492 34
3590 5454 34
1967 4088 34
190 8142 34
297 371 34
1970 3683 34
608 3835 34
1041 6097 34
3486 4170 34
3316 3335 34
1965 8702 34
3204 9227 34
2007 2602 34
175 3508 34
5528 8728 34
6940 9800 34
4134 5116 34
1402 8329 34
437 5482 34
5378 8570 34
6112 9618 34
6842 7681 34
689 1782 34
5006 9905 34
3881 4959 34
1125 1289 34
388 8414 34
106 275 34
948 3594 34
2747 9496 34
1084 3080 34
1112 5085 34
1007 3933 34
7845 8020 34
106 1241 34
242 1476 34
6964 9256 34
5701 7046 34
2622 5274 34
530 784 34
7717 8700 34
2593 2917 34
2307 6085 34
2640 9376 34
6438 7202 34
5230 5332 34
1319 2657 34
2592 9145 34
586 649 34
4609 7621 34
1632 4799 34
1596 4525 34
812 5283 34
5066 6184 34
1203 4905 34
6537 9418 34
130 6428 34
4054 7224 34
8032 8991 34
1199 2805 34
1592 5852 34
4790 5283 34
5144 6864 34
5062 8056 34
2325 3609 34
5740 8993 34
3538 4215 34
3438 7620 34
1769 4093 34
4670 4850 34
4752 6153 34
273 9293 34
1777 4806 34
3436 9017 34
3508 4516 34
207 535 34
1779 2792 34
2625 4096 34
5745 5850 34
206 818 34
5207 6657 34
534 920 34
533 2543 34
3025 3090 34
7944 9535 34
1214 2108 34
149 3954 34
6586 9197 34
785 3110 34
274 782 34
127 6644 34
141 3759 34
4063 5140 34
6595 7238 34
635 2166 34
3766 5450 34
1615 3269 34
4645 9464 34
1183 3551 34
3762 4026 34
152 1866 34
5867 9072 34
6296 8169 34
5107 6318 34
855 5020 34
3346 4295 34
7712 9246 34
630 2193 34
3709 5756 34
675 3086 34
614 8127 34
3048 6481 34
1739 6863 34
1244 1316 34
4017 5554 34
1600 7018 34
2337 6142 34
1821 6870 34
1192 3687 34
7115 7318 34
129 844 34
195 5654 34
4533 6351 34
3723 7623 34
3501 3894 34
3795 5551 34
1333 8932 34
5929 9983 34
862 2260 34
2350 3278 35
1617 9932 35
3870 4651 35
2043 9455 35
6388 9792 35
1621 4632 35
412 4286 35
3239 7875 35
7038 7074 35
3038 3488 35
2128 9956 35
3285 5553 35
4206 5380 35
385 4415 35
4732 9600 35
7949 8300 35
6987 7874 35
593 1715 35
88 3098 35
2390 2749 35
1683 5495 35
3408 5823 35
6996 7337 35
321 5712 35
149 1447 35
730 5854 35
4717 9812 35
320 1777 35
90 7818 35
6168 6201 35
3467 6584 35
2486 2885 35
3241 6602 35
4186 7661 35
1465 7337 35
2079 9808 35
4273 4548 35
6376 7385 35
66 8994 35
2401 4116 35
2978 3883 35
8002 8050 35
179 2558 35
4194 5740 35
6371 6872 35
623 6003 35
3417 6090 35
390 4119 35
3994 8750 35
4056 9464 35
6195 6333 35
8171 9420 35
1818 2945 35
6132 9862 35
1815 6787 35
3175 7248 35
471 703 35
303 8055 35
467 1236 35
466 9410 35
1807 3315 35
3184 9263 35
1941 3018 35
461 1598 35
4108 8119 35
4394 8734 35
4839 8790 35
498 8707 35
1870 5606 35
4474 5849 35
2272 4755 35
1860 4701 35
1857 8359 35
6639 9849 35
6612 8981 35
4871 5766 35
1854 3668 35
2442 8854 35
4843 5952 35
167 3277 35
6183 8555 35
3136 8576 35
6684 7794 35
4137 4742 35
3208 7019 35
7255 8554 35
7259 7447 35
1763 1790 35
1491 5806 35
3098 7866 35
138 1880 35
7231 7441 35
3895 9342 35
9206 9803 35
106 2133 35
2016 3339 35
563 9019 35
4012 4868 35
4011 7541 35
4306 5936 35
8189 8853 35
454 1181 35
528 9391 35
3912 5162 35
164 1811 35
6528 9788 35
2309 6940 35
1574 5093 35
716 5710 35
696 8016 35
697 5966 35
1579 1771 35
3104 9608 35
4797 5497 35
6102 7320 35
3104 9365 35
3102 7283 35
135 3036 35
759 7695 35
795 4435 35
1398 1399 35
795 5729 35
2523 6890 35
56 438 35
2604 7618 35
2894 3263 35
5126 9011 35
5617 9775 35
3696 5490 35
2516 6544 35
3778 4884 35
282 3813 35
949 5090 35
5342 6651 35
803 3051 35
5850 9865 35
6008 9287 35
5356 7467 35
2789 5971 35
1020 8956 35
39 2984 35
3548 9547 35
5947 9948 35
50 164 35
888 6834 35
3556 6704 35
1062 5414 35
893 8841 35
3559 3974 35
897 3088 35
1228 1750 35
3561 7789 35
5961 9969 35
1238 1631 35
2874 7783 35
7530 8701 35
5929 9235 35
2835 8216 35
1179 1736 35
3715 8223 35
917 2676 35
5650 8474 35
8829 9488 35
5577 6000 35
5082 6908 35
4810 7311 36
7021 8845 36
4257 6664 36
4475 6328 36
923 9772 36
7660 9392 36
2178 4492 36
1167 1178 36
499 4113 36
2278 6925 36
3756 3938 36
624 2754 36
5289 6427 36
1389 7218 36
1246 4393 36
2101 2164 36
1515 2306 36
2663 5440 36
2430 8834 36
3451 5808 36
2456 8197 36
5002 6610 36
3797 6953 36
3948 4707 36
728 7828 36
206 8573 36
3304 9800 36
2787 7537 36
78 1658 36
3663 8639 36
2950 9632 36
3820 9032 36
1715 2760 36
1436 5275 36
2129 4212 36
109 4069 36
5641 7700 36
1722 1821 36
2099 3684 36
225 1252 36
240 489 36
2757 8388 36
3006 4319 36
415 849 36
267 723 36
1772 2432 36
1810 6515 36
4342 6726 36
8920 9234 36
3285 8435 36
169 1260 36
2124 9925 36
5950 7102 36
2535 3655 36
5224 6516 36
3217 3880 36
2535 7098 36
3511 6860 36
7288 9993 36
2969 4714 36
432 3170 36
3493 8433 36
5544 6393 36
1060 5700 36
2535 9517 36
5454 6210 36
8891 9844 36
2544 6913 36
2621 6531 36
558 7116 36
1085 1366 36
2875 7157 36
1748 5475 36
4163 5130 36
1554 2401 36
5271 5666 36
1839 7266 36
1184 1799 36
4501 7952 36
1383 7567 36
2841 6326 36
307 8947 36
2845 8540 36
1529 2867 36
3726 4011 36
286 684 36
1058 2680 36
4596 7246 36
976 3318 36
6323 7892 36
5102 5926 36
378 3585 36
5104 8038 36
41 300 36
5566 5589 36
1418 2338 36
393 5025 36
1021 3456 36
3436 8696 36
389 1370 36
1043 7125 36
204 6480 36
6726 9420 36
1475 2158 36
2079 2270 36
6722 9583 36
2551 3461 36
4373 9109 36
3981 8775 36
2372 4612 36
311 1991 36
723 5079 36
1108 7029 36
1309 2789 36
3055 4103 36
4332 7918 36
960 2672 36
2569 5142 36
2111 2147 36
3196 8363 36
1110 6398 36
2387 8508 36
2907 6609 36
610 3763 36
203 6727 36
5858 7217 36
4398 6417 36
1466 2862 36
4974 6745 36
3972 4683 36
1117 3468 36
2905 9482 36
58 226 36
1281 1708 36
5597 8179 36
1579 2186 36
473 4994 36
2489 8734 36
1919 2175 36
4248 4591 36
5140 5581 36
5817 8311 36
2965 8390 36
1482 6369 36
3014 3814 36
4795 8408 36
7 100 36
3281 3505 36
31 1489 36
946 6865 36
6689 9725 36
6698 7522 36
653 2611 36
4186 7933 36
587 6714 36
1142 8289 36
3631 4502 37
1262 9417 37
1049 1358 37
5194 8045 37
7401 9382 37
2357 2858 37
9103 9104 37
1229 1812 37
3064 4989 37
5526 6212 37
4336 7999 37
249 8912 37
1347 3601 37
1605 2244 37
575 7159 37
324 1317 37
581 4354 37
93 6818 37
1643 8078 37
5202 7410 37
878 5501 37
3032 3651 37
656 780 37
6492 9686 37
4735 8801 37
1657 5435 37
5887 8255 37
612 1873 37
2067 5996 37
7703 8192 37
2540 5861 37
598 4262 37
1034 2088 37
3753 4165 37
3942 4024 37
4199 7174 37
248 2056 37
1669 2334 37
1737 2635 37
565 5955 37
2369 8934 37
5117 5639 37
6415 9657 37
5071 7517 37
3757 3984 37
3398 3885 37
658 4089 37
367 9820 37
2439 5490 37
4750 9547 37
3443 6081 37
23 8410 37
1569 2095 37
7213 9906 37
308 578 37
3616 4128 37
1568 6917 37
842 5320 37
150 3588 37
8913 9217 37
1240 1958 37
5161 7284 37
1294 3833 37
3820 7257 37
155 3871 37
69 5114 37
507 1207 37
5354 8968 37
418 4837 37
2976 6064 37
694 1091 37
91 293 37
1857 3078 37
3456 5459 37
1958 3581 37
2811 5000 37
3314 4421 37
3303 6793 37
2528 5904 37
4870 5155 37
2512 7734 37
2238 3928 37
1517 6058 37
1964 4835 37
7019 7272 37
1020 1375 37
2962 9929 37
5618 5815 37
3837 5048 37
1154 4100 37
8838 9850 37
2268 3210 37
4458 7556 37
3576 6216 37
2988 6529 37
4982 5664 37
983 4688 37
757 2704 37
2029 7313 37
1843 8484 37
2210 9326 37
9560 9765 37
5311 6212 37
6013 8937 37
2521 6496 37
456 1452 37
494 1121 37
2947 9846 37
1875 2873 37
6627 7501 37
8106 9569 37
707 2894 37
2643 7947 37
1197 2815 37
5682 8538 37
5238 9896 37
4301 4316 37
1811 2990 37
9188 9462 37
108 368 37
1999 5177 37
7061 9171 37
2005 3828 37
1800 2999 37
6525 8076 37
2636 4280 37
2007 8562 37
3180 5094 37
3840 7314 37
4323 9988 37
3671 5833 37
1180 1673 37
3718 7015 37
5615 8965 37
5331 9116 37
448 4796 37
128 243 37
236 688 37
61 343 37
2209 8935 37
264 5555 37
9189 9935 37
518 5723 37
8681 8711 37
4543 6992 37
715 6704 37
2491 5043 37
4127 4746 37
4350 4933 37
1127 9327 37
436 4179 37
3212 4108 37
5612 8961 37
4709 5969 38
1938 2877 38
4262 4698 38
6716 7862 38
4355 7241 38
1970 9503 38
4119 6582 38
5371 5847 38
964 5206 38
233 6826 38
4376 5686 38
624 2926 38
5885 6545 38
2915 8096 38
5887 6662 38
5770 6044 38
5888 6743 38
611 678 38
1118 5254 38
1943 2677 38
1118 2154 38
459 4054 38
1945 8459 38
459 3505 38
4405 7837 38
3227 4428 38
452 8228 38
5599 6795 38
2240 4325 38
2239 4784 38
279 2655 38
2741 3591 38
7655 9697 38
1066 4895 38
9429 9839 38
51 1279 38
2872 8797 38
2295 2929 38
5272 7746 38
4605 9725 38
4162 6611 38
1054 4257 38
5275 5951 38
7659 9932 38
3569 6998 38
139 7692 38
2285 7031 38
2832 9622 38
3546 3946 38
4573 5600 38
4555 8225 38
897 2515 38
4580 8690 38
3103 3474 38
4300 7252 38
222 5039 38
521 4153 38
901 4489 38
902 1100 38
416 2419 38
5424 5944 38
4604 5173 38
519 3031 38
6460 8529 38
1275 8980 38
1894 4110 38
4317 9953 38
583 4439 38
365 9108 38
7087 9587 38
2820 3176 38
4319 6513 38
5561 8645 38
4321 7948 38
1278 2417 38
1676 8249 38
1927 6060 38
2367 2436 38
470 4857 38
3347 6355 38
4635 9451 38
1729 4951 38
4639 8721 38
5166 6467 38
6865 9174 38
493 5534 38
4644 8784 38
570 6706 38
1883 6927 38
5766 8386 38
3340 3850 38
5432 9250 38
341 1441 38
981 2828 38
750 1676 38
6219 8581 38
758 7221 38
681 950 38
2449 3892 38
3921 8649 38
7307 8606 38
1332 1442 38
4797 8787 38
1544 3403 38
6064 8117 38
6016 9148 38
3276 9890 38
5457 7171 38
743 1947 38
690 7528 38
6100 6119 38
172 3713 38
1338 9329 38
5901 7085 38
5001 6453 38
6237 7101 38
1523 1632 38
4900 8372 38
5008 9261 38
3510 6444 38
1523 9315 38
1411 1513 38
1361 9708 38
4802 6808 38
663 5243 38
3036 7442 38
4826 8537 38
726 6986 38
3876 5675 38
1017 1878 38
6196 9276 38
9814 9921 38
811 3952 38
3501 9123 38
508 3769 39
4066 4495 39
1520 3083 39
6598 7956 39
6594 8087 39
196 3878 39
2896 7687 39
3443 4108 39
772 7552 39
910 8462 39
3566 4513 39
2767 3481 39
566 3996 39
4283 9421 39
373 711 39
2823 5372 39
8703 8819 39
3153 7854 39
340 995 39
2274 3137 39
1509 2402 39
198 1935 39
6239 6291 39
5169 9007 39
3835 8195 39
419 3365 39
5531 5672 39
7020 7933 39
769 993 39
2371 4277 39
1587 1891 39
784 1132 39
8686 9565 39
2547 3434 39
331 1978 39
7886 8695 39
6525 9011 39
5219 8166 39
5801 9826 39
4563 8699 39
3087 3490 39
4671 6041 39
248 947 39
8489 9023 39
582 1362 39
1714 2841 39
1545 6874 39
1222 6108 39
6208 6934 39
329 561 39
852 7992 39
5739 6143 39
2627 9230 39
8798 9726 39
3658 5503 39
8520 9420 39
3725 4716 39
5754 8665 39
3725 5197 39
75 309 39
4853 7337 39
169 3736 39
5239 9008 39
4547 5721 39
7538 8107 39
3771 7154 39
2644 4479 39
3814 5269 39
2624 7779 39
1809 6155 39
1346 1819 39
2942 3747 39
2051 5386 39
480 3137 39
3908 4485 39
2677 4775 39
5316 9422 39
1607 9291 39
2472 2722 39
59 89 39
2675 6715 39
162 661 39
633 3377 39
2771 9911 39
229 1659 39
2979 4028 39
257 441 39
4987 9871 39
2231 4775 39
3792 7717 39
3696 8691 39
254 369 39
2023 2431 39
3028 7306 39
815 9902 39
3246 9071 39
8369 9027 39
2221 3393 39
6325 7858 39
149 6306 39
4342 4512 39
6965 9462 39
4968 9908 39
2004 7515 39
376 1477 39
812 4013 39
7191 7409 39
4457 8999 39
4447 6788 39
4370 7653 39
188 3869 39
3455 5544 39
6091 6866 39
737 3449 39
6674 8035 39
1631 8095 39
9698 9872 39
810 7504 39
2957 9561 39
5587 5849 39
6703 7344 39
3555 5191 40
3102 4863 40
7239 7574 40
2714 3698 40
2 325 40
2323 3275 40
5723 7960 40
80 5014 40
6748 8527 40
8066 8891 40
4296 7619 40
3234 3420 40
2443 3031 40
2504 9532 40
113 290 40
4030 9723 40
6476 9933 40
8317 9752 40
435 4930 40
739 3075 40
864 6785 40
663 8928 40
5467 6795 40
6421 7297 40
3675 4044 40
6201 7477 40
3216 4376 40
1327 2773 40
6184 8372 40
550 8917 40
4960 7194 40
873 4299 40
270 7447 40
3096 8199 40
2213 3460 40
3592 4791 40
2235 2462 40
110 5444 40
555 5074 40
442 3387 40
965 2322 40
2874 6402 40
3382 5788 40
418 9100 40
339 638 40
769 1153 40
30 5184 40
30 4906 40
1853 5237 40
1520 8565 40
7251 8327 40
8992 9802 40
3485 4958 40
514 6439 40
1875 7634 40
7464 8891 40
300 8028 40
1890 9539 40
301 5875 40
32 74 40
1891 3941 40
175 359 40
4159 4481 40
1153 1732 40
1938 5718 40
1473 6268 40
2478 9218 40
4300 6224 40
4330 5522 40
5705 6903 40
88 525 40
4229 4952 40
886 3096 40
269 8545 40
3224 4081 40
5353 6907 40
4395 4428 40
2690 5027 40
7589 8522 40
3359 6810 40
3562 5821 40
2191 3056 40
2681 3044 40
220 612 40
1380 4528 40
5957 8797 40
7084 9538 40
47 3516 40
425 6042 40
5687 9994 40
1126 1675 40
4738 6522 40
2370 5242 40
2899 4275 40
2550 6080 40
2585 4650 40
6339 9145 40
6349 7780 40
4692 9438 40
3627 7460 40
4686 7198 40
578 1225 40
206 8353 40
4664 4949 40
2077 4145 40
7338 7394 40
657 981 40
6312 6710 40
3418 4446 40
2097 5742 40
3034 4488 40
1606 7485 40
3248 8632 40
5890 7790 40
9262 9340 40
3969 6682 40
2921 3893 40
861 895 40
5093 9814 40
3028 3402 40
9230 9667 40
1595 6871 40
7227 8310 40
8716 9413 40
1340 2817 40
3069 7158 40
1669 2490 40
3438 6519 40
1010 1400 40
1724 5795 40
6935 7612 40
1050 3233 40
1100 1133 41
3204 7649 41
1583 4948 41
816 6166 41
1532 3801 41
176 5384 41
4852 6322 41
1275 4401 41
3186 3843 41
8 9477 41
6426 8170 41
7616 7869 41
3016 5953 41
988 2437 41
212 6469 41
7514 9310 41
256 7886 41
3277 4233 41
3002 6746 41
5562 9034 41
1092 5497 41
1990 6195 41
299 393 41
1991 2844 41
2294 4981 41
8648 9683 41
258 453 41
2068 3958 41
106 2814 41
8564 8701 41
3830 7837 41
1579 5410 41
3830 4197 41
2306 9377 41
1313 3920 41
413 3942 41
457 7229 41
2193 3457 41
5923 9069 41
984 8834 41
3146 5753 41
7798 8928 41
501 3652 41
2398 2953 41
4258 7629 41
3069 4861 41
4879 9804 41
928 1140 41
1405 8352 41
2197 8895 41
4462 6403 41
4214 6753 41
4465 8678 41
5851 7546 41
3291 9012 41
484 879 41
1724 7893 41
1674 1962 41
1285 1416 41
7107 9258 41
5568 7488 41
7170 9844 41
2921 6317 41
299 1577 41
6689 7555 41
1195 9628 41
4370 7590 41
448 798 41
1406 3866 41
568 2840 41
2283 9367 41
5883 7458 41
4736 4897 41
2584 9069 41
3679 4979 41
402 7932 41
4589 5726 41
6480 7334 41
4347 4850 41
1223 2797 41
4104 5167 41
2483 9557 41
273 7438 41
2536 4780 41
3374 3921 41
2602 2658 41
1703 5687 41
737 9874 41
8638 9499 41
1239 3052 41
858 8951 41
203 411 41
6400 7220 41
1475 2867 41
3183 4603 41
143 6070 41
793 5101 41
1765 9137 42
4772 6443 42
1512 5906 42
5476 7881 42
968 5326 42
72 1365 42
2481 9811 42
7300 7909 42
1362 8243 42
8098 9060 42
923 4568 42
2899 8303 42
5507 5732 42
3398 6921 42
1842 7119 42
5354 7485 42
4369 4700 42
753 5959 42
378 882 42
2466 3609 42
2090 3299 42
1770 8395 42
2762 5113 42
3511 4613 42
2505 7833 42
331 883 42
6146 8838 42
758 6806 42
3373 5882 42
4502 7694 42
2627 6789 42
6765 8242 42
4025 6840 42
1741 3917 42
5403 7473 42
4 5 42
496 4779 42
124 9272 42
4084 6663 42
1397 3619 42
492 8633 42
597 9891 42
2890 4392 42
1031 3268 42
961 5299 42
157 5193 42
3931 5934 42
4235 9666 42
8037 8385 42
1750 5741 42
1070 4368 42
4613 5554 42
1939 3143 42
7056 8514 42
6090 7119 42
236 1838 42
1392 2231 42
5877 7879 42
3653 9436 42
6906 8239 42
5713 9138 42
9379 9472 42
403 599 42
2142 5525 42
980 5291 42
2429 9750 42
1628 5899 42
2744 9012 42
4331 7226 42
786 7372 42
3220 9628 42
1130 7694 42
4034 6916 42
2340 8309 42
5378 8539 42
5240 6856 42
5891 8680 42
8234 9647 42
1425 2836 42
1462 7338 42
1914 3880 42
1527 6236 42
8548 9396 42
2797 9863 42
564 7266 42
5947 6803 42
2297 7343 42
2649 5807 42
3805 8574 42
3915 6820 42
1206 3791 42
93 904 42
1920 8074 42
2967 7812 42
2316 4180 42
5813 6859 42
3954 5219 42
1329 1955 42
461 7354 42
915 8272 42
3084 5029 42
1113 1458 42
1915 6483 42
1208 1823 42
4300 8376 42
252 2091 42
1582 4744 42
5161 6808 42
5880 6814 42
4662 4885 42
1547 7381 42
782 9736 42
651 4574 42
381 3390 42
6408 6787 42
1679 8901 42
324 2276 42
467 4496 42
4266 5005 42
656 1560 42
3255 8991 42
6353 8862 42
8746 9331 42
4166 9159 42
2961 3176 42
1404 7024 43
4777 6587 43
1654 6511 43
3384 8766 43
2911 6288 43
1110 7983 43
8258 8575 43
202 288 43
7269 7971 43
1073 3148 43
2411 4152 43
2715 5218 43
84 277 43
1490 7663 43
4192 8718 43
4762 6096 43
5099 7927 43
977 2706 43
202 372 43
3426 8205 43
5322 5504 43
4392 9577 43
177 2531 43
1924 2220 43
425 1544 43
8174 8489 43
3414 7347 43
198 9943 43
3974 8238 43
4244 7735 43
3418 9524 43
1928 5681 43
2512 4146 43
3805 9296 43
7128 9145 43
1699 4003 43
5220 9125 43
5544 6753 43
811 5139 43
580 729 43
323 8621 43
7135 8472 43
1786 2838 43
106 3022 43
1220 5558 43
7887 9743 43
5915 6554 43
1346 3909 43
4882 5087 43
1986 8129 43
2733 6248 43
5138 8559 43
799 3987 43
7278 7906 43
7041 9400 43
2163 4721 43
1028 1843 43
1204 5680 43
3367 4504 43
2014 2903 43
36 39 43
731 8249 43
2327 6983 43
7553 9835 43
718 9905 43
5586 5711 43
82 576 43
8490 8879 43
3007 7621 43
294 6773 43
9171 9832 43
6984 8482 43
8556 8944 43
6487 6880 43
1264 2111 43
306 5757 43
7015 8523 43
7744 7778 43
671 7699 43
995 9139 43
2065 3191 43
7635 8239 43
5056 9162 43
3926 5011 43
285 2024 43
2970 4535 43
9405 9647 43
2664 9701 43
1395 5167 43
8385 9872 43
6994 9323 43
1613 3910 43
1863 9278 43
5651 6708 43
4733 5731 43
5653 8770 43
1329 6421 43
8022 8099 43
524 1106 43
1290 7979 43
3979 6118 43
598 8760 43
928 6095 43
4703 9534 43
927 2003 43
1026 4486 43
1157 9861 43
3705 6732 43
2744 4552 43
3950 5524 43
4468 9579 43
125 220 43
2966 8623 43
5549 9645 43
2296 3711 43
4540 7964 43
2650 3603 43
2191 3037 43
184 3682 43
774 1306 43
8817 9158 43
7565 7848 43
1096 2036 43
965 1783 43
7441 7845 43
2290 4723 43
2125 9869 43
2897 5041 43
107 140 43
2042 7503 43
4061 4317 43
2294 5605 43
6582 7109 43
1975 6419 43
8182 9545 43
913 2212 43
3128 9634 43
3450 4141 43
4112 4715 44
6739 7066 44
83 127 44
2695 6388 44
1436 2388 44
443 7099 44
7729 8098 44
2216 6497 44
2001 8133 44
3674 7271 44
453 4017 44
7576 8930 44
6063 9793 44
6769 8893 44
4970 9145 44
2010 5931 44
1103 1213 44
1039 8335 44
1084 4296 44
974 8518 44
8434 8689 44
3998 5871 44
1276 2633 44
2303 7431 44
246 7690 44
1696 2216 44
4049 5225 44
5224 9481 44
1210 7514 44
2892 9840 44
268 2474 44
3556 6126 44
5059 8361 44
909 2663 44
4509 7416 44
9095 9138 44
1386 1772 44
2426 3567 44
6587 8177 44
2453 6960 44
8820 9161 44
2529 6713 44
9077 9990 44
572 8341 44
1235 1308 44
6448 8433 44
571 2483 44
3756 9401 44
5752 7056 44
795 2360 44
3756 4638 44
568 3413 44
2878 4099 44
4032 9889 44
4298 8334 44
576 7629 44
4002 7162 44
3106 4376 44
6210 6738 44
2320 9772 44
5152 8253 44
8621 8715 44
2630 5883 44
5472 8828 44
2262 8851 44
1920 7050 44
2150 4795 44
760 6596 44
1910 7843 44
4220 4221 44
345 3531 44
2815 9997 44
2466 3872 44
3787 6048 44
4435 4982 44
708 6292 44
466 3351 44
5524 7823 44
4400 8156 44
3587 8115 44
68 1422 44
393 8321 44
4407 6980 44
87 4864 44
1930 8558 44
1928 4225 44
4325 6627 44
1923 6230 44
4465 9356 44
2276 2471 44
400 2068 44
5656 7678 44
2083 4910 44
9692 9882 44
147 7241 44
4493 4848 44
1859 5312 44
6094 8208 44
5462 9556 44
6334 8780 44
174 3459 44
287 4894 44
3909 7001 44
8285 9821 44
3278 7597 45
3240 9861 45
2178 9532 45
8339 8801 45
5494 9299 45
4247 5639 45
4177 8572 45
2058 3575 45
1043 8581 45
2054 6973 45
9683 9956 45
6978 7051 45
4776 7461 45
2649 4434 45
1576 6365 45
1577 6131 45
1345 5424 45
4052 4641 45
2305 9914 45
5230 6659 45
7214 9682 45
1790 2494 45
7931 9678 45
1782 9970 45
544 4146 45
194 7165 45
677 2845 45
2827 8399 45
7442 9274 45
2829 9885 45
306 6493 45
3355 7835 45
517 764 45
2651 3528 45
1726 3653 45
1713 9618 45
2612 7912 45
1648 2560 45
3062 8874 45
5803 6587 45
1247 1261 45
5093 8624 45
6370 8992 45
145 2786 45
829 5305 45
1660 7455 45
1669 4241 45
4737 9853 45
876 8559 45
8560 9264 45
628 1604 45
6267 7277 45
7942 8885 45
3421 8413 45
3750 7224 45
8546 9120 45
1738 3918 45
2524 6057 45
298 4647 45
1488 5857 45
700 2187 45
1510 4724 45
1903 8456 45
4987 7047 45
5357 9112 45
2687 9227 45
2477 8927 45
497 3144 45
462 6723 45
5362 6272 45
1487 9741 45
2479 4896 45
295 6867 45
3879 3953 45
3445 8505 45
3155 9916 45
4444 9861 45
5641 6590 45
1881 2073 45
3164 8894 45
2973 4855 45
4862 6613 45
770 4813 45
302 7154 45
935 3707 45
2000 4253 45
736 4173 46
716 9674 46
2575 7796 46
1442 7534 46
2579 4217 46
6328 8426 46
6274 8864 46
4908 6188 46
609 1463 46
2906 6173 46
4968 7173 46
2089 7163 46
6033 6106 46
2568 5603 46
153 1459 46
7270 8063 46
717 2675 46
3466 9341 46
3487 5894 46
2945 9178 46
4792 5766 46
2457 2558 46
9095 9153 46
5054 8714 46
2113 5170 46
2608 3389 46
1358 9978 46
1377 4784 46
6958 7414 46
1626 7395 46
1481 5373 46
6997 8843 46
380 2247 46
2467 3592 46
4740 8253 46
4991 7044 46
2408 4438 46
6257 7192 46
634 3704 46
7313 8497 46
2159 4043 46
3510 8233 46
2988 8988 46
420 4553 46
84 5785 46
4503 8548 46
2285 7217 46
262 3064 46
7462 7857 46
4461 6314 46
488 927 46
4450 9922 46
485 1033 46
1803 5939 46
1808 8816 46
2733 6945 46
266 4097 46
5626 9895 46
265 9595 46
2845 4910 46
4536 9014 46
913 4626 46
5272 7360 46
2245 8777 46
3195 3356 46
7481 8675 46
5358 7292 46
8196 9371 46
2799 3377 46
955 7595 46
4367 7233 46
3675 9430 46
4335 5277 46
2263 3193 46
4320 4901 46
5323 8293 46
3694 3760 46
118 5674 46
472 8173 46
3177 6534 46
5 6093 46
2022 5655 46
3689 8214 46
115 1813 46
2629 8764 46
7400 9464 46
4616 6029 46
6433 8730 46
6431 6450 46
5183 6675 46
5179 8136 46
565 648 46
4644 5566 46
5382 7958 46
6384 6541 46
2353 5747 46
847 1606 46
1279 4855 46
4691 4967 46
595 642 46
2058 9489 46
1774 2318 46
7135 9207 46
5205 7709 46
3807 7203 47
2640 7305 47
3554 8435 47
4114 9669 47
2577 7536 47
3324 4854 47
2350 9706 47
2469 4531 47
71 395 47
2707 7023 47
3370 6068 47
7015 9495 47
3869 6481 47
3214 8744 47
3794 8671 47
2578 6201 47
3631 5651 47
4126 5809 47
3314 6962 47
30 7204 47
3959 4998 47
4087 8981 47
3040 4107 47
3628 5538 47
3109 3669 47
61 587 47
2392 6763 47
2858 8025 47
1486 9265 47
4291 4590 47
1261 4101 47
1497 5400 47
545 6308 47
1942 6767 47
2048 3101 47
5702 9224 47
599 2961 47
268 3195 47
4915 7531 47
1472 7035 47
7111 8860 47
947 2975 47
7476 8176 47
4277 8260 47
1549 5632 47
1548 7884 47
1470 3272 47
1928 7798 47
168 8469 47
2066 3487 47
5633 7083 47
4847 8512 47
6035 6141 47
5882 8327 47
8261 9569 47
1379 5823 47
6042 7836 47
4564 9210 47
1987 3454 47
1373 1619 47
5047 6831 47
5941 6084 47
5767 6343 47
627 9401 47
5742 6588 47
8031 9147 47
1279 3054 47
5116 8658 47
851 3840 47
4331 4968 47
277 9950 47
5425 9006 47
1675 1695 47
466 2636 47
960 5879 47
5513 8932 47
4731 7023 47
1655 9350 47
1886 3774 47
357 7516 47
1685 7584 47
1636 2330 47
5398 8716 47
8101 8425 47
5463 9721 47
5332 6054 47
375 651 47
7009 7037 47
1067 5888 47
5279 6957 47
1178 2196 47
5425 6021 47
4476 7542 47
474 3323 47
1214 3498 47
5574 6572 47
2290 4500 48
2235 7368 48
837 3877 48
4373 5564 48
2926 3987 48
5041 9450 48
8837 8891 48
1114 4078 48
1989 3676 48
1161 3730 48
2923 8625 48
281 2082 48
8210 8877 48
1216 7821 48
1261 1267 48
209 7606 48
1243 4530 48
1209 4559 48
5631 7045 48
909 5349 48
963 8841 48
8134 9077 48
8963 9295 48
1909 6078 48
7477 7739 48
1946 7761 48
5088 9907 48
3537 9633 48
863 1700 48
1877 3730 48
1278 9284 48
5736 7797 48
3771 7546 48
3555 9241 48
894 9934 48
4518 9357 48
5486 8308 48
1014 2751 48
900 1468 48
3121 3504 48
6539 8572 48
2181 9561 48
4857 9917 48
2389 7767 48
6471 6627 48
6856 7934 48
10 7348 48
2475 4565 48
471 813 48
4759 9574 48
4256 7463 48
7081 7551 48
459 4637 48
2358 9079 48
2420 4888 48
9440 9449 48
4200 8375 48
6321 9221 48
164 5736 48
6742 7488 48
6611 8119 48
3138 9554 48
3202 9625 48
1636 9316 48
517 3120 48
4660 8925 48
6570 7437 48
4599 6222 48
3974 5854 48
1766 2840 48
709 8618 48
2981 9730 48
3839 6654 48
4336 5871 48
5013 7062 48
6037 7122 48
6019 7356 48
746 3758 48
749 3296 48
6944 9866 48
2491 6360 48
7804 7843 48
653 5251 48
7213 8989 48
1439 7099 48
1753 6679 48
3853 6994 48
1437 2572 48
2149 7057 48
4311 6486 48
1629 6620 49
1172 3680 49
1692 7065 49
1646 7966 49
1190 1961 49
151 1559 49
4507 6240 49
2287 2604 49
2361 9217 49
1638 2625 49
1799 9416 49
5139 9927 49
4630 7497 49
1806 9318 49
1285 3751 49
2307 5942 49
1292 8748 49
1304 9973 49
7680 7744 49
4995 5407 49
134 8867 49
1379 5145 49
4566 6507 49
1782 1871 49
4766 5167 49
3735 5520 49
7632 8291 49
1602 2646 49
1826 2500 49
4059 7667 49
3949 7867 49
1227 6934 49
1567 3051 49
219 1716 49
1247 7662 49
1722 3118 49
1509 2774 49
5748 6278 49
1128 1187 49
835 9494 49
2057 6099 49
3094 9869 49
1959 4383 49
1957 9778 49
2092 2844 49
4174 4336 49
6658 8413 49
860 4533 49
9061 9141 49
5699 7642 49
899 3309 49
325 2750 49
4331 9831 49
9387 9946 49
6560 9990 49
525 1159 49
5965 9384 49
7316 9834 49
1995 4320 49
3378 7156 49
7326 8066 49
4272 7054 49
298 3980 49
5890 9419 49
3141 7180 49
2978 6848 49
7352 8204 49
821 2943 49
5528 7436 49
3023 3643 49
399 1384 49
370 9453 49
5416 7673 49
6316 9531 49
1071 2368 49
2271 3185 49
621 6743 49
1864 6056 49
5378 8046 49
6124 9777 49
2997 3969 49
6752 9345 49
4242 6931 49
5652 8547 49
918 2382 49
2780 5981 49
663 9764 49
6648 9567 50
6474 9458 50
1484 4048 50
3957 7549 50
4741 6001 50
7077 9640 50
7072 7493 50
438 7864 50
4733 6833 50
7065 7070 50
6795 7871 50
1618 2568 50
6940 8333 50
3244 5438 50
4716 8644 50
9905 9938 50
4833 6203 50
6570 8422 50
7112 9275 50
510 9412 50
1583 5890 50
9 43 50
1594 7765 50
345 1046 50
2412 3372 50
7084 8233 50
8562 9101 50
1224 2566 50
940 1201 50
2824 5802 50
2634 3983 50
7685 9756 50
206 460 50
8929 9331 50
1130 8979 50
7582 9410 50
7596 7987 50
5402 6047 50
2661 7450 50
5438 9704 50
3533 5537 50
1000 3362 50
4955 5132 50
4996 5166 50
712 9507 50
300 5175 50
4980 6129 50
3856 8130 50
664 6683 50
309 8131 50
4938 7809 50
4932 9013 50
2907 5214 50
609 7075 50
748 3480 50
7286 7752 50
2970 8351 50
726 1277 50
2974 9734 50
4280 5625 50
4157 9795 50
2035 9348 50
2285 7714 50
2363 5581 50
4222 5988 50
4387 6191 50
1839 2497 50
1808 4992 50
2109 3752 50
2011 4817 50
1871 9529 50
1814 2055 50
4680 5640 50
2311 7297 50
4176 4461 50
4105 6827 50
2053 3002 51
697 5751 51
2437 5488 51
1113 4849 51
2791 5949 51
584 4730 51
1540 6111 51
4132 4560 51
351 3547 51
2966 5001 51
4932 5265 51
7554 8732 51
237 787 51
2215 5265 51
702 856 51
3677 8815 51
5615 9980 51
543 5671 51
1499 6250 51
1770 2720 51
1864 6809 51
2463 4593 51
2510 3744 51
3408 8985 51
6544 8566 51
1428 8722 51
542 5696 51
960 8961 51
7169 8580 51
100 9805 51
5389 7593 51
7849 9151 51
2064 5324 51
6605 7183 51
2079 2859 51
2073 3212 51
2120 8006 51
4520 9307 51
8090 8961 51
1191 7702 51
8353 9916 51
2668 3435 51
5809 6697 51
9614 9874 51
50 5124 51
1148 1254 51
3693 6844 51
393 2377 51
5478 6472 51
2225 7385 51
5138 9208 51
2419 9957 51
765 3161 51
8344 9762 51
3210 4571 51
228 6043 51
146 5308 51
1263 2278 51
1875 7309 51
832 9016 52
2328 4491 52
6307 9270 52
3730 5705 52
1169 5096 52
2333 5631 52
235 274 52
5298 8795 52
7555 7887 52
4515 7221 52
5021 9386 52
1428 2328 52
5793 7890 52
1912 7355 52
3066 8582 52
2554 8239 52
5073 8112 52
7250 8196 52
1341 4832 52
2683 8446 52
2580 9660 52
3005 6275 52
715 9856 52
1266 1795 52
2303 2775 52
8708 8839 52
1229 2018 52
9084 9423 52
2038 7696 52
1825 2283 52
9007 9898 52
7434 9568 52
1146 4848 52
2200 6337 52
5175 9330 52
912 3190 52
3025 5523 52
1982 8467 52
79 8828 52
2376 8039 52
4799 6769 52
1632 1907 52
2747 6891 52
4688 4986 52
385 3199 52
4737 4757 52
511 5816 52
4794 5699 52
4705 6009 52
66 5517 52
4178 5068 52
543 5066 52
2789 2796 52
7505 7538 52
3174 7339 52
7911 8631 52
4718 7183 52
7034 9173 52
2774 8114 52
957 1271 52
1668 4867 52
2773 6707 52
1599 7795 52
2092 2221 52
4245 9821 52
6926 7667 52
3094 3182 52
2182 3936 52
4749 4780 52
973 7120 52
4651 8417 52
6734 8383 52
2542 3349 53
4040 7379 53
3966 6581 53
1556 4138 53
1325 2537 53
1034 6202 53
680 1877 53
5064 8743 53
4470 6500 53
9433 9993 53
1795 2499 53
2023 7834 53
485 6297 53
695 1977 53
3573 3768 53
695 3039 53
1230 2030 53
2169 9732 53
2672 4426 53
1283 4786 53
2776 4844 53
3957 6514 53
205 8179 53
5162 6606 53
1131 5131 53
6751 8322 53
446 5135 53
6004 7137 53
1998 3232 53
1051 2071 53
2769 3889 53
8552 9803 53
7085 9789 53
990 2367 53
1890 4090 53
1709 1852 53
1129 2461 53
202 1165 53
3325 8629 53
6059 7946 53
82 8932 53
4135 8242 53
4742 7329 53
4061 6422 53
3548 6740 53
2874 3175 53
4216 9285 53
2260 7159 53
5250 6950 53
856 7757 53
4433 5337 53
220 748 53
4460 8903 53
4414 6392 53
335 536 53
1838 4849 53
1742 2710 53
4404 8310 53
6442 9567 53
6399 8823 53
4063 6629 53
1164 2709 53
959 8918 53
2189 5123 53
3380 5014 53
7144 7727 53
2281 3141 53
592 1741 53
4290 7013 53
1429 7624 53
4379 5063 53
1784 2734 53
6949 7627 53
1973 7085 53
2388 3775 53
195 239 53
5852 6435 53
2795 6416 53
6945 9796 53
4189 5588 53
497 1635 53
4410 8551 53
1519 2045 53
4585 9544 53
408 500 53
5161 5853 54
5216 8337 54
775 6329 54
1826 2351 54
5724 8957 54
3491 7816 54
2671 4198 54
2293 3062 54
5675 9110 54
9667 9954 54
215 2433 54
5786 6952 54
214 9540 54
3307 8547 54
210 256 54
5230 8346 54
3975 5907 54
310 2940 54
3141 9989 54
5589 9473 54
4271 6995 54
3666 9437 54
1523 3024 54
6252 6464 54
4187 8265 54
4031 6752 54
4031 6187 54
637 1677 54
6377 8984 54
6662 9892 54
3450 5714 54
9367 9443 54
7733 8180 54
1539 1837 54
1351 7789 54
2498 3507 54
309 539 54
1354 1867 54
4284 7878 54
2798 6822 54
3056 9758 54
1095 1501 54
3061 7647 54
3851 9559 54
4980 6772 54
5372 5844 54
6270 7468 54
2703 5560 54
2012 3406 54
3772 5773 54
1285 4313 54
5115 9390 54
2778 4675 54
4823 6144 54
1001 8086 54
4771 6352 54
52 7253 54
7443 8267 54
2962 9069 54
1322 7406 54
5075 5335 54
1119 2577 54
1329 3539 54
579 634 54
2051 7427 54
5068 7437 54
926 1206 54
8713 9536 54
573 2937 54
2267 6558 54
7445 8317 54
709 8264 54
7453 8411 54
5552 5933 54
1860 5905 55
7552 9642 55
8865 9406 55
959 3915 55
2801 5709 55
1878 9279 55
5463 9508 55
2784 3614 55
7543 9940 55
5329 7203 55
5325 8882 55
5426 7950 55
5638 8403 55
3686 7598 55
2752 7571 55
934 2932 55
2178 4891 55
1468 3151 55
178 3337 55
6520 7290 55
4885 9769 55
1499 4100 55
3360 4898 55
4186 8675 55
510 1589 55
2089 5865 55
3147 8218 55
7214 8167 55
4586 8347 55
4307 7896 55
4830 9858 55
6332 8171 55
590 2173 55
561 2765 55
3235 8306 55
69 652 55
0 1539 55
349 5200 55
1548 6361 55
3940 7526 55
9504 9944 55
1575 6969 55
1702 7134 55
3192 4256 55
6784 8338 55
722 8759 55
857 8323 55
5171 8255 55
4332 9179 55
5241 9225 55
4136 9437 55
3778 7353 55
3467 8676 55
7298 8979 55
209 1075 55
9083 9528 55
5997 6684 55
1167 8775 55
311 1527 55
1238 6949 55
5897 8102 55
213 7829 55
202 4345 55
2299 7919 55
1801 2249 55
1245 2231 55
3004 5174 55
3810 6617 55
3742 6470 55
111 3103 56
357 4739 56
4201 9330 56
2144 6259 56
4445 8280 56
5496 6463 56
2765 5133 56
853 4769 56
8362 9594 56
3229 6970 56
845 4174 56
428 2484 56
1003 5455 56
2057 2699 56
3401 4113 56
6311 6337 56
662 1933 56
623 6593 56
3423 8222 56
9218 9501 56
4198 7330 56
2096 8223 56
3157 5298 56
1932 4517 56
4362 8597 56
2002 6782 56
87 4690 56
1300 3178 56
146 6309 56
4788 8268 56
1809 2753 56
2440 3524 56
4050 5962 56
1524 1702 56
1719 2258 56
4494 5604 56
2359 7745 56
1635 6227 56
3695 8339 56
1186 9062 56
3687 6601 56
4679 5285 56
7628 8468 56
1832 5672 56
5191 8871 56
4776 5643 56
1643 7299 56
1595 6335 56
2740 6993 56
1502 7391 56
35 4685 56
4608 7223 56
4905 9979 56
1879 2197 56
2366 4730 56
1364 9286 56
4583 6696 56
158 8803 57
7374 9837 57
3375 3431 57
4115 9724 57
1427 8909 57
2051 6220 57
5235 9716 57
1201 2705 57
3012 7916 57
9064 9616 57
7116 8030 57
4378 9603 57
159 865 57
1836 1842 57
6487 7978 57
1979 4778 57
3517 5352 57
4122 9756 57
6331 7948 57
4936 7479 57
1940 2134 57
2402 2506 57
1464 3647 57
2056 3765 57
1150 2291 57
1358 5559 57
2298 7304 57
2653 3085 57
3479 7025 57
4049 6771 57
1401 5382 57
1493 3122 57
4193 5013 57
7091 9909 57
4856 8978 57
3812 7653 57
8343 9508 57
2927 3453 57
1983 7484 57
6592 8961 57
3371 7512 57
6253 7062 57
21 5841 57
5345 9960 57
3605 7566 57
973 2682 57
6983 7732 57
4699 5591 57
2721 3235 57
994 3112 57
2825 3376 57
8122 9211 57
151 6310 57
943 7451 57
5558 7990 57
8024 8592 58
3192 3886 58
3 3665 58
7215 7465 58
6913 7049 58
6096 7524 58
7168 9009 58
1036 3542 58
6087 9952 58
3515 8501 58
2985 4109 58
2985 3605 58
3792 8967 58
2265 8768 58
770 5259 58
1565 4914 58
5401 5958 58
148 4344 58
7897 8963 58
3662 8066 58
4776 9047 58
8666 9991 58
535 594 58
4335 5073 58
2179 4436 58
1417 1598 58
187 1045 58
6044 6432 58
133 1916 58
1460 7506 58
1621 4624 58
2476 6505 58
4299 5245 58
5274 8065 58
509 9887 58
3223 4637 58
142 1351 58
3637 6092 58
1367 3925 58
338 1526 58
5338 5848 58
3566 9873 58
1156 4400 58
29 160 58
2843 9881 58
872 3284 58
514 809 58
1066 2027 58
6204 9803 58
3226 6674 58
3913 9514 58
3986 6307 58
2887 5874 58
1119 4727 58
113 6765 58
7063 8796 58
5637 8049 58
4674 5691 58
6386 9888 58
2119 4017 58
3901 8453 59
4161 4916 59
2738 5301 59
1337 5787 59
3128 6445 59
6239 8126 59
1355 6228 59
695 3437 59
2592 8188 59
4572 5415 59
9414 9887 59
172 4075 59
2519 6690 59
4725 7161 59
394 9039 59
2441 5727 59
5114 5446 59
1336 3130 59
5069 9489 59
4443 7813 59
4334 5228 59
1929 8680 59
835 1214 59
2053 2761 59
1446 4695 59
2418 6005 59
2159 4422 59
1216 2909 59
8534 8793 59
8990 9358 59
1465 8342 59
1466 2190 59
2480 6127 59
7949 8267 59
4392 7432 59
6410 9696 59
3550 5902 59
3694 4868 59
893 1105 59
5656 9056 59
6940 8281 59
2351 9590 59
3899 4935 59
2280 4269 59
2715 3441 59
2714 8023 59
6305 9316 59
3966 7460 59
176 540 59
4220 8959 59
2601 8799 59
331 5491 59
756 7146 59
618 735 60
7839 8831 60
4158 4760 60
2371 9617 60
3364 4326 60
591 9902 60
6294 7560 60
179 8245 60
1421 5112 60
6375 9754 60
3111 4542 60
7340 8835 60
7658 9462 60
6937 7448 60
6933 8232 60
798 1338 60
7412 7825 60
5277 9064 60
2151 5179 60
6944 8914 60
5386 7785 60
1255 6293 60
3522 6221 60
8350 9713 60
5841 6650 60
1690 1698 60
3548 6667 60
2915 6899 60
5397 8130 60
5192 6243 60
429 9766 60
2816 6071 60
3965 8872 60
5755 7328 60
3918 7807 60
7732 9043 60
1796 3900 60
498 5489 60
6630 9305 60
3457 7769 60
1145 7628 60
3014 3838 60
4316 7419 60
5678 8712 60
914 4230 60
1346 1378 60
5125 6451 60
894 1233 60
6036 9119 60
341 9646 60
2977 6280 60
5108 8526 60
2182 8589 61
6819 8405 61
8000 8566 61
3302 5628 61
2406 2915 61
7119 9399 61
2168 2520 61
486 8401 61
2147 2853 61
3260 8660 61
3122 9653 61
3283 3848 61
8498 9883 61
1735 7693 61
3233 9351 61
2159 7768 61
2353 2475 61
3185 8512 61
219 3793 61
2732 4307 61
845 9727 61
1204 5622 61
1946 9481 61
1346 2964 61
5985 8407 61
5931 9894 61
4057 7828 61
827 6721 61
318 8081 61
2329 3808 61
936 5828 61
8298 9026 61
4301 6378 61
1114 1287 61
1853 6359 61
1851 7676 61
8149 8542 61
1865 7293 61
4921 6731 61
314 339 61
641 3272 61
5701 6603 61
2034 8776 61
8211 9292 62
1190 6737 62
5695 6915 62
4543 6221 62
1189 7651 62
9020 9780 62
2931 6669 62
1590 8951 62
5394 7294 62
3968 9003 62
5857 7089 62
4204 4752 62
925 9527 62
3732 6717 62
3529 9219 62
5400 8725 62
1188 9688 62
414 842 62
251 7076 62
2871 4246 62
8436 9685 62
6776 7040 62
4102 4917 62
7118 8389 62
7221 7993 62
1055 9867 62
521 3093 62
2737 4827 62
2039 4727 62
7764 9456 62
6149 8684 62
171 640 62
2544 2573 62
7513 8621 62
9408 9770 62
2468 2961 62
2747 7615 62
4939 5287 62
4933 5458 62
2476 7020 62
4297 7323 62
3767 7811 62
1813 1948 62
7901 8623 62
4647 7520 62
9173 9972 62
2426 5563 62
7078 9941 62
2165 5231 62
1583 5038 62
9121 9504 62
6120 9078 62
1533 9533 62
4851 5082 62
6100 6977 62
3454 7722 62
2781 6775 62
6081 7614 62
6065 8528 62
5557 8430 63
4430 7237 63
3647 3721 63
3992 9679 63
8906 9738 63
7000 8353 63
3798 4406 63
6603 8926 63
7751 8872 63
6352 9967 63
6358 8855 63
6362 7665 63
8400 9301 63
8098 8786 63
4426 7704 63
7567 9504 63
6818 9204 63
7035 8034 63
3735 7023 63
2392 6283 63
6703 9955 63
1762 6145 63
993 1514 63
1757 2415 63
2939 4064 63
1015 2709 63
303 1751 63
884 7824 63
2110 8238 63
2886 9575 63
140 7981 63
179 6485 63
1407 3690 63
3059 9999 63
1438 3893 63
1450 2228 63
166 9915 63
3113 5443 63
162 2305 63
154 9255 63
1486 2993 63
1515 1863 63
1507 4196 63
1226 3070 63
2084 4738 63
553 7646 63
1902 8258 63
2042 6547 63
2588 6466 63
472 4985 63
2626 6061 63
671 3517 63
445 814 63
6517 8747 64
7495 8990 64
1258 9058 64
7546 8515 64
5172 9431 64
7634 8217 64
4941 9758 64
6437 6467 64
6326 8596 64
4902 9746 64
5048 7056 64
6480 7851 64
659 9366 64
5010 5291 64
5063 5546 64
3672 6049 64
5881 6368 64
5515 6888 64
831 3822 64
2892 3870 64
2604 8230 64
882 1835 64
5848 8466 64
7112 9149 64
5672 6796 64
2899 4815 64
5346 9336 64
1173 6404 64
263 1087 64
328 2754 64
3874 9411 64
3882 6254 64
491 5395 64
8173 8261 64
3308 4747 64
1975 3496 64
1627 2689 64
3293 5406 64
1917 7479 64
4270 8294 64
2059 2502 64
9612 9624 64
1537 5016 64
1831 7752 64
2149 9461 64
3182 4713 64
2533 3667 65
1110 5992 65
2841 3940 65
1082 2476 65
1064 7991 65
7472 9774 65
2425 4360 65
772 8929 65
2545 3587 65
1660 8367 65
1185 2891 65
4700 8026 65
4157 7429 65
7363 9606 65
4413 7332 65
4216 6397 65
2172 8796 65
2870 5432 65
7114 9202 65
8830 9921 65
7112 9182 65
5809 9877 65
3546 7200 65
932 1761 65
5880 7984 65
2102 2410 65
8726 9061 65
2147 9354 65
5768 6996 65
5063 5836 65
2041 2167 65
4056 9375 65
6564 9681 65
3073 9639 65
6079 7164 65
9336 9788 65
2262 5296 65
4047 8018 65
1363 4829 65
4943 6573 65
3616 7826 65
6110 8073 65
1213 3061 65
6031 6708 65
2218 3469 65
3580 5935 65
3297 4764 65
5178 7324 65
766 9819 65
7484 8619 65
605 4308 65
4391 8567 65
1263 4761 65
6881 9223 66
3672 7155 66
423 6344 66
6858 6968 66
3618 3748 66
3266 6387 66
2747 4511 66
552 9046 66
3563 6951 66
2838 3383 66
6065 7188 66
2660 2685 66
531 3264 66
2616 3994 66
2088 9636 66
5334 6611 66
1670 2259 66
7309 7563 66
1379 7175 66
2194 6182 66
1055 1163 66
3906 9000 66
5131 5471 66
7640 8991 66
1585 8536 66
5023 7369 66
2208 3913 66
5232 8294 66
5231 6299 66
4145 5967 66
4106 9146 66
1230 1496 66
2140 7544 66
929 4501 66
312 7755 66
4063 9747 66
947 9757 66
3199 6104 66
3108 3945 66
1478 2100 67
5240 9596 67
1498 6422 67
3996 6846 67
1968 2781 67
1494 5743 67
2335 8146 67
6222 7515 67
4999 9065 67
671 1413 67
638 5917 67
1019 4953 67
977 7150 67
5534 9719 67
1754 1802 67
843 3644 67
1727 7378 67
5832 6186 67
2464 9694 67
5613 7362 67
868 5613 67
4150 5694 67
3971 6477 67
4165 5433 67
1649 7261 67
179 2511 67
52 5557 67
3404 4594 67
8975 9942 67
418 4487 67
8986 9726 67
232 3257 67
6739 6912 67
546 3890 67
60 3790 67
3244 7392 67
492 8585 67
138 4754 67
299 1620 67
3521 4834 67
4992 6270 68
3754 6182 68
5949 8313 68
6670 6709 68
235 397 68
4967 6733 68
1430 1848 68
3061 4357 68
1067 4467 68
2566 4587 68
2452 5886 68
1151 3916 68
2912 4343 68
5578 5595 68
5600 8059 68
7557 8431 68
842 7671 68
2368 4000 68
3991 5933 68
7696 8079 68
5863 8236 68
2354 6928 68
431 3163 68
7530 8990 68
5246 7082 68
2425 9648 68
5774 7801 68
5761 7906 68
2070 2828 68
1688 3470 68
3649 9703 68
3351 8176 68
3286 8962 68
1618 5233 68
1772 7004 68
42 1755 68
3205 3500 68
3381 6608 68
27 6555 68
4800 9939 68
3585 3642 68
3113 3260 68
8108 9900 68
4304 4956 68
4118 8246 68
8207 9219 68
3106 4076 68
3106 3200 68
1 2702 69
5550 8568 69
974 6022 69
5570 5636 69
3908 7341 69
1588 6177 69
4754 9407 69
8141 9125 69
3090 6564 69
153 1806 69
2300 8673 69
2150 3023 69
4584 9709 69
7492 8826 69
3316 4232 69
3159 9525 69
1327 4883 69
3027 6691 69
3606 7478 69
2571 5348 69
3793 7519 69
921 9397 69
5847 8824 69
2860 3372 69
5956 7104 69
6688 8610 69
4617 6252 70
1206 1533 70
4610 6364 70
6046 7239 70
166 7446 70
1563 8866 70
5037 9748 70
3156 5376 70
9081 9212 70
2758 7013 70
937 4379 70
6362 9237 70
3299 9949 70
316 8745 70
4486 9313 70
349 7609 70
3290 4020 70
5657 7259 70
6282 8367 71
2552 7959 71
5518 6311 71
3254 5125 71
2669 8593 71
1446 5819 71
1638 2452 71
5646 9838 71
1548 5381 71
942 1859 71
271 1522 71
2020 5199 71
1092 1297 71
4865 5999 71
4232 5211 71
3633 7986 71
1133 3685 71
3833 7749 71
7391 8033 71
7571 9052 71
1707 2406 71
3575 8399 71
2556 5799 71
1272 4380 71
744 4144 71
1726 9591 71
4459 8752 71
2785 8509 71
4832 7842 72
2810 5420 72
2772 9578 72
6495 8915 72
6184 6420 72
8533 8808 72
37 1494 72
2149 7847 72
6087 9942 72
8257 8866 72
2054 5758 72
689 5221 72
3117 9189 72
4706 9218 72
2332 4030 72
5539 6363 72
5286 9831 72
872 2112 72
2576 7970 72
2542 7650 72
4884 9306 72
4922 9601 72
4956 9515 72
1478 8358 72
934 5198 72
391 861 73
8605 9750 73
3317 8458 73
8670 9903 73
1544 3636 73
1901 5469 73
307 6046 73
3731 8045 73
3932 7835 73
1849 3781 73
1663 6868 73
4704 7094 73
715 2162 73
2912 3236 73
467 477 73
6996 7228 73
3123 7945 73
5010 6604 73
7605 9460 73
2898 9781 73
1460 1661 73
8140 8710 73
2302 6757 73
4049 9451 73
6410 7053 73
337 3292 74
563 1773 74
5435 8409 74
909 7913 74
8299 9996 74
6129 8487 74
214 3133 74
6691 6815 74
4793 7398 74
220 4808 74
4622 7317 74
7248 7702 74
5249 9633 74
4552 6441 74
267 6791 74
3106 7274 74
2830 2913 74
2687 9107 74
3173 3262 74
2169 4484 74
3583 4244 74
4076 9113 74
3695 8318 74
2559 5805 74
3302 6338 74
3165 7117 74
2302 4094 74
4103 8603 74
3340 5313 75
73 1588 75
6064 9209 75
8343 9695 75
19 398 75
2078 5143 75
5518 9733 75
3345 3464 75
6768 8155 75
3677 4181 75
2397 4015 75
59 3632 75
2727 4261 75
5255 9604 75
269 7471 75
4188 5404 75
3326 7674 75
2171 2538 75
6127 9330 75
4030 4202 75
5887 8720 75
2341 3483 75
7184 9801 75
1484 9427 75
7894 8477 76
2581 5978 76
657 8661 76
2587 9522 76
1324 6028 76
7654 8782 76
4735 6381 76
2519 9232 76
5028 9556 76
3739 8415 76
386 734 76
3972 9793 76
4156 5223 76
1734 4020 76
3803 8729 76
2272 2416 76
354 9768 76
3495 5160 76
7209 9711 76
5368 8769 76
287 8122 76
1077 6408 76
2503 9141 76
8108 9951 77
2525 7129 77
2095 7805 77
424 5413 77
8100 9656 77
5602 8360 77
1176 8211 77
7512 8595 77
35 4538 77
270 6837 77
5442 8904 77
1186 5396 77
4823 8012 77
1422 2696 77
7664 9493 77
546 2592 78
7937 8203 78
2458 8229 78
3139 6553 78
1990 6589 78
5375 6712 78
6648 9300 78
5733 9260 78
433 7265 78
270 332 78
1947 7861 78
772 850 78
3987 6948 78
3298 7452 78
3867 6632 78
3317 5572 78
275 6568 78
4705 7856 78
4060 6557 78
2296 8186 78
7139 8434 78
4948 9240 78
2314 7802 78
1443 3174 78
3411 6477 78
6191 7577 78
5815 7113 78
3322 3595 78
2474 5416 78
7036 7547 78
1554 6455 79
3539 6900 79
8039 8514 79
7218 9102 79
2611 7475 79
368 7417 79
997 1409 79
7576 8001 79
3172 9094 79
4453 7887 79
8437 8754 79
3342 9971 79
6758 8277 79
4697 4939 79
1277 9304 79
2710 8140 79
6246 6899 79
332 4976 79
3935 5683 79
3198 5798 79
3036 3503 79
5115 6354 79
7731 8343 79
5428 7068 80
3842 4869 80
5717 8183 80
252 6151 80
1106 4340 80
285 6597 80
909 8767 80
1132 9106 80
2577 8263 80
5309 5862 80
1418 4789 80
2737 5022 80
1679 4285 80
3340 4544 80
6341 9989 80
2126 3124 80
2713 6199 80
2637 3097 80
3729 8125 80
1922 8113 80
125 4524 80
4130 8838 80
3615 9476 80
2037 7637 80
7997 8083 80
4403 5918 80
4581 9784 80
3096 8206 80
2680 8997 81
2919 5069 81
8493 9298 81
511 4783 81
1039 4218 81
2 664 81
7255 9097 81
528 8184 81
7088 8921 81
2418 7715 81
491 1768 81
502 603 81
5289 5556 81
2569 5035 81
3347 7191 81
3735 4751 81
3755 8791 81
2428 6313 82
7127 8773 82
808 6556 82
1859 5506 82
51 211 82
1205 3158 82
1071 9749 82
295 2441 82
2052 3169 82
7997 9777 82
3397 8827 82
7923 9798 82
4885 5062 82
6585 8183 82
2096 2755 82
3556 5974 82
3512 4507 82
4121 4856 82
2854 6618 82
6012 9717 82
3990 5411 82
3019 6089 83
2742 6161 83
6743 7357 83
377 3271 83
5448 8158 83
537 1861 83
6385 8847 83
6762 9858 83
9374 9582 83
2509 5268 83
4530 4657 83
5723 7773 83
2394 3444 83
4495 4652 83
6624 9015 83
2258 9735 83
4591 9912 83
343 4811 83
3191 9609 83
5734 7641 83
1240 4133 83
8916 9767 83
1588 9317 83
464 833 83
5810 9186 84
2648 6523 84
5533 5982 84
6995 8168 84
717 1480 84
379 4149 84
3635 5392 84
6064 8221 84
513 6105 84
357 7669 84
1665 9992 84
4508 6164 84
5103 8785 84
1349 2806 84
4072 9048 84
7791 8709 84
1973 3046 84
4426 5989 84
310 5916 84
899 1147 85
6131 7420 85
3693 6852 85
1861 2562 85
2121 3905 85
3578 8256 85
4543 5244 85
1913 4080 85
4798 7140 85
3927 5713 85
3650 5927 86
1461 5351 86
2991 8535 86
7286 9080 86
5511 8910 86
3322 4719 86
4950 7888 86
5654 9403 86
434 3779 86
4359 6015 86
2925 5624 86
362 3816 86
1135 9198 86
3841 7449 86
8740 9267 87
459 6699 87
1544 4798 87
1772 3622 87
1173 4185 87
20 3495 87
3419 5798 87
3476 5513 87
942 1022 87
4378 7603 87
215 9880 87
4226 6133 87
3267 7207 87
4557 9389 88
6731 7269 88
1486 8485 88
5760 8650 88
869 5608 88
2608 5105 89
2117 2532 89
8379 8952 89
4075 6315 89
3107 3549 89
254 5584 89
1758 5168 89
2012 7256 89
1299 2069 89
1288 4399 89
7551 9165 89
4372 5837 89
2448 6498 89
1922 7411 90
932 4322 90
5149 9677 90
1911 6229 90
890 9760 90
9498 9509 90
7705 9749 90
3633 8328 90
96 2590 90
2343 6895 90
5997 8288 90
2415 5158 90
1756 3888 90
4830 7570 90
2662 9703 90
341 2839 91
5626 9483 91
1474 8064 91
1684 6807 91
6164 8235 91
5363 7439 91
898 9444 91
3749 8373 91
4080 9152 92
3626 9497 92
1406 1740 92
709 4478 92
144 1424 92
270 4926 92
2142 9302 92
5766 9024 93
4148 9818 93
4216 9368 93
4547 6501 93
5488 5895 93
8630 9621 93
765 9053 93
797 7840 93
3934 7873 94
2494 4710 94
4385 6238 94
1954 3519 94
3013 5480 94
4051 4324 94
163 6877 94
3778 3800 94
500 7654 95
3178 3395 95
5065 9794 95
131 6988 95
6503 8148 95
9738 9977 95
455 8344 95
3501 9627 95
3544 6929 95
108 6628 95
2742 9308 95
2275 2718 96
1616 5635 96
4846 8164 96
6056 8040 96
6386 7706 96
2921 4522 96
2932 6828 96
539 9044 96
2012 7350 96
1192 1282 96
3917 8960 96
3931 7182 96
6086 9825 97
240 4016 97
3001 8910 97
1341 2700 97
2319 2698 97
975 8878 98
1471 8933 98
4948 5594 98
1037 1798 98
7225 8719 98
108 1194 98
2927 6076 99
7293 9001 99
1038 8301 99
4160 6728 99
3452 9332 100
5129 5972 100

Total MST weight: 291461

Execution Time: 7.999 ms
