Algorithm: Kruskal's MST

MST edges:
20073 33157 1
428 1700 1
24914 33855 1
5314 16425 1
5322 38932 1
9095 43537 1
14028 49592 1
3357 7071 1
39291 40823 1
5347 14957 1
3372 21900 1
2313 11772 1
20055 43730 1
20036 41802 1
24946 46223 1
20008 44395 1
14057 27893 1
5387 10839 1
19962 34687 1
440 30932 1
39399 46257 1
24808 33239 1
24814 49101 1
24832 47234 1
31801 33503 1
3395 47877 1
31803 36143 1
20172 20872 1
39407 43134 1
31815 35056 1
14076 27565 1
1520 41607 1
1518 9747 1
24856 25281 1
24859 46697 1
5300 26483 1
12185 32329 1
20132 25423 1
12178 36738 1
39344 45922 1
10674 28889 1
39091 41331 1
12105 29156 1
12105 18151 1
14144 36531 1
19783 29988 1
5486 12944 1
39056 49717 1
8993 17052 1
19760 45122 1
5464 10314 1
8992 34975 1
32139 41743 1
8978 36379 1
19708 43940 1
5535 6881 1
3313 6065 1
25077 39188 1
25082 43857 1
28315 46779 1
19825 21080 1
441 23737 1
24977 33513 1
32007 32973 1
12132 39094 1
10642 31295 1
32079 35600 1
10647 36047 1
5449 39200 1
9022 13410 1
5268 23034 1
25020 36878 1
9011 12223 1
108 39657 1
25032 30846 1
1463 45699 1
25033 48431 1
14138 21836 1
19816 27451 1
28353 28590 1
5078 33501 1
12291 19078 1
3467 32460 1
2266 26884 1
31456 44282 1
31465 35390 1
128 7844 1
20619 48812 1
20615 23847 1
5078 10162 1
13789 31143 1
10516 20562 1
20602 33359 1
3458 24642 1
24682 32136 1
43577 46930 1
20588 23299 1
39746 45364 1
13814 48713 1
5092 12884 1
5029 29305 1
13734 31939 1
31340 44650 1
9316 40537 1
1634 8152 1
20759 27960 1
374 49705 1
13757 43352 1
20746 48793 1
28578 42468 1
43601 43653 1
24632 27461 1
5045 15979 1
12300 21943 1
9292 19486 1
28574 35107 1
39833 44125 1
20690 22754 1
5050 41120 1
5054 8810 1
13950 49299 1
31673 44810 1
31692 48044 1
24780 36204 1
24781 26083 1
3417 16465 1
5231 14360 1
5231 18797 1
5238 30968 1
5245 6891 1
31669 48606 1
39503 40462 1
20254 22168 1
1540 49738 1
31747 40593 1
9149 37630 1
20225 46481 1
10580 26729 1
20225 45014 1
31783 37888 1
20450 33597 1
31490 38749 1
1596 2234 1
20522 48102 1
24717 31584 1
1590 38610 1
9237 11963 1
398 35516 1
400 11727 1
2279 7495 1
5550 8464 1
13886 16726 1
20415 24827 1
5193 37125 1
3430 4250 1
5205 25051 1
13910 16125 1
10558 15759 1
13917 38506 1
11945 18414 1
28124 30350 1
5905 18231 1
5906 22829 1
5907 32381 1
25448 47485 1
25452 33903 1
32856 36955 1
38345 43956 1
38333 46475 1
14503 17896 1
8705 43665 1
5938 43725 1
18931 21588 1
18906 33561 1
18889 48860 1
18885 43526 1
3163 5038 1
1294 2668 1
18878 27738 1
28128 41535 1
25384 33012 1
19124 26020 1
38472 45512 1
5848 33852 1
14467 42553 1
19060 24224 1
19059 43531 1
19045 31048 1
5885 36841 1
3160 12095 1
3198 11153 1
5892 28960 1
14494 31101 1
32779 48177 1
32784 45533 1
19016 21388 1
84 170 1
3192 6076 1
32800 34714 1
28038 43925 1
38129 49809 1
6055 22945 1
8630 22076 1
38123 47210 1
14628 17297 1
3142 39706 1
33125 38315 1
14632 37053 1
6061 15243 1
11915 28825 1
18702 30958 1
1259 9101 1
1258 10943 1
11896 23822 1
10863 26301 1
25595 46449 1
25598 25736 1
33164 36781 1
10866 44504 1
8657 26966 1
5987 8476 1
1292 2955 1
14564 25312 1
1288 36415 1
6008 19402 1
25534 28703 1
38204 47379 1
6024 9021 1
11926 48335 1
5820 20441 1
535 2399 1
18786 25602 1
18779 44250 1
14607 20974 1
14609 15920 1
33075 38410 1
33102 35212 1
6046 18884 1
14618 29030 1
25167 40696 1
14259 19380 1
3289 49108 1
19583 20251 1
14271 19857 1
8914 46379 1
25145 41157 1
469 22455 1
1424 2549 1
44280 44423 1
38917 42491 1
19555 27739 1
8903 17250 1
25174 33354 1
14299 42965 1
5644 6119 1
12046 42039 1
19493 25399 1
32416 34737 1
3277 19893 1
10699 48784 1
5553 5694 1
3304 33786 1
25106 29425 1
8955 26547 1
12064 16080 1
32223 39902 1
10698 21502 1
1437 7925 1
8948 13562 1
19459 34408 1
14234 32137 1
38927 46285 1
25136 25258 1
5582 43799 1
5588 5885 1
10703 39334 1
44243 48300 1
28268 28536 1
25141 38201 1
19190 47221 1
1378 4596 1
14366 27015 1
19289 35570 1
2368 2395 1
5749 42813 1
14385 22116 1
5767 14057 1
8807 29297 1
1360 14054 1
19317 30641 1
2375 4444 1
3216 6742 1
19173 46327 1
11990 44263 1
8790 20209 1
3212 14581 1
3207 31482 1
10772 33430 1
19154 27212 1
25243 44793 1
32427 49095 1
32438 45952 1
8876 27091 1
477 49557 1
10728 41079 1
32448 48235 1
25227 26620 1
19411 27249 1
32458 35503 1
9334 34032 1
28187 47032 1
5691 13929 1
8852 21741 1
5692 41812 1
25247 49080 1
5696 23907 1
32497 41479 1
32503 49197 1
1910 22712 1
41563 47706 1
29925 39144 1
22458 39340 1
4266 7873 1
22443 42274 1
253 11792 1
13074 43068 1
30007 37807 1
22339 43622 1
3815 20048 1
42718 43315 1
4327 5414 1
2118 47518 1
4332 47549 1
13118 21064 1
13130 42176 1
1901 31159 1
22282 24923 1
9791 30692 1
41671 45577 1
1970 4963 1
41781 49826 1
2101 18247 1
1964 29089 1
4198 49381 1
13007 14285 1
22609 35840 1
9882 11143 1
3829 7818 1
29062 38397 1
3826 30919 1
4226 48326 1
41654 49394 1
3823 15958 1
29884 46330 1
22507 27044 1
182 567 1
23651 36864 1
4256 29820 1
4470 14246 1
2135 22188 1
22150 28941 1
13201 24100 1
30240 30387 1
22074 44211 1
9730 41257 1
3732 27778 1
41169 48472 1
22031 29712 1
22181 37909 1
13243 23810 1
10281 25320 1
21977 42212 1
9704 20242 1
21977 41348 1
3719 14742 1
21970 24363 1
4495 17701 1
23925 35780 1
22240 29860 1
12603 42744 1
23792 31663 1
4359 46938 1
2126 12608 1
267 396 1
23797 48588 1
1892 12297 1
1892 5515 1
2127 15058 1
236 860 1
22215 28981 1
13165 17323 1
173 8622 1
268 39457 1
9765 14814 1
23828 25738 1
12580 22625 1
2130 22889 1
22185 41679 1
23171 34453 1
23212 37239 1
212 248 1
3983 5365 1
12811 30189 1
2072 3689 1
29329 30131 1
12816 39718 1
10110 18394 1
23183 32994 1
42389 45741 1
29318 47864 1
3992 34081 1
3994 10174 1
2033 17529 1
12830 19096 1
10117 12545 1
42114 49692 1
10014 46541 1
42114 42696 1
23263 47845 1
12764 47748 1
3937 35189 1
23297 41446 1
10072 29988 1
23325 24066 1
3946 5020 1
42306 42828 1
23330 39847 1
23272 33616 1
23137 31249 1
3960 14595 1
10057 20822 1
23227 43313 1
23222 43845 1
29479 34330 1
3975 35253 1
3903 5081 1
23214 25115 1
10042 19151 1
29201 31093 1
10141 16347 1
29668 44245 1
4090 5442 1
22899 25435 1
3850 34253 1
29681 44999 1
12691 15255 1
4103 31463 1
12933 19173 1
224 39031 1
12936 17247 1
9940 12777 1
10151 11263 1
29723 32573 1
22769 42569 1
22765 33603 1
22756 43581 1
4154 34404 1
23574 30517 1
3866 10261 1
4012 24663 1
218 263 1
23472 37873 1
4030 31153 1
4051 15197 1
23028 35494 1
194 1257 1
3868 44242 1
4053 23309 1
13279 35640 1
29620 46464 1
4060 48175 1
29628 49023 1
9980 42112 1
4071 27144 1
4072 18447 1
23510 29288 1
29658 45237 1
3559 46301 1
40368 41222 1
21228 28429 1
21215 44293 1
144 6737 1
1713 21965 1
3565 12128 1
3563 32317 1
4815 8781 1
4825 44128 1
3575 13503 1
31024 48449 1
2219 7121 1
4835 13666 1
31042 36535 1
21102 44563 1
40265 41784 1
40260 44495 1
13585 39095 1
3555 5318 1
1743 4219 1
28779 45274 1
12419 27981 1
13495 18728 1
3596 41917 1
40449 43904 1
4747 42530 1
4748 27288 1
4753 9059 1
10399 33776 1
3550 49739 1
2205 39361 1
21307 26456 1
30860 33018 1
1734 40670 1
2208 8699 1
21261 25333 1
12391 15957 1
1730 10639 1
21250 35007 1
3494 30154 1
20890 22626 1
4960 23962 1
365 11778 1
3501 5215 1
13691 23098 1
1652 27880 1
9352 27252 1
24562 42547 1
4978 9698 1
4954 32632 1
4978 11175 1
20831 31671 1
2248 45091 1
31285 39250 1
3487 10778 1
20824 40930 1
31286 44569 1
134 23110 1
13732 17518 1
20933 31203 1
21044 21644 1
21007 23274 1
24414 28330 1
3542 35197 1
13612 46915 1
12363 22956 1
4903 11803 1
24461 44457 1
1679 31685 1
9517 35457 1
2233 45551 1
12350 38150 1
1673 6960 1
20930 25501 1
2236 31519 1
24489 33682 1
40112 43201 1
20899 45333 1
13676 22759 1
10321 22190 1
2157 20856 1
4552 25462 1
9646 26264 1
40873 49941 1
42987 48511 1
30489 31861 1
9644 16139 1
10319 24166 1
4563 9939 1
21831 38196 1
3676 18553 1
13336 13894 1
40828 41558 1
4569 19210 1
303 41495 1
30530 35478 1
21758 27064 1
4589 27098 1
21745 38106 1
13303 14628 1
13285 27797 1
21917 28491 1
12517 32939 1
166 23496 1
1828 39575 1
288 13870 1
4528 31849 1
21883 43941 1
4530 33561 1
9624 19845 1
10305 37991 1
40928 40958 1
40916 44645 1
13311 22372 1
42909 49874 1
3696 38684 1
2155 25606 1
12502 26075 1
13318 47642 1
21402 27011 1
2189 19331 1
21500 27937 1
30744 39200 1
28818 42835 1
13421 34131 1
13431 20015 1
1760 12442 1
13443 39744 1
21418 25049 1
28825 41637 1
3615 8657 1
3614 33799 1
13472 48201 1
21373 24660 1
21372 47786 1
3612 29830 1
9522 21236 1
13487 44906 1
24234 27829 1
4639 36293 1
30568 33089 1
24087 33572 1
4634 8915 1
4638 5337 1
43056 47088 1
9597 24695 1
1784 16534 1
9592 27603 1
24143 28830 1
19493 22469 1
21618 48519 1
1779 49088 1
2179 10267 1
317 2554 1
1774 5470 1
10363 49330 1
155 454 1
12455 15605 1
15717 34784 1
15187 24046 1
2970 40243 1
15178 22369 1
7872 13658 1
6682 19402 1
6677 30112 1
15716 46176 1
2591 15708 1
643 19786 1
37240 49156 1
26120 41846 1
27428 32658 1
11697 27874 1
15142 18650 1
11039 15787 1
11019 37076 1
1076 4893 1
17610 37305 1
26838 38910 1
872 13540 1
11239 15146 1
35379 45814 1
7413 40855 1
35381 39586 1
27380 49508 1
7428 27330 1
6603 18165 1
34123 47046 1
26755 41015 1
27712 32352 1
37011 48529 1
2787 40346 1
6809 24186 1
17347 22184 1
7906 9655 1
11657 35629 1
8161 14143 1
1029 37135 1
26743 44551 1
15282 28559 1
8168 25386 1
34435 34598 1
39 91 1
17699 24143 1
27752 35584 1
6763 21715 1
6749 11840 1
7366 12192 1
8188 36667 1
8193 19967 1
36411 47901 1
7372 13971 1
15212 37116 1
15209 29217 1
15706 47555 1
6700 22425 1
16383 29662 1
2713 24246 1
7470 46013 1
6536 8188 1
11762 18182 1
15026 27641 1
8339 44364 1
7472 8452 1
6529 7532 1
11762 41182 1
48 413 1
25995 43926 1
8339 47171 1
8344 24249 1
851 25572 1
850 4150 1
37410 46878 1
1124 36324 1
37474 44489 1
8353 28353 1
615 3416 1
6505 13326 1
10970 18437 1
6487 36870 1
7508 28920 1
2461 30029 1
8361 24788 1
10968 15630 1
45870 46784 1
8363 44506 1
624 12723 1
26886 46304 1
35439 46705 1
16299 24007 1
628 1701 1
8295 9278 1
26906 38256 1
34094 40638 1
16299 22506 1
17735 37613 1
7457 34212 1
2989 3730 1
6570 23282 1
17797 30461 1
2789 4317 1
11742 36786 1
16278 31634 1
624 710 1
8318 26108 1
6551 17767 1
7465 48022 1
16266 35798 1
33965 39222 1
7823 35481 1
6540 24723 1
619 40082 1
2610 23549 1
8332 10107 1
34763 41579 1
2877 18439 1
8040 13771 1
16942 22481 1
15441 28837 1
968 36185 1
2883 5211 1
16964 46379 1
11590 32231 1
15440 18286 1
16763 49218 1
935 1795 1
7166 25813 1
8054 18136 1
714 45896 1
965 1592 1
11177 15377 1
15424 46806 1
17022 48175 1
978 43000 1
16695 28500 1
36874 41745 1
7218 24101 1
16643 23534 1
15595 31193 1
11113 24083 1
2824 10747 1
36883 49973 1
2901 7929 1
7065 22559 1
7108 15555 1
20 40924 1
7095 41016 1
27559 39321 1
16839 39068 1
16879 19699 1
707 3679 1
7114 43261 1
955 3021 1
26492 45124 1
7081 19597 1
2848 9174 1
26534 27295 1
11564 21333 1
11187 27175 1
8026 21170 1
2547 25580 1
703 952 1
7057 25267 1
15465 24144 1
945 1366 1
16803 31991 1
15464 16001 1
7136 26080 1
16932 41146 1
26443 30066 1
700 10250 1
7051 35868 1
34 3530 1
1008 38628 1
15328 32830 1
34583 46847 1
16555 23944 1
16553 31365 1
11630 44215 1
16552 28035 1
6857 41186 1
15322 30860 1
11632 17201 1
2808 5877 1
36971 43580 1
6851 32935 1
15630 26170 1
6887 18331 1
2929 19837 1
17281 17894 1
17288 21597 1
17306 25202 1
17308 21886 1
11210 16786 1
6822 15540 1
36468 46315 1
2508 46819 1
11650 15089 1
17323 28109 1
11652 29934 1
7910 13872 1
35083 36607 1
38020 38270 1
15380 32602 1
2909 10371 1
991 28695 1
15598 45151 1
11105 27853 1
921 29273 1
26339 32603 1
27641 33168 1
15373 20266 1
7244 27581 1
6940 29449 1
11521 36450 1
7690 11519 1
26322 30303 1
11196 27985 1
17154 45353 1
17160 31836 1
16601 45151 1
2813 16678 1
1002 7206 1
11199 11291 1
7923 35228 1
11512 31415 1
2571 2721 1
11091 14393 1
1002 19336 1
1 10597 1
6319 30067 1
18482 35079 1
3066 38131 1
7610 7652 1
15922 43975 1
7551 22145 1
10930 42524 1
596 2472 1
7746 39443 1
778 27580 1
36146 44472 1
8466 26574 1
18458 39160 1
2643 14874 1
16037 26983 1
2643 5729 1
6261 17510 1
6382 18776 1
16067 22170 1
15841 29275 1
33705 46665 1
7737 33698 1
8469 45160 1
8555 34745 1
18493 42331 1
8416 47206 1
11293 12362 1
14916 30057 1
37820 40626 1
6180 30276 1
37626 40656 1
576 4501 1
11425 12908 1
8546 35011 1
16072 24349 1
835 10827 1
1169 13234 1
25689 48986 1
4 10114 1
18414 20267 1
18345 34502 1
7652 20607 1
18118 46416 1
2 1485 1
6231 23740 1
37890 46616 1
7724 8503 1
14776 17449 1
6246 17869 1
18391 28653 1
35768 49057 1
570 976 1
6358 13801 1
18124 27901 1
1177 1925 1
18428 26804 1
2663 3182 1
16091 23559 1
16130 28382 1
33438 36268 1
35716 40758 1
831 2928 1
2663 27512 1
578 1563 1
36100 47703 1
587 25100 1
15868 34992 1
35737 35919 1
14914 15073 1
7641 39801 1
3053 4815 1
772 18786 1
579 26946 1
17987 18326 1
17991 48779 1
27338 44305 1
1142 3862 1
33232 45469 1
2675 23172 1
2442 3685 1
812 20859 1
6437 18058 1
14977 35652 1
557 1199 1
36117 49977 1
3123 9541 1
6435 19991 1
6424 29321 1
18031 20156 1
18557 36778 1
36061 39015 1
27242 38303 1
11839 16031 1
18291 22708 1
2648 22154 1
7680 37178 1
18609 42472 1
15810 31678 1
6458 43247 1
27239 30582 1
36227 44028 1
7794 24390 1
14980 20063 1
2637 3454 1
0 3024 1
608 21119 1
843 22903 1
580 44620 1
37993 38500 1
18546 22681 1
18275 24829 1
1229 41868 1
37589 39155 1
8489 27467 1
763 27919 1
840 45063 1
8485 26560 1
33727 48298 1
18270 43627 1
10922 24679 1
25664 41058 1
27099 28160 1
11351 20441 1
8407 33891 1
18313 37515 1
6409 32090 1
25754 29068 1
15995 45503 1
37961 47039 1
14959 38469 1
815 6593 1
18556 37460 1
6288 14910 1
52 479 1
4002 44154 2
13335 43559 2
4594 5760 2
7265 27244 2
16736 17142 2
16028 19858 2
4598 7614 2
7637 27966 2
16591 35881 2
7649 49040 2
12827 29122 2
21726 38333 2
40870 42648 2
303 3216 2
1806 6199 2
16605 40968 2
21798 46327 2
4555 9277 2
16603 44095 2
36533 43187 2
7727 16685 2
13350 34791 2
3990 21737 2
16579 25846 2
7249 11480 2
4550 32659 2
30485 38542 2
15614 23435 2
23179 35822 2
15893 26489 2
10051 37169 2
3962 17399 2
787 4683 2
23232 36444 2
30781 38151 2
1761 20071 2
324 14854 2
12799 29100 2
7149 34936 2
4709 29198 2
13435 36214 2
4709 4845 2
7150 35708 2
16776 45995 2
785 27665 2
13419 22819 2
42242 45236 2
16772 28355 2
30743 45711 2
21475 38574 2
709 4080 2
7508 33716 2
990 1630 2
36006 48377 2
1751 11575 2
7707 48695 2
15992 42857 2
16836 45461 2
7117 16896 2
7117 38122 2
210 1493 2
9532 15294 2
13465 23795 2
23269 28146 2
7993 21867 2
327 6713 2
36663 48044 2
40509 42448 2
208 17644 2
13441 15979 2
10037 18888 2
16015 24932 2
7194 11471 2
930 2391 2
13382 37130 2
36083 46711 2
36557 45233 2
9598 18667 2
4635 33636 2
9598 37947 2
15568 37993 2
7651 14135 2
9602 15626 2
4631 28899 2
21643 42378 2
13367 18773 2
21676 23994 2
30611 42205 2
12812 44591 2
1792 43127 2
21542 32620 2
15547 29691 2
34961 35309 2
1767 7374 2
16013 34506 2
4686 37931 2
9574 15871 2
21537 45433 2
3976 6316 2
21537 46589 2
23193 27865 2
40630 41892 2
36588 43517 2
21568 28341 2
1775 3039 2
36581 49861 2
21350 21819 2
4650 16988 2
40684 45337 2
21610 30295 2
22286 39119 2
7550 11292 2
4361 12586 2
7439 26836 2
22276 32725 2
41383 46958 2
29755 34285 2
9789 35812 2
7548 24871 2
1900 18470 2
22745 49474 2
4363 7115 2
4166 7669 2
35445 44736 2
22294 33991 2
13125 31713 2
30069 35785 2
7828 27116 2
22693 35870 2
1967 12657 2
765 18858 2
15857 22883 2
15725 20989 2
16363 32515 2
7853 29963 2
7852 22824 2
13187 23538 2
22194 42409 2
15861 41200 2
7405 37678 2
36197 44332 2
7410 46637 2
35631 40226 2
7846 15224 2
4374 27488 2
7768 28670 2
15851 44434 2
7422 40722 2
4127 10000 2
16306 28732 2
22769 49815 2
4367 13619 2
35550 49788 2
7476 14733 2
4220 20545 2
13022 49725 2
13065 32427 2
7479 25821 2
29859 32033 2
7487 48509 2
29913 32019 2
4249 38428 2
4248 8315 2
245 35773 2
15808 35075 2
22503 28897 2
7799 49250 2
1941 25746 2
16211 32856 2
41630 43308 2
4234 19920 2
22526 29693 2
22533 29536 2
1956 12344 2
13110 47929 2
4184 35602 2
16178 39879 2
15775 28915 2
857 7680 2
22331 38520 2
22335 40934 2
13012 40992 2
15828 25541 2
13085 38507 2
4109 8738 2
22423 29232 2
7531 39263 2
29968 46105 2
4273 20712 2
253 11882 2
9881 39123 2
22436 34780 2
15788 39610 2
4215 44504 2
4513 4540 2
9669 37766 2
4521 6277 2
9673 45490 2
35212 41228 2
21913 40674 2
29612 49835 2
7897 12381 2
16477 25121 2
12870 42674 2
35783 39618 2
21888 25083 2
1830 5499 2
36432 46794 2
7335 22890 2
41055 47034 2
283 1195 2
22998 25371 2
12875 22695 2
9981 12677 2
13270 21180 2
1817 4710 2
21835 21942 2
4008 37930 2
30460 48043 2
7297 8163 2
13317 40250 2
21843 29106 2
16042 41159 2
295 14311 2
7302 31918 2
4015 28931 2
7889 25127 2
295 1401 2
23123 30908 2
7622 32245 2
219 286 2
2016 45855 2
35176 38347 2
13310 43392 2
35176 45648 2
35197 43332 2
22891 44090 2
4087 5140 2
1861 2381 2
35326 47527 2
7579 27438 2
22067 43566 2
2002 15519 2
275 43376 2
13219 32772 2
274 22872 2
13212 47792 2
769 48491 2
22093 49462 2
4100 11647 2
16127 36376 2
4419 10050 2
30197 32576 2
877 9043 2
22858 46212 2
4409 27721 2
22180 39970 2
4082 15458 2
7356 17810 2
822 30403 2
4068 12641 2
4071 6391 2
16400 20932 2
9703 24668 2
16101 33526 2
4488 28836 2
4487 26113 2
29641 47162 2
13319 34223 2
41110 48169 2
30312 38977 2
771 880 2
7375 16508 2
41151 43633 2
16386 28512 2
7587 36618 2
278 5887 2
35323 37373 2
5611 41103 2
8863 28575 2
8866 41331 2
5677 41775 2
37577 39153 2
5663 15880 2
19491 26842 2
4932 42338 2
6436 17735 2
1413 12181 2
17993 41861 2
8382 48353 2
5616 12896 2
8863 14526 2
8374 30973 2
17954 23380 2
1133 32874 2
8916 33387 2
19578 36445 2
17942 18546 2
38901 43444 2
8360 21021 2
14254 44179 2
17904 19088 2
33878 42574 2
19615 24178 2
19388 49974 2
14918 31615 2
1375 4562 2
32537 49575 2
32530 43396 2
18087 41189 2
19317 26195 2
6391 9612 2
14363 23503 2
8833 18137 2
5727 5980 2
5725 13095 2
14922 30669 2
19644 29819 2
8417 46052 2
18067 19509 2
1154 5797 2
6404 44269 2
6409 22723 2
32459 39877 2
8408 29529 2
5685 33353 2
479 10999 2
8859 10757 2
601 26386 2
8863 13627 2
9029 34721 2
17821 35256 2
32123 39394 2
32119 41005 2
34013 47471 2
32105 45340 2
6567 35926 2
37362 43812 2
6574 47211 2
17750 21931 2
6578 18310 2
627 16049 2
19850 38725 2
14142 49126 2
19865 42634 2
19871 23491 2
39183 42518 2
15079 39659 2
5397 46535 2
9055 23156 2
1092 3595 2
15081 49837 2
15084 37931 2
39204 46469 2
14072 43328 2
19964 24051 2
32196 33171 2
6509 11002 2
38952 49223 2
6509 14431 2
17868 31759 2
5564 13599 2
38972 39134 2
14215 36089 2
6528 9328 2
14208 22901 2
5542 48713 2
5541 12624 2
459 2292 2
1373 3742 2
8335 11673 2
19738 23812 2
32145 43621 2
19750 49205 2
1114 12839 2
5497 35366 2
39044 43437 2
14156 19539 2
17828 18085 2
33983 39812 2
15041 34513 2
526 617 2
37906 40597 2
1218 36113 2
1212 33940 2
8536 15512 2
14578 15655 2
8661 11195 2
18853 45881 2
568 14682 2
6238 8919 2
38255 44413 2
18384 22895 2
37876 40575 2
14588 47202 2
18893 19329 2
18903 43865 2
5961 21150 2
18925 40692 2
38317 38555 2
5946 21253 2
18950 19757 2
33450 38826 2
14515 17193 2
18975 40162 2
1311 44424 2
38354 42791 2
37960 49964 2
8593 20905 2
18618 46792 2
18649 28217 2
8599 48348 2
8604 39614 2
33178 34013 2
18609 24685 2
18605 30352 2
6118 12501 2
6138 29064 2
6063 27825 2
6059 24931 2
18300 31299 2
18517 48042 2
18508 31272 2
38128 41671 2
14740 35976 2
1266 3205 2
18736 46648 2
6048 24939 2
18486 48303 2
18478 25041 2
8647 18036 2
6201 11330 2
14593 20889 2
18104 31492 2
14866 25657 2
19160 25110 2
6353 11547 2
1354 15477 2
19170 19811 2
6357 13151 2
593 896 2
6365 13262 2
5794 18009 2
8797 15804 2
5779 45812 2
8806 10791 2
1352 3344 2
19234 32058 2
8809 25610 2
5768 16244 2
19254 26500 2
19263 46243 2
19274 32910 2
19278 31461 2
5754 41854 2
5754 37074 2
19281 41722 2
19283 20835 2
38588 48894 2
1184 1545 2
33492 46766 2
8721 21010 2
19008 32924 2
14502 15380 2
1319 2040 2
8729 33494 2
14821 44612 2
32774 39944 2
19028 20199 2
14839 21821 2
14840 15915 2
6299 43555 2
14066 33679 2
19051 30797 2
6317 47897 2
5861 9893 2
5848 26985 2
8775 9827 2
5834 35124 2
18212 47728 2
1346 6930 2
32695 43687 2
5827 28239 2
6330 9710 2
4954 11280 2
989 18448 2
6959 48385 2
17086 32893 2
40042 48988 2
9359 14629 2
20859 48023 2
6961 14476 2
6962 38518 2
20887 30465 2
20890 44790 2
15400 39956 2
6978 14608 2
17105 36652 2
362 40918 2
4953 31443 2
20900 44654 2
4942 6748 2
8072 45455 2
20917 43960 2
31196 42556 2
17052 28110 2
4934 22644 2
9405 38979 2
4928 13904 2
8068 13244 2
374 681 2
676 18043 2
20723 42186 2
378 409 2
9308 26153 2
5019 5618 2
1630 20253 2
6902 17359 2
31366 44106 2
8104 8711 2
9315 17057 2
39899 45381 2
15370 19606 2
17023 41567 2
8099 41297 2
13749 26956 2
20781 27994 2
17138 24771 2
6937 49925 2
9336 44394 2
4994 20748 2
4992 18533 2
1643 46270 2
20828 24784 2
6943 41938 2
9347 28762 2
13522 14179 2
40303 47257 2
21165 26971 2
13561 32288 2
4808 49194 2
40334 42827 2
13551 24272 2
40345 48130 2
21214 33604 2
36769 48081 2
7060 29573 2
30924 44483 2
13528 34922 2
7049 39237 2
8022 13966 2
21281 22309 2
16899 35533 2
332 2306 2
8017 40884 2
16896 25246 2
21326 36863 2
21334 26355 2
1746 28693 2
9506 12373 2
9509 30048 2
36682 37868 2
13607 48360 2
7007 9375 2
4918 17599 2
974 26445 2
7015 21128 2
4908 44141 2
31148 47413 2
13616 27412 2
31139 34209 2
8053 32681 2
7028 34065 2
15435 29625 2
4897 20927 2
5038 22758 2
969 26525 2
8049 25346 2
4872 9037 2
9431 28747 2
349 717 2
9442 35407 2
1699 24348 2
21109 23314 2
4832 20978 2
40283 45227 2
8038 34851 2
9126 18810 2
20130 43149 2
8239 11452 2
5305 37572 2
5305 27963 2
6677 9518 2
645 1749 2
645 37973 2
8232 41215 2
6689 21302 2
8226 27068 2
8222 14967 2
9121 14080 2
20128 23464 2
9126 39038 2
31796 38631 2
17531 30031 2
13980 34406 2
6700 34824 2
1530 2935 2
5265 33741 2
5264 6388 2
1050 5812 2
17466 22237 2
5261 10847 2
34357 42944 2
5344 35953 2
34129 40841 2
17695 40242 2
1088 6083 2
39249 39905 2
8284 17853 2
20043 20315 2
17667 27787 2
20070 47504 2
434 13026 2
34171 43673 2
17663 24223 2
6633 14897 2
6748 19282 2
15110 42516 2
37269 37713 2
9083 14454 2
9088 28688 2
1500 33321 2
20098 40968 2
17598 49579 2
5312 18059 2
6664 7594 2
20125 49184 2
14003 32909 2
14002 44806 2
670 21396 2
31564 34021 2
394 39349 2
5109 25901 2
20549 28402 2
5101 22643 2
665 8198 2
17288 24577 2
6845 17720 2
6847 37097 2
20610 49229 2
1013 8525 2
36967 41227 2
13857 36969 2
5075 24669 2
15323 42640 2
13794 35262 2
17249 33300 2
20661 21542 2
5060 10151 2
6861 40020 2
15327 29452 2
17217 22644 2
17206 19040 2
5040 12864 2
1620 9946 2
5198 12161 2
1039 5033 2
17423 31526 2
17398 23547 2
5230 18966 2
17391 39360 2
13941 22325 2
5220 44998 2
17382 32754 2
17373 46631 2
5212 10567 2
6783 15864 2
20372 20908 2
7109 49870 2
17349 44759 2
39636 45061 2
5187 5543 2
5183 25065 2
20415 36703 2
6801 36573 2
6806 14069 2
20457 32899 2
39673 49110 2
5138 9795 2
9227 49300 2
2494 4490 2
3640 39482 2
11705 21053 2
27808 42562 2
2982 6146 2
10357 37275 2
2978 10285 2
43061 44956 2
24133 43869 2
46156 46993 2
3654 25516 2
26123 34242 2
26136 46174 2
24082 31201 2
10330 19629 2
24155 28931 2
12487 21168 2
2955 4892 2
3677 39021 2
2954 13246 2
10318 44115 2
11659 41945 2
2161 5275 2
11061 49026 2
2946 6884 2
2157 8313 2
28932 45332 2
2940 32741 2
23992 41130 2
2508 4655 2
45994 47672 2
3037 15901 2
3036 38599 2
2213 31877 2
3571 15470 2
25902 34560 2
2459 39117 2
24322 29095 2
11779 15016 2
27859 45356 2
12398 35253 2
2470 6722 2
3000 30500 2
12426 31533 2
10983 43099 2
2930 42600 2
2197 8204 2
28793 33676 2
11746 18129 2
3619 9984 2
11742 20745 2
26049 26684 2
11726 45737 2
10373 36140 2
27818 33402 2
24198 43243 2
26072 47304 2
2983 29047 2
2483 4298 2
10369 26981 2
11216 15261 2
2119 3068 2
23692 43536 2
2820 14934 2
26644 28715 2
2815 43032 2
2811 8307 2
3802 45000 2
3807 9694 2
11505 41255 2
3808 4755 2
12636 18048 2
29128 49440 2
27458 44668 2
23648 45180 2
2828 26770 2
2107 18006 2
12655 49912 2
27454 38086 2
13 64 2
11231 25793 2
29148 44988 2
12657 45629 2
3835 7997 2
2592 11688 2
27419 48473 2
12675 39213 2
11474 12812 2
26893 31107 2
2737 39041 2
170 9455 2
3707 4489 2
2150 11105 2
27677 32618 2
10298 28502 2
11619 36314 2
27664 32719 2
23942 37318 2
2914 34333 2
10290 46418 2
2912 20949 2
2525 42117 2
27610 33170 2
11597 47711 2
2892 3870 2
3566 23489 2
2139 17008 2
11588 12606 2
26441 38127 2
2864 3234 2
42792 45489 2
2547 18405 2
26478 30558 2
3753 41309 2
23808 30380 2
173 6432 2
11156 40122 2
26534 38822 2
29066 40667 2
44607 46863 2
28170 44995 2
10749 22737 2
24929 36242 2
3227 9240 2
10754 43244 2
25338 26796 2
10761 25722 2
10588 27046 2
10768 41166 2
3216 5474 2
24829 29228 2
11985 27154 2
28459 45918 2
28463 49461 2
2366 4762 2
3409 9362 2
10577 35636 2
28135 36739 2
3411 4013 2
10776 25331 2
12214 36105 2
28484 35722 2
10781 39881 2
24768 26501 2
122 3732 2
3198 38207 2
28496 39040 2
3197 5347 2
11967 27180 2
44276 47790 2
10677 42025 2
44185 46152 2
3303 6184 2
2331 7075 2
25110 41716 2
12102 14159 2
105 42442 2
25050 28845 2
10701 17003 2
25049 29618 2
10702 11495 2
28270 29516 2
10703 49340 2
44272 46966 2
11966 17819 2
24983 42182 2
44349 49530 2
2350 14479 2
24964 37950 2
10723 14758 2
3270 35958 2
10734 24726 2
24942 43242 2
3250 45207 2
12163 12214 2
113 2218 2
25256 32079 2
44466 47225 2
25787 45683 2
24550 35143 2
25710 48390 2
45433 45524 2
24542 46899 2
25726 35054 2
24521 36022 2
27971 48798 2
3093 10558 2
25765 30377 2
10919 15302 2
24466 44776 2
12346 26306 2
3530 6849 2
12361 19621 2
10475 16702 2
25798 28474 2
3545 4004 2
3547 18848 2
56 1101 2
56 84 2
25829 31189 2
3051 3198 2
2222 46783 2
3558 15419 2
10945 44296 2
3044 21528 2
2455 11100 2
25867 30892 2
52 1648 2
28564 38707 2
44693 44861 2
12235 46731 2
123 43119 2
25451 40563 2
25455 39682 2
25459 48822 2
2281 13709 2
11939 13770 2
25504 38887 2
3444 39819 2
12248 21004 2
12261 24857 2
10520 37958 2
10519 39579 2
29396 40355 2
75 2184 2
24641 30667 2
12296 48860 2
25600 32086 2
10489 17790 2
24615 49892 2
45210 48380 2
25631 37830 2
10879 11891 2
24593 33933 2
11875 48799 2
2250 41469 2
3116 40185 2
27129 44753 2
29317 37030 2
2685 22139 2
10130 28662 2
10132 23454 2
23410 40402 2
48524 48958 2
11358 27569 2
191 2299 2
23407 44517 2
48384 48435 2
3903 7366 2
11379 11560 2
23545 25160 2
29332 49916 2
26951 37715 2
12714 16617 2
3888 14603 2
4 332 2
2635 26856 2
11393 14047 2
26957 39913 2
3852 14628 2
2685 5204 2
23368 37474 2
23503 49787 2
29253 45398 2
11441 22649 2
23499 40278 2
11464 45276 2
3841 46650 2
48576 49227 2
27322 32838 2
12712 13403 2
2674 42343 2
23546 44786 2
27097 37125 2
10146 37685 2
12754 48312 2
2711 9020 2
48905 49950 2
3869 30295 2
27342 29820 2
29225 34134 2
14743 23376 3
18477 25029 3
11847 36350 3
10460 12573 3
33404 40757 3
20878 24427 3
18476 42524 3
12321 33494 3
10016 42551 3
16054 44081 3
12323 48952 3
33334 39699 3
37912 49009 3
20854 31771 3
8531 38301 3
18430 43241 3
18442 45509 3
3491 28195 3
33340 48936 3
66 47667 3
33516 42112 3
24494 40418 3
33477 41632 3
18309 19934 3
138 10509 3
1189 7428 3
3526 31011 3
6291 31724 3
14832 29872 3
25736 49985 3
6297 14200 3
14836 38649 3
14840 42967 3
28651 42823 3
6300 45433 3
11824 20495 3
771 48489 3
1197 18317 3
18360 47501 3
33422 36785 3
11323 46572 3
18335 38624 3
14790 16877 3
18252 41870 3
23142 32819 3
42110 42345 3
6248 22983 3
14800 38814 3
2634 36912 3
4949 5843 3
4948 32894 3
14801 17391 3
18325 33329 3
18323 37446 3
33178 44525 3
14632 43449 3
12297 39419 3
1260 3139 3
3133 48944 3
18681 45358 3
1618 4387 3
18680 31133 3
5040 49476 3
33173 39563 3
12292 28080 3
6085 44528 3
38034 46672 3
43519 48030 3
28574 43516 3
18654 46458 3
11888 20339 3
1625 41649 3
5026 17690 3
31445 37108 3
28059 48863 3
386 42276 3
25561 47785 3
31450 48958 3
1608 15071 3
33092 35769 3
10843 44287 3
1268 2364 3
3126 14554 3
44970 46762 3
5065 27111 3
25561 49043 3
3146 3780 3
14625 16832 3
10852 46885 3
3142 8413 3
18720 19154 3
3 9325 3
2682 10087 3
33277 40325 3
20775 25871 3
7622 28608 3
1229 3449 3
134 1698 3
5000 33882 3
7622 25201 3
43479 49070 3
9319 23100 3
4999 22066 3
1225 6171 3
1224 35851 3
10476 28324 3
24589 36097 3
25667 49965 3
4985 18048 3
24587 36103 3
3478 48017 3
5020 17276 3
1244 10015 3
18609 28807 3
33222 45984 3
25629 36553 3
14695 36920 3
13762 30973 3
9312 25929 3
3488 9764 3
6120 31602 3
556 26667 3
5013 18944 3
43506 45531 3
6129 6392 3
11877 22475 3
18548 37791 3
6153 7184 3
21316 24998 3
6485 9910 3
3587 13064 3
33857 47097 3
30878 37244 3
6499 39531 3
21281 46697 3
49 17786 3
25967 37617 3
147 266 3
6477 15306 3
11768 17378 3
7756 17605 3
17868 38448 3
10974 44020 3
37463 47088 3
27850 49952 3
13503 45679 3
6519 12163 3
25914 34226 3
2632 4092 3
6446 27258 3
12387 24957 3
3869 12811 3
17978 26953 3
9479 25292 3
4789 31784 3
3027 35565 3
15024 33604 3
17975 28836 3
17972 21657 3
4784 43339 3
1134 7534 3
6475 26655 3
11776 15907 3
4779 19428 3
13529 37184 3
17805 32971 3
4059 41346 3
21396 42771 3
4728 34017 3
8323 37034 3
6550 11752 3
15046 18587 3
17818 32750 3
4062 46953 3
17805 43338 3
21391 35314 3
11742 32526 3
17803 48894 3
13441 44963 3
9543 43082 3
10129 49521 3
2993 17107 3
8307 39440 3
42041 42805 3
10129 28144 3
27847 46330 3
2203 28783 3
48511 49831 3
1116 2787 3
3597 39836 3
9513 38386 3
11760 23036 3
9519 35811 3
1721 6180 3
1751 4253 3
48508 49619 3
2474 13745 3
37409 39630 3
7567 37291 3
33974 41183 3
15038 33346 3
37395 39522 3
11397 36098 3
18153 49631 3
27930 36863 3
1169 2631 3
11812 39098 3
27929 47594 3
25808 30158 3
31110 44240 3
21043 36729 3
2449 3040 3
352 6628 3
21051 39708 3
33636 42751 3
21063 38388 3
1695 14092 3
25815 48037 3
43327 49975 3
27925 32790 3
1164 45306 3
4903 33578 3
2633 19758 3
1181 12998 3
2684 48640 3
3530 18934 3
40164 48058 3
40168 43614 3
37759 44016 3
6319 9132 3
37649 42548 3
10931 11512 3
24440 32506 3
1281 24793 3
2447 3040 3
353 15981 3
18195 42635 3
37728 45334 3
7594 47646 3
3565 15315 3
9461 12092 3
21165 34511 3
14959 16622 3
18034 18079 3
40317 43450 3
6423 10642 3
14961 18832 3
2217 3826 3
18034 21450 3
603 49217 3
42075 42651 3
1148 4690 3
30969 31419 3
42074 44876 3
6427 19652 3
16117 19344 3
14974 24534 3
4830 11866 3
23080 35077 3
18093 30189 3
40257 49679 3
12374 15945 3
6390 14006 3
6396 45737 3
33702 48539 3
18063 22849 3
18238 28320 3
42481 44258 3
24385 31225 3
9455 38165 3
4826 15583 3
6411 45476 3
14938 20261 3
4820 13184 3
14946 39478 3
14339 16866 3
10067 28019 3
1395 19443 3
32463 43454 3
5689 24889 3
3354 4182 3
2361 39218 3
7667 26945 3
19394 28664 3
32469 41700 3
2359 38313 3
435 3651 3
8839 10790 3
38676 46091 3
24942 27418 3
1383 1683 3
25251 42491 3
9081 21267 3
12026 18885 3
2352 43520 3
5395 6358 3
3278 15949 3
3277 27391 3
1483 10311 3
440 2707 3
2351 27980 3
3350 23517 3
19427 41134 3
1486 28051 3
27225 38399 3
9064 33328 3
12040 28259 3
5381 20370 3
5378 46543 3
1488 29093 3
12037 36110 3
15997 37804 3
5375 46398 3
11999 17476 3
3374 14385 3
3915 4452 3
90 16659 3
427 1044 3
24881 35521 3
3965 4581 3
32587 34131 3
5769 7560 3
14394 43564 3
38546 38790 3
3219 36118 3
19210 48885 3
425 3073 3
32626 35983 3
5790 24116 3
5793 26238 3
3388 20606 3
28152 34283 3
14017 16916 3
7661 8967 3
36070 38378 3
20075 42022 3
9090 12024 3
5342 12321 3
14368 15345 3
23371 37884 3
14373 31352 3
5327 45183 3
2049 28415 3
5326 16366 3
3962 39852 3
491 31331 3
20115 28425 3
3362 38917 3
19280 22971 3
2043 16054 3
24911 25334 3
5470 12292 3
1458 1520 3
19782 21792 3
793 26954 3
5472 7381 3
12058 18130 3
8947 30150 3
5567 19714 3
451 31353 3
12057 43277 3
15974 30738 3
15948 28442 3
8943 14355 3
8942 40180 3
38938 45507 3
7680 17138 3
3324 31561 3
14243 36309 3
10653 23946 3
42322 47217 3
3315 3479 3
44127 47434 3
10678 42006 3
39025 49870 3
14192 39809 3
5508 9606 3
14170 40507 3
3315 9205 3
5500 7026 3
36049 49520 3
25066 43324 3
23313 29326 3
455 1158 3
3316 27780 3
15964 32768 3
12077 26999 3
14157 40664 3
32214 32827 3
5635 13400 3
19558 20324 3
3283 40030 3
5622 10240 3
19931 21368 3
32328 44661 3
19935 48195 3
14288 19135 3
8900 12805 3
5405 17678 3
19895 41290 3
5640 6787 3
5400 20311 3
473 791 3
5643 17362 3
19950 29241 3
19505 30312 3
24980 38913 3
39194 45479 3
12126 23489 3
10702 32256 3
19591 44972 3
28364 41935 3
15945 44109 3
5599 49328 3
7673 37567 3
12055 49889 3
14267 18323 3
1427 22768 3
32643 37114 3
14267 19529 3
19572 49527 3
12762 42959 3
1426 6718 3
99 28191 3
99 2204 3
19873 22105 3
1471 1684 3
520 47572 3
31613 46291 3
8709 30239 3
18954 45474 3
1305 21432 3
5936 19725 3
14523 23797 3
8701 9757 3
5942 49019 3
1302 45118 3
43652 43678 3
521 4859 3
32905 37137 3
13866 49257 3
5138 31126 3
3437 23818 3
9227 26423 3
18910 21451 3
5129 28029 3
123 32305 3
39610 45568 3
406 43396 3
29487 44827 3
806 14294 3
11965 13985 3
44695 49291 3
28124 37058 3
10550 12615 3
20379 35362 3
9228 13346 3
20396 49308 3
8720 45582 3
2639 15695 3
15899 34875 3
31624 49688 3
1309 24028 3
29496 32412 3
5174 39632 3
24706 31445 3
24714 47149 3
18842 38931 3
31494 41986 3
6002 7131 3
1597 15593 3
18816 22265 3
6016 8820 3
28074 35893 3
2037 26869 3
809 12895 3
12818 31074 3
4822 10263 3
1602 43108 3
8656 28523 3
28544 36846 3
2406 15800 3
12282 39979 3
1605 2497 3
18849 26828 3
3984 41812 3
809 3369 3
5126 8087 3
28083 43179 3
13848 35500 3
25523 46155 3
28077 43987 3
1588 21341 3
11936 13735 3
8736 44965 3
5116 44604 3
1592 47764 3
18846 34931 3
12258 44225 3
20541 30142 3
392 38590 3
20543 47064 3
5106 14585 3
31764 37126 3
39437 44045 3
5821 25678 3
32681 43218 3
87 112 3
20220 48702 3
24803 39631 3
13971 15121 3
14431 45036 3
14437 44037 3
5820 9952 3
19125 43610 3
13968 35313 3
5832 11134 3
10775 41321 3
12802 24649 3
5837 15698 3
8775 18128 3
14452 16007 3
20193 22255 3
19189 39737 3
20178 38429 3
1355 11704 3
43804 44002 3
13986 33143 3
14409 18724 3
13985 22571 3
15909 21841 3
23380 37833 3
28472 42838 3
13982 47020 3
19159 32457 3
7717 44284 3
31794 35415 3
31790 44609 3
3969 32884 3
2378 45791 3
14415 24743 3
5883 23333 3
20305 36276 3
3424 13263 3
13939 21145 3
10098 42146 3
43693 47900 3
19044 22713 3
1330 2160 3
31671 39827 3
14488 47415 3
28130 46630 3
20314 49755 3
13921 25090 3
19039 48789 3
19031 43657 3
84 13481 3
5207 5704 3
9190 40340 3
3197 32092 3
8758 34296 3
2288 34618 3
36086 46627 3
5853 11173 3
5242 14008 3
2381 3441 3
413 5648 3
1548 12334 3
2381 8009 3
18777 34685 3
1548 45513 3
3415 8673 3
5235 41657 3
12217 13094 3
2665 10901 3
8757 25616 3
24786 41974 3
28488 48999 3
36298 38282 3
13310 36329 3
11134 11630 3
16758 19169 3
26460 26785 3
3816 28588 3
8141 16075 3
28954 35008 3
11644 38534 3
34836 47712 3
3816 40103 3
232 271 3
13052 32280 3
1867 2460 3
15302 21465 3
15649 23957 3
16214 33181 3
8148 19858 3
1023 22017 3
12916 13696 3
30452 30942 3
3698 45320 3
3696 15391 3
2155 41152 3
15798 41457 3
2616 2959 3
669 24636 3
21895 39261 3
27494 43069 3
1012 5823 3
34985 43064 3
26415 40346 3
905 1150 3
2574 22178 3
16738 39804 3
23985 37877 3
26284 46187 3
902 13205 3
17279 30515 3
1025 26455 3
226 48524 3
22465 41785 3
3738 21031 3
26705 40953 3
36989 38085 3
4536 36068 3
15639 45665 3
22466 24250 3
8034 35988 3
1820 34610 3
34962 48036 3
17445 44540 3
15464 35832 3
34441 40951 3
8166 21672 3
2951 16184 3
16183 29532 3
26558 27331 3
16181 43441 3
27337 33661 3
1041 20331 3
21802 39028 3
2779 21030 3
9870 23525 3
11661 15516 3
15669 46921 3
17446 45859 3
29866 38630 3
21791 40430 3
3677 4015 3
2842 49170 3
28897 39242 3
265 723 3
1046 30088 3
13338 15347 3
2862 42668 3
30233 30672 3
12500 25681 3
11657 15331 3
37 585 3
6787 48713 3
40892 41336 3
35481 46119 3
713 26055 3
6785 27813 3
1813 39415 3
4237 12877 3
845 33854 3
23631 39975 3
40981 44043 3
937 1277 3
9864 30091 3
26567 27096 3
3686 4470 3
1944 49267 3
11500 23004 3
15666 29526 3
42603 44824 3
16199 20761 3
34452 35293 3
2618 9909 3
22354 25057 3
169 5063 3
13254 20841 3
11181 22875 3
2522 15821 3
4330 16072 3
10149 24313 3
4314 46275 3
2520 36294 3
7504 14652 3
4311 15124 3
6922 39113 3
27604 29308 3
36275 36722 3
4308 23799 3
1842 9964 3
16217 45755 3
168 26999 3
9955 10378 3
6919 24716 3
6918 44407 3
7211 33104 3
41071 41110 3
7248 8121 3
11596 12298 3
22370 44226 3
9821 49078 3
22333 41133 3
7225 14896 3
1852 19687 3
15410 25070 3
26 19310 3
10275 44143 3
7802 10960 3
30047 45224 3
13099 22407 3
17064 41681 3
17018 24964 3
3726 16082 3
2917 4872 3
17080 42853 3
26360 29647 3
6961 22860 3
41457 47650 3
36884 37862 3
21987 37414 3
10216 49631 3
686 2104 3
7931 17900 3
26372 43778 3
2904 3135 3
179 31595 3
13290 34389 3
8119 32531 3
2538 47261 3
17245 23164 3
9676 17327 3
7507 18066 3
9675 14218 3
7260 42431 3
911 6009 3
1862 22046 3
11450 16705 3
4342 28182 3
17214 35226 3
760 2058 3
27679 39643 3
34806 43219 3
909 1765 3
16733 38123 3
22303 44464 3
34581 35973 3
30401 45040 3
23960 25052 3
15628 16541 3
22073 30874 3
228 328 3
17175 29911 3
12623 30776 3
4297 26335 3
4296 21815 3
11123 36887 3
29095 45216 3
1988 18527 3
4504 26595 3
29986 41757 3
34629 49402 3
6899 40955 3
15347 47903 3
1947 15269 3
30364 48348 3
7199 43918 3
4507 9858 3
15339 33632 3
36523 40464 3
4281 14526 3
6885 18943 3
15572 29191 3
1927 3740 3
30266 30618 3
26665 43541 3
11013 21929 3
7997 46079 3
29740 46624 3
12992 14233 3
26846 44933 3
35508 46482 3
26500 35575 3
4150 21356 3
12584 49309 3
4121 27652 3
7547 16849 3
29799 33520 3
4183 4258 3
15735 37661 3
2848 3575 3
28846 30168 3
20 30383 3
22674 48417 3
15735 46777 3
22682 30340 3
22197 25266 3
742 32085 3
34168 40818 3
17670 24336 3
4175 31457 3
2127 23873 3
2744 6587 3
11695 26007 3
11026 30468 3
1070 39419 3
1070 45558 3
23587 46498 3
709 3907 3
17584 45328 3
24065 39673 3
1961 27445 3
17585 26543 3
21629 43217 3
22974 44236 3
1783 26022 3
1773 5218 3
43 503 3
2694 8953 3
34216 37578 3
9897 37064 3
640 45067 3
35516 44255 3
6659 7223 3
27800 48247 3
13384 17157 3
17638 26730 3
874 43063 3
16887 41616 3
7097 31903 3
17706 26579 3
30745 45235 3
1886 6837 3
16872 20005 3
34116 36807 3
17720 17795 3
17720 20088 3
1973 8689 3
13419 38180 3
41800 46106 3
13420 14310 3
153 221 3
953 14380 3
2983 43217 3
4710 15326 3
8004 8851 3
22723 23757 3
16860 31317 3
2479 35229 3
15753 32025 3
12875 28211 3
3625 6891 3
1098 1678 3
28804 49482 3
8301 13892 3
34063 35667 3
867 2513 3
9576 15931 3
7418 40866 3
4389 9036 3
24172 37825 3
8280 24683 3
8282 10862 3
2188 8256 3
954 23967 3
10162 32262 3
27809 39844 3
22811 48880 3
30719 47190 3
9595 19059 3
22232 34653 3
7839 28414 3
22757 30714 3
7442 30627 3
632 21974 3
13176 36783 3
12962 35486 3
21498 39886 3
632 5684 3
11715 21688 3
2011 7079 3
23572 43545 3
15519 37283 3
2168 43003 3
16816 25574 3
26783 44003 3
12472 49274 3
11232 20500 3
17522 28195 3
1953 24807 3
9879 31695 3
2587 3413 3
16903 32787 3
4406 25660 3
1954 23730 3
34288 34733 3
12948 17437 3
270 15194 3
42755 44063 3
3647 23111 3
11550 48188 3
9781 10837 3
34275 44362 3
17525 30036 3
13019 44359 3
27780 28409 3
1062 43399 3
41362 48618 3
3835 26393 3
16801 22498 3
11226 28874 3
891 25947 3
11672 13576 3
36247 44327 3
19 955 3
37112 48381 3
37114 42107 3
41986 48034 3
29689 36793 3
4576 4834 3
3672 12833 3
13138 43726 3
8203 26252 3
22174 24596 3
1051 49388 3
17483 31973 3
17496 45292 3
15216 21977 3
6708 16100 3
7354 31697 3
21746 40454 3
2776 7804 3
15475 28236 3
24067 46132 3
23556 40042 3
19 2102 3
35329 43842 3
21664 28609 3
1789 2367 3
35327 38580 3
7870 21105 3
15836 25807 3
35327 38715 3
3837 6372 3
9609 46725 3
21684 37863 3
27423 49188 3
2726 19029 3
4628 7483 3
3751 7744 3
8015 14545 3
42 19997 3
1068 40436 3
6676 36633 3
27538 43439 3
3760 30189 3
876 3452 3
17569 41873 3
36360 48720 3
11691 15128 3
8225 15586 3
15187 21872 3
26487 49017 3
1956 10800 3
4622 34556 3
16373 40878 3
11488 22867 3
8741 20587 4
47052 48187 4
7216 13373 4
7160 19321 4
7166 38674 4
16669 27045 4
7993 42738 4
7958 15367 4
16737 26400 4
47076 48197 4
8777 45300 4
2561 11282 4
806 1466 4
11346 37127 4
47242 49786 4
7981 40307 4
7105 13426 4
25397 38849 4
27377 33386 4
16 557 4
16013 46710 4
5807 14694 4
28139 44211 4
1339 23227 4
5809 15122 4
5844 33309 4
32753 42759 4
10779 29116 4
19098 21121 4
7178 31550 4
19106 23672 4
1353 21273 4
27356 49508 4
2836 8506 4
26611 32630 4
32724 39568 4
11260 28753 4
8002 12524 4
34952 35659 4
16763 22839 4
717 849 4
19109 32690 4
2664 3567 4
15583 30870 4
16262 35794 4
32730 39371 4
15711 21194 4
7366 16586 4
7457 34882 4
19511 40245 4
19532 36916 4
884 4549 4
16388 32652 4
5616 45278 4
15761 27547 4
7350 21167 4
1425 3228 4
32319 36130 4
25150 27594 4
32315 43725 4
11488 35266 4
878 43240 4
11359 18310 4
5664 38029 4
2608 39028 4
7898 11003 4
7710 9968 4
5678 40694 4
35477 46565 4
96 31991 4
44376 48521 4
5668 21767 4
10705 12916 4
5658 22880 4
19470 23481 4
1 46 4
1410 21763 4
16443 32864 4
11354 12899 4
2777 10138 4
23308 41161 4
10697 17324 4
5562 38388 4
36045 45438 4
19659 31208 4
15744 20834 4
745 22068 4
460 2267 4
14203 35297 4
3296 22402 4
12083 43007 4
746 26857 4
32200 41440 4
7831 32246 4
5524 11556 4
32177 45630 4
26066 49005 4
14240 19447 4
15719 26470 4
36006 47021 4
5598 33866 4
19597 38070 4
19601 49554 4
2751 4816 4
465 34071 4
874 5963 4
7898 41345 4
26839 36258 4
7410 16085 4
26847 47401 4
15734 25660 4
2600 4900 4
5580 15732 4
5567 6807 4
915 7605 4
19237 45640 4
3221 16027 4
36534 36974 4
19249 26877 4
19260 23219 4
19262 24065 4
11196 25333 4
38560 43443 4
784 47842 4
16597 38724 4
35488 42255 4
3231 7522 4
26963 48309 4
44496 48365 4
16585 26089 4
857 2951 4
7241 28765 4
784 2914 4
7934 21328 4
16012 22563 4
15916 40037 4
15605 25993 4
16615 23919 4
19190 20323 4
496 28435 4
1373 41175 4
7472 18543 4
26635 37709 4
19195 26594 4
5785 9071 4
1359 11301 4
7819 43164 4
25352 32203 4
5692 22859 4
19365 29490 4
752 2617 4
36455 38533 4
14353 16644 4
19381 38499 4
14339 27372 4
5696 31543 4
7663 34192 4
19361 22367 4
3251 13550 4
16488 16865 4
16486 18071 4
10734 29725 4
7328 16110 4
36441 48631 4
3271 29793 4
38653 44001 4
14370 27974 4
3238 19372 4
19303 28085 4
12021 30863 4
48117 48614 4
19312 19674 4
7658 22144 4
32520 39588 4
19169 37245 4
8830 26619 4
19324 32604 4
2805 8182 4
27469 30826 4
7661 9740 4
1382 17143 4
35180 42379 4
1178 2772 4
6725 21173 4
18125 29110 4
27761 41230 4
33627 48373 4
26192 29529 4
6348 11854 4
58 70 4
7599 13611 4
18190 23260 4
15240 22042 4
18123 21743 4
15244 32182 4
18232 40602 4
34392 38600 4
25790 35499 4
2497 45113 4
1032 9196 4
16186 46486 4
3069 30323 4
15871 45934 4
1161 39939 4
8416 34343 4
826 12472 4
6391 11096 4
1159 32563 4
3045 29270 4
770 824 4
10944 24210 4
37636 41524 4
26146 45190 4
595 10725 4
7603 15166 4
35606 38242 4
35756 45630 4
17515 25277 4
8422 42073 4
18099 22036 4
4 431 4
6374 19942 4
18111 22827 4
33641 46654 4
45384 47305 4
17321 28220 4
14783 35195 4
6257 16941 4
33423 42544 4
17309 40526 4
2930 49388 4
45415 49341 4
2433 4434 4
8137 34590 4
666 49201 4
33442 47797 4
14772 41096 4
18401 19890 4
3099 8472 4
17300 19200 4
6231 20394 4
27994 47648 4
14764 33615 4
15310 32046 4
1217 4025 4
15812 49715 4
60 449 4
6297 17063 4
3076 31828 4
8163 20657 4
14833 16591 4
15282 16362 4
2948 8406 4
6293 20718 4
2443 13864 4
18074 47060 4
1029 18130 4
36145 40634 4
2441 15377 4
6785 36032 4
18310 35729 4
25757 39709 4
18328 24485 4
6815 31281 4
7610 34059 4
2627 3855 4
37311 41119 4
17676 30514 4
3010 3177 4
8340 31074 4
1086 5858 4
33902 34694 4
17869 31028 4
1121 43920 4
15094 49495 4
1082 7231 4
17688 20552 4
2465 23528 4
27859 45349 4
27314 38131 4
15009 28085 4
17666 21490 4
6499 35755 4
1128 42904 4
37487 41688 4
836 37579 4
6591 23424 4
767 3779 4
8299 44991 4
34071 37985 4
10999 22120 4
11745 16822 4
8317 21005 4
17813 25384 4
2689 15520 4
766 5579 4
8293 45075 4
33842 43556 4
16135 42223 4
11750 32216 4
6603 17685 4
26029 41741 4
2483 27584 4
27845 48104 4
26017 49381 4
10978 40357 4
17691 29583 4
18035 44781 4
15154 21590 4
8392 8439 4
25869 37159 4
26121 31895 4
2976 23444 4
6680 31888 4
16169 37728 4
16170 23115 4
1066 2629 4
1065 6160 4
7582 31156 4
18037 41322 4
46172 48203 4
1064 6026 4
747 22314 4
25858 39254 4
1152 39290 4
46207 46919 4
11788 22003 4
11039 22116 4
2692 45342 4
8265 17685 4
6641 49760 4
6483 13804 4
6483 7387 4
17933 47739 4
17939 24705 4
8361 47376 4
34187 39311 4
37515 49462 4
14757 39000 4
1075 1663 4
14990 42236 4
6455 26971 4
829 14980 4
50 41678 4
33793 43994 4
1140 4481 4
15148 45471 4
6435 20114 4
18875 46030 4
2881 23711 4
531 5747 4
851 4943 4
44851 46693 4
18864 26223 4
1292 2901 4
10824 16939 4
34819 44435 4
11264 14086 4
18873 39952 4
2401 46124 4
11938 25227 4
26441 46432 4
35903 37131 4
2545 10798 4
14554 17218 4
5973 6807 4
5970 34270 4
1297 19623 4
3170 5360 4
8053 8142 4
8657 19844 4
6026 15922 4
3155 26831 4
26372 47453 4
33040 38298 4
8658 46425 4
15432 15758 4
27347 39451 4
1281 28249 4
26391 31319 4
7057 20633 4
25533 37800 4
46738 49344 4
694 42607 4
26394 33440 4
11592 29628 4
850 1802 4
7038 26319 4
11589 40697 4
16230 28352 4
38388 46700 4
18970 22763 4
5921 29357 4
27561 41343 4
18977 46657 4
5910 30197 4
5909 43619 4
16891 19619 4
34885 49210 4
16029 29513 4
25442 33589 4
8019 8759 4
21 2771 4
3190 17624 4
2385 3828 4
27157 28116 4
27281 40611 4
25430 37642 4
15510 41286 4
15511 22056 4
10785 38755 4
34838 41401 4
7489 9361 4
14541 22152 4
28091 32358 4
36759 42162 4
8694 42824 4
1299 14340 4
38317 48807 4
5949 24001 4
11137 35582 4
38177 43660 4
28097 41897 4
34853 48618 4
11568 40169 4
2393 13113 4
7070 49503 4
16244 29579 4
3180 20832 4
27148 45116 4
5930 6193 4
6141 31942 4
11868 36170 4
11085 40644 4
2921 4316 4
14722 20518 4
27666 49803 4
6153 9443 4
14720 18046 4
6148 17552 4
17219 20435 4
1231 41809 4
33287 35210 4
11877 27393 4
33247 42363 4
15333 31444 4
28018 46917 4
15335 42824 4
36933 45865 4
33226 35360 4
15885 30743 4
2675 14837 4
14744 33115 4
27999 31923 4
18474 47867 4
27687 34135 4
36971 38671 4
27682 42980 4
10890 23979 4
18478 43620 4
25686 45427 4
25684 42137 4
11452 14111 4
6854 15692 4
7622 12962 4
25678 47497 4
1011 40356 4
17252 49722 4
18502 24124 4
25662 49958 4
46476 47231 4
672 2375 4
980 32658 4
15376 32634 4
17085 43408 4
11910 15073 4
7638 10667 4
10847 16811 4
33105 38269 4
8077 15198 4
8637 33796 4
2530 7306 4
14613 18630 4
10858 24467 4
2408 2638 4
38148 39494 4
6992 33398 4
6031 34390 4
26372 34077 4
14591 28992 4
11598 30346 4
8654 49050 4
3152 4582 4
3131 22150 4
17176 24742 4
6906 29381 4
33219 35266 4
6111 39670 4
25615 26802 4
8103 12653 4
8594 10470 4
7634 27158 4
34649 39436 4
8738 45580 4
17148 26470 4
6920 17973 4
2519 8008 4
35868 47023 4
995 2209 4
14649 25623 4
6065 23155 4
18704 44578 4
2410 20327 4
9730 12718 4
3749 14538 4
5092 5771 4
30219 32224 4
24669 28933 4
1870 7042 4
4442 13808 4
3461 21025 4
24659 27707 4
22073 26914 4
20538 38796 4
30266 40110 4
20621 33380 4
30273 46841 4
3464 6125 4
31447 48060 4
22031 31361 4
31447 32843 4
23880 33295 4
2142 25327 4
395 27301 4
4355 9160 4
39671 44905 4
13147 39546 4
3440 22403 4
22264 28157 4
5133 9006 4
4363 8856 4
12599 16962 4
20482 42629 4
385 695 4
30108 47012 4
28518 34221 4
1587 10432 4
1588 2483 4
5119 14972 4
13169 15242 4
4388 24604 4
4392 11406 4
21913 33891 4
13271 36406 4
4504 38429 4
30362 31513 4
20709 47535 4
30379 41725 4
41002 45717 4
23956 27515 4
3474 8963 4
20742 40658 4
13775 16893 4
43514 49921 4
13758 14561 4
5015 10728 4
9667 19975 4
42894 49981 4
4535 16045 4
2255 18473 4
28593 38931 4
21865 44163 4
28983 39163 4
2265 10216 4
169 48297 4
22016 31655 4
9716 11926 4
9714 15723 4
12542 32131 4
39827 44304 4
21998 36978 4
12540 28522 4
4354 29659 4
9292 11102 4
281 9026 4
12536 24283 4
21973 28658 4
9702 21561 4
10492 15822 4
9701 42088 4
21961 49771 4
3812 5291 4
1944 8917 4
13961 23995 4
5255 47825 4
22518 34009 4
4247 19701 4
41564 46330 4
1933 17587 4
5246 19272 4
9165 26212 4
13038 36777 4
5243 29742 4
29112 49106 4
9170 17148 4
13943 16912 4
20299 45034 4
13074 19260 4
410 1655 4
22420 23591 4
409 33925 4
120 2553 4
3826 13750 4
10581 48053 4
4231 11491 4
5266 29871 4
4232 19605 4
39439 48180 4
1946 6088 4
20219 47972 4
13972 34156 4
22397 25959 4
24803 36892 4
4233 27314 4
416 25777 4
28465 48432 4
9149 38545 4
31758 34413 4
31753 35377 4
31748 36993 4
5155 28357 4
1903 30176 4
403 10177 4
22296 34958 4
5177 45321 4
9209 29031 4
43649 44052 4
3777 6218 4
5157 23247 4
5155 38675 4
30070 31749 4
20449 23653 4
12618 20402 4
9795 31825 4
12241 39030 4
3771 34713 4
10224 47608 4
23778 45771 4
9222 14355 4
1562 5079 4
409 13185 4
20328 28371 4
1914 7062 4
20340 38528 4
9191 24608 4
1914 3026 4
28499 36469 4
23705 48331 4
31644 45713 4
9657 29377 4
20381 22297 4
43652 48277 4
30058 41613 4
13114 24018 4
4339 7972 4
30069 33881 4
10218 12603 4
5181 36880 4
4851 29611 4
13595 20638 4
21431 28537 4
13589 25898 4
4857 23938 4
4855 26356 4
31062 47582 4
28699 31983 4
21088 47765 4
9547 45354 4
4713 6210 4
13441 27046 4
3619 49122 4
21420 33291 4
10421 30584 4
13450 13676 4
9538 34876 4
24387 36090 4
10417 17510 4
28791 29045 4
9421 19585 4
2231 15052 4
13613 30844 4
13609 28928 4
21502 25291 4
30730 34833 4
10369 48760 4
9419 10055 4
21003 31792 4
24409 36402 4
9530 44275 4
153 6176 4
1763 23827 4
28692 44101 4
13601 45302 4
2224 47849 4
12451 49414 4
9559 44626 4
10373 22757 4
13542 14438 4
3589 32417 4
21330 24055 4
43248 43975 4
12395 35287 4
21219 30987 4
3588 20177 4
9478 15867 4
28733 42378 4
1733 31226 4
3568 47629 4
337 19567 4
40384 45608 4
21266 33443 4
40387 40955 4
3581 40149 4
30918 36410 4
4779 42370 4
24320 44707 4
2198 47468 4
9450 17455 4
31031 39771 4
21153 31195 4
4732 27322 4
10384 23078 4
30813 44197 4
21361 47422 4
3561 44506 4
21354 25383 4
4663 36384 4
4818 35892 4
10412 45397 4
21172 45127 4
3597 3822 4
28762 43943 4
21188 43769 4
10396 13118 4
2204 8257 4
21788 32809 4
13695 39788 4
3496 15808 4
20846 38700 4
9642 44549 4
9642 21851 4
24046 33121 4
4565 48088 4
31260 41595 4
28894 36378 4
20838 45974 4
4573 8546 4
4575 5412 4
28621 33568 4
21770 38918 4
2166 24547 4
21754 40296 4
3502 31605 4
3669 27025 4
305 32266 4
28937 49379 4
3483 15756 4
293 1797 4
39909 41112 4
43484 49777 4
10309 13360 4
294 9841 4
294 21249 4
4999 27023 4
12504 41712 4
4598 34651 4
24574 35654 4
4551 41325 4
3681 18621 4
12319 44406 4
1812 37862 4
40860 44940 4
20833 45740 4
9351 10013 4
357 946 4
24491 47119 4
4638 9446 4
20924 24518 4
13383 25238 4
40688 41747 4
3643 8375 4
13636 22721 4
2178 26877 4
28647 49484 4
3646 4525 4
1781 23119 4
40145 47364 4
4920 17819 4
12361 16644 4
2232 40939 4
21578 27282 4
20987 37426 4
30679 49951 4
138 746 4
24542 27677 4
10336 48559 4
24521 32415 4
28875 49869 4
24090 40635 4
1663 17695 4
308 5328 4
31216 49253 4
4620 49506 4
3745 25833 4
30615 43574 4
4621 29500 4
9612 35117 4
40112 49105 4
9612 33351 4
1787 34307 4
21646 30059 4
12467 15582 4
23574 32076 4
5453 45457 4
5311 27788 4
28341 49596 4
14115 31058 4
2005 19211 4
2042 25113 4
2315 15868 4
23464 34540 4
29668 29685 4
3320 27916 4
12934 26895 4
20004 46506 4
42560 46658 4
9048 18770 4
29343 44992 4
8999 9450 4
10121 47303 4
20088 37362 4
12182 45545 4
12917 42547 4
39357 42031 4
2059 3320 4
23271 45413 4
23117 33614 4
10639 26791 4
3858 17071 4
10018 34218 4
12119 44534 4
29707 43189 4
23471 28918 4
31851 48676 4
10142 14465 4
3355 44233 4
23516 28506 4
2046 11755 4
24882 30044 4
25045 46309 4
10103 26427 4
212 14121 4
1984 26581 4
5332 47515 4
10614 26820 4
9009 11142 4
3978 7886 4
5333 5359 4
29334 34932 4
41976 47162 4
20084 27539 4
29531 43917 4
3901 4571 4
231 12186 4
1988 2978 4
12119 27431 4
29191 30663 4
23394 35713 4
12845 31678 4
12842 33880 4
2329 9355 4
14090 28553 4
2328 14836 4
39310 49831 4
187 1419 4
22784 26293 4
12885 42885 4
5468 24631 4
3879 38571 4
12803 29078 4
2315 5446 4
12907 33952 4
22784 27734 4
41863 49308 4
39303 48206 4
10633 22031 4
24987 26275 4
29583 49675 4
5505 49458 4
31800 48751 4
1962 18373 4
32002 43896 4
5442 48449 4
12710 15099 4
20158 28492 4
22600 34520 4
113 455 4
1525 10580 4
22892 41590 4
3894 28077 4
3942 8705 4
29694 36994 4
29817 36295 4
19723 31320 4
12666 46194 4
19727 44320 4
41939 41979 4
1959 34682 4
12772 34999 4
4109 24880 4
12929 15811 4
189 3338 4
28331 31202 4
3895 29709 4
12693 18108 4
32075 35931 4
5305 16694 4
29604 32328 4
13026 45883 4
10184 30108 4
23280 37319 4
41677 42178 4
12882 44335 4
12690 42648 4
4119 26964 4
3838 32749 4
442 832 4
29165 46220 4
2053 16121 4
2322 4368 4
19881 44693 4
1496 11505 4
23614 27030 4
22641 31479 4
5418 11584 4
12764 24524 4
9881 12383 4
43962 45921 4
10638 28007 4
194 12375 4
23584 27978 4
4002 23278 4
13985 29184 4
4688 11883 5
16079 49351 5
7742 32927 5
17608 49486 5
48653 49088 5
29515 34414 5
158 1200 5
21636 22128 5
12735 38389 5
6672 7697 5
10119 38017 5
10347 48215 5
157 11248 5
11386 31406 5
3645 19916 5
8248 48771 5
24145 39001 5
12459 40769 5
1785 26838 5
3652 26245 5
23453 42393 5
36131 40924 5
9604 28625 5
1786 21151 5
34209 39665 5
10341 11829 5
6667 31138 5
3 4929 5
6661 42059 5
26118 42913 5
17600 33726 5
15126 29547 5
17606 26263 5
34381 46178 5
4043 4445 5
6766 15273 5
2952 12185 5
6757 38961 5
6753 36846 5
6753 33083 5
4559 15775 5
13334 22758 5
23047 38153 5
17434 45324 5
16107 41354 5
29561 37634 5
34368 46987 5
21792 25568 5
4021 33414 5
26174 40251 5
160 6022 5
23037 49158 5
42963 44714 5
36179 45625 5
6781 25120 5
2162 15055 5
9996 24571 5
21816 49643 5
34443 34564 5
4 29427 5
9632 46925 5
11402 44996 5
4558 32282 5
2501 38854 5
4044 28740 5
17385 20682 5
4559 4810 5
2952 10734 5
820 40971 5
12471 21223 5
8216 10490 5
21728 39242 5
15195 45901 5
21720 31828 5
21713 25545 5
6693 23208 5
23134 44833 5
9622 28460 5
17542 24131 5
15185 29459 5
27780 39219 5
10013 28595 5
820 4368 5
15179 35982 5
647 15996 5
16089 22053 5
7748 19909 5
825 7861 5
35768 38049 5
6727 36428 5
23117 26929 5
6723 22961 5
1051 39615 5
23477 48579 5
10330 44210 5
7605 29912 5
26161 30939 5
8211 8286 5
4596 8515 5
34299 35857 5
11676 12216 5
37165 42488 5
17517 28870 5
6530 39520 5
3000 7032 5
36063 39401 5
21352 22482 5
12761 29722 5
9516 10860 5
33949 48005 5
17846 28456 5
15939 44519 5
23264 26190 5
33945 42285 5
12417 17893 5
23330 35344 5
10394 19050 5
3944 9223 5
4748 28521 5
8342 24121 5
6524 25297 5
17821 21371 5
34004 36686 5
26047 40891 5
151 299 5
15044 25972 5
36071 42078 5
36071 37608 5
2660 4063 5
33990 43593 5
30835 39654 5
12781 24810 5
2994 15906 5
8328 42048 5
3955 10255 5
6543 40821 5
1751 34364 5
29386 39499 5
4741 20327 5
3939 9708 5
613 45187 5
7702 42169 5
15007 46153 5
49 34474 5
15986 18572 5
7688 27727 5
2462 8003 5
29414 45323 5
42314 43793 5
24319 48022 5
15973 19293 5
25920 28898 5
15964 39573 5
43258 45838 5
791 1770 5
21255 25979 5
2647 33687 5
42308 46588 5
7706 38887 5
6517 18765 5
3589 49692 5
21333 38332 5
36012 40400 5
8346 12544 5
147 4674 5
4755 41896 5
3617 43600 5
3015 16635 5
21295 43274 5
8355 13530 5
17884 21367 5
614 4439 5
6504 9577 5
10402 33972 5
21276 44284 5
29324 48070 5
35885 36359 5
28837 44794 5
8277 31618 5
34161 36671 5
3899 24799 5
1773 1976 5
17676 28054 5
43124 49198 5
30691 30799 5
3899 40619 5
11709 29277 5
22988 29356 5
21501 44655 5
197 29837 5
34132 44297 5
30744 37204 5
13413 24427 5
3642 14973 5
15117 31536 5
17619 39781 5
7732 38157 5
29507 40512 5
17639 17789 5
37265 45207 5
2982 4050 5
34190 39582 5
4703 19132 5
4651 35859 5
21582 44507 5
6640 14553 5
6633 30484 5
8273 28870 5
35879 44979 5
23159 45860 5
10115 12940 5
11365 39294 5
151 33002 5
17763 31236 5
35947 39878 5
10098 16469 5
15907 18117 5
40527 47626 5
23376 25580 5
209 5616 5
9550 30630 5
9539 24955 5
12797 34654 5
1756 17461 5
27830 29817 5
6554 30962 5
7655 43237 5
15050 17816 5
17817 43051 5
42204 47802 5
27141 49347 5
12742 17233 5
2074 3332 5
44 29709 5
11002 27573 5
11721 40766 5
46077 47058 5
21469 25798 5
2637 26348 5
7646 46746 5
24200 25995 5
17731 23558 5
17743 26070 5
17746 18286 5
15072 24518 5
21444 42519 5
16788 29359 5
263 24604 5
22764 23714 5
1900 30605 5
23760 32925 5
16765 20674 5
23562 44058 5
4353 45849 5
16784 30994 5
16788 26638 5
11172 36708 5
15533 31072 5
942 19260 5
1984 6945 5
4356 10493 5
2846 7018 5
2125 13446 5
9785 49405 5
29051 29886 5
16820 21152 5
3778 15413 5
16302 29608 5
7442 26978 5
262 4350 5
715 18287 5
22704 31827 5
933 25305 5
36325 47026 5
4161 5439 5
2560 37454 5
22788 31755 5
18 14696 5
16757 17687 5
11174 25359 5
747 14916 5
36321 43183 5
861 28729 5
2730 47498 5
26939 42500 5
39021 44017 5
2551 15695 5
3846 8945 5
270 420 5
11150 42109 5
8016 17788 5
230 38362 5
704 32862 5
29020 37302 5
27568 38086 5
30151 40553 5
30189 31223 5
3744 8156 5
15476 43315 5
11565 15640 5
960 8668 5
3742 13972 5
7062 22514 5
3741 49255 5
12596 14903 5
7119 12988 5
947 29703 5
26525 44360 5
708 1496 5
41351 48370 5
16836 19085 5
9780 11537 5
2722 4334 5
29050 40860 5
10162 26149 5
12595 29488 5
12592 29150 5
11156 18356 5
22211 49097 5
13168 16392 5
1988 9735 5
22811 28281 5
11260 18728 5
7402 27648 5
10199 47682 5
252 868 5
12634 14004 5
4199 12713 5
29160 38943 5
35169 49669 5
16523 42540 5
35336 35384 5
7402 16314 5
16504 45010 5
36474 41476 5
10208 33902 5
22442 37588 5
4196 13664 5
16543 49646 5
11206 19722 5
13070 24576 5
26670 34295 5
16378 48863 5
15689 35571 5
42601 48618 5
22548 43514 5
35278 36914 5
7877 13612 5
16399 49726 5
7331 9003 5
23602 30256 5
35315 41978 5
16565 47186 5
3836 24808 5
1958 2777 5
7399 34089 5
16483 49673 5
2107 25830 5
1959 3297 5
2757 20527 5
22617 30088 5
41786 42796 5
47339 49978 5
35057 48365 5
16340 40201 5
2743 21484 5
178 436 5
27511 29733 5
2563 19528 5
4326 9973 5
3840 10882 5
23700 28293 5
7841 16978 5
928 7027 5
743 24592 5
47927 49287 5
1970 6429 5
16719 25197 5
12620 47664 5
4342 34625 5
35376 49957 5
12630 20767 5
47408 48501 5
741 4790 5
22423 38889 5
16593 37954 5
29105 46547 5
4277 4432 5
7851 23657 5
47361 49293 5
36290 38318 5
4184 12753 5
36527 40806 5
2816 15674 5
22369 31756 5
11523 40143 5
9913 29354 5
7236 31505 5
11240 41494 5
12512 32377 5
22955 37452 5
2921 12656 5
32 346 5
1828 37281 5
16170 25042 5
9671 33326 5
4074 14520 5
3708 20197 5
4524 6655 5
3709 49237 5
33 910 5
4528 8442 5
2626 11505 5
165 1242 5
11292 34837 5
11636 26442 5
12708 22943 5
15847 26012 5
26311 45579 5
27045 35812 5
2694 41475 5
284 20240 5
15341 23567 5
10298 19553 5
1833 33940 5
46529 49233 5
30368 46802 5
21926 41302 5
11642 20473 5
6882 21591 5
11625 12250 5
15329 46521 5
17228 18545 5
1008 10379 5
1830 14009 5
8121 44757 5
27333 28573 5
3863 11405 5
4055 22765 5
26244 48215 5
11306 31644 5
9654 15544 5
8150 14440 5
7567 37886 5
3694 47674 5
2941 5768 5
1025 29182 5
6809 25683 5
15287 26157 5
4546 10033 5
1814 4973 5
662 6725 5
8159 32081 5
193 9498 5
34468 35375 5
13324 41924 5
4538 13628 5
8135 10553 5
27069 34501 5
17293 26295 5
13305 49318 5
15675 37498 5
3699 33434 5
35663 39315 5
17300 23947 5
16136 32247 5
21947 36227 5
35692 48422 5
15859 45084 5
9655 38753 5
164 32622 5
6823 7751 5
11645 12545 5
27702 38218 5
9654 41481 5
26383 35778 5
12686 34740 5
30266 44156 5
12555 21102 5
22055 49212 5
22031 46923 5
15431 47771 5
15430 49371 5
11264 17773 5
16987 38141 5
2139 19117 5
7497 35577 5
27346 45019 5
13236 20977 5
977 39744 5
2897 10146 5
15413 31189 5
228 8779 5
30299 31859 5
7051 20575 5
2863 29495 5
26965 33050 5
4430 10765 5
30230 31758 5
22107 24219 5
9741 15567 5
3741 48832 5
22089 49478 5
16932 33098 5
2530 43784 5
4116 28737 5
15459 22374 5
2874 15276 5
22073 48041 5
2613 4594 5
967 5693 5
8045 29643 5
8048 11491 5
2004 3808 5
23909 42504 5
7792 22276 5
17129 40112 5
1843 44234 5
12908 18927 5
17141 38143 5
16198 23671 5
34656 48740 5
13259 39885 5
17118 45879 5
23924 45835 5
23939 27893 5
11096 22564 5
21948 28344 5
12698 13193 5
2917 16109 5
7532 39058 5
15352 17800 5
26352 46301 5
1849 43591 5
6978 48049 5
11113 36568 5
4095 45535 5
4477 23164 5
6971 18591 5
983 15480 5
227 2994 5
985 47834 5
830 20377 5
22911 30306 5
4088 4603 5
21983 33302 5
34713 37110 5
8086 36603 5
2905 16739 5
2906 46162 5
34695 45053 5
2365 9737 5
5038 15305 5
33192 36118 5
5040 9162 5
550 11235 5
31904 40477 5
3357 10802 5
550 8871 5
6087 43129 5
18662 33795 5
43520 45494 5
3242 23925 5
6085 6772 5
18672 29168 5
3131 36478 5
44491 46993 5
6078 41079 5
13776 26912 5
2419 5814 5
14039 19004 5
28583 48578 5
20743 20775 5
12305 19918 5
9080 24022 5
433 6944 5
18609 23284 5
45201 49128 5
5042 22587 5
1629 13910 5
14689 31967 5
14685 48569 5
486 19594 5
6105 21239 5
10487 22977 5
6098 6206 5
6092 25664 5
33121 43370 5
14374 38500 5
3231 12385 5
20686 21320 5
25574 41602 5
1614 14562 5
33129 46460 5
8627 23871 5
20110 43195 5
8817 30080 5
38122 48317 5
3145 43315 5
45060 46226 5
18728 45795 5
3469 43644 5
12172 23812 5
10852 25066 5
5056 23907 5
9095 49039 5
38611 48846 5
5747 17770 5
38602 47580 5
6077 9358 5
5045 14978 5
14659 25913 5
92 376 5
18696 19371 5
18598 23493 5
33147 35533 5
91 7014 5
8619 28467 5
20691 31699 5
25583 47957 5
31422 34077 5
38103 49848 5
12293 32817 5
19996 45422 5
10892 36833 5
3495 4896 5
14754 30128 5
10890 31432 5
1647 45307 5
13703 26701 5
12034 23629 5
31276 33010 5
1650 8940 5
19997 25188 5
39241 46143 5
38741 46451 5
14746 40725 5
3106 9347 5
5689 15436 5
68 1241 5
31284 37869 5
6221 27881 5
32446 38771 5
14316 23523 5
14069 36910 5
12042 26352 5
28615 35545 5
18407 37312 5
32446 39477 5
65 147 5
112 213 5
45363 46183 5
3352 33940 5
5682 27486 5
3103 12432 5
33366 34821 5
31264 37457 5
2428 12174 5
40033 48831 5
25633 34883 5
31342 43745 5
14339 43148 5
9318 33471 5
37971 43501 5
20760 40489 5
3483 4220 5
43494 44019 5
33253 35560 5
5354 32011 5
31918 45648 5
14351 48949 5
1632 20872 5
31915 43769 5
9076 16482 5
8582 21521 5
6119 6576 5
14041 22946 5
1225 20299 5
562 24907 5
20828 29186 5
14046 42716 5
43463 44817 5
19400 28820 5
20799 41409 5
5368 16521 5
4998 47538 5
14621 16180 5
1494 35930 5
2250 38716 5
6161 45941 5
37960 48633 5
5354 40866 5
5000 35339 5
25644 35891 5
5163 28739 5
5941 13451 5
8701 15281 5
10816 18734 5
5823 9520 5
401 36718 5
32869 39716 5
1307 44527 5
10814 47438 5
31584 41309 5
32698 43994 5
20409 43675 5
28114 37914 5
10573 41972 5
8715 20110 5
1537 4021 5
5182 11434 5
13896 17401 5
38317 40880 5
14550 16539 5
20475 44402 5
5962 13135 5
20473 27524 5
10582 49999 5
28140 47433 5
18923 45059 5
44788 45918 5
1541 47709 5
1580 21925 5
38494 45236 5
1349 33865 5
20466 33094 5
13871 24658 5
13871 45760 5
10542 18056 5
1530 29129 5
3424 32536 5
19087 23392 5
5853 25962 5
13920 19808 5
8744 19182 5
5884 10224 5
5239 20143 5
5884 8803 5
13944 20692 5
1338 29353 5
1550 4764 5
5219 34217 5
5878 9389 5
39566 47026 5
39560 49063 5
507 17331 5
5880 9553 5
85 380 5
24763 30183 5
31625 48498 5
2388 5276 5
3189 4141 5
8720 37755 5
5182 33530 5
20252 49991 5
3189 4601 5
20264 33168 5
43764 44583 5
39629 43383 5
24765 28655 5
5895 15585 5
44649 46777 5
1560 2544 5
20346 30410 5
31661 35182 5
10779 19112 5
6029 35061 5
2407 4776 5
1514 2741 5
32614 37126 5
20141 42060 5
76 9716 5
3149 9746 5
10762 11225 5
20150 49225 5
128 6660 5
18781 23257 5
33057 48994 5
33054 47557 5
495 14529 5
389 3472 5
3154 24560 5
13991 29226 5
13810 44891 5
3378 6157 5
38132 41359 5
25335 38733 5
5059 20361 5
13790 34832 5
5309 30181 5
20127 38223 5
14616 25532 5
39347 48898 5
8799 26932 5
2408 15106 5
18763 48237 5
8641 15152 5
43828 49790 5
3221 5152 5
3463 34899 5
14607 35950 5
3463 10524 5
32962 36763 5
28455 32164 5
1355 7546 5
2275 38972 5
38243 48380 5
3445 38978 5
19173 36408 5
20520 39148 5
14561 47976 5
20526 31558 5
8674 42700 5
31561 38136 5
20190 21964 5
11988 19203 5
13849 17887 5
20191 48891 5
5126 13317 5
5271 42528 5
5095 34092 5
25537 30648 5
33039 33803 5
39399 42684 5
11994 36028 5
390 4111 5
2273 2784 5
20567 33716 5
6013 25250 5
5004 28207 5
1283 8363 5
44568 46308 5
14572 47227 5
13821 15161 5
43606 44054 5
9249 36639 5
18848 29362 5
3334 15482 5
1696 7264 5
14116 25496 5
466 31046 5
40233 47416 5
31095 37193 5
19584 35830 5
8433 29048 5
14259 17908 5
5591 31798 5
439 8229 5
6361 6385 5
8441 20925 5
8442 36587 5
8923 13225 5
32092 43314 5
6359 11003 5
4883 36461 5
19604 27252 5
19824 22317 5
18106 21330 5
142 575 5
21081 27487 5
10425 33100 5
8938 18019 5
2451 47775 5
38934 43540 5
9004 24688 5
27919 47330 5
11795 34224 5
1460 6256 5
40277 49501 5
2453 5346 5
40161 45449 5
27932 44603 5
32038 40664 5
1476 27073 5
1684 3946 5
5411 19617 5
18228 20487 5
14286 15025 5
140 14765 5
588 845 5
20972 35251 5
5633 43736 5
33518 42788 5
1672 21438 5
3073 3883 5
14087 18184 5
20928 29960 5
10699 46081 5
6332 23377 5
18196 22802 5
25173 26962 5
9041 21462 5
43347 46776 5
19896 48261 5
18185 24753 5
33612 43211 5
10640 45518 5
14872 14923 5
8451 38444 5
352 3552 5
28372 49199 5
14104 19515 5
3337 8873 5
605 37697 5
5508 37897 5
45812 47588 5
4801 42410 5
19686 39914 5
10685 42674 5
37554 49776 5
33764 44875 5
1720 14310 5
11781 41742 5
11783 18894 5
1720 9394 5
6433 44520 5
6429 44600 5
12094 47136 5
2456 11453 5
1715 2270 5
604 1159 5
21215 27463 5
25873 49258 5
2457 22746 5
10962 39232 5
33796 37466 5
17984 21511 5
17984 20285 5
8972 37450 5
1137 48807 5
1725 13340 5
21248 43268 5
10967 24438 5
40390 43309 5
37519 48090 5
27883 41122 5
33726 44581 5
13578 43076 5
14925 41353 5
18085 30148 5
24387 30813 5
19791 49349 5
8998 44110 5
31036 46583 5
21148 39039 5
5484 38775 5
21155 34187 5
53 734 5
3560 18199 5
1707 31542 5
2341 10826 5
14225 30223 5
4865 21055 5
32215 34905 5
28338 45053 5
601 9431 5
14158 15475 5
19776 40093 5
32131 39884 5
1149 17060 5
45773 48634 5
13570 13760 5
21169 39083 5
12378 28195 5
52 5937 5
4814 7105 5
21185 28998 5
4810 49066 5
31205 45349 5
13648 42775 5
10714 18909 5
32391 47882 5
4938 33541 5
24954 30067 5
6284 44158 5
1480 9371 5
5666 6657 5
4934 6792 5
33413 36598 5
38821 43206 5
14071 22425 5
5640 40486 5
4933 27980 5
13689 17033 5
8885 12994 5
27951 34686 5
1479 21305 5
1479 2353 5
19458 21746 5
28389 33228 5
13650 16479 5
25188 37241 5
6253 13050 5
38825 49258 5
3503 18610 5
19493 26937 5
1192 2600 5
25757 48156 5
19446 38259 5
13680 42232 5
8499 14728 5
25181 36052 5
62 250 5
10903 29540 5
25761 25795 5
6252 6948 5
1189 33987 5
20925 21125 5
9397 31329 5
1662 3791 5
8507 21436 5
3516 23966 5
19466 45011 5
18333 36072 5
14775 17507 5
19973 31436 5
37800 40110 5
18320 25346 5
18329 34491 5
31251 34831 5
24522 26447 5
20873 48026 5
25716 39418 5
13657 21115 5
9399 44734 5
11829 17592 5
1198 3914 5
583 20547 5
3515 17082 5
22561 39263 6
1530 4320 6
3215 8506 6
29840 47025 6
28228 45654 6
2765 25578 6
7347 44412 6
5562 16419 6
16470 23008 6
5287 5698 6
32677 33930 6
4230 13551 6
19765 41804 6
1949 10664 6
19414 26047 6
2763 3521 6
20025 39412 6
1483 3980 6
32222 48124 6
5658 8604 6
29371 39496 6
2044 6711 6
4216 35638 6
3854 4089 6
25128 33493 6
3402 39857 6
5805 33960 6
19417 42507 6
16397 42275 6
16395 25958 6
35984 44401 6
31964 43235 6
7370 43863 6
16180 32552 6
22567 34478 6
2585 5819 6
2017 7928 6
7364 27015 6
16392 32439 6
22928 23216 6
35732 40914 6
7362 35895 6
25118 37846 6
1955 34558 6
3828 5598 6
7682 49558 6
15985 16273 6
23670 36932 6
2011 25219 6
19096 27131 6
31724 43631 6
27462 37974 6
25076 46293 6
7310 32109 6
5858 11159 6
5539 49881 6
5682 26334 6
19742 25994 6
31725 38206 6
26710 46090 6
16507 31015 6
28392 42648 6
4058 39096 6
25198 26074 6
32757 34563 6
4065 4256 6
7556 11567 6
1447 8173 6
5522 18284 6
20300 28535 6
5519 14741 6
29621 43161 6
2691 8848 6
5523 28062 6
19731 47357 6
3941 4597 6
2691 29257 6
2691 30779 6
4265 22338 6
3351 4077 6
35214 47035 6
5837 20324 6
25199 29178 6
837 30636 6
2332 8316 6
4203 4216 6
25093 49813 6
3207 20112 6
19118 22439 6
5558 30080 6
35223 44043 6
5664 8746 6
19990 33501 6
2652 20179 6
29655 47231 6
20213 32066 6
28332 36970 6
26734 37522 6
896 6804 6
23324 41834 6
3864 25877 6
29129 36785 6
3308 3417 6
4068 22235 6
19685 24336 6
7573 38903 6
22519 41560 6
5381 31966 6
27230 38980 6
2652 9424 6
27317 45787 6
22527 29216 6
22529 35672 6
2079 6049 6
2736 4840 6
25145 34696 6
16042 34805 6
5439 7274 6
29514 42294 6
22855 38790 6
2309 11748 6
16044 18238 6
32482 35467 6
1474 27123 6
31866 41245 6
19909 46366 6
1976 32295 6
2346 24958 6
7449 40397 6
3231 44709 6
16294 20797 6
29770 42591 6
22698 45892 6
1389 30676 6
3363 32637 6
19835 39248 6
25327 33164 6
23525 28461 6
4168 17918 6
7443 25970 6
1373 2329 6
27126 28817 6
4104 21413 6
3841 7841 6
19374 32178 6
7495 44784 6
1425 41617 6
23486 24103 6
5631 40486 6
3358 3973 6
19524 29685 6
32341 33055 6
32343 41797 6
3357 37526 6
2312 12378 6
25173 29983 6
7484 21472 6
819 10261 6
28403 34983 6
27090 42102 6
3245 46851 6
16256 49156 6
29706 42380 6
5730 23036 6
5729 48496 6
19942 38920 6
19552 47501 6
1497 15569 6
25310 43293 6
1374 33310 6
25302 36152 6
23143 32957 6
23449 34154 6
5636 12478 6
7599 44761 6
4171 37892 6
5624 6517 6
16249 30931 6
4137 19060 6
1478 27205 6
20082 41646 6
821 2571 6
20077 21770 6
22632 44486 6
35332 49375 6
5469 42414 6
24852 29043 6
2320 8449 6
23396 32846 6
1462 49539 6
2592 45559 6
3901 28407 6
1959 45092 6
23521 25290 6
7592 30765 6
23521 26221 6
19204 37802 6
24852 39693 6
4193 21746 6
7403 8406 6
28354 49792 6
5569 7137 6
32409 45905 6
23050 46056 6
32639 46001 6
1958 6520 6
2758 37539 6
1522 3331 6
3388 44000 6
3251 9559 6
16356 38430 6
5579 39184 6
19620 32393 6
5360 46520 6
5696 28336 6
7478 12556 6
3911 7180 6
2297 6523 6
5769 36307 6
22909 33256 6
5457 39010 6
5305 25339 6
5455 18974 6
2350 13246 6
22684 47106 6
4174 49018 6
16037 24216 6
7412 35179 6
25247 49530 6
3290 22073 6
24864 25899 6
26885 28294 6
16321 34212 6
19388 38929 6
2303 5560 6
19382 24359 6
22662 24032 6
5782 33899 6
4191 11312 6
1359 3793 6
27410 27858 6
5582 26068 6
31826 46166 6
19212 22746 6
16347 39599 6
2296 38312 6
3384 43119 6
23206 48016 6
28276 30027 6
19719 29707 6
20062 25785 6
870 1424 6
3984 28658 6
6260 12737 6
2438 26928 6
33474 34505 6
17554 34708 6
6267 32750 6
31217 39952 6
20896 43304 6
21713 34852 6
27767 30008 6
4955 6989 6
24082 35145 6
24546 33203 6
6698 44788 6
26127 30266 6
33427 38740 6
20886 48780 6
4958 17242 6
6257 9289 6
4960 6764 6
6252 8239 6
17502 47055 6
1055 11217 6
1802 6497 6
1658 18927 6
1054 1704 6
17488 42764 6
33717 34927 6
25792 46278 6
21580 38326 6
6641 19901 6
1681 27959 6
1680 14884 6
1680 2176 6
18251 24920 6
4920 35259 6
17609 18525 6
2979 10888 6
1672 5635 6
33513 46659 6
6719 15931 6
33511 38203 6
21625 36146 6
3080 16999 6
6667 13266 6
18283 23591 6
3643 12256 6
18289 40591 6
18300 27070 6
34246 41209 6
1667 7723 6
21651 35241 6
18311 35918 6
1816 5421 6
17375 20842 6
30489 41877 6
20830 37340 6
6184 13169 6
3105 9616 6
24021 29426 6
27749 42452 6
6177 39314 6
30476 31409 6
1224 34784 6
24013 32491 6
17355 26254 6
1647 13233 6
31292 48657 6
4996 10859 6
18502 43969 6
4999 12260 6
6165 7612 6
1817 43414 6
4999 36467 6
27705 31742 6
25649 25861 6
3485 4538 6
21850 46704 6
31335 42797 6
20856 33014 6
18384 49191 6
17474 33702 6
18388 35785 6
3098 3755 6
20860 31673 6
24554 41916 6
6237 43406 6
18399 29578 6
30521 43385 6
6731 12618 6
2245 7946 6
1209 24500 6
20984 45255 6
34377 41279 6
18413 31125 6
4563 23626 6
26192 35216 6
34387 36867 6
25686 47302 6
28913 35697 6
6758 11884 6
18435 26350 6
4976 19715 6
27749 42904 6
6771 24370 6
3041 12588 6
2469 34571 6
17832 47746 6
31018 31646 6
3607 36286 6
18038 31378 6
25859 33398 6
6540 43826 6
18041 47058 6
33967 45793 6
18043 42871 6
3610 26989 6
17827 20670 6
1716 4577 6
21368 25482 6
2197 10167 6
3041 19933 6
27904 36397 6
2454 27362 6
6551 11912 6
21142 28251 6
4727 33208 6
2194 29843 6
4842 11685 6
3048 7831 6
24388 38518 6
4770 12498 6
30906 39765 6
4778 38556 6
17955 37796 6
1731 5368 6
4776 23933 6
4792 5232 6
25940 26924 6
1130 7164 6
4774 14934 6
4774 6051 6
1139 1180 6
3573 10923 6
17805 30983 6
1738 22514 6
6440 27203 6
17882 42346 6
4761 16943 6
2466 14205 6
4757 45132 6
18007 22975 6
33762 46669 6
6438 41237 6
18019 29667 6
25978 48754 6
24366 49290 6
1087 12461 6
4705 10872 6
6597 41174 6
21017 38124 6
17706 25350 6
31130 32001 6
18139 29588 6
21480 21767 6
6343 7124 6
4697 14370 6
28820 44813 6
28827 39755 6
18160 27662 6
33629 33728 6
4896 19023 6
18186 23526 6
1771 14689 6
3632 46523 6
18190 36154 6
1085 39663 6
4670 31426 6
24169 27462 6
26087 32783 6
28846 35241 6
25805 44696 6
18211 36678 6
17748 46185 6
18092 23510 6
2221 4919 6
34055 49665 6
27826 43656 6
3621 13265 6
17763 35798 6
28803 44045 6
1099 2454 6
33666 38958 6
27820 40017 6
33655 33879 6
31077 46849 6
17305 31128 6
1164 37121 6
21078 47475 6
30774 32844 6
21070 41541 6
6587 32988 6
4710 31201 6
26071 45592 6
30754 37114 6
1094 35614 6
34094 41516 6
34102 41596 6
16828 17334 6
22202 42576 6
22207 41614 6
3755 33605 6
23805 45827 6
4380 22315 6
20519 31735 6
2857 48307 6
2399 9378 6
3162 26981 6
18885 23127 6
28514 43994 6
34912 40190 6
5995 23801 6
1295 12824 6
3443 36483 6
5972 37352 6
25498 48592 6
30091 39598 6
5968 40912 6
24723 41578 6
7131 25299 6
7134 39607 6
5138 38596 6
16799 43064 6
5138 43957 6
4419 5445 6
3740 21993 6
4436 20890 6
23852 36306 6
20609 31347 6
20603 31446 6
16929 19840 6
6026 15229 6
25537 37772 6
16926 43915 6
5082 39633 6
30216 46200 6
6019 25221 6
7139 14225 6
4418 20200 6
25536 43960 6
7078 12227 6
30176 48912 6
6004 15483 6
32995 34088 6
28526 41758 6
22190 22863 6
4395 14277 6
30171 45699 6
5117 8829 6
27552 29974 6
19031 31930 6
22324 40009 6
32803 34821 6
31637 32253 6
26619 44796 6
20367 49259 6
31654 40690 6
4318 5748 6
1915 1951 6
16609 21098 6
22347 22542 6
28496 37218 6
1919 37991 6
1906 9060 6
1924 5758 6
3800 9102 6
1924 23584 6
32769 43895 6
7250 38010 6
5883 41802 6
5882 26602 6
35112 44883 6
29969 31045 6
7261 9882 6
3804 13480 6
2810 29146 6
3779 20232 6
16793 24480 6
1899 45079 6
3173 6360 6
16784 33980 6
26540 31934 6
3174 40101 6
939 6591 6
20458 31949 6
2559 36115 6
2280 41737 6
25468 28787 6
5932 25937 6
30243 38943 6
26579 29176 6
2561 2953 6
20404 47397 6
23726 24072 6
3181 43901 6
18987 20608 6
18988 34661 6
26583 30708 6
4339 23838 6
7197 38677 6
4334 49874 6
6915 10296 6
20707 44014 6
4508 42880 6
6891 14014 6
30364 39660 6
17191 20594 6
2516 25521 6
6898 28948 6
21939 44475 6
2918 34411 6
6082 38188 6
23941 46383 6
28034 33053 6
30371 33650 6
4497 49811 6
5045 13988 6
4496 30563 6
33164 36477 6
1258 20763 6
34659 40153 6
5046 35313 6
2412 4493 6
20691 40026 6
26334 44178 6
2411 32958 6
26341 30758 6
6121 11128 6
2251 7448 6
6838 9012 6
6141 20010 6
5010 6172 6
20756 31684 6
6845 15621 6
2928 35323 6
33230 42235 6
4530 28210 6
2926 28610 6
3700 30574 6
6125 27421 6
28983 30740 6
1012 39158 6
27681 32829 6
5017 6506 6
4514 38806 6
23959 31790 6
26300 26904 6
28963 29103 6
21922 29841 6
31376 31855 6
28575 47300 6
5026 7441 6
25607 33036 6
22066 36734 6
5065 49958 6
5066 14324 6
20632 21122 6
1855 9929 6
1272 38387 6
22043 24236 6
33071 34344 6
16969 42970 6
3731 22818 6
22065 42120 6
26408 49064 6
16955 21930 6
17004 17204 6
34794 44881 6
20615 49571 6
16947 46294 6
18779 48683 6
22067 43701 6
20614 46451 6
28994 41367 6
7047 16818 6
34811 43370 6
6027 10287 6
1604 5540 6
23862 37683 6
1612 39033 6
27627 34163 6
3724 38467 6
6951 33621 6
17095 38651 6
17088 21955 6
2903 40325 6
2527 24171 6
2899 46707 6
1848 3447 6
5054 13818 6
26360 34874 6
33112 43070 6
29109 41862 6
34730 46607 6
22018 42761 6
4472 28806 6
17029 40728 6
24641 32577 6
22024 23860 6
20662 35448 6
1268 27671 6
4467 37105 6
6997 48334 6
30279 43258 6
8540 8555 6
14998 22871 6
41932 42276 6
9474 20198 6
41325 45902 6
15371 34005 6
14 1434 6
38430 38840 6
12275 21404 6
9769 15926 6
11813 14851 6
15753 27287 6
13173 35385 6
12635 30777 6
14255 28786 6
13540 43062 6
12930 39020 6
13540 15707 6
9482 12017 6
8104 9220 6
14249 48307 6
270 4071 6
333 25465 6
333 13362 6
9197 30121 6
8105 28490 6
333 7836 6
12655 18176 6
36295 48196 6
753 3482 6
7821 19969 6
12911 21665 6
10688 14111 6
10667 37574 6
11175 24161 6
15713 32656 6
39714 47420 6
9928 36247 6
12087 38713 6
14452 18234 6
51 231 6
8766 22893 6
10218 38956 6
13862 22382 6
11181 41081 6
570 10768 6
155 6177 6
10686 17942 6
8733 26738 6
15382 26948 6
40315 47234 6
40322 46689 6
13562 21104 6
12269 43257 6
37508 43514 6
36337 45374 6
41886 46235 6
8914 37544 6
43139 44280 6
8360 49610 6
15740 44129 6
47432 49871 6
14997 36411 6
38868 40277 6
8574 47535 6
13955 22131 6
14714 21337 6
8971 14829 6
13219 35238 6
558 13908 6
219 16459 6
12047 20789 6
44358 46294 6
42559 45165 6
8324 8853 6
8322 23614 6
10154 10949 6
36238 46848 6
12855 48607 6
13964 37728 6
328 2725 6
8157 36341 6
13222 30666 6
14706 49771 6
13971 22432 6
11873 48737 6
8320 11352 6
10004 31252 6
9136 27929 6
15848 44695 6
457 12464 6
766 18694 6
8315 41045 6
9561 45747 6
15853 31292 6
15857 26880 6
13204 23892 6
41985 49492 6
465 31668 6
60 30331 6
15021 49787 6
12428 35021 6
42028 47603 6
10705 17795 6
8342 39184 6
9175 26936 6
411 1247 6
10185 21008 6
412 3185 6
7807 31822 6
42590 48582 6
14737 40253 6
15421 36617 6
331 996 6
13210 27225 6
330 4400 6
668 47435 6
15035 41148 6
10902 36787 6
39520 43116 6
12049 18754 6
12680 16758 6
14720 49638 6
40465 48956 6
219 21764 6
9737 30862 6
14524 43963 6
41691 43336 6
40103 41255 6
39940 41684 6
12156 17149 6
13738 49106 6
9327 26577 6
7990 25915 6
11043 20557 6
9396 27224 6
28 78 6
111 40574 6
46581 46948 6
41687 45378 6
12496 17105 6
10268 12599 6
43990 49841 6
13655 22336 6
12191 22062 6
38713 41844 6
15515 31369 6
9832 27109 6
14391 18002 6
8809 48992 6
12567 37669 6
11018 24462 6
14395 19342 6
11600 22588 6
14928 44926 6
7998 32035 6
37604 37640 6
39849 45793 6
39841 45663 6
9373 24430 6
35 22298 6
40028 40616 6
486 35034 6
10613 45825 6
12172 23231 6
715 9659 6
11656 48919 6
13063 31219 6
9853 12013 6
9368 27880 6
14870 26636 6
41602 49259 6
9344 34567 6
13712 40523 6
9341 33937 6
46092 48865 6
15546 24109 6
8835 10305 6
42860 43020 6
13719 25699 6
11622 38034 6
7977 48216 6
115 18536 6
39954 44870 6
10619 35232 6
43969 47403 6
587 1504 6
37665 39938 6
719 38474 6
11098 30715 6
9442 19357 6
11576 13557 6
390 2630 6
10978 12010 6
8508 24685 6
12598 18805 6
9428 19389 6
9808 31448 6
14974 16300 6
12230 26473 6
15700 37899 6
10975 11271 6
12963 49281 6
36419 49023 6
7881 36999 6
607 2318 6
13810 32653 6
11162 49133 6
14439 27049 6
474 17225 6
11169 14167 6
8888 30478 6
10666 34116 6
347 6904 6
10220 47667 6
11543 12130 6
15711 23719 6
13839 37996 6
9789 29704 6
13582 36995 6
41370 46839 6
10541 44539 6
240 2247 6
11120 43114 6
14395 46006 6
160 48466 6
10590 23343 6
37778 45883 6
14396 33259 6
12998 40715 6
726 4654 6
14400 44725 6
12993 14331 6
14324 45408 6
9285 48876 6
15484 21937 6
14826 49776 6
8401 11316 6
37915 45159 6
8492 24764 6
12992 42642 6
12479 23379 6
9416 26687 6
38754 45837 6
11748 37886 6
7909 44549 6
41473 42380 6
13615 13918 6
13608 41820 6
15464 25597 6
14408 48680 6
15658 48510 6
9269 34237 6
37249 46674 6
15099 27869 6
14125 17304 6
10741 33632 6
10751 33290 6
11351 12499 6
13240 23844 6
13996 23613 6
631 2482 6
10425 38357 6
40957 46203 6
38128 44331 6
15182 40391 6
15229 20150 6
14139 28875 6
37997 46953 6
11989 24684 6
9004 22648 6
8254 38508 6
13363 38509 6
9033 20149 6
9631 42012 6
40904 44662 6
8178 26600 6
9700 17129 6
38268 38598 6
14080 33765 6
10774 48694 6
9006 36938 6
14081 23372 6
555 43681 6
9003 9319 6
8602 9061 6
10442 14451 6
44746 48911 6
14631 22271 6
8206 43716 6
632 15070 6
13295 48532 6
14100 29777 6
10430 21631 6
1 29286 6
12341 40721 6
11938 48754 6
13994 25112 6
38240 46924 6
14628 32782 6
8297 21524 6
9119 16393 6
10042 10043 6
15145 16094 6
15149 35100 6
39331 39387 6
13398 45198 6
9661 40606 6
9076 15339 6
10030 19471 6
36090 36557 6
10136 21013 6
9033 19204 6
15227 33041 6
13394 25267 6
11933 34053 6
12808 30896 6
195 44664 6
44874 45669 6
11335 45373 6
87 9775 6
8581 43975 6
8662 39761 6
96 101 6
10447 37477 6
421 30215 6
42477 49199 6
10866 19769 6
8214 12258 6
8214 42386 6
535 27121 6
10805 26529 6
11928 36008 6
14046 17601 6
15056 17011 6
12754 32860 6
8315 39759 6
8596 47843 6
10409 33956 6
14022 17931 6
300 7129 6
15860 44248 6
444 902 6
12334 32503 6
37225 40117 6
15275 48858 6
532 2303 6
42541 47991 6
11294 29472 6
14615 25768 6
14618 18729 6
10864 25573 6
15118 18337 6
10095 14709 6
11456 16619 6
303 1937 6
193 404 6
15869 37166 6
9113 16354 6
14552 17758 6
10056 37518 6
9641 37020 6
15868 22775 6
8582 12034 6
11432 25967 6
11428 28524 6
9644 15906 6
40987 42600 6
44786 49967 6
16915 17608 7
22662 41164 7
10982 24070 7
5085 11176 7
16924 18457 7
2993 47412 7
12985 44353 7
29033 33442 7
9075 10277 7
13799 41268 7
2324 27784 7
27836 29259 7
32443 43687 7
5679 8126 7
15166 23749 7
23300 32598 7
5358 15687 7
4190 13505 7
26039 35449 7
385 7050 7
12774 47159 7
436 921 7
14317 48360 7
2328 13021 7
48 1607 7
10975 30564 7
16966 30800 7
3181 16020 7
19823 46657 7
8883 43040 7
13820 24112 7
39734 42682 7
16972 25556 7
17995 24780 7
15203 44505 7
29053 34842 7
11768 39532 7
17703 38244 7
8053 22223 7
5343 15531 7
33779 47117 7
1596 14745 7
12606 23553 7
11947 38359 7
10229 49209 7
34293 40633 7
10971 33636 7
37553 46274 7
25950 40442 7
31901 45724 7
6447 24320 7
4164 40304 7
29756 47506 7
32388 38252 7
3951 8769 7
8389 11790 7
27842 42623 7
173 9329 7
13805 47465 7
11758 18406 7
22682 29716 7
5349 16300 7
1147 2605 7
29788 37650 7
10750 38724 7
3327 44277 7
3003 44777 7
22689 46520 7
25999 40133 7
32434 40319 7
1606 38819 7
31478 38571 7
5082 34374 7
13811 22018 7
3190 6046 7
32098 41469 7
25048 29354 7
5458 6865 7
7042 7677 7
31480 46710 7
20580 46768 7
23796 32286 7
42751 45323 7
12114 17053 7
37175 40131 7
10274 14139 7
1945 17199 7
23368 45138 7
5400 8746 7
14907 19898 7
6369 48063 7
3722 6885 7
9055 9433 7
1473 33153 7
8425 45412 7
15130 20345 7
11665 17841 7
9333 12980 7
942 1142 7
32001 40730 7
20779 39114 7
4990 5257 7
24947 38307 7
22567 40207 7
1633 20129 7
6385 11465 7
3205 6975 7
1631 25159 7
15522 17038 7
945 1622 7
12556 28048 7
3732 29374 7
5389 6327 7
2493 2534 7
8418 23729 7
31376 33063 7
6666 45185 7
34182 38814 7
23407 24068 7
6352 7411 7
1650 38383 7
14876 22451 7
23944 32593 7
4251 46145 7
5727 14582 7
8265 9608 7
26247 38556 7
39168 49409 7
25371 44815 7
19936 30719 7
4249 40283 7
13056 49024 7
13055 16062 7
34914 48025 7
2066 2858 7
26244 47716 7
12527 15980 7
15553 30068 7
6361 32024 7
1166 44265 7
200 44644 7
41615 42122 7
28404 37168 7
2504 24237 7
3717 19686 7
17642 21266 7
2065 11487 7
937 26449 7
14935 31920 7
1618 3030 7
14325 39862 7
25352 45611 7
10763 20028 7
2483 28617 7
2132 39205 7
10794 43552 7
17050 34616 7
18056 29782 7
9290 14833 7
8278 33759 7
11719 12177 7
18054 32130 7
13011 18604 7
19404 49993 7
19998 46444 7
2323 33603 7
3747 43366 7
3749 9782 7
12999 41435 7
15498 26482 7
39232 42486 7
5373 11535 7
2480 18683 7
20678 46740 7
1150 6012 7
5448 10160 7
20667 22904 7
5059 20284 7
18040 42806 7
16838 34301 7
37620 38065 7
26140 36702 7
28382 28971 7
23339 35634 7
18082 32377 7
948 2314 7
7994 30409 7
31381 39897 7
6395 19894 7
19880 33219 7
8851 20846 7
3200 46522 7
1624 11836 7
24974 40849 7
11699 13408 7
15086 33068 7
42438 46180 7
43 7318 7
1623 34697 7
26113 48331 7
37608 41103 7
17581 27735 7
5439 27943 7
25358 38022 7
10787 25294 7
6403 13527 7
11703 44986 7
23436 38623 7
3744 5335 7
22605 39282 7
42054 46379 7
17276 30306 7
2358 6197 7
8131 20602 7
15064 43467 7
1115 21515 7
19649 41072 7
8130 8912 7
31711 48157 7
15315 31592 7
3261 49032 7
29500 41189 7
27981 34227 7
10029 14009 7
5566 13314 7
5299 20651 7
12871 33697 7
31718 49169 7
2356 3264 7
5246 34277 7
3134 16788 7
28202 32742 7
34545 47794 7
36983 47971 7
221 4514 7
14216 27689 7
11916 30179 7
189 11440 7
15312 29810 7
31716 42177 7
3137 18490 7
4061 39157 7
10028 13355 7
14221 18493 7
45467 46472 7
410 4920 7
8344 34705 7
20322 31020 7
464 5884 7
12897 32461 7
17867 28749 7
31828 43804 7
4081 6853 7
8992 11740 7
464 37008 7
1558 39277 7
656 5266 7
3821 42163 7
8114 19110 7
19754 24689 7
456 612 7
12870 33309 7
1556 9163 7
8344 9494 7
5219 49125 7
20310 28592 7
10704 49535 7
1554 16814 7
17861 47878 7
1098 44745 7
19634 46485 7
6519 29949 7
1120 2308 7
44953 46955 7
33927 35860 7
5571 17787 7
29145 41813 7
1106 21542 7
37054 48734 7
17391 21876 7
15285 18699 7
14182 31485 7
17396 27990 7
6552 8673 7
4002 6430 7
15286 28547 7
9132 39692 7
10881 28990 7
2422 31173 7
39470 44044 7
5289 28253 7
8174 37913 7
25664 33065 7
3849 41290 7
25214 49373 7
8977 42190 7
29204 44111 7
29558 49660 7
8165 12440 7
5279 18368 7
20209 41488 7
42097 44047 7
9128 20221 7
17811 26960 7
5517 16588 7
3275 33081 7
10014 26083 7
29528 33411 7
457 11085 7
37065 41128 7
31733 41137 7
14167 49012 7
3994 18200 7
45320 46667 7
5542 25560 7
11854 13711 7
17321 49585 7
23575 23699 7
657 39974 7
6544 21414 7
42070 47532 7
6829 32779 7
1544 11853 7
15305 18458 7
10900 43551 7
42568 47794 7
12824 14210 7
9190 21009 7
19688 32581 7
3995 8301 7
33972 44205 7
20246 29169 7
34056 36973 7
5537 18137 7
5507 39102 7
2019 7195 7
42090 45020 7
25594 47879 7
31741 38933 7
2033 16631 7
5256 8300 7
20165 44239 7
39478 42019 7
5315 11412 7
19528 22816 7
6463 23793 7
39686 45512 7
8209 30401 7
5630 5840 7
25261 25754 7
22787 47474 7
5127 7186 7
12938 27654 7
13851 17384 7
3784 8899 7
12942 36521 7
4141 19866 7
3314 17631 7
6973 15001 7
17065 23047 7
3169 9303 7
8207 46913 7
17936 28968 7
1094 1509 7
179 27036 7
23678 43030 7
685 32834 7
15387 23902 7
3802 21087 7
1092 25669 7
13863 30435 7
987 8828 7
1581 37653 7
23699 36900 7
6464 16754 7
397 10319 7
6964 8676 7
22753 24175 7
23744 45969 7
34300 36281 7
8063 20223 7
8212 9807 7
10967 12206 7
22754 24834 7
19818 40367 7
17013 40312 7
41832 46909 7
5332 11486 7
473 41128 7
25925 33248 7
13839 14022 7
36852 46138 7
23750 43909 7
2366 21907 7
12936 38473 7
36857 41718 7
25475 42960 7
10746 29259 7
234 8421 7
17029 40004 7
6986 21958 7
10676 42207 7
31799 43578 7
11943 40979 7
17051 24227 7
34308 40028 7
20096 42442 7
19811 41994 7
20507 28020 7
20504 26677 7
5600 30100 7
12059 44289 7
14146 19016 7
20130 42928 7
20129 44035 7
5189 19841 7
12071 15659 7
3300 6749 7
27937 39464 7
6905 17984 7
655 7427 7
2447 2538 7
31845 32175 7
4103 37132 7
5178 36492 7
2448 4541 7
6921 33247 7
3814 49336 7
6586 12493 7
1563 42708 7
12058 28622 7
1512 17043 7
12029 34113 7
4093 17701 7
29239 47126 7
2938 30903 7
1431 2576 7
31635 36521 7
34378 44044 7
39632 44027 7
42606 46551 7
29226 46679 7
20366 38937 7
683 24507 7
17927 36616 7
34093 47469 7
10128 26483 7
31852 42301 7
10949 23127 7
1989 5572 7
8204 43846 7
31588 38529 7
13875 16563 7
11791 41862 7
20457 29622 7
44816 49100 7
6950 12933 7
8087 14458 7
684 14268 7
12712 44953 7
20085 40927 7
4125 22645 7
613 7352 7
6938 45428 7
44187 46036 7
2400 3477 7
6489 45605 7
3301 11245 7
22838 40746 7
402 4278 7
41935 42539 7
452 5306 7
12928 37368 7
13891 16567 7
29121 30907 7
10041 14960 7
9738 30839 7
18971 39206 7
4754 4933 7
5924 17921 7
5924 43631 7
9505 19439 7
26827 45179 7
10 25836 7
18522 44772 7
21342 24281 7
1742 46918 7
24610 47045 7
7512 29991 7
1228 45185 7
5932 6321 7
1306 11569 7
27419 36527 7
1866 5968 7
3592 5599 7
14519 49400 7
4426 4988 7
10501 14996 7
22141 43415 7
7481 11035 7
18989 34845 7
8552 26471 7
18988 31220 7
1224 17241 7
24251 32112 7
30217 49829 7
329 474 7
32848 42909 7
24263 47381 7
27433 46239 7
1871 26744 7
40432 42723 7
8713 14374 7
38345 45536 7
16230 18428 7
16163 28163 7
26889 35174 7
1861 21131 7
22065 29377 7
26896 47751 7
11246 19297 7
4719 29219 7
11472 19757 7
21442 27951 7
2733 19985 7
4723 36402 7
18573 27816 7
18573 36532 7
30775 35917 7
26926 28516 7
26931 41899 7
1761 18536 7
10481 30840 7
1233 6625 7
4461 36601 7
13475 36156 7
22079 28055 7
7522 41592 7
15819 38838 7
26845 39831 7
15822 36225 7
13480 49936 7
18944 43289 7
26866 33717 7
9733 35416 7
7479 25485 7
11482 26228 7
13453 47238 7
4726 23166 7
11243 46693 7
15835 23634 7
13221 28613 7
18564 21323 7
4724 15034 7
22252 31618 7
11195 12001 7
21167 40417 7
36349 41657 7
2567 17150 7
15 20703 7
1333 13903 7
8757 10210 7
27499 37039 7
339 37717 7
30100 32672 7
1210 32164 7
9471 29330 7
4807 11936 7
16327 27033 7
1890 8749 7
14480 33248 7
19044 27152 7
2271 12880 7
2800 13964 7
19085 29740 7
21154 25725 7
2829 48285 7
344 639 7
7861 28659 7
5850 35113 7
1206 48337 7
30097 39357 7
1338 15485 7
31010 32353 7
26697 27798 7
3447 29760 7
3449 3729 7
16355 43555 7
3450 5661 7
35355 47332 7
5864 33512 7
4364 46112 7
8530 36024 7
15775 44835 7
10510 19616 7
4776 6827 7
6196 14507 7
38403 44146 7
2148 13311 7
43159 43599 7
9756 32873 7
7469 10522 7
27441 28823 7
6206 7096 7
22168 42538 7
2771 3227 7
1319 36084 7
27440 29007 7
4774 11651 7
28790 36490 7
30188 43052 7
3468 14740 7
2586 14841 7
19043 30115 7
1720 4341 7
16319 30047 7
24693 32269 7
27463 41185 7
7429 10041 7
26704 40467 7
3455 40455 7
6217 43187 7
7435 29395 7
6134 24589 7
13167 28996 7
6213 45125 7
41323 43606 7
745 28444 7
4789 8043 7
4391 17254 7
4788 16319 7
3628 19058 7
35929 45438 7
13293 39398 7
18813 19684 7
21676 48402 7
16034 48032 7
6020 44386 7
9674 20131 7
6071 8787 7
14647 23279 7
14580 42725 7
3558 18585 7
3522 5450 7
7650 11712 7
15905 45598 7
49110 49636 7
21890 29096 7
36082 46719 7
24477 25305 7
8656 12828 7
4528 9319 7
4628 6583 7
1834 44534 7
1834 2836 7
2219 43488 7
6013 10005 7
24527 25989 7
48603 49588 7
35856 41445 7
12333 46481 7
11387 13432 7
1261 15760 7
4624 16298 7
2678 21142 7
4623 17338 7
4511 6893 7
4511 24977 7
4511 31214 7
4619 46270 7
8610 36163 7
0 4687 7
3542 35952 7
30533 33823 7
10431 11382 7
1266 36450 7
38145 41180 7
3530 18635 7
27218 38084 7
1267 3726 7
30520 46435 7
24414 28675 7
4546 46481 7
542 23482 7
21804 26360 7
30472 41914 7
2647 11398 7
299 412 7
15975 41021 7
3536 21297 7
0 1 7
2642 31922 7
18706 30973 7
36073 39385 7
30439 39564 7
8655 9680 7
24410 37526 7
292 28171 7
30447 36486 7
7659 38175 7
139 1728 7
6011 33618 7
1802 47393 7
11349 29258 7
36000 41980 7
21761 35445 7
27186 37547 7
18730 32613 7
8642 31616 7
3529 22228 7
4685 7543 7
10472 16598 7
2613 2633 7
7579 24755 7
2716 37803 7
28747 43939 7
827 35676 7
1242 4122 7
18889 30710 7
5981 25006 7
2719 29724 7
3577 40675 7
4681 12087 7
7588 12855 7
319 493 7
8589 21332 7
13408 17434 7
7750 16290 7
10468 36879 7
11447 31654 7
35710 48684 7
11466 37096 7
323 29135 7
16142 26772 7
5960 7367 7
35669 49944 7
7765 19073 7
18582 27385 7
26955 29874 7
16132 36751 7
4487 9704 7
43258 44954 7
14705 20663 7
35722 41742 7
4698 14295 7
5967 17413 7
4692 24837 7
279 10994 7
8689 13335 7
4639 34282 7
18659 29864 7
24372 35639 7
38032 44659 7
16059 45705 7
21960 28859 7
4502 26585 7
27076 29634 7
775 42569 7
143 2559 7
11423 18753 7
7623 33100 7
27076 35716 7
10413 41109 7
30358 45769 7
30361 32205 7
6011 30139 7
2687 15916 7
48513 49335 7
773 2324 7
30320 38947 7
136 1068 7
12385 18011 7
6110 6477 7
3497 40740 7
30322 40678 7
18849 42714 7
4657 26851 7
28727 29790 7
26764 39767 7
2696 17969 7
24366 39829 7
8596 19692 7
13257 49756 7
1777 48011 7
1778 6808 7
4653 34294 7
10465 13640 7
3649 12249 7
7221 14081 7
3425 14322 7
22304 22982 7
32583 42407 7
27657 29447 7
888 20404 7
28886 39079 7
164 36211 7
1673 12354 7
9407 20607 7
11151 25001 7
13599 38244 7
16598 38675 7
12229 37690 7
10560 16798 7
24876 35030 7
9840 22428 7
29969 40233 7
16430 32977 7
4944 10816 7
20907 37271 7
7886 18677 7
9407 14145 7
11617 37837 7
31230 46581 7
1932 5172 7
3686 9164 7
38528 48216 7
21086 27222 7
8800 23150 7
11590 20644 7
26411 31168 7
7880 42289 7
588 1378 7
10343 43622 7
10309 18849 7
21083 38101 7
2882 3644 7
8818 29879 7
16652 27527 7
2853 17656 7
7367 12256 7
6260 45189 7
4925 5568 7
587 29687 7
14788 42810 7
2877 4094 7
2527 14070 7
28881 48358 7
4278 12386 7
12218 36705 7
7335 12212 7
8813 15181 7
499 743 7
13100 15771 7
46814 47912 7
20929 23971 7
4890 21600 7
9407 13844 7
28 74 7
12471 34527 7
2287 28281 7
27622 33325 7
14815 49898 7
3412 49301 7
916 31678 7
19178 34463 7
27578 43753 7
37814 38131 7
2526 43141 7
2870 5909 7
2910 15434 7
3377 21115 7
6266 48792 7
12501 20107 7
1189 8318 7
19150 41967 7
7237 27934 7
11111 12339 7
13603 17489 7
4938 25619 7
14807 17118 7
2170 5479 7
3687 18558 7
8795 29835 7
42942 46729 7
3692 40999 7
24795 28893 7
21021 37178 7
10315 48119 7
41451 49653 7
40130 44878 7
8502 22293 7
4278 4680 7
10350 49801 7
5842 9450 7
12518 18431 7
36480 38292 7
7394 36236 7
1701 2262 7
30076 36576 7
2558 3014 7
8826 33448 7
2557 41395 7
4850 12976 7
19112 26600 7
20959 44348 7
11172 11361 7
24830 29879 7
1341 32273 7
8476 23296 7
27524 44554 7
1655 4160 7
10347 21859 7
7264 35746 7
23946 45286 7
36388 47278 7
29921 48691 7
26279 28397 7
8451 39206 7
7280 48362 7
6342 43364 7
35148 39670 7
1184 31694 7
36388 43226 7
2896 13264 7
40280 42431 7
19232 43388 7
1204 15967 7
18168 31051 7
24046 38896 7
35147 49387 7
487 10151 7
13137 36353 7
16578 29283 7
43812 46181 7
18153 29538 7
22382 45705 7
4921 26185 7
16533 17775 7
27593 49357 7
884 5212 7
24747 47161 7
265 43592 7
19242 32614 7
6350 14055 7
9453 18130 7
7210 34694 7
20979 33147 7
32549 47281 7
19209 37252 7
4312 10131 7
19229 26077 7
364 459 7
14863 17330 7
18345 48795 7
22379 41844 7
31062 38136 7
35026 42198 7
28515 33692 7
9370 12730 7
19291 40047 7
16559 18029 7
41494 42991 7
14865 43119 7
26368 28348 7
26296 32327 7
591 1357 7
14851 44975 7
44450 48773 8
18894 22307 8
12569 14340 8
8305 14990 8
24989 28768 8
6094 13075 8
480 47227 8
8296 46078 8
5477 16642 8
5506 33933 8
3347 19456 8
38734 48916 8
1286 1451 8
3255 9898 8
492 8077 8
5987 45075 8
38004 45240 8
6112 36882 8
6581 31953 8
18640 35763 8
8995 30570 8
10259 36561 8
3574 15962 8
14686 28295 8
33208 47386 8
18224 40139 8
18849 49059 8
10595 12720 8
6106 34595 8
24852 25980 8
28375 44320 8
6095 12467 8
33703 48550 8
6003 20353 8
32129 46975 8
5482 28850 8
5773 9723 8
2137 42541 8
5983 40551 8
3392 27558 8
44012 48612 8
2298 8508 8
43818 48006 8
29255 31370 8
2244 2602 8
531 14352 8
1097 1254 8
9027 14997 8
8834 12436 8
18768 43039 8
8277 9689 8
5744 30598 8
1082 28013 8
1082 32179 8
3544 40890 8
25359 28772 8
14891 30262 8
17672 35346 8
14893 32652 8
1374 39448 8
1081 45690 8
6061 9623 8
19286 35761 8
14902 18769 8
18710 29554 8
17674 22357 8
14358 46710 8
23992 40249 8
3373 11422 8
19851 39528 8
25346 35092 8
8818 48393 8
5718 23723 8
14875 42009 8
8450 23137 8
28410 37713 8
3538 7306 8
38142 42665 8
3538 16957 8
2069 3919 8
8635 24346 8
6356 30573 8
24424 24885 8
12750 34996 8
43350 45776 8
14879 28814 8
17681 41402 8
24446 38928 8
24924 27582 8
10101 11144 8
1168 13083 8
12744 14182 8
42412 42874 8
28654 31681 8
14619 48493 8
10432 25622 8
12740 29341 8
19884 35805 8
6360 42107 8
28390 28527 8
18681 30822 8
8407 21032 8
19367 33547 8
19370 22836 8
1386 17326 8
14669 21529 8
5706 18036 8
3731 39865 8
1462 11082 8
18226 29969 8
23486 36350 8
18675 35382 8
19822 33841 8
6320 40599 8
1367 13396 8
6084 7446 8
33689 36295 8
18824 26474 8
1284 18722 8
39079 45510 8
19390 36209 8
32125 33030 8
3250 13751 8
6589 37993 8
10128 15150 8
24391 43073 8
17687 27600 8
14580 47255 8
5451 29611 8
14646 48524 8
8286 8495 8
6025 8683 8
18791 38124 8
6067 32492 8
34138 43420 8
534 16699 8
9014 15793 8
14374 27184 8
24373 42856 8
2144 10963 8
37318 48441 8
24388 41087 8
91 44278 8
14353 17441 8
2143 2536 8
14860 30597 8
3519 5246 8
18685 29161 8
43856 49551 8
14577 20768 8
15008 27302 8
3464 42896 8
1325 3215 8
8355 24466 8
8934 25477 8
32281 47473 8
3430 8666 8
567 4051 8
3322 4003 8
8929 10360 8
6210 8777 8
1215 46320 8
6503 7163 8
10688 20472 8
8925 37723 8
12451 36202 8
37487 38903 8
6499 11585 8
24187 38766 8
8749 23097 8
1328 10820 8
14303 48528 8
6445 43584 8
32705 38929 8
12273 33328 8
24678 48243 8
3456 30495 8
1411 10925 8
14783 33388 8
25139 42332 8
24232 47491 8
28864 44920 8
1314 46945 8
8883 19353 8
37562 40891 8
18478 43718 8
8345 14372 8
5901 29243 8
606 3799 8
3425 6156 8
14232 30248 8
33323 47307 8
33327 39979 8
10375 13122 8
18424 45465 8
14498 37591 8
8512 49753 8
17999 40830 8
28801 32599 8
19606 30105 8
5585 9560 8
19605 35911 8
1347 9696 8
25130 25548 8
18337 40148 8
3430 3955 8
19130 35492 8
24649 43876 8
10363 16109 8
8366 10106 8
37875 43789 8
125 1169 8
18400 38641 8
5623 7977 8
28832 34034 8
33820 47587 8
32325 47476 8
3777 34043 8
176 9483 8
3778 37074 8
176 12187 8
43095 46381 8
17981 38394 8
8775 18615 8
472 9607 8
12456 20808 8
8763 49164 8
32346 46877 8
18377 24935 8
12088 20657 8
1417 1896 8
32354 38920 8
33808 37020 8
28521 30428 8
28848 39781 8
8896 33155 8
14984 26912 8
17921 28815 8
32289 46752 8
6448 24751 8
3771 26386 8
1130 1172 8
10203 24865 8
38476 48630 8
5649 36424 8
3303 21550 8
19568 22223 8
1329 3009 8
1343 45902 8
28340 41242 8
25097 39976 8
32841 48057 8
19117 28725 8
17925 35037 8
14769 39593 8
6481 14287 8
14769 48883 8
8756 23156 8
12454 34501 8
43633 48139 8
24175 30258 8
6233 20651 8
3319 3725 8
8530 46023 8
3803 32483 8
8799 42179 8
19724 37767 8
14835 44003 8
43787 44614 8
2251 39124 8
19407 19623 8
479 15123 8
34006 42251 8
1106 31755 8
14708 33648 8
24301 24540 8
3846 8596 8
1106 40258 8
44367 44694 8
12686 17059 8
8695 45356 8
18037 37999 8
5792 41445 8
5523 24639 8
12307 27043 8
6285 13578 8
10154 16634 8
39018 48548 8
159 8037 8
19703 38257 8
3482 47706 8
580 46071 8
8397 14100 8
18939 48953 8
19736 36335 8
624 40985 8
28914 44884 8
5967 17497 8
10472 43741 8
24832 47601 8
2250 16922 8
1238 13965 8
2093 18152 8
19740 32384 8
28221 33953 8
145 5506 8
6127 8530 8
33241 36639 8
23540 26668 8
8973 17941 8
24309 42305 8
3847 6402 8
3339 5279 8
37980 45762 8
18582 22684 8
6409 47156 8
12199 18255 8
494 43576 8
6133 8843 8
28900 33054 8
18045 35412 8
18920 28124 8
8801 27890 8
3419 14765 8
5925 22289 8
6537 33681 8
12663 29134 8
18512 38333 8
14514 25041 8
6535 21647 8
28580 28837 8
6168 34737 8
23609 43545 8
5921 18403 8
618 16372 8
2327 4224 8
14412 45701 8
43025 44092 8
2286 25682 8
8339 16443 8
24267 42368 8
1351 36457 8
1436 3871 8
19457 36372 8
5915 18084 8
12051 24620 8
183 2776 8
8714 12428 8
14743 47471 8
1120 3149 8
10388 47687 8
1407 1652 8
28241 39964 8
1400 5966 8
24801 39638 8
3668 18530 8
8572 12314 8
580 21428 8
32650 40227 8
620 40003 8
28762 38301 8
18953 37644 8
19425 48677 8
3412 12471 8
14206 17676 8
28474 40154 8
1152 45596 8
28244 43814 8
1111 32669 8
18304 26857 8
8788 31720 8
14812 25506 8
6541 44374 8
28770 41987 8
6432 14247 8
8564 29104 8
8956 9899 8
8709 40911 8
2128 2713 8
10710 43128 8
36484 44352 8
723 3567 8
20943 46844 8
4923 30395 8
35117 38550 8
46614 49723 8
2898 10876 8
35134 45287 8
9410 26747 8
11599 30443 8
4918 5384 8
2893 17801 8
16569 38812 8
31182 46661 8
41498 48724 8
15625 22859 8
27603 44503 8
41474 48386 8
7919 10381 8
2537 23838 8
7293 32240 8
26401 44634 8
16530 19461 8
36470 39952 8
4904 27038 8
2521 14322 8
35028 35402 8
27679 46218 8
11082 45395 8
26310 46964 8
7212 37845 8
11618 19382 8
4953 26331 8
13666 41491 8
13664 24104 8
7224 11022 8
2520 6292 8
1917 2346 8
1931 1953 8
20908 32503 8
254 729 8
360 524 8
4275 40148 8
26344 40598 8
1926 17306 8
4282 6667 8
1673 2703 8
2903 15131 8
20940 49295 8
31072 36077 8
22313 33588 8
261 23768 8
16429 34811 8
349 38497 8
16421 20617 8
16409 20228 8
13123 23759 8
1903 14327 8
262 43563 8
36409 40661 8
7374 48860 8
7892 14770 8
27535 35257 8
735 32293 8
883 3646 8
15709 35499 8
21094 21326 8
21107 26809 8
26574 46990 8
36393 45547 8
346 21107 8
7391 48696 8
736 16526 8
16491 36084 8
35170 49589 8
16510 29262 8
27584 49095 8
35179 39630 8
15634 20975 8
35181 39405 8
7314 9403 8
35195 37192 8
30022 42231 8
2875 3987 8
35198 41108 8
41542 45944 8
30022 44812 8
41471 48067 8
16489 25248 8
9828 31085 8
4892 13601 8
730 1048 8
26460 30647 8
731 45992 8
2545 34260 8
4326 5685 8
16454 37464 8
7103 18627 8
5062 28778 8
26067 45638 8
16898 19598 8
7083 35885 8
26075 35293 8
7089 18508 8
8004 38271 8
953 20708 8
22615 44499 8
7099 11522 8
13019 27075 8
7070 13520 8
27808 28180 8
11702 45094 8
5036 37607 8
22601 23771 8
708 1167 8
34902 35109 8
2976 28047 8
20729 27013 8
1626 25339 8
31377 46382 8
22590 25789 8
3008 13841 8
9252 23057 8
16976 18096 8
7028 27076 8
16976 17077 8
25959 32384 8
235 2802 8
7032 33094 8
2469 22778 8
5088 28910 8
15442 19763 8
16949 18472 8
1628 21534 8
39753 41362 8
8040 21272 8
12975 16739 8
20616 33801 8
12975 20537 8
4183 16985 8
29804 42448 8
4188 7094 8
9281 42088 8
703 8000 8
15475 34849 8
4973 25013 8
4979 26094 8
7951 48449 8
932 4144 8
29909 30366 8
29910 38639 8
20845 48171 8
22484 27836 8
4256 16585 8
13062 48096 8
27703 30889 8
4258 19767 8
22516 33897 8
22471 24588 8
20862 22847 8
1656 46608 8
16673 43218 8
22461 24110 8
2511 39873 8
4959 7383 8
4264 26125 8
2926 8094 8
928 2988 8
11631 47755 8
7143 39526 8
39886 45773 8
22580 28760 8
9879 21956 8
39895 45790 8
15523 32749 8
13756 36685 8
1633 30349 8
9875 30720 8
13029 29430 8
372 44276 8
1637 42831 8
1898 14970 8
39948 46334 8
26198 28950 8
9867 15155 8
1946 17622 8
11060 18302 8
4991 8922 8
41619 47709 8
4236 15168 8
34960 42214 8
4982 41190 8
4240 7189 8
11428 45813 8
7748 44209 8
9581 21972 8
4660 13584 8
9582 21819 8
2701 6679 8
36147 45418 8
4657 9997 8
35800 37159 8
36141 37744 8
27329 48187 8
21588 27398 8
21982 26042 8
4492 46649 8
9701 26589 8
21968 33406 8
16070 44172 8
16069 17287 8
11420 37075 8
775 17004 8
21954 29979 8
314 8012 8
11303 41227 8
13281 49587 8
4690 47063 8
15863 47898 8
21471 45267 8
35713 46566 8
4468 48851 8
22027 41038 8
2610 4993 8
13238 13864 8
2610 30387 8
41146 43883 8
4473 15339 8
13410 35342 8
312 7242 8
30299 33148 8
22013 36245 8
769 48124 8
7583 32825 8
13409 15822 8
16111 16369 8
4684 36277 8
4676 25759 8
11266 19299 8
21538 25778 8
11442 20048 8
21787 49460 8
13351 49188 8
27264 46907 8
2663 47900 8
27262 35379 8
15937 17052 8
2644 3157 8
21766 32250 8
40797 49497 8
7671 47862 8
4577 5187 8
40905 41373 8
1821 7305 8
15991 22166 8
15947 31140 8
13341 42906 8
794 3240 8
9639 18037 8
21794 41338 8
1810 37472 8
15984 25739 8
15963 27536 8
7696 28881 8
21821 35284 8
21700 31653 8
41036 47586 8
9688 36129 8
2684 33362 8
41025 46429 8
27104 34657 8
7726 15264 8
30389 33045 8
15897 18567 8
287 1970 8
27291 48024 8
780 42970 8
768 1565 8
27135 34462 8
15901 25553 8
2 4282 8
15901 32560 8
15903 16094 8
27285 35796 8
7651 24645 8
2640 8183 8
27277 28680 8
27167 35569 8
27275 40486 8
13530 30414 8
22217 40586 8
4800 36909 8
744 22736 8
21219 23827 8
22211 23280 8
26728 29351 8
26728 39747 8
30155 33743 8
7450 47451 8
7830 11601 8
13181 26101 8
4381 14965 8
30178 30491 8
21260 47042 8
11491 44031 8
15771 27416 8
2584 11310 8
30884 45784 8
26778 39866 8
16263 16593 8
2768 6518 8
27435 44735 8
22142 47314 8
2823 47388 8
7870 10889 8
7868 12708 8
9781 11246 8
1707 4961 8
13572 39630 8
2562 9283 8
26608 49793 8
27515 42057 8
16357 44769 8
7854 9645 8
11185 44590 8
2766 22533 8
872 2334 8
26636 27151 8
22255 31722 8
7408 45759 8
9463 24928 8
36344 46533 8
13553 46635 8
16339 31826 8
35390 49431 8
16326 29449 8
4805 8810 8
11474 30357 8
4745 43784 8
21352 43495 8
27418 30056 8
4742 21748 8
4443 11323 8
11238 42993 8
30805 45726 8
9537 11490 8
16178 28699 8
22066 30852 8
35615 36281 8
4746 6024 8
4721 12304 8
13450 13546 8
2737 28058 8
13433 28620 8
35643 49190 8
16157 18044 8
22039 47111 8
48051 48185 8
21462 45095 8
9724 18062 8
15860 35981 8
27431 45905 8
7813 7924 8
16254 40699 8
22141 27280 8
21295 30833 8
757 840 8
30858 44125 8
2761 12853 8
853 914 8
15798 45621 8
47740 47853 8
4426 44691 8
6643 7678 8
9501 45659 8
4435 25962 8
7805 16620 8
330 42131 8
7804 33275 8
47803 49765 8
21338 34161 8
35556 41579 8
2750 12200 8
4438 4607 8
10 10615 8
20397 46508 8
3180 27627 8
17127 32785 8
55 26450 8
10938 49577 8
20429 21939 8
6935 26644 8
5164 17120 8
17131 42561 8
12782 33215 8
12822 48488 8
39303 45368 8
6923 19670 8
9992 34896 8
39646 48301 8
9203 39285 8
1574 24878 8
13899 29350 8
12924 21215 8
20389 44814 8
8102 14212 8
25797 45120 8
20089 26038 8
22883 45061 8
5246 14343 8
23230 40644 8
10054 22249 8
3067 4237 8
2037 22219 8
9201 15214 8
20377 22503 8
11921 15251 8
23151 39348 8
685 17671 8
1066 1208 8
5144 20810 8
23287 32614 8
207 738 8
2455 4068 8
6764 19381 8
10862 16338 8
11790 22343 8
5144 20838 8
15186 43147 8
1579 37794 8
6825 13420 8
17535 28635 8
435 5511 8
15246 34586 8
29433 47455 8
34272 38931 8
23272 28790 8
17111 36022 8
25688 48126 8
20445 23643 8
6832 15634 8
2034 20869 8
17117 33834 8
25691 27525 8
23154 34502 8
25842 33198 8
6700 25335 8
25841 33508 8
2401 42229 8
25755 25792 8
34551 36713 8
23003 37818 8
1549 1936 8
3097 4306 8
5224 9868 8
22985 42444 8
34347 39868 8
3981 13547 8
1049 22814 8
9977 15205 8
6853 8205 8
34583 36765 8
1515 1936 8
2401 34371 8
15244 21212 8
25538 35235 8
9111 15730 8
672 6168 8
3151 22202 8
36955 47474 8
25727 26983 8
3986 24351 8
5226 14841 8
14000 37729 8
39358 43403 8
23191 25733 8
25738 40754 8
31830 49915 8
6854 21582 8
9166 9747 8
9103 39123 8
12801 45794 8
31866 32773 8
4097 7310 8
3169 40946 8
31863 34228 8
22900 48043 8
36929 47123 8
20122 31961 8
25771 34312 8
20367 29746 8
17190 40851 8
1017 45896 8
15335 20267 8
36944 44480 8
401 1947 8
5212 6538 8
78 8909 8
23211 39390 8
39531 43112 8
8197 40110 8
1042 1415 8
17469 29056 8
15331 36460 8
11937 33075 8
22945 41851 8
8119 31675 8
17227 41434 8
2007 7741 8
31851 44792 8
6803 17112 8
16998 18378 8
3932 36520 8
15146 32864 8
15404 32185 8
14058 35326 8
4032 48811 8
34218 35184 8
5391 34044 8
16993 49957 8
3123 3623 8
6775 24015 8
20241 25707 8
4149 45463 8
3028 12947 8
17382 29286 8
1974 16283 8
5374 14844 8
5380 20990 8
16990 46477 8
9055 11356 8
20218 27380 8
4154 23426 8
29523 45227 8
9124 11997 8
23143 26629 8
17354 29164 8
31755 44704 8
20512 23548 8
2383 4895 8
2460 45101 8
29520 39286 8
5121 29577 8
25938 39292 8
10783 24221 8
975 21304 8
2381 5469 8
31752 36644 8
4032 26360 8
17592 20778 8
37071 44843 8
8156 43862 8
10886 28349 8
25884 36858 8
10887 35516 8
6675 44995 8
1541 37325 8
9252 19546 8
20479 31543 8
83 284 8
422 1527 8
2464 22323 8
22804 27408 8
399 6019 8
15297 44160 8
22722 38348 8
4045 9444 8
17026 24839 8
20464 29309 8
25448 42884 8
5250 40437 8
5408 13058 8
690 2210 8
15303 33618 8
23150 24829 8
53 31358 8
31941 40299 8
17071 26177 8
8237 13691 8
4007 38531 8
25871 37384 8
1076 25619 8
15291 45092 8
45798 46690 8
23370 38663 8
12755 29205 8
12853 28448 8
17073 17293 8
37264 38432 8
687 9002 8
31950 43903 8
31796 46868 8
5405 7731 8
1973 49178 8
32768 37038 9
24269 25039 9
13954 31490 9
2192 2508 9
13537 16060 9
10149 27178 9
3626 37028 9
21249 44072 9
30830 31555 9
3857 30378 9
3593 8977 9
30828 35882 9
19767 20880 9
510 5217 9
21236 44743 9
14160 40873 9
4388 33230 9
1723 3516 9
31795 45999 9
41315 46853 9
19042 22325 9
9735 44761 9
13199 29861 9
13510 19055 9
18974 31467 9
43174 43891 9
1520 5281 9
32143 48114 9
22127 26206 9
14505 47331 9
29209 41316 9
2093 15609 9
9499 9717 9
30190 36632 9
1740 17859 9
9120 35083 9
4756 20640 9
5902 18677 9
5293 23037 9
1736 47639 9
41290 45068 9
12433 24092 9
5273 42226 9
20165 33427 9
19005 37043 9
3614 13796 9
3612 8036 9
19002 38425 9
2033 5776 9
13193 17577 9
4008 14316 9
14491 38225 9
1307 48381 9
13495 18477 9
1732 44055 9
28774 44911 9
18966 37202 9
5513 6685 9
5305 14618 9
9507 46452 9
38401 39162 9
9115 42542 9
4779 20482 9
24208 26487 9
19740 34383 9
42524 49570 9
422 518 9
214 563 9
1519 25639 9
8712 11652 9
9498 14808 9
3991 38109 9
148 33573 9
12424 21478 9
9745 41985 9
3894 7590 9
2055 2540 9
28702 44286 9
4617 9993 9
19859 44985 9
40991 49973 9
21684 23217 9
28694 39032 9
29401 31712 9
1468 11483 9
1793 40862 9
4607 49182 9
12735 46791 9
9618 12722 9
19867 24646 9
21713 46870 9
2223 7386 9
3558 44543 9
29414 29535 9
4646 25247 9
4503 7927 9
42459 45826 9
19850 29918 9
9070 18809 9
23304 44753 9
9683 25192 9
21714 42742 9
3891 5641 9
9609 44044 9
41011 41545 9
18816 18908 9
18813 43083 9
21925 24249 9
9615 45002 9
19906 23133 9
14073 40159 9
30539 38113 9
19959 29141 9
30452 33106 9
6036 11929 9
21844 23657 9
441 45879 9
5399 47802 9
1804 6639 9
9046 45848 9
302 47389 9
6040 13000 9
4557 42936 9
6044 7047 9
29337 49263 9
299 12512 9
9062 24075 9
40772 44222 9
3928 36400 9
202 2108 9
21737 37811 9
24400 25087 9
141 29254 9
19984 28566 9
5383 19799 9
1466 26320 9
29374 42298 9
9629 17062 9
2074 38085 9
21862 28072 9
40795 42198 9
4541 6278 9
1484 6396 9
22026 36198 9
1854 5589 9
1299 7418 9
9108 37509 9
5964 15961 9
14004 27531 9
212 3417 9
20121 41048 9
14011 25034 9
22031 31460 9
3868 22845 9
4694 4754 9
4689 21353 9
5972 35893 9
319 10223 9
3968 24291 9
38267 41809 9
12393 32471 9
1753 38525 9
9525 24513 9
14527 20030 9
3860 33529 9
5946 14730 9
1302 26119 9
8697 22549 9
4459 13222 9
39095 49211 9
1459 3603 9
9552 18661 9
2206 8225 9
13432 24952 9
8696 16095 9
21452 43930 9
18920 48522 9
29433 38906 9
1500 39627 9
41107 43040 9
4662 7445 9
9007 17405 9
5343 35814 9
20075 23878 9
434 565 9
9013 45449 9
4665 30996 9
6000 14673 9
9587 48732 9
28721 29779 9
1465 8910 9
9697 30284 9
2217 7610 9
14572 35069 9
14525 32468 9
2082 23289 9
9710 15532 9
318 2030 9
4675 17462 9
2212 11349 9
14564 32164 9
12788 28301 9
3574 4409 9
9710 27753 9
13246 16716 9
24347 40848 9
22008 30662 9
12719 49117 9
30304 34462 9
5330 39240 9
5721 28415 9
13738 16202 9
1385 16409 9
4232 18961 9
9868 13798 9
23905 40441 9
1947 13685 9
12627 34392 9
2144 15925 9
41626 41671 9
10279 28980 9
4991 8091 9
19344 44053 9
9219 49030 9
23677 43421 9
9343 37851 9
9863 13625 9
9345 18817 9
22524 47764 9
4135 26240 9
13021 13850 9
471 1139 9
1389 26661 9
5700 19827 9
5026 6186 9
1584 3952 9
20738 30003 9
1389 20263 9
22790 48153 9
5611 35843 9
10272 14327 9
5141 15076 9
470 34872 9
3801 5690 9
23892 27907 9
5619 35726 9
29868 48556 9
32488 42319 9
1371 35998 9
12633 16293 9
1376 42665 9
23971 28683 9
22861 23795 9
403 40626 9
13065 34472 9
363 780 9
20895 27071 9
404 11009 9
31614 37366 9
13657 34561 9
23657 33970 9
12643 25189 9
14376 42674 9
3697 49210 9
9386 37667 9
38580 44384 9
12508 33456 9
9362 17916 9
4245 5378 9
32506 49058 9
22495 22840 9
4978 28662 9
5156 40307 9
29109 47989 9
5159 31150 9
28971 46656 9
20495 42307 9
9851 26571 9
19572 30431 9
4116 15611 9
29116 42302 9
23949 42326 9
23952 42893 9
29936 47371 9
5166 6511 9
14315 33672 9
1404 17395 9
2127 22638 9
389 1423 9
22680 24827 9
19442 39843 9
5111 17402 9
12957 18922 9
20521 30661 9
1610 1651 9
393 1599 9
23814 33453 9
5681 28252 9
4191 10209 9
239 29060 9
12956 31468 9
8863 47334 9
32371 41548 9
9285 47905 9
12603 18959 9
1595 20903 9
39725 42249 9
8888 26288 9
32415 37987 9
4167 49370 9
3763 5385 9
13818 32702 9
22706 27197 9
8857 23747 9
19464 37771 9
20572 24507 9
9919 40403 9
10222 35426 9
20573 20868 9
5107 28956 9
22691 40001 9
10239 44238 9
29841 35818 9
8896 10809 9
31546 44850 9
9932 20123 9
38713 44755 9
29839 44350 9
1619 11824 9
19518 47217 9
9883 18890 9
13770 23263 9
1616 30392 9
5124 7869 9
22774 30069 9
13769 41856 9
244 1063 9
20721 23668 9
31381 49316 9
20723 49859 9
1392 36241 9
22623 36004 9
31436 32684 9
41753 49030 9
3750 8264 9
5687 42460 9
20676 48439 9
9928 25090 9
9891 41824 9
13008 47972 9
9955 29856 9
9888 13873 9
9288 48764 9
1615 9459 9
19403 26855 9
22616 23134 9
1959 2279 9
13845 14130 9
29085 31932 9
14199 14280 9
4854 24940 9
28857 39843 9
4347 33705 9
40256 45897 9
19122 43915 9
8775 33944 9
12864 13170 9
14205 48934 9
9790 18865 9
13952 19505 9
9786 24996 9
13955 24544 9
32721 42904 9
42560 48654 9
28852 39425 9
9449 17145 9
22271 33612 9
19097 37650 9
31089 39086 9
21058 33125 9
1545 5106 9
1441 17487 9
9801 12392 9
19664 32775 9
21064 21484 9
23584 39453 9
4860 36339 9
1696 2404 9
14454 25410 9
32689 35662 9
38486 47725 9
32695 45494 9
23025 23718 9
5827 45602 9
9435 22958 9
40248 46318 9
19670 34097 9
14480 36367 9
1331 18072 9
22249 35676 9
188 356 9
29564 34948 9
9775 44946 9
30139 33096 9
5264 29317 9
4023 18266 9
4380 44209 9
4368 9000 9
8750 30831 9
339 5407 9
339 2966 9
21211 30700 9
13980 33101 9
1722 3976 9
5882 31700 9
20211 36315 9
1710 23541 9
40293 44141 9
28846 42607 9
31743 31836 9
4818 27900 9
31746 40867 9
19079 49942 9
4028 45526 9
155 16251 9
32682 39889 9
5522 23793 9
31762 37959 9
1533 2670 9
4027 26914 9
21170 31142 9
30996 37305 9
41352 42132 9
13162 14706 9
2164 2808 9
31162 45809 9
3822 49379 9
223 991 9
9179 45582 9
3679 35896 9
9410 30471 9
30010 34949 9
5222 46462 9
13624 47108 9
32247 39896 9
4910 49588 9
32622 41406 9
9412 21940 9
5573 27369 9
1680 8414 9
9831 48284 9
29633 39750 9
1434 32626 9
9195 19387 9
12920 44018 9
20918 40373 9
1927 7631 9
12499 34796 9
13076 14601 9
19262 26222 9
29978 37034 9
31642 32342 9
31147 31898 9
1560 28155 9
3683 7201 9
29986 42785 9
1364 11204 9
22937 29853 9
4922 17423 9
12902 39252 9
14393 16196 9
22323 43016 9
20281 37523 9
30036 32290 9
9420 13963 9
13607 24042 9
5239 47769 9
10174 40400 9
4890 11251 9
12471 17212 9
30054 41906 9
14404 16885 9
4332 32114 9
14215 37841 9
19150 42286 9
4873 16107 9
13112 26299 9
12467 24447 9
5819 41241 9
14422 25084 9
353 41193 9
182 36358 9
29633 37350 9
9415 33456 9
38517 47320 9
20984 36269 9
42030 43723 9
4901 21398 9
496 34474 9
9129 27716 9
1685 16948 9
1916 4222 9
29147 40708 9
4064 4299 9
20994 49894 9
4895 24101 9
13943 40781 9
32225 47018 9
34719 45655 9
17012 29630 9
24910 26007 9
6987 42642 9
48164 49691 9
979 26484 9
25897 37190 9
3033 12416 9
17070 40827 9
6967 13971 9
6964 37072 9
8061 26767 9
15383 46646 9
6350 13378 9
34691 46189 9
2611 34820 9
8444 26660 9
27163 44995 9
7654 7794 9
14904 48265 9
17118 33657 9
696 24747 9
18240 41169 9
37763 40431 9
3391 8059 9
1182 27191 9
3389 41990 9
967 6342 9
7658 42662 9
8044 20266 9
33559 41708 9
992 4480 9
7038 23856 9
14854 49831 9
33574 49239 9
10972 31620 9
25964 34001 9
27853 27926 9
10970 18639 9
1179 11561 9
24874 47075 9
3340 14217 9
34637 45065 9
10635 17884 9
10927 24257 9
7722 32525 9
17189 49427 9
10919 28132 9
27152 33493 9
25770 40021 9
25769 46180 9
18058 40782 9
11340 49992 9
8409 33227 9
14941 28287 9
14943 26758 9
2441 4478 9
2324 8809 9
10651 19815 9
10912 27779 9
34589 36120 9
14968 31251 9
6375 19420 9
7719 29881 9
25836 43732 9
17128 40673 9
6932 22490 9
43950 44973 9
24943 49532 9
26982 30591 9
45611 48081 9
8096 47176 9
2999 34479 9
10938 32946 9
1162 5811 9
1161 31908 9
34652 37278 9
16114 37808 9
34649 41638 9
45575 46583 9
3351 16162 9
14922 24472 9
3438 20888 9
6246 10559 9
12256 22929 9
43616 43825 9
15842 39823 9
7665 17174 9
35645 48680 9
6249 15950 9
18364 19361 9
24725 38102 9
35648 49007 9
37 44934 9
34951 46957 9
33415 42594 9
34949 42472 9
24732 49837 9
3434 7421 9
37869 41883 9
11664 15355 9
15541 30806 9
2499 11611 9
27726 32133 9
7949 14219 9
27188 47767 9
569 6592 9
24708 33258 9
1208 5245 9
26912 33890 9
2273 4863 9
7961 28053 9
7962 47057 9
7980 25910 9
12262 49876 9
24716 39000 9
2660 44927 9
3447 8526 9
27733 31165 9
34960 47340 9
27737 49458 9
7975 20458 9
37 15208 9
7560 16214 9
11015 36633 9
24788 39207 9
16866 40616 9
2983 19535 9
11347 14223 9
11717 47519 9
8008 29982 9
18289 29578 9
26078 36543 9
8003 9932 9
14820 47838 9
7083 22419 9
26068 41266 9
10587 21306 9
10995 37439 9
6300 14277 9
45986 48623 9
701 28472 9
34837 40796 9
26145 33451 9
8518 15315 9
941 22529 9
2952 14787 9
16795 18051 9
943 18032 9
12234 35977 9
16151 41525 9
41 377 9
710 1449 9
34584 37054 9
18324 38371 9
2970 8323 9
3420 3858 9
36665 37306 9
122 429 9
949 35848 9
7111 43591 9
26111 28296 9
121 1665 9
2691 32002 9
34253 40912 9
15167 16106 9
33976 42903 9
17556 43651 9
774 39846 9
621 36007 9
97 35729 9
8321 8502 9
25406 46350 9
37392 48542 9
15037 46205 9
28129 33556 9
623 10979 9
16073 46544 9
6557 9867 9
27322 46420 9
15144 48428 9
6560 37773 9
641 32466 9
12040 14606 9
15196 32232 9
25498 41868 9
12052 27748 9
12051 28531 9
25497 33055 9
617 41842 9
3284 11714 9
25462 26352 9
1114 35392 9
7634 23283 9
6562 45012 9
15193 36804 9
44768 49343 9
15190 23827 9
7733 33366 9
15036 40902 9
7746 10456 9
17831 24161 9
2349 7692 9
6543 27634 9
1085 6354 9
3250 16882 9
1081 24577 9
17724 20424 9
17661 44733 9
37301 43105 9
17720 22972 9
25252 45594 9
7736 15763 9
12025 36292 9
8277 25441 9
8271 29719 9
630 1363 9
8279 17806 9
25299 28044 9
25328 40370 9
15085 28036 9
2368 7503 9
15086 23814 9
25311 47281 9
10752 26799 9
10772 36952 9
17589 45543 9
1101 18381 9
44406 45070 9
8254 44698 9
17759 23915 9
639 34816 9
10780 11140 9
2357 10442 9
16057 20678 9
6716 37948 9
17611 24558 9
10734 17771 9
17639 27845 9
15113 29488 9
6640 35405 9
7736 18484 9
37339 39239 9
3213 5188 9
17727 46613 9
6450 30509 9
6835 30975 9
665 1132 9
34504 46016 9
27347 45449 9
3109 7573 9
14974 47127 9
1023 9625 9
6805 8902 9
11383 26486 9
25679 29134 9
1143 3013 9
8150 26156 9
8152 17467 9
8378 18608 9
15290 21237 9
37549 46727 9
8152 25817 9
6785 32223 9
12089 49024 9
25071 46854 9
18017 20925 9
6426 47409 9
8389 15570 9
6428 21667 9
2432 35058 9
10902 39642 9
25713 49998 9
770 2618 9
8388 16308 9
44038 44259 9
6459 25181 9
1017 3321 9
605 28949 9
17291 31490 9
6436 21551 9
807 45164 9
27990 33854 9
15870 19016 9
44052 46087 9
18009 22986 9
8353 19613 9
34396 37838 9
34382 45895 9
27018 38604 9
3300 43135 9
1041 2741 9
614 5123 9
25561 47714 9
16092 17353 9
33877 46626 9
8357 11581 9
34373 46363 9
34366 38628 9
17466 18339 9
2704 9927 9
17878 21476 9
3161 35899 9
8348 12566 9
2398 3898 9
25512 36470 9
6765 10019 9
17369 20087 9
45193 46847 9
17953 34492 9
25086 37002 9
25614 38202 9
25602 46113 9
1034 37416 9
7596 15093 9
17939 28775 9
2641 10304 9
3306 25067 9
1131 28649 9
34426 46961 9
25096 26485 9
34415 47511 9
28292 35144 9
8180 15057 9
36154 43099 9
28050 40653 9
24636 48275 9
1244 2371 9
14635 40231 9
16404 22314 9
27392 41358 9
2777 6163 9
7461 15456 9
24482 37498 9
858 17895 9
33323 34734 9
35087 35588 9
15942 28316 9
2237 7358 9
1226 2969 9
1247 43879 9
18645 25802 9
7251 30850 9
6069 35278 9
16280 46784 9
18482 22592 9
26352 37612 9
7856 22610 9
3466 28437 9
2763 32349 9
37970 46021 9
134 2397 9
27247 33562 9
28621 47040 9
12 9048 9
2546 9732 9
15791 38731 9
6070 46029 9
2555 14464 9
14749 28121 9
7929 33033 9
11587 38977 9
2577 30489 9
7475 42804 9
7784 8392 9
11107 15255 9
36467 43529 9
14744 28611 9
26658 38077 9
8611 10364 9
2897 15385 9
7408 25797 9
12336 13091 9
15685 43174 9
24631 34918 9
35452 44592 9
33311 44777 9
35378 49621 9
35121 49032 9
24596 40837 9
27417 37327 9
14739 43178 9
33301 37710 9
18501 18911 9
35448 40653 9
26860 32471 9
2861 32464 9
2889 45395 9
2582 14824 9
10495 23013 9
12306 20882 9
16597 27358 9
795 6295 9
12328 14363 9
132 357 9
24493 42479 9
24599 43354 9
26355 47766 9
47704 48418 9
12323 33569 9
26405 46701 9
33318 38444 9
27561 34419 9
7258 17964 9
28574 42112 9
2820 47618 9
27 3571 9
11563 31705 9
26601 49711 9
46464 46810 9
14762 23515 9
33189 48446 9
7515 33852 9
43565 49716 9
134 32529 9
14676 24354 9
35304 35808 9
2591 30198 9
12316 16870 9
128 8834 9
6095 25104 9
2736 9420 9
33189 41714 9
8630 39814 9
26814 44677 9
16204 31752 9
876 29166 9
27204 29721 9
728 24216 9
2559 11164 9
8585 19314 9
7798 38828 9
7948 12333 9
7509 18613 9
36260 43046 9
18595 28921 9
26683 42336 9
11079 22030 9
7311 22328 9
6121 6974 9
24697 35650 9
24584 34803 9
6219 15224 9
16381 21621 9
27378 43253 9
24571 41550 9
36044 38947 9
18737 42695 9
2843 13995 9
7808 48137 9
16631 16994 9
7934 47397 9
35581 36886 9
36435 47083 9
6193 35775 9
16627 33584 9
2264 16212 9
18453 29643 9
16621 18973 9
2256 35226 9
864 49498 9
14673 33014 9
735 9418 9
16612 25256 9
26794 28538 9
899 38862 9
7533 31467 9
38116 44780 9
14726 15851 9
16653 29665 9
29 36702 9
1 1715 9
36357 36730 9
2829 35357 9
5296 17348 10
1863 43159 10
6751 26598 10
4371 39556 10
3134 15784 10
72 11324 10
1890 36829 10
36344 37725 10
1775 24678 10
11904 12138 10
48334 48396 10
45136 49975 10
22248 30300 10
30976 33628 10
16340 18328 10
11208 14268 10
11507 45410 10
34288 34854 10
13987 39985 10
10031 13956 10
12817 25767 10
6738 33402 10
13561 29994 10
45111 45800 10
21566 48098 10
9468 35295 10
1043 24331 10
2035 8219 10
4367 16948 10
17448 18834 10
6749 8620 10
1714 43689 10
1512 7979 10
2407 34875 10
34417 35683 10
20146 45391 10
2708 23625 10
4028 23993 10
3109 36053 10
13957 15376 10
4030 5051 10
16360 36021 10
22267 31434 10
28010 39048 10
7861 27776 10
9456 42622 10
11858 40680 10
29581 37359 10
13962 15757 10
7749 14988 10
17354 39915 10
40623 49760 10
31767 34591 10
11863 42044 10
762 8624 10
17362 29808 10
11537 39490 10
13949 17480 10
29608 41074 10
20260 25890 10
27527 40623 10
20257 41838 10
4834 5137 10
25686 40056 10
1847 18862 10
20221 22860 10
738 3768 10
345 6379 10
15294 19318 10
17335 35462 10
13576 14651 10
23061 31357 10
26993 28965 10
7864 30728 10
11194 30362 10
21982 39687 10
11186 27941 10
25625 29642 10
21164 33837 10
2418 30136 10
23141 48827 10
28025 32762 10
37076 45682 10
20199 22735 10
3131 31930 10
5280 7591 10
15 31781 10
4366 48644 10
10020 39155 10
3132 11260 10
42152 49498 10
7410 49358 10
9576 29193 10
13971 16429 10
21163 37226 10
25645 40229 10
31781 37182 10
9576 17108 10
1029 7593 10
2615 12479 10
34465 45970 10
2568 38973 10
34459 49511 10
39430 45841 10
30319 42579 10
29549 48802 10
5270 8486 10
31014 39350 10
11446 12727 10
11878 46222 10
29341 30019 10
44644 45575 10
7519 27419 10
2380 13112 10
25381 47220 10
2063 14770 10
15878 37396 10
314 1395 10
11984 37025 10
3207 24999 10
2585 31940 10
11301 49463 10
12 4228 10
3208 12516 10
23399 29467 10
41058 47551 10
852 34193 10
3904 43220 10
444 14292 10
4420 9793 10
15144 34597 10
16283 47612 10
13525 17096 10
16077 19889 10
1841 6468 10
4401 4759 10
19981 29055 10
13522 30032 10
4404 35219 10
9062 33499 10
17644 39631 10
36304 47659 10
16201 20902 10
15133 32917 10
25384 45921 10
9055 37110 10
4743 6933 10
19958 49087 10
2769 16491 10
23450 27905 10
14100 30867 10
3895 25895 10
11993 22374 10
29313 43303 10
5442 29757 10
34163 39710 10
11307 17957 10
32086 49601 10
4752 6411 10
9032 45984 10
5451 8174 10
30843 42159 10
11236 11657 10
3883 45211 10
26823 38144 10
39126 48738 10
23459 27247 10
5455 9380 10
30242 44163 10
15801 22968 10
7519 13174 10
32044 33637 10
11987 36743 10
3215 34720 10
29331 42586 10
15110 40932 10
5425 8953 10
26798 41969 10
9499 46495 10
1779 45456 10
11484 35273 10
19894 25108 10
26814 46998 10
5431 10370 10
5434 16243 10
11 2304 10
2075 2358 10
17669 48239 10
12789 15557 10
13392 28852 10
2701 21489 10
16089 37034 10
23234 45913 10
430 6916 10
20091 37542 10
23236 46724 10
21580 26316 10
30945 41500 10
31869 40645 10
7746 27683 10
1059 5077 10
11503 17664 10
4490 21060 10
432 1754 10
30259 44644 10
17523 23215 10
16303 28330 10
9089 41431 10
37137 41463 10
26676 37707 10
27490 28964 10
6730 9449 10
20127 43465 10
15226 22248 10
5309 8107 10
36334 48738 10
1720 3602 10
17483 19637 10
774 6413 10
15220 24433 10
9107 25724 10
47465 49013 10
23214 31287 10
10044 36435 10
14014 22659 10
44788 48162 10
15748 44066 10
20013 21385 10
1495 8674 10
10070 27257 10
15170 24062 10
23290 42797 10
21361 34474 10
31937 49876 10
29415 49331 10
2596 46557 10
819 1547 10
9074 24474 10
9758 48235 10
1491 4366 10
23306 35169 10
2581 47605 10
10075 45202 10
6674 8813 10
25434 41252 10
34238 46558 10
16185 36740 10
13547 43421 10
35578 46672 10
12778 26179 10
7834 11717 10
11429 38462 10
31910 41564 10
6694 47578 10
25455 43988 10
8223 18273 10
3983 29590 10
11498 28342 10
748 803 10
6692 26164 10
6692 17964 10
15755 21276 10
21249 40412 10
28120 32974 10
436 463 10
13790 32062 10
16174 26635 10
21470 45645 10
254 43655 10
39829 45006 10
26074 43882 10
16889 18722 10
11000 38742 10
13084 23248 10
7082 10808 10
22635 41021 10
9885 18766 10
15485 34428 10
26060 30849 10
11456 32003 10
27827 39362 10
31444 49801 10
4190 4447 10
7263 37577 10
27360 33362 10
20634 27175 10
7110 31349 10
4214 36282 10
1855 13661 10
2977 21768 10
1926 2189 10
15838 18791 10
31387 31691 10
16836 21297 10
11697 41019 10
20710 23851 10
2475 27193 10
2485 5090 10
35088 44332 10
4208 9326 10
13626 41414 10
5041 27342 10
9295 45676 10
11601 36716 10
16137 24972 10
5046 8386 10
3014 39842 10
969 17089 10
7573 12086 10
22712 35080 10
25975 38845 10
4908 12987 10
22713 47983 10
9829 33534 10
5101 19749 10
5101 22486 10
22717 45519 10
36810 45499 10
5106 8820 10
846 15500 10
21486 35106 10
903 46784 10
8058 11483 10
1765 17207 10
974 5456 10
13238 38394 10
4473 7886 10
16565 17080 10
2999 9959 10
4183 43848 10
34827 46492 10
34813 43741 10
8038 11250 10
41782 47336 10
2896 12720 10
12970 48491 10
8041 15380 10
7993 47414 10
7279 20621 10
26387 43074 10
16955 21089 10
29779 30382 10
7919 22466 10
47925 48921 10
45951 46976 10
4471 16210 10
2468 42366 10
35035 48292 10
9369 31127 10
13705 45659 10
26234 41616 10
7159 23156 10
29884 41795 10
7158 48893 10
37 7824 10
1659 36785 10
21418 40182 10
9373 48660 10
30268 41225 10
20826 29120 10
31227 34606 10
26310 47246 10
9374 12305 10
7154 9924 10
15544 18363 10
4268 14756 10
7218 30646 10
362 30230 10
11471 26529 10
16683 28573 10
22469 48195 10
36568 49099 10
16699 26187 10
31260 34221 10
4974 14029 10
2931 4277 10
1650 18743 10
46397 46733 10
7542 12680 10
27723 48329 10
933 1293 10
34 982 10
26285 38500 10
16741 33869 10
31247 42714 10
13701 28097 10
31270 47265 10
13432 34390 10
4464 11697 10
30271 46319 10
5009 14498 10
26945 48081 10
9315 21956 10
39890 48972 10
31360 38200 10
22572 26046 10
31364 35353 10
1670 44584 10
1949 35920 10
4277 8539 10
9310 27825 10
13763 39793 10
9397 14228 10
27777 37643 10
15852 28499 10
26143 46319 10
7246 16912 10
7121 30834 10
2498 29808 10
922 14915 10
7229 47462 10
9841 42449 10
20816 30999 10
20811 30051 10
22428 24287 10
11607 48584 10
11662 26059 10
838 15814 10
7753 30073 10
1927 18558 10
7930 43586 10
20780 47901 10
5001 28285 10
2952 31157 10
7550 11734 10
46250 49447 10
9871 13571 10
254 13251 10
13916 27841 10
9192 9419 10
15701 24681 10
12914 13685 10
11157 42812 10
21076 21705 10
9434 34375 10
29668 30030 10
25768 45972 10
17210 44366 10
16112 37340 10
5206 8549 10
47062 49377 10
3080 29329 10
10916 49070 10
26517 42328 10
27953 44852 10
10913 46260 10
1006 45340 10
22972 35206 10
20312 46849 10
6900 29596 10
22882 38504 10
17153 31607 10
1566 1769 10
13901 16767 10
1768 25518 10
25788 42298 10
36927 42521 10
2859 16020 10
7350 46791 10
13924 18248 10
3070 6036 10
15348 20389 10
34627 43867 10
4092 38345 10
12918 33728 10
35242 45897 10
27554 41663 10
13472 43387 10
34617 44017 10
669 3378 10
6855 7396 10
27971 30365 10
11170 34332 10
9795 25167 10
23001 23967 10
882 11015 10
3098 48333 10
34550 37221 10
13243 44501 10
13583 34734 10
31704 36336 10
23020 40401 10
17288 44620 10
40274 43675 10
4843 14880 10
7386 12288 10
15305 41133 10
13579 15716 10
25691 35632 10
21139 26237 10
27961 44387 10
41998 44601 10
42022 43847 10
11839 23193 10
11162 30557 10
5220 8659 10
16109 40904 10
27700 44126 10
5223 18541 10
15823 40487 10
30068 44015 10
7379 16285 10
12883 19580 10
4853 7166 10
5225 32545 10
222 1140 10
12881 28754 10
22285 24141 10
9446 23904 10
27348 33215 10
11787 12251 10
31137 40299 10
45778 47211 10
1583 8806 10
1583 8790 10
25859 35260 10
15390 34582 10
29721 33346 10
4134 18254 10
4132 27999 10
6961 18480 10
15396 31693 10
13410 48271 10
10957 45562 10
16502 19920 10
5145 26399 10
829 48925 10
3045 3432 10
6951 15727 10
5147 47655 10
9219 25012 10
16506 26871 10
31517 45869 10
22747 26142 10
7000 41950 10
13840 14828 10
31529 43469 10
34740 36429 10
13843 15762 10
10965 22337 10
6991 32222 10
26421 41984 10
2458 44871 10
36868 45085 10
31541 38711 10
22758 47637 10
35192 35528 10
35193 38740 10
31562 48411 10
45795 47019 10
27899 30894 10
1569 1732 10
13104 28246 10
17132 32205 10
25818 27969 10
31617 32535 10
4329 39657 10
5174 8771 10
13604 21261 10
22323 32725 10
5176 37622 10
1910 16038 10
13111 46207 10
15370 47366 10
29683 31744 10
41945 46217 10
4876 5174 10
31625 35427 10
13603 36202 10
5182 17184 10
26481 46454 10
39652 48417 10
34694 37835 10
12936 18839 10
11581 49374 10
26455 49680 10
36177 42130 10
5153 18353 10
35213 45021 10
27912 49770 10
7336 16036 10
34538 40998 10
21009 45898 10
9943 34080 10
22819 41760 10
9943 34614 10
4120 6765 10
6935 35784 10
4118 9177 10
681 21110 10
16455 28019 10
12622 31957 10
12621 33716 10
297 383 10
3788 10014 10
37523 48457 10
32550 44363 10
18581 34221 10
11334 24057 10
5625 41108 10
2153 45368 10
19539 23688 10
36025 37376 10
8531 15159 10
25080 45570 10
3309 31273 10
19549 26993 10
10403 40881 10
28315 40020 10
18200 29897 10
5751 39991 10
27167 44778 10
6474 42057 10
28311 38872 10
5963 10392 10
5963 12629 10
19066 49641 10
27118 48626 10
8361 12901 10
8760 15869 10
19075 48286 10
24315 41441 10
8895 27015 10
588 21264 10
29072 35170 10
29074 42206 10
24296 27606 10
7704 8408 10
17986 26657 10
6147 20372 10
19495 49810 10
18558 26715 10
8892 11469 10
2252 26425 10
43242 43458 10
5944 11084 10
5879 26630 10
18908 47946 10
17980 30229 10
14372 35626 10
10305 17796 10
37537 40172 10
4512 39140 10
32548 39470 10
2186 42314 10
5949 22926 10
14536 36211 10
6233 16940 10
5949 38331 10
10609 40108 10
6135 35882 10
10305 28782 10
5849 11111 10
40757 42832 10
15996 31069 10
5595 34884 10
24340 34891 10
14555 22403 10
2108 46579 10
5978 25453 10
1368 35146 10
10701 25717 10
1207 3031 10
24563 39205 10
2180 2514 10
2108 19995 10
2107 48025 10
8350 12259 10
3492 26718 10
8675 32422 10
19608 21976 10
145 2079 10
1789 2231 10
23634 33579 10
36046 40830 10
13306 26512 10
24148 29247 10
28440 46539 10
14460 25579 10
1433 44485 10
28735 29866 10
36033 38743 10
38545 39684 10
2636 24275 10
8465 33827 10
14271 49060 10
5858 21944 10
8914 43781 10
469 36336 10
5754 39451 10
21874 39664 10
33580 35208 10
13335 15144 10
8687 29548 10
23996 28913 10
23673 30412 10
43094 46127 10
24864 30152 10
24699 46707 10
16041 24299 10
19568 26714 10
102 34702 10
24573 47448 10
8680 16279 10
8357 19730 10
28745 30388 10
32562 38673 10
33865 35374 10
25107 25445 10
1337 13162 10
28521 30718 10
10692 16525 10
1127 1316 10
8427 28781 10
21710 47720 10
5711 40473 10
11338 12136 10
14934 25931 10
6184 8426 10
23847 43720 10
8721 31974 10
2265 6469 10
25004 30035 10
14508 48371 10
10386 29324 10
1223 34757 10
21776 24962 10
5687 11513 10
12287 16894 10
18464 38779 10
12424 33969 10
14943 49212 10
24941 40619 10
14323 30214 10
3626 12184 10
12160 26170 10
485 5552 10
149 372 10
33311 35284 10
12530 21965 10
6366 22474 10
28548 41310 10
25027 28118 10
1828 33025 10
28378 46725 10
14916 34288 10
10269 11535 10
24948 38757 10
19378 44009 10
8422 13217 10
112 145 10
18475 48775 10
28383 48490 10
28798 48498 10
3732 42218 10
5894 14026 10
12436 49453 10
18102 38246 10
19024 34939 10
12301 21302 10
6394 36163 10
2320 4323 10
24647 43434 10
3737 40866 10
8415 41986 10
19011 28712 10
12136 15639 10
19027 47979 10
3622 32398 10
2639 17986 10
129 36830 10
21718 49005 10
29001 29046 10
15947 23822 10
32871 38031 10
40786 43851 10
3323 4135 10
9634 16211 10
14304 45446 10
3596 36526 10
40943 42315 10
10485 45472 10
1378 1773 10
1307 6546 10
13318 20969 10
32530 38419 10
18424 40273 10
28961 40080 10
14768 32105 10
33780 37974 10
3630 18658 10
10661 34915 10
27287 42141 10
18412 19859 10
18407 44247 10
12610 13704 10
6446 27604 10
5933 11460 10
5934 33029 10
14870 23127 10
5880 48436 10
19301 41328 10
28960 37646 10
2123 4238 10
19293 36919 10
14738 33069 10
19342 19514 10
33638 35809 10
8541 34501 10
1401 27216 10
24934 38773 10
32446 34530 10
12520 18650 10
12584 42991 10
2146 18054 10
32441 41604 10
6207 25254 10
18025 39731 10
7716 8911 10
5674 14427 10
23464 31104 10
14870 49387 10
19441 21747 10
12586 23384 10
308 785 10
33618 42035 10
14360 45809 10
3759 4260 10
29048 34522 10
3476 7248 10
28415 32387 10
14489 19181 10
10515 13884 10
5663 24174 10
14972 31217 10
33023 46545 10
14184 17703 10
3547 25501 10
97 11684 10
6551 13409 10
21830 31596 10
3547 39608 10
4559 14400 10
6262 7829 10
14605 45377 10
628 36008 10
13325 44617 10
627 10964 10
37398 42996 10
2173 4157 10
1096 21665 10
19719 46680 10
37786 44361 10
6297 16707 10
6019 18795 10
33465 49591 10
14803 38249 10
3404 10366 10
6262 30503 10
3652 29038 10
15999 18764 10
194 18470 10
1361 33927 10
28503 36650 10
1444 5041 10
8622 41425 10
10343 45761 10
17827 27807 10
19695 26344 10
574 3584 10
19806 41041 10
10458 44255 10
21642 44377 10
6303 7530 10
2086 7203 10
1184 25836 10
17712 30816 10
14408 36798 10
30552 40215 10
12045 46037 10
3867 14156 10
14407 14834 10
21747 29072 10
3655 13454 10
21862 36064 10
8994 32767 10
6574 15882 10
10736 35501 10
12210 25838 10
14818 18556 10
29211 35392 10
12033 38078 10
14583 31922 10
15074 42558 10
29231 39951 10
3671 29791 10
28463 33893 10
2092 2357 10
8993 24036 10
8796 45721 10
24469 40195 10
12208 20515 10
7697 27453 10
32136 38962 10
19755 27843 10
5822 28958 10
6286 24528 10
6027 18799 10
19142 31432 10
3651 33307 10
28698 31836 10
12338 30775 10
27307 34870 10
28870 34147 10
24485 30735 10
9687 29249 10
34035 46333 10
3649 45622 10
17793 33818 10
19181 44230 10
14589 25390 10
37407 38199 10
24773 44553 10
7688 9170 10
33052 42609 10
27182 43251 10
15059 46481 10
11314 16237 10
16004 37295 10
3265 6521 10
19202 49995 10
141 42181 10
18277 46118 10
15082 16168 10
28667 38267 10
6004 6431 10
1268 9365 10
12245 21296 10
2349 27216 10
24443 35965 10
3679 39883 10
10181 45093 10
6606 10767 10
6521 7575 10
40930 42475 10
10465 35676 10
14220 18601 10
21833 24093 10
37412 40218 10
27178 32574 10
14415 15953 10
9004 44764 10
12460 18303 10
13311 16320 10
136 2277 10
811 7112 10
1436 14727 10
14451 27530 10
5844 42286 10
6316 25322 10
7685 9410 10
33939 38634 10
19646 41942 10
29145 48981 10
1289 7491 10
28732 44524 10
6050 24911 10
1787 22705 10
38240 45068 10
1249 9971 10
14569 20718 10
4582 7976 10
14673 45444 10
9683 13351 10
25283 34440 10
10410 11008 10
24561 43604 10
8642 30250 10
2100 23113 10
16046 23055 10
33221 46331 10
543 2315 10
14386 17093 10
12257 22797 10
2295 18305 10
23581 38298 10
10415 30458 10
28239 40544 10
32206 39941 10
37761 45745 10
43828 47861 10
304 24231 10
2097 23281 10
5803 27485 10
186 1899 10
18724 19293 10
6516 9505 10
2347 16128 10
21631 39364 10
12378 34144 10
18828 39672 10
37409 49300 10
14782 21446 10
8600 12360 10
12679 23983 10
100 40835 10
33112 45430 10
10750 15316 10
24380 35373 10
10420 25183 10
14671 26714 10
460 48905 10
3290 4139 10
12357 21076 10
20751 34359 11
9393 9524 11
18475 47939 11
40536 48013 11
320 1230 11
6211 11305 11
36545 45616 11
29959 43715 11
20752 40511 11
6208 44194 11
20898 26834 11
22065 41968 11
31219 34923 11
7677 24600 11
5813 26666 11
19154 22863 11
5816 13912 11
13769 39191 11
9306 30915 11
7551 32124 11
2602 17714 11
1628 7587 11
28807 41032 11
24775 37957 11
29849 43369 11
14415 21334 11
16167 48614 11
13764 15417 11
10511 23948 11
7710 45132 11
27779 48359 11
1664 2940 11
18318 19613 11
2914 32758 11
1663 39245 11
11028 28149 11
1759 6920 11
2523 39116 11
153 1600 11
4588 24462 11
11043 11045 11
29973 30436 11
39888 42353 11
278 6617 11
15541 16865 11
30271 41112 11
26203 49619 11
41587 45684 11
2730 21023 11
1648 35468 11
28856 32418 11
7978 25663 11
10365 21400 11
5868 49463 11
4583 32959 11
26259 35730 11
16728 33728 11
8761 42800 11
5829 11562 11
11057 27252 11
28831 34224 11
2186 4496 11
13695 29407 11
13433 46460 11
14787 49571 11
4254 29455 11
24132 46541 11
12465 37520 11
1636 25004 11
4239 6251 11
20824 46919 11
6244 35451 11
18378 39882 11
13711 14575 11
18384 21773 11
4458 30359 11
28849 38450 11
14774 42543 11
2945 31673 11
573 1095 11
4580 7325 11
4233 33070 11
11668 36585 11
22055 36754 11
4714 18138 11
9340 40062 11
39989 43789 11
21845 34324 11
24709 29246 11
1640 19019 11
40911 41053 11
14450 30415 11
9339 26117 11
22544 26214 11
9729 14609 11
11070 31160 11
19137 42597 11
16800 33121 11
11080 21172 11
9364 20625 11
9847 42435 11
31248 48782 11
9366 21071 11
38435 49702 11
13422 25231 11
2959 23747 11
22062 29676 11
22563 34920 11
21773 44491 11
26166 49322 11
20753 33020 11
27203 34249 11
16668 17597 11
2921 10545 11
5883 23511 11
40095 46832 11
11628 20385 11
3630 7876 11
20753 26266 11
6262 22339 11
4255 5006 11
20776 41195 11
16721 26737 11
20852 31410 11
16719 20294 11
569 1705 11
16707 34387 11
3453 24404 11
20853 34214 11
3648 16874 11
13031 47949 11
13756 47455 11
366 3528 11
13222 30683 11
373 16986 11
20857 28756 11
22476 27463 11
14476 18702 11
16679 31215 11
5006 16401 11
13028 16230 11
6229 17434 11
36067 38642 11
26685 40700 11
1722 9239 11
24533 30140 11
16306 17044 11
28624 34042 11
18675 44454 11
30948 39435 11
14673 40874 11
26697 40336 11
41328 48836 11
9474 40040 11
21830 35669 11
4805 39054 11
30955 33004 11
33195 41447 11
21193 42734 11
11208 32004 11
35386 36982 11
4371 43308 11
47572 49724 11
24520 40122 11
7450 19719 11
2220 21897 11
4389 36185 11
22077 23332 11
4389 8511 11
30156 34203 11
12375 13758 11
6002 24411 11
15754 30307 11
6078 13267 11
16299 24320 11
24529 42758 11
7836 30539 11
11213 28626 11
7441 24911 11
35415 39748 11
9781 46709 11
27520 36675 11
13571 24257 11
8673 39017 11
6113 22478 11
266 14391 11
26606 48482 11
11356 12068 11
12323 25003 11
14555 29224 11
2825 42848 11
1294 5145 11
4360 18751 11
13154 36856 11
4829 11090 11
4829 20368 11
9451 12347 11
22275 45218 11
526 609 11
28733 29568 11
1249 7500 11
11513 48984 11
18646 27258 11
13559 36892 11
3568 16360 11
30117 38903 11
4367 21019 11
7849 23009 11
15818 47806 11
16345 33224 11
24555 25912 11
38015 40684 11
7410 15529 11
2212 4416 11
32967 36687 11
24561 47903 11
22260 29591 11
4763 14607 11
4440 43659 11
26804 35251 11
757 22599 11
13200 45083 11
11235 21866 11
16239 41111 11
141 20966 11
6030 32645 11
24408 45418 11
21322 35205 11
9752 40903 11
21295 35823 11
13325 23095 11
332 26336 11
30215 30866 11
41282 43956 11
30826 49442 11
7480 16554 11
1267 29701 11
38136 48430 11
47822 48127 11
21350 45496 11
18747 31092 11
24424 26295 11
759 40321 11
330 27910 11
4749 18841 11
1261 45259 11
9503 13706 11
7502 23306 11
16220 42461 11
4755 9608 11
8629 49208 11
1870 45481 11
10429 25403 11
21326 30018 11
9486 42638 11
7825 49119 11
38200 44233 11
24483 36331 11
6023 46401 11
22177 43211 11
33152 47647 11
4778 35522 11
270 2616 11
1880 22248 11
534 8057 11
21829 27270 11
22182 40221 11
22193 35396 11
328 47260 11
8659 24170 11
2779 48247 11
7699 14713 11
3553 28365 11
30862 41438 11
2647 33887 11
854 2910 11
1736 33776 11
11490 38047 11
30245 44027 11
1878 29174 11
16260 17668 11
6116 24383 11
22160 44175 11
9494 36843 11
2236 21177 11
35491 47080 11
16265 23840 11
13486 23802 11
3523 49709 11
858 1174 11
20974 43207 11
7306 28845 11
9634 11085 11
2883 7225 11
8561 17454 11
16534 18275 11
40161 48021 11
7535 36755 11
9731 41577 11
12304 20176 11
20984 27092 11
561 34639 11
40161 42602 11
725 3975 11
21838 33433 11
22370 29111 11
5916 18640 11
13087 14189 11
4300 13074 11
7678 32837 11
21403 47393 11
11134 13582 11
9829 10346 11
33284 41882 11
18962 35089 11
26874 47556 11
10487 12168 11
4899 24929 11
5914 10193 11
21407 39756 11
727 21838 11
7911 36344 11
354 1181 11
36467 37576 11
12417 36409 11
18514 36042 11
24617 35606 11
40802 41198 11
27621 39392 11
26348 47735 11
5904 30027 11
10502 40333 11
7707 46927 11
7926 40509 11
12288 46394 11
358 13374 11
12436 40580 11
37928 42013 11
27629 41796 11
4934 8527 11
7930 8926 11
9393 14732 11
36044 43098 11
28799 47287 11
1669 10915 11
19023 48358 11
24244 33211 11
22378 38496 11
35152 45734 11
46710 48369 11
7272 11018 11
724 6127 11
3600 25667 11
16590 25089 11
1923 24835 11
7324 35026 11
36506 37821 11
11600 35476 11
7260 10935 11
32834 34790 11
16595 45046 11
21782 32717 11
4287 8473 11
24634 42340 11
21392 30358 11
10477 44643 11
22289 29028 11
38306 47480 11
6129 11741 11
3584 35456 11
21086 30862 11
26542 27612 11
35285 48377 11
11163 12017 11
5964 11958 11
6132 45218 11
28752 35833 11
15962 24570 11
262 21731 11
12308 26952 11
16405 16684 11
15824 34765 11
2858 12919 11
6120 43672 11
21377 46449 11
24573 41715 11
7391 19911 11
5972 16013 11
265 1229 11
11354 42800 11
26574 30317 11
7531 11787 11
7362 22956 11
7386 9599 11
38296 46716 11
15711 48834 11
21103 48409 11
9526 33000 11
7381 47888 11
30517 45229 11
18585 21231 11
13101 23287 11
13103 35884 11
148 223 11
21024 46429 11
35226 43460 11
43224 49994 11
4324 27587 11
13607 20100 11
24602 36732 11
27569 30343 11
1306 7556 11
2254 9583 11
16482 37196 11
24292 49403 11
4890 48148 11
37961 46318 11
11579 19640 11
9419 43303 11
8697 48131 11
3588 15923 11
4730 49798 11
2251 47118 11
5947 33863 11
3484 4546 11
13601 16309 11
4730 36989 11
28758 45483 11
919 10204 11
1232 2888 11
9809 11413 11
7892 10932 11
297 341 11
9733 23658 11
14717 32754 11
11569 24362 11
14522 33318 11
9117 12003 11
30374 30433 11
45117 45264 11
6752 10253 11
6493 29519 11
14269 25110 11
13252 16386 11
2339 31207 11
23176 42054 11
29119 41106 11
6756 47676 11
6497 21745 11
656 46345 11
656 36058 11
27013 28686 11
31829 33758 11
3299 7623 11
17436 18330 11
3297 3424 11
8175 48720 11
13986 39906 11
28305 47261 11
12835 49705 11
29518 49201 11
1774 10025 11
6767 43276 11
4664 42913 11
12830 39467 11
20172 48073 11
11921 35805 11
14273 29340 11
19560 39690 11
28299 35496 11
1037 15165 11
33844 42868 11
6759 33274 11
12630 40787 11
19566 36822 11
3972 33588 11
30680 31293 11
33900 46901 11
1121 2654 11
17492 49876 11
19623 38853 11
27030 46097 11
6710 41885 11
5316 12722 11
7731 8577 11
19618 43305 11
3970 9026 11
6709 20582 11
10817 14199 11
19635 27151 11
16041 26843 11
15023 48555 11
2344 45113 11
5326 5732 11
19605 40999 11
23650 44667 11
38921 48373 11
6737 46053 11
19603 45649 11
2038 38561 11
212 13041 11
37475 44789 11
23648 36060 11
25536 37402 11
37519 49223 11
12056 33022 11
309 21523 11
1050 8451 11
427 5550 11
19609 41699 11
17481 28785 11
20127 20217 11
44243 48794 11
19492 33784 11
5252 36040 11
20241 32646 11
2329 25304 11
10001 11903 11
32395 38295 11
37551 44935 11
28007 41326 11
2425 19561 11
20240 46497 11
23772 48888 11
17346 19345 11
6453 11449 11
7594 25854 11
14303 28865 11
25678 29512 11
809 1256 11
17985 29614 11
10667 31608 11
4479 5295 11
27993 31320 11
6445 21811 11
23033 31740 11
10899 19245 11
10895 47348 11
20262 25680 11
16034 49833 11
15304 24732 11
11853 15978 11
1534 31373 11
2328 12916 11
32413 45568 11
1022 8394 11
25057 30331 11
68 961 11
4483 39103 11
23040 40807 11
32407 35959 11
217 8789 11
10680 21645 11
286 8920 11
27001 29276 11
25629 41063 11
8370 20972 11
10682 18045 11
15276 32838 11
3789 10401 11
5273 10488 11
4018 42250 11
31794 40434 11
1031 5725 11
217 1501 11
6777 40734 11
34447 38897 11
2417 2794 11
27008 34828 11
3801 34676 11
1028 4143 11
8376 32692 11
33798 39286 11
9143 42944 11
25066 41153 11
28011 44858 11
23736 33889 11
5637 9610 11
32365 42728 11
13367 29873 11
25075 47302 11
10678 21530 11
1530 34636 11
3123 9366 11
20213 45022 11
23731 46682 11
13978 21505 11
6460 39739 11
13383 14585 11
6643 25634 11
2090 12515 11
25380 47789 11
28190 34586 11
12030 39653 11
32132 32365 11
19920 27231 11
4507 45344 11
17642 18428 11
8264 24016 11
29232 48851 11
3901 33204 11
12747 48536 11
25244 39178 11
44445 45930 11
2071 9305 11
19902 26067 11
17735 42081 11
32140 32709 11
28215 42101 11
12694 16296 11
14075 44325 11
15127 41925 11
19953 25161 11
17601 49560 11
3918 7804 11
8988 30568 11
19947 25885 11
8297 12137 11
28199 33338 11
3916 31558 11
25234 42231 11
17748 39801 11
3912 42451 11
17615 41476 11
32136 43114 11
191 7980 11
6615 7104 11
17673 28285 11
17708 22529 11
90 4314 11
3891 6701 11
15081 39104 11
6618 20453 11
10753 11118 11
17679 23670 11
23452 29599 11
23483 36797 11
25331 25487 11
5 54 11
29301 40382 11
2687 45617 11
14136 31953 11
28169 38385 11
3883 39683 11
9596 29751 11
12713 17955 11
34086 46079 11
28185 47705 11
10742 11546 11
6628 24499 11
8276 10100 11
8276 32476 11
11407 33030 11
9598 19871 11
29262 31424 11
19961 49852 11
42440 43693 11
25277 32116 11
4639 20098 11
1461 9200 11
19809 37910 11
34163 41022 11
1468 45934 11
3892 45677 11
1496 10859 11
12780 32900 11
8333 11309 11
1498 4137 11
10170 14984 11
7606 7935 11
10806 25902 11
1496 22947 11
17831 41973 11
3838 20321 11
14032 42544 11
1112 8093 11
2049 22242 11
21972 31619 11
8330 13914 11
11960 48970 11
39256 46551 11
6544 26208 11
29427 29659 11
1777 34227 11
8947 27072 11
15212 28176 11
209 993 11
1438 2409 11
25472 26623 11
12787 37740 11
10062 49968 11
28252 41952 11
23613 36763 11
19692 39640 11
29451 48545 11
8337 24513 11
1059 45201 11
1501 2236 11
8336 48818 11
29450 39376 11
185 320 11
23263 29601 11
27064 45334 11
28223 41675 11
11967 28540 11
2351 16388 11
34232 44936 11
14059 44127 11
30366 44984 11
10782 22798 11
14179 27127 11
8317 28105 11
3935 31203 11
31973 49056 11
25189 27627 11
25393 37480 11
21608 48442 11
37369 40139 11
17798 33723 11
5387 26629 11
9588 46913 11
5372 47953 11
3944 17047 11
1444 6029 11
10073 11834 11
2387 23880 11
6681 37833 11
21596 36553 11
17822 29719 11
28121 48276 11
29846 32679 11
316 560 11
25444 37378 11
3939 3997 11
31951 36917 11
13373 34747 11
21599 37772 11
5525 42981 11
5373 17500 11
24075 28006 11
31505 34409 11
11370 49407 11
24864 43625 11
22723 43139 11
4159 36068 11
5110 20069 11
17001 39460 11
3699 24169 11
2721 46551 11
27875 36512 11
7010 23571 11
2302 19147 11
50 5117 11
977 2503 11
9926 36514 11
9247 9464 11
22754 32224 11
20553 38186 11
28931 47838 11
15437 33655 11
26089 34984 11
20562 28178 11
9256 31756 11
5098 21951 11
18230 33084 11
5758 5835 11
394 8236 11
24862 25313 11
19269 29837 11
162 27447 11
6323 7156 11
20552 20880 11
7024 7311 11
4588 29773 11
1180 1232 11
2306 3289 11
6975 24186 11
9302 38229 11
2456 47385 11
32545 41469 11
982 20213 11
9237 18209 11
1173 23196 11
983 33642 11
27892 38664 11
985 11605 11
165 39785 11
10303 22146 11
11784 38530 11
166 3071 11
12937 46977 11
12937 23599 11
10960 37656 11
31406 41061 11
30730 46691 11
952 15799 11
13354 38569 11
24893 36168 11
23982 24871 11
489 491 11
4208 25405 11
1980 6111 11
8048 36015 11
12173 23835 11
17045 47313 11
20511 47982 11
1375 5650 11
34732 38161 11
38611 44871 11
9569 17658 11
2997 12870 11
9565 37391 11
494 38687 11
19182 26994 11
7755 13827 11
8802 22059 11
36747 46365 11
13795 39962 11
34848 40938 11
11716 28194 11
15465 40881 11
2997 19243 11
6300 18464 11
8033 42805 11
7096 13554 11
1356 1883 11
28456 42907 11
19220 37095 11
20675 48503 11
39835 44225 11
8012 49965 11
12481 16945 11
8013 48513 11
1357 9186 11
7084 39111 11
27817 49948 11
1357 12467 11
20628 27084 11
2291 22099 11
5057 8152 11
36731 47457 11
3674 6375 11
8488 38378 11
3404 32569 11
22640 28462 11
13790 48112 11
18299 29661 11
8 6290 11
18295 34583 11
1854 22953 11
9568 26128 11
11011 29529 11
3007 36049 11
5769 37862 11
7046 8062 11
24838 40526 11
4174 28070 11
24031 40971 11
33548 36756 11
7042 17502 11
6317 36367 11
5767 6741 11
24021 48785 11
12964 46953 11
3001 30541 11
5075 23272 11
18253 45026 11
10982 19859 11
12980 19213 11
12979 38334 11
39772 47405 11
12196 14225 11
26021 47782 11
5136 24175 11
15460 17481 11
13781 16009 11
8036 25702 11
19232 32627 11
9567 48448 11
16939 25580 11
9267 21753 11
6871 46258 11
1149 34186 11
44036 47499 11
1556 18892 11
14320 36316 11
5683 31497 11
22982 41435 11
5032 49336 11
43023 45746 11
45458 47098 11
3416 18596 11
29028 40426 11
32447 44317 11
20311 33912 11
17240 17891 11
17242 22122 11
9670 22742 11
6422 39293 11
10907 45697 11
25000 27969 11
12473 25370 11
4088 17823 11
12134 22109 11
4088 4861 11
33488 42436 11
21901 22688 11
36679 39343 11
600 622 11
16143 42268 11
22933 32448 11
11336 22225 11
34606 40777 11
12217 44826 11
1558 3754 11
4514 46394 11
32664 39824 11
19409 33567 11
38798 47982 11
2128 17481 11
1147 7142 11
12871 24574 11
23010 42387 11
825 40134 11
27987 43319 11
14970 41999 11
38791 44209 11
8130 8719 11
16029 20772 11
1145 42808 11
6838 10074 11
28355 33573 11
16032 48677 11
6440 17515 11
8137 27917 11
6833 32667 11
23000 25916 11
21687 44757 11
28358 46517 11
25745 28178 11
19424 39463 11
3087 11230 11
27351 39341 11
15321 42776 11
21687 26357 11
31650 43906 11
2286 9149 11
7996 33380 11
5229 20592 11
2437 5124 11
3088 49001 11
5677 5856 11
34580 37437 11
5232 17610 11
31394 38060 11
2309 5513 11
8833 28846 11
11802 13037 11
9943 13062 11
1381 37188 11
21887 40339 11
1623 7292 11
19346 32229 11
591 4926 11
10941 29021 11
9619 35253 11
28974 46363 11
29692 43464 11
5715 8831 11
17134 36767 11
23898 24339 11
319 3070 11
34713 37492 11
8080 47112 11
14365 43269 11
18184 25367 11
41880 46651 11
9622 10914 11
5037 6641 11
14364 40234 11
20465 44286 11
18109 36638 11
28415 46335 11
3043 34661 11
32520 36235 11
167 203 11
5146 8035 11
27910 36272 11
4127 8489 11
8843 28350 11
12929 18941 11
4521 34794 11
3065 3615 11
16114 21903 11
10930 22785 11
17172 22089 11
35948 40317 11
22011 30303 11
951 10435 11
14340 25957 11
30588 33454 11
8105 23287 11
39632 48835 11
12563 35262 11
4687 12040 11
6895 12420 11
29673 44012 11
2315 31334 11
23897 42154 11
10283 24951 11
2448 38712 11
25805 48736 11
23894 48058 11
37664 46440 11
3061 9526 11
5179 17748 11
3064 4556 11
15370 32571 11
11815 25132 11
24948 28137 11
23890 32348 11
18093 26410 11
22866 29948 11
2748 4346 12
2724 39617 12
20921 23392 12
27076 43170 12
2672 42950 12
27202 32159 12
30323 40929 12
1860 47948 12
27353 33306 12
21892 43015 12
22014 47752 12
11384 25353 12
21903 24025 12
9718 39430 12
27297 45964 12
2713 47073 12
27344 39540 12
2638 9918 12
2712 9214 12
11265 26887 12
2638 28033 12
27222 29035 12
13320 46623 12
27369 49493 12
21952 45764 12
2632 10816 12
279 942 12
11419 27601 12
22079 44948 12
41068 42428 12
2730 34977 12
13274 14449 12
21931 26447 12
27169 44366 12
9661 24818 12
10 219 12
2634 13157 12
26851 30080 12
21975 49408 12
11262 37089 12
3819 8151 12
29075 48248 12
25069 25825 12
29087 34330 12
23734 35830 12
28321 31570 12
23713 32248 12
23701 36476 12
12629 30918 12
28296 42306 12
3809 41603 12
2112 44393 12
44067 46284 12
3292 16047 12
3292 5142 12
10187 29239 12
25148 42417 12
3825 43229 12
28255 40035 12
2346 3591 12
10709 26176 12
23595 36427 12
12050 31184 12
3280 7549 12
23828 26014 12
10268 18118 12
24972 31270 12
24979 49385 12
10646 11081 12
10646 41417 12
12572 38376 12
29012 29630 12
42787 49213 12
10254 46531 12
3334 46562 12
109 1416 12
42553 43620 12
23825 28571 12
10651 46312 12
108 962 12
3756 24375 12
12597 26049 12
2125 46552 12
12118 12570 12
3764 8795 12
3321 20446 12
23759 33077 12
2059 21980 12
23400 38982 12
23392 46872 12
44607 44982 12
12756 30244 12
86 6253 12
10083 16675 12
10781 15850 12
23337 44031 12
2060 13119 12
23337 26510 12
12760 18833 12
2377 40680 12
29387 37843 12
25403 40195 12
3928 9204 12
42326 46055 12
11965 33180 12
11961 21632 12
28122 32740 12
44711 45293 12
2387 10827 12
29429 46416 12
25282 45982 12
12045 44082 12
23543 34179 12
10718 39895 12
10720 12874 12
3270 13283 12
29222 32014 12
94 34272 12
12702 15586 12
29261 41693 12
3246 15593 12
3873 4045 12
42816 44869 12
92 3049 12
10749 24371 12
23455 45667 12
44544 49709 12
25359 26904 12
23415 46728 12
11993 14943 12
3901 15374 12
25368 29777 12
25370 40029 12
10387 32997 12
28752 49473 12
12404 13097 12
24599 31762 12
28764 49196 12
28590 37933 12
10486 42706 12
28581 44736 12
24612 39786 12
132 26753 12
2257 40134 12
43515 47297 12
3485 21077 12
3611 29367 12
10384 11080 12
3467 37898 12
12435 23888 12
2262 38759 12
24202 24641 12
2192 13004 12
3627 21913 12
2269 5991 12
10519 38227 12
3630 44350 12
24509 43524 12
10432 13860 12
24418 34313 12
2226 46082 12
3526 23362 12
3553 4557 12
24467 39429 12
141 47424 12
43324 43349 12
2222 5745 12
2220 40069 12
10453 49947 12
155 317 12
3503 9095 12
43289 48327 12
3568 8731 12
145 469 12
2211 9191 12
43440 44154 12
24330 31754 12
43265 45978 12
12391 38807 12
24308 37630 12
23957 32965 12
2297 39918 12
24013 42213 12
3690 17602 12
24008 44344 12
43831 45274 12
24001 45808 12
2301 25230 12
28431 44725 12
24884 27429 12
12513 41340 12
2306 3908 12
12495 22340 12
2308 4875 12
10616 19406 12
24941 26084 12
43932 44565 12
23933 41044 12
12169 24792 12
12167 30116 12
2315 6405 12
2140 20509 12
111 25302 12
10551 43039 12
28838 46087 12
28840 42948 12
28846 35468 12
3640 21330 12
12455 24121 12
28514 45460 12
12459 47531 12
3432 5950 12
12238 24058 12
24136 32914 12
10549 38980 12
3184 13595 12
24766 34351 12
12221 32763 12
24096 31677 12
12221 19842 12
24086 27689 12
2288 2424 12
3667 15256 12
10585 27167 12
24831 44797 12
160 44085 12
32 337 12
2943 20669 12
4241 23987 12
46327 48284 12
46376 46683 12
2939 33092 12
26269 46480 12
26270 35784 12
29918 44701 12
2927 10287 12
46445 48518 12
11082 18304 12
2504 28084 12
11626 26783 12
27657 42373 12
22438 41072 12
26328 40626 12
4270 5399 12
11605 12897 12
2910 17072 12
22413 46293 12
22401 35225 12
11593 29741 12
26396 30609 12
26170 33860 12
2484 8548 12
4204 29431 12
2980 36415 12
4210 24920 12
11022 20910 12
11028 27816 12
11692 36902 12
26144 38608 12
13021 34129 12
22577 37738 12
1951 40800 12
22364 44142 12
2959 9464 12
26187 46962 12
22562 32512 12
9868 47912 12
4233 8269 12
4233 12984 12
46316 46542 12
9863 34809 12
2502 22794 12
1944 9032 12
22166 25379 12
11215 24800 12
2580 4609 12
13176 47959 12
30165 46606 12
2781 10266 12
22194 47815 12
2779 42939 12
11228 27434 12
11228 34717 12
2771 7477 12
11491 15774 12
2790 49487 12
22157 45750 12
22152 40648 12
271 15870 12
22138 40468 12
2755 32341 12
27428 36629 12
4434 35562 12
4435 34095 12
13207 41566 12
2749 22385 12
2848 3080 12
1917 7380 12
22351 25897 12
27584 47652 12
11134 48789 12
13094 47604 12
22328 37936 12
11564 13345 12
13120 38159 12
2551 2613 12
4343 47288 12
27548 28767 12
2985 28264 12
30071 39731 12
4348 4411 12
2840 42380 12
2839 41160 12
11538 16301 12
13158 23381 12
2814 26355 12
13163 23025 12
1890 10037 12
2798 4687 12
4022 28902 12
3998 4671 12
2413 37392 12
3132 49489 12
11892 16654 12
11883 18807 12
23127 38524 12
23123 23991 12
29550 45535 12
45249 49017 12
70 1183 12
69 45918 12
11902 34261 12
23101 35193 12
11862 18052 12
11859 39653 12
23079 48970 12
23079 45279 12
4035 28234 12
4037 17202 12
3108 9748 12
4047 5109 12
12863 39333 12
23037 39027 12
11940 25748 12
2391 4448 12
2048 22590 12
23258 33792 12
29450 41457 12
28102 33606 12
3958 46989 12
10816 16189 12
28101 36144 12
11941 36388 12
3176 13114 12
3174 13489 12
23024 37135 12
10044 12408 12
211 486 12
44850 49857 12
3155 6213 12
44891 49402 12
11924 42534 12
3988 4956 12
28058 47745 12
45069 48391 12
10855 49108 12
10976 16028 12
50 28139 12
29743 40743 12
27884 39945 12
25927 29503 12
22725 37303 12
25931 49926 12
49 35873 12
2465 2546 12
3015 26923 12
9922 37623 12
25995 29468 12
45814 49792 12
3004 11725 12
12971 24436 12
47 11862 12
9899 10022 12
9898 48725 12
27832 37667 12
2478 35690 12
10997 24347 12
45 49462 12
2985 47397 12
25789 39301 12
42060 42188 12
2013 31395 12
45387 49944 12
9991 24132 12
3087 28780 12
25755 46368 12
25761 39381 12
60 47195 12
4090 15196 12
10921 30970 12
228 17799 12
41229 45632 12
27940 38100 12
4102 20596 12
3062 34571 12
4110 27115 12
27921 45274 12
22811 46671 12
3045 19313 12
11791 15626 12
29717 30304 12
4145 7510 12
33492 49922 12
17484 27424 12
14286 31711 12
1290 19460 12
21201 48685 12
555 24508 12
1031 4240 12
20113 36577 12
21200 31669 12
36340 44916 12
16604 18178 12
6119 8254 12
33287 34194 12
33808 34421 12
37711 39480 12
1587 42565 12
4809 48455 12
16340 34707 12
20477 46000 12
35756 43265 12
14996 17581 12
6714 21317 12
17068 48318 12
6916 42962 12
7578 17975 12
17491 24498 12
20477 22031 12
16567 31076 12
16510 19568 12
7911 39729 12
14004 33785 12
14731 16850 12
5992 26782 12
7807 30975 12
40015 49646 12
7421 25019 12
394 22017 12
1710 41418 12
40042 47865 12
15551 39436 12
16326 40794 12
1708 8669 12
6723 11941 12
38854 45994 12
16130 22067 12
8203 18293 12
1138 16494 12
16612 44324 12
32976 39653 12
13841 23352 12
687 5871 12
4832 44016 12
7913 25033 12
7500 9576 12
721 5092 12
4810 27067 12
14981 28007 12
8129 15596 12
17076 36386 12
831 2336 12
4812 20645 12
14278 30355 12
21237 31056 12
1137 6858 12
7244 8197 12
7572 16626 12
8669 24385 12
6457 6947 12
8375 10742 12
7157 19075 12
7595 16681 12
14538 33731 12
1576 8124 12
9499 44596 12
7597 16561 12
7493 9233 12
7128 38127 12
5668 7743 12
981 1097 12
9218 17172 12
6317 22959 12
21286 24977 12
16292 23695 12
16806 28039 12
32074 34741 12
8692 12468 12
447 513 12
30865 32887 12
1061 8358 12
15872 27838 12
37927 49875 12
1399 49168 12
20433 20637 12
18485 34812 12
6514 48430 12
13509 17565 12
35363 43744 12
6339 13916 12
13781 42499 12
1301 3310 12
7266 23702 12
15205 33773 12
8694 49273 12
8103 14702 12
6506 22899 12
16345 27560 12
438 721 12
18300 37212 12
36652 39069 12
4981 17049 12
8585 21593 12
8619 20560 12
31267 32953 12
19485 29089 12
1130 12232 12
8889 35995 12
8561 38061 12
7320 15444 12
14562 35061 12
742 32716 12
21239 34106 12
6478 11520 12
14302 49482 12
1733 45300 12
40415 45156 12
16603 47685 12
14548 40541 12
39652 49843 12
30881 33369 12
13518 15837 12
6342 7866 12
9493 37261 12
36909 45340 12
15004 45114 12
16100 36357 12
6490 20412 12
1170 15978 12
17917 46685 12
14304 24045 12
1295 13583 12
19714 27420 12
5534 23400 12
20664 45663 12
383 32455 12
927 1278 12
20973 38061 12
13813 26884 12
20044 38764 12
8093 13902 12
38166 43224 12
14177 37432 12
37616 44885 12
5515 18595 12
6394 22281 12
34375 36782 12
1233 4007 12
5063 21882 12
39808 39916 12
8957 33727 12
37598 41887 12
1232 39448 12
15742 35630 12
1442 2429 12
838 15430 12
6137 40419 12
4898 28990 12
20985 40284 12
18085 34689 12
7228 12577 12
20984 34759 12
35026 41315 12
7539 10942 12
7208 14293 12
35557 41575 12
435 35874 12
18593 45416 12
20641 49886 12
14162 14657 12
674 900 12
35054 46344 12
20642 29650 12
19792 47994 12
7940 37115 12
7521 8581 12
15751 35530 12
9389 48442 12
8998 27527 12
8422 33099 12
34372 49858 12
7793 25403 12
4947 36281 12
14145 22380 12
19783 48955 12
16559 32832 12
9269 31617 12
387 43646 12
1233 22572 12
1665 16727 12
6306 10500 12
15822 41089 12
7837 7937 12
9408 36167 12
17108 47033 12
1606 15650 12
8474 9018 12
20040 26008 12
9275 36712 12
33080 47516 12
33242 46948 12
16194 18281 12
15809 27797 12
1697 17314 12
8934 23183 12
19818 27581 12
32278 44170 12
659 38499 12
8386 12844 12
18119 47899 12
14029 18664 12
14888 34098 12
1048 9421 12
5109 26036 12
20680 44245 12
21056 26811 12
13790 17211 12
21055 33405 12
18029 42383 12
20880 34779 12
36213 48165 12
7233 11957 12
34350 39006 12
21117 48675 12
31056 36575 12
15325 26858 12
17385 18702 12
32291 36386 12
38889 42573 12
32260 34349 12
1288 36150 12
9092 41776 12
18547 33661 12
33146 37137 12
21087 45752 12
7960 41229 12
15561 37849 12
15378 15769 12
19650 45677 12
21023 47396 12
14574 28568 12
14229 29969 12
36230 45166 12
21017 26014 12
20070 23073 12
533 22149 12
5094 10044 12
6411 34477 12
16677 35763 12
18813 28277 12
16535 48464 12
20570 44105 12
33027 35943 12
36559 37941 12
7774 35948 12
6010 21033 12
8397 8544 12
1693 10676 12
38942 43928 12
21034 37387 12
35635 43678 12
19636 31285 12
4881 28377 12
7174 21935 12
36872 49609 12
36333 38350 12
8480 29816 12
14033 30782 12
15370 46254 12
31963 40281 12
6312 28505 12
36891 49486 12
5256 16167 12
31663 33745 12
8136 25291 12
18351 41015 12
7651 42924 12
1634 46042 12
17670 46479 12
311 20803 12
6667 33854 12
8017 14617 12
629 4679 12
7723 18963 12
879 989 12
1337 6682 12
1785 35224 12
9600 46111 12
34885 47103 12
18223 40688 12
19033 44726 12
5778 43472 12
17340 31394 12
9316 27852 12
6597 21130 12
8139 28136 12
5775 19078 12
21667 24810 12
5759 49483 12
7654 9941 12
6597 18973 12
19079 28061 12
20322 33719 12
19245 42919 12
7820 23828 12
9608 28809 12
7881 28377 12
8039 38330 12
37342 48703 12
15076 28529 12
15356 45301 12
36408 41840 12
573 33313 12
34765 45942 12
20768 43183 12
6581 24239 12
1098 2117 12
21585 48148 12
20220 37755 12
34483 45331 12
1371 8840 12
15508 43223 12
1371 16464 12
5886 44302 12
32560 43696 12
442 15965 12
17745 28529 12
14780 40373 12
5259 14620 12
1781 38220 12
19937 26783 12
35255 43432 12
35923 46473 12
9045 16689 12
30659 45256 12
15501 26191 12
5757 30162 12
9593 36763 12
806 40809 12
499 25823 12
15121 27660 12
8784 49347 12
15116 15763 12
5249 8593 12
786 21381 12
6232 33272 12
657 36587 12
6607 44508 12
794 16785 12
7035 42584 12
16003 22799 12
785 34148 12
1179 2131 12
13359 24246 12
9176 28339 12
17333 19824 12
19070 49389 12
16398 31789 12
9629 26572 12
8278 24736 12
789 9813 12
17676 24150 12
15295 18964 12
1207 47252 12
8781 12543 12
7660 41997 12
20732 33842 12
36059 49431 12
6618 38947 12
15940 40736 12
6238 35593 12
13942 16139 12
9049 11720 12
32712 32824 12
1090 36419 12
38425 39454 12
17591 25616 12
36506 45519 12
18647 30474 12
21695 26899 12
308 578 12
1556 12466 12
21710 25904 12
32765 40419 12
751 10047 12
36994 48267 12
18217 28578 12
13924 40781 12
856 43195 12
15778 42977 12
6579 7098 12
6603 13748 12
14477 29617 12
31683 38577 12
13361 41637 12
14404 33044 12
18220 32444 12
5402 34688 12
13361 29091 12
7464 29664 12
20307 25182 12
7035 18700 12
6604 16968 12
34131 46375 12
6811 42618 12
16961 47767 12
518 2159 12
8232 12954 12
1307 19293 12
1307 11377 12
13331 28631 12
31287 49776 12
13714 20201 12
5291 14659 12
8845 18544 12
5705 26028 12
19392 31464 12
16447 45771 12
1304 49957 12
21412 45486 12
38698 49519 12
5175 31188 12
1522 10300 12
14515 15132 12
6186 48154 12
33459 44915 12
30774 31594 12
37826 48625 12
18199 43504 12
34469 35544 12
9203 11450 12
17562 23996 12
35349 40555 12
5181 6300 12
749 2016 12
7001 29914 12
5930 7454 12
815 818 12
15885 28962 12
15793 18721 12
18690 35590 12
8117 38453 12
33551 43806 12
520 39036 12
967 7855 12
21343 44529 12
16238 43820 12
16585 38770 12
32054 39880 12
38741 42927 12
9510 24804 12
13504 25526 12
8179 19167 12
33906 35109 12
564 16242 12
15203 15576 12
30844 38407 12
39402 39691 12
17652 33700 12
17163 43728 12
5694 6791 12
17534 29613 12
17018 22864 12
741 8136 12
39409 46848 12
5936 23886 12
6551 24169 12
8063 44923 12
37927 39256 12
8762 11466 12
773 3235 12
17362 35633 12
14327 15086 12
329 5247 12
8720 8851 12
5743 21524 12
6202 33677 12
9645 22641 12
32035 34538 12
7636 25454 12
15895 29946 12
723 1375 12
16873 32748 12
34239 44161 12
19967 25377 12
8593 46566 12
37277 40136 12
15694 18390 12
13408 23788 12
18998 22456 12
15792 18362 12
17579 34768 12
8275 41062 12
810 6847 12
1098 23140 12
20343 28327 12
1775 5937 12
13395 40898 12
5750 19931 12
586 15820 12
30724 49968 12
31656 37283 12
13973 18960 12
488 22658 12
30693 35401 12
15701 31539 12
6907 38939 12
37357 49328 12
8837 9595 12
18388 28821 12
8320 18225 12
17818 45515 12
9064 34371 12
14796 35204 12
438 12984 12
552 7534 12
4707 26497 12
6554 9802 12
16857 40236 12
8048 24687 12
5194 21958 12
8236 38550 12
6558 7206 12
40574 47241 12
38352 42082 12
8004 24031 12
40622 44266 12
38673 45387 12
15892 32395 12
17775 31629 12
5729 47768 12
14509 30778 12
1036 41528 12
15157 43951 12
13982 32815 12
6079 19263 12
5275 13399 12
5195 17834 12
35240 49814 12
2427 6824 13
11121 44558 13
2248 26292 13
3917 21905 13
8589 28886 13
34598 47856 13
6112 13200 13
34598 38295 13
17214 18787 13
7921 44649 13
10076 32591 13
6882 32290 13
33210 37268 13
39227 43290 13
42321 49817 13
17239 41913 13
17245 18157 13
36933 38172 13
24576 31406 13
29401 33238 13
3919 46700 13
676 5878 13
3918 17797 13
6896 7662 13
1491 41647 13
10083 22049 13
46917 47777 13
2858 31509 13
20202 22196 13
10008 17688 13
23125 29277 13
27560 33012 13
18459 28639 13
29536 34710 13
18459 49567 13
16434 36498 13
37916 46187 13
7342 46350 13
5279 47148 13
421 24160 13
6853 42178 13
891 29696 13
31788 46783 13
10023 23253 13
7342 33662 13
27571 42488 13
2546 3509 13
15672 26347 13
1221 41867 13
36439 39848 13
31816 44224 13
5294 37922 13
1222 2183 13
5296 7130 13
424 17033 13
20153 20510 13
43519 49718 13
7901 14264 13
17309 20834 13
29676 38124 13
20266 40522 13
29617 43772 13
6815 16989 13
12865 15722 13
4049 5687 13
1542 20115 13
31736 43248 13
15304 32790 13
4046 35535 13
886 21790 13
26515 40137 13
23042 29063 13
1541 3025 13
29588 42127 13
5297 7296 13
12862 45118 13
5254 7859 13
5254 11139 13
5254 28432 13
31740 47364 13
2853 19631 13
6836 23854 13
9155 41928 13
31747 48929 13
17274 45267 13
20239 23604 13
9143 12874 13
39448 44681 13
10514 33196 13
9137 48332 13
3085 23590 13
15629 18176 13
23257 27161 13
31887 43842 13
14027 38039 13
5343 9801 13
5343 10899 13
33270 39639 13
2046 41306 13
29446 45680 13
20075 26632 13
43490 48460 13
33258 39562 13
1498 5521 13
12776 33999 13
14709 23399 13
20087 25893 13
9075 34565 13
3083 38953 13
3949 17514 13
12775 18478 13
31922 44578 13
10481 36136 13
14044 17632 13
1494 24225 13
11594 37568 13
15328 35794 13
20040 44406 13
14705 31460 13
42314 48344 13
2891 29693 13
134 40502 13
1226 46021 13
20140 42778 13
5302 29587 13
3092 40255 13
3473 12291 13
3987 9690 13
13997 37455 13
1225 2338 13
6173 36832 13
7905 42400 13
11581 21267 13
213 736 13
18503 18744 13
23197 39392 13
16491 28305 13
18504 20046 13
12317 27850 13
1509 9033 13
18528 29319 13
1011 40476 13
20112 27902 13
24605 34510 13
6156 14384 13
14016 33712 13
20097 29848 13
20095 45124 13
33278 45058 13
1503 39997 13
1503 31426 13
14018 32738 13
6152 24555 13
16531 40630 13
5693 30130 13
32474 39942 13
949 2622 13
45895 48606 13
1306 10670 13
46153 49896 13
12559 30452 13
10967 13908 13
36670 43843 13
2972 49164 13
3595 23139 13
11036 18571 13
18946 37024 13
29007 44088 13
11036 30653 13
43234 45289 13
38741 49372 13
19405 25791 13
8069 38462 13
172 24314 13
2982 3271 13
16869 22668 13
45904 49240 13
5725 9047 13
28782 36934 13
11773 36502 13
26095 46633 13
10286 26122 13
5920 6754 13
3722 44887 13
6987 37300 13
19353 19829 13
1384 15827 13
10285 41326 13
8713 39081 13
14513 22370 13
951 30344 13
18974 28791 13
15513 44363 13
7112 9869 13
15528 42090 13
26170 44351 13
2125 9802 13
8687 11042 13
3580 16679 13
23784 38448 13
5973 7661 13
32411 49748 13
526 1816 13
19483 28072 13
2962 34187 13
526 38094 13
3576 5689 13
11053 41012 13
28736 46328 13
23752 32037 13
11668 14072 13
2211 26639 13
7985 10327 13
32366 46916 13
11677 40084 13
5948 44767 13
12577 29958 13
945 45170 13
3587 49860 13
2130 11920 13
5682 21959 13
10248 15807 13
2206 25107 13
14310 46220 13
3022 33503 13
26157 29318 13
1403 20146 13
2127 35257 13
18912 46806 13
38790 47450 13
17056 33626 13
1405 26843 13
14309 40092 13
5793 13060 13
3656 8813 13
5812 30665 13
26032 41027 13
36750 40766 13
19158 41608 13
7060 33508 13
2468 21511 13
19047 21105 13
14403 19540 13
16927 38475 13
24189 40974 13
160 1703 13
43144 48260 13
15480 26319 13
24054 49454 13
24054 29072 13
495 1113 13
24053 29878 13
12493 16827 13
36777 47238 13
28846 35862 13
3007 15505 13
14452 38799 13
3638 41463 13
3004 18046 13
502 18565 13
11759 25354 13
700 10422 13
1345 18057 13
26065 43846 13
14430 47503 13
19065 47264 13
14417 36867 13
3632 40487 13
28829 45288 13
3654 12690 13
8029 49904 13
5819 20240 13
2151 32145 13
27811 39339 13
42915 47128 13
14377 17231 13
14375 39841 13
490 38274 13
10308 36657 13
19015 43390 13
38397 38618 13
15430 30790 13
12506 16002 13
36842 41217 13
166 1967 13
19306 41377 13
38391 49147 13
3020 3066 13
3710 20306 13
2148 23683 13
5731 49202 13
32834 49679 13
957 1059 13
161 25784 13
5773 13128 13
8809 41774 13
7024 7484 13
2479 47980 13
3683 33742 13
34881 40400 13
10374 11043 13
42981 45084 13
5642 9589 13
11723 23717 13
24022 40174 13
32566 36725 13
12445 40420 13
24008 24677 13
38564 49545 13
971 27127 13
955 1227 13
7226 21557 13
7938 16451 13
19780 22954 13
542 45513 13
24457 47360 13
9003 16153 13
7225 25124 13
6051 11815 13
5466 42069 13
10938 13966 13
45588 49294 13
996 6107 13
7232 31623 13
2910 25636 13
32109 35358 13
9004 38668 13
11606 20679 13
34653 36052 13
11104 17053 13
42459 48958 13
6034 21934 13
18773 21037 13
6033 9371 13
23527 34719 13
42543 44686 13
26310 49367 13
2092 6260 13
18770 26387 13
11810 11832 13
18766 33518 13
1465 46326 13
3052 22959 13
3052 28611 13
6931 24117 13
18743 40434 13
46553 49992 13
19774 33730 13
15371 40074 13
191 18034 13
24541 38786 13
2070 41669 13
8606 35319 13
12746 13168 13
445 7000 13
11821 31749 13
26350 29472 13
39160 46254 13
24540 40625 13
5412 11790 13
14665 37507 13
3912 14151 13
9046 41480 13
39176 44336 13
23383 28298 13
201 2097 13
23374 46357 13
201 25803 13
3916 12831 13
8600 10432 13
27937 44295 13
1260 45885 13
18702 46822 13
9026 48753 13
23440 43405 13
42449 49261 13
19862 31265 13
23435 38759 13
11108 18724 13
28644 38622 13
18773 24661 13
23417 46183 13
12336 15330 13
19877 34009 13
14097 44878 13
3899 49590 13
15359 37010 13
24510 26401 13
8610 33341 13
45714 48666 13
26219 41561 13
6964 14612 13
12625 31375 13
1421 40230 13
42696 46841 13
3569 41370 13
3568 49590 13
36594 42263 13
2941 19611 13
5627 18811 13
8081 17656 13
714 7803 13
2113 14660 13
2506 35383 13
32297 44699 13
2506 38314 13
2112 27048 13
5604 19999 13
3814 8932 13
17074 34624 13
473 2390 13
19513 45294 13
14287 49669 13
7142 47984 13
1417 38309 13
940 41681 13
7150 11456 13
29094 48598 13
36631 37346 13
23660 36693 13
7977 48766 13
3789 4386 13
12621 44051 13
5996 40254 13
16782 49141 13
3790 27954 13
24354 28489 13
10961 34045 13
23573 32557 13
3832 30082 13
7199 11557 13
6947 38792 13
15573 26436 13
1279 23829 13
14208 18147 13
5544 17328 13
6028 28270 13
14188 19812 13
931 32228 13
7208 44751 13
6029 29849 13
3548 3694 13
12685 40865 13
7211 16349 13
5514 46019 13
141 17045 13
8985 9417 13
39032 42876 13
2106 34630 13
182 506 13
23648 47206 13
5589 28422 13
8937 27995 13
29129 49822 13
2108 12215 13
12655 26101 13
466 489 13
5587 9745 13
5400 16127 13
18823 31780 13
3560 6258 13
464 1944 13
10185 40840 13
6952 18637 13
26251 31126 13
26264 49448 13
7176 18080 13
21492 24483 13
13079 49960 13
25438 45360 13
35849 49369 13
13080 15162 13
7633 24190 13
11237 29560 13
16183 34567 13
27406 43924 13
4929 36758 13
17777 20426 13
41505 47109 13
17790 45181 13
4924 9587 13
13412 17006 13
4922 13464 13
28383 48082 13
15161 17185 13
845 3396 13
29962 31786 13
40111 43878 13
12151 25320 13
3267 43829 13
22002 39817 13
6382 7607 13
14919 26287 13
21533 29347 13
15241 43658 13
4678 37086 13
21526 25989 13
9396 25760 13
359 21039 13
21524 31933 13
11330 20049 13
4931 9666 13
3268 38001 13
28239 34185 13
16047 37512 13
10833 22313 13
109 44591 13
16051 25407 13
7775 32607 13
26890 37433 13
18058 45267 13
10832 31027 13
7536 26933 13
21003 21550 13
22337 45222 13
4460 30235 13
13094 15381 13
10831 47725 13
4320 16808 13
21003 42169 13
17460 48036 13
33698 44747 13
4703 19223 13
4918 5003 13
26860 33478 13
22377 31886 13
25442 29675 13
31156 36241 13
7529 30238 13
17806 19711 13
4949 17596 13
10532 16798 13
33702 38609 13
2630 48276 13
13621 26881 13
26874 39509 13
41474 44124 13
764 1396 13
9725 40280 13
17746 49215 13
12175 19888 13
1095 6404 13
7646 46638 13
6587 9528 13
15256 42497 13
6584 43757 13
9346 43634 13
21605 27655 13
313 3657 13
369 31268 13
29889 43831 13
25579 32217 13
31275 36682 13
13048 36077 13
4650 30011 13
31274 48064 13
780 4228 13
7816 10969 13
15782 36580 13
35492 43311 13
22550 43218 13
27438 33801 13
35496 40275 13
36287 36659 13
2586 6834 13
7477 31931 13
27290 39783 13
9338 36813 13
853 43804 13
8296 26375 13
36286 49936 13
2764 18978 13
4639 29273 13
4994 34885 13
20816 24354 13
12164 13073 13
9361 30607 13
20864 21801 13
47801 48277 13
76 138 13
4667 5017 13
4669 8810 13
8434 13495 13
6368 9855 13
25224 45520 13
22454 47714 13
15809 46274 13
21537 27038 13
10792 25880 13
21995 40109 13
8426 18233 13
9375 27320 13
44917 49538 13
15247 19473 13
25239 33755 13
4492 5122 13
21583 35010 13
1072 1559 13
1648 10766 13
18155 29509 13
13391 44276 13
40015 45130 13
324 27506 13
16226 19377 13
8248 9021 13
7497 29403 13
1099 12917 13
14878 17547 13
13058 14805 13
17427 35907 13
6360 14890 13
13540 16297 13
769 26980 13
22081 26184 13
30147 45145 13
2612 25352 13
821 3677 13
6711 35155 13
13540 45163 13
7751 9235 13
6471 15838 13
21251 34352 13
35792 42279 13
4782 40780 13
34314 49132 13
27336 35812 13
6523 14917 13
9760 34842 13
17925 18703 13
3314 8556 13
30962 35613 13
22242 29797 13
30960 32933 13
17968 47190 13
35729 48749 13
4809 11672 13
35731 43669 13
28323 32957 13
771 3291 13
16126 37311 13
4803 49987 13
3163 45172 13
1135 5779 13
1062 1220 13
36149 46228 13
9478 10997 13
14993 19742 13
12068 24601 13
9499 13660 13
17505 27554 13
28105 28355 13
2393 22800 13
2340 27235 13
9499 21024 13
7602 12829 13
25461 25944 13
1877 31304 13
11277 31473 13
1057 3900 13
33885 34484 13
2705 10867 13
8349 20331 13
34292 48113 13
22124 41773 13
22124 44983 13
13515 49834 13
8360 13961 13
35767 37135 13
25098 28072 13
1882 4918 13
335 927 13
25492 29643 13
6502 27364 13
27002 41488 13
44835 48161 13
2621 7617 13
30238 40104 13
30238 39638 13
2703 43137 13
30863 34153 13
21328 33472 13
15008 45875 13
25118 36958 13
2733 2738 13
6689 29622 13
9806 10037 13
21416 36977 13
1758 49769 13
13122 38481 13
9430 19150 13
21061 36914 13
21413 45417 13
2733 28618 13
8388 12734 13
33754 33901 13
14970 45840 13
6437 43242 13
35821 46813 13
8384 11171 13
21410 25804 13
13456 20263 13
11956 48569 13
1689 47244 13
3335 6106 13
41165 45353 13
6542 41367 13
13604 21864 13
4714 26494 13
7740 14569 13
22326 27041 13
15238 30751 13
41444 42320 13
4327 9674 13
4882 41651 13
13110 47090 13
31110 47624 13
4329 20588 13
33960 49441 13
603 897 13
26959 35795 13
21153 23055 13
3288 6124 13
820 22735 13
4823 15122 13
105 2973 13
9457 15063 13
2722 49898 13
27051 46080 13
33938 47200 13
14980 29304 13
27363 29807 13
17482 25822 13
1712 42606 13
7572 33548 13
2333 5787 13
15867 34911 13
9468 23497 13
1141 1574 13
8195 11408 13
8383 24194 13
37112 44844 13
12107 49312 13
17847 41737 13
21090 38997 13
6 16257 13
6445 37135 13
13330 34829 13
4846 49981 13
35666 36783 13
6728 35615 13
3161 9672 13
21141 41291 13
3161 23624 13
21365 35845 13
397 15662 13
6797 9334 13
47175 49241 13
3434 29700 13
21911 22162 13
20497 42087 13
15085 15254 13
28471 36960 13
660 34509 13
12018 23161 13
24793 30342 13
11511 43076 13
16341 46877 13
2656 46426 13
26663 46629 13
39709 45100 13
40988 44597 13
20474 34275 13
47386 49203 13
1986 25436 13
34122 45330 13
33489 38907 13
22799 24473 13
16346 23780 13
24739 43304 13
22809 32430 13
231 18024 13
17636 21873 13
5149 39671 13
20456 35317 13
4519 7761 13
35970 41944 13
9250 44033 13
5109 8367 13
1594 10302 13
1025 12563 13
9923 25639 13
20538 41713 13
22734 34390 13
4156 4458 13
583 7117 13
6598 46384 13
14820 20999 13
663 981 13
5113 27194 13
40895 45711 13
22750 45394 13
15732 44311 13
119 37542 13
4615 13481 13
10546 16472 13
31526 32443 13
1978 22427 13
17384 18438 13
31536 41410 13
5121 6090 13
9674 13512 13
7842 12664 13
1589 4527 13
9672 16763 13
7417 48756 13
1980 43717 13
4533 7000 13
35354 37545 13
7660 28995 13
4108 4706 13
632 1682 13
9667 17591 13
15122 34426 13
9951 46335 13
1075 37561 13
18 94 13
1197 4534 13
1028 25953 13
24751 32973 13
740 4449 13
9201 28485 13
874 30772 13
21751 25544 13
18330 32939 13
740 1245 13
26585 33106 13
40792 41203 13
37840 49895 13
22911 45364 13
22907 36878 13
22908 48817 13
1820 22390 13
27522 41223 13
3118 12852 13
15996 44452 13
16367 38988 13
1999 44557 13
21728 24482 13
29707 49872 13
289 943 13
9968 37705 13
7873 13720 13
21894 27403 13
2368 18450 13
8501 19676 13
20437 28405 13
26647 38654 13
40965 44676 13
4122 33676 13
8161 24959 13
37817 48652 13
7406 10949 13
31608 32445 13
17387 19261 13
7866 14771 13
9189 10161 13
6790 49222 13
41913 45375 13
31610 33750 13
13911 38004 13
3418 16800 13
5165 39604 13
11188 20118 13
21760 33177 13
22852 34734 13
26581 42070 13
25349 36256 13
872 7723 13
5228 7944 13
13770 38865 13
10862 44801 13
25378 41462 13
8177 28295 13
16397 39004 13
9884 26346 13
27444 29006 13
4206 19712 13
22608 43835 13
13365 43133 13
6764 22890 13
28441 33902 13
12876 25845 13
3204 7601 13
4511 8726 13
10600 19606 13
1958 8584 13
29827 31561 13
29825 41798 13
17391 46083 13
16395 25812 13
16293 41338 13
31692 46642 13
9885 22193 13
17707 37402 13
22617 35373 13
22622 31287 13
2558 49333 13
11220 19389 13
860 14263 13
17335 23126 13
13767 22381 13
22554 45071 13
13328 33865 13
20762 27048 13
30364 43800 13
24877 38917 13
29860 44061 13
22571 36565 13
6590 10154 13
13026 34444 13
30647 43948 13
8291 10070 13
6595 33489 13
377 1144 13
7694 7703 13
2775 30110 13
1205 13358 13
9607 24500 13
13944 19972 13
47167 47679 13
9305 42719 13
6760 22121 13
39872 48638 13
21811 33333 13
22597 47015 13
1083 15801 13
1955 10991 13
15709 25182 13
27441 40907 13
20300 33722 13
6761 49268 13
9683 17950 13
18254 22367 13
7441 49345 13
7436 10770 13
9269 41089 13
3442 49233 13
3396 41605 13
20606 27083 13
26709 28974 13
39758 47351 13
21673 33213 13
16389 39042 13
5080 8184 13
14846 31033 13
12968 45440 13
26706 48392 13
4200 29372 13
12887 17032 13
18263 36555 13
9185 35969 13
5089 42618 13
1791 17102 13
5092 44117 13
2294 3391 13
35402 42355 13
2294 3035 13
7388 33590 13
13829 37228 13
15262 31690 13
13835 47297 13
382 28431 13
22637 38683 13
2277 18009 13
20660 27994 13
9282 38003 13
5066 31057 13
2296 2737 13
6642 7267 13
9282 10928 13
18247 25117 13
4189 34866 13
28514 40329 13
9287 20196 13
12990 23481 13
4562 14760 13
9278 45706 13
13925 20320 13
862 2733 13
9288 10718 13
40762 45680 13
862 30418 13
24158 45152 14
1085 33187 14
1335 33669 14
8698 48981 14
34800 46825 14
8758 15953 14
25353 36918 14
34168 38674 14
14585 32589 14
1076 17106 14
2375 2775 14
28147 37774 14
25351 37259 14
2182 26074 14
2376 26586 14
32731 34210 14
5868 16263 14
18938 42896 14
24152 46677 14
3634 45135 14
6622 19922 14
17856 40516 14
973 41524 14
28796 39727 14
84 594 14
7030 10339 14
28171 29413 14
973 7212 14
27859 48883 14
25430 49305 14
6676 35845 14
7030 43222 14
85 305 14
7013 46975 14
25930 35052 14
44494 47931 14
24195 24902 14
6566 36742 14
32830 40127 14
17589 25012 14
515 25936 14
25280 33908 14
510 44541 14
7019 45604 14
8292 31697 14
8738 11652 14
32776 36303 14
630 771 14
11768 48219 14
34088 43426 14
17709 27959 14
969 37713 14
12025 18519 14
7016 11935 14
19017 34133 14
25242 31782 14
12024 38286 14
12451 25868 14
24209 26258 14
16973 19072 14
19049 45213 14
6539 11447 14
1074 17973 14
15426 40008 14
3183 8478 14
3590 34610 14
18952 31023 14
44314 47891 14
34262 42868 14
24175 36550 14
2188 32107 14
33946 42512 14
25318 33569 14
6657 22046 14
633 10359 14
2204 35490 14
5874 44704 14
17850 29718 14
17528 26112 14
6546 48742 14
44698 47079 14
5913 25655 14
25190 33717 14
17811 24116 14
32767 44839 14
97 2166 14
15047 47591 14
6679 20230 14
10747 41487 14
506 10737 14
3013 25592 14
620 48186 14
18970 21179 14
1329 2084 14
3278 32687 14
1111 28302 14
1331 3798 14
33956 45478 14
658 28828 14
6323 28652 14
36944 47517 14
33219 41809 14
33563 43002 14
118 260 14
17218 30283 14
10469 30222 14
72 569 14
24850 36013 14
18236 31919 14
6307 23171 14
18587 35753 14
24593 43035 14
6302 7238 14
15344 42800 14
18263 49269 14
6297 18812 14
18560 25773 14
14828 29943 14
6775 22876 14
33507 39473 14
28025 47346 14
8126 28245 14
34447 49437 14
1189 17629 14
3410 6060 14
12214 28046 14
14817 34125 14
14729 42465 14
43414 45126 14
33604 43433 14
17154 45210 14
14647 18248 14
10930 41975 14
18693 29848 14
18194 23349 14
24906 27578 14
18685 30326 14
24894 49658 14
8461 46895 14
18684 28593 14
28425 44673 14
14664 49867 14
12175 23757 14
18523 48102 14
12176 30660 14
18204 41437 14
24535 40130 14
137 2650 14
11823 43509 14
14862 32586 14
1038 26709 14
34634 42494 14
136 40447 14
6896 29677 14
18223 30060 14
17420 47158 14
18654 28624 14
2300 3251 14
1212 2470 14
6787 23816 14
25716 43343 14
6852 49671 14
45390 49878 14
27981 42892 14
17272 25249 14
3114 40134 14
2269 31311 14
24676 47347 14
36977 46763 14
1017 8423 14
6254 27031 14
17304 46747 14
8523 12826 14
17255 43556 14
568 11211 14
6807 42055 14
6229 35352 14
6250 6560 14
68 1490 14
3452 4040 14
6826 26891 14
14773 14959 14
1208 2090 14
14775 27867 14
570 41006 14
33404 36385 14
3447 22034 14
14774 20768 14
3468 8410 14
2436 3084 14
6781 15373 14
8164 15191 14
43713 44138 14
37816 42489 14
1193 2174 14
8553 22804 14
122 140 14
8547 47330 14
8502 30124 14
129 41847 14
6268 45049 14
24776 35878 14
14806 16844 14
38090 40815 14
6266 23794 14
33325 42825 14
6185 15656 14
24644 43470 14
576 668 14
575 12513 14
33331 43941 14
18461 36835 14
34470 42268 14
10904 43908 14
37286 47756 14
8158 24555 14
28551 28959 14
64 69 14
6958 10455 14
25529 39117 14
25532 28578 14
1288 30871 14
36884 45529 14
3566 3856 14
6958 42449 14
18013 18761 14
25857 34036 14
12383 42475 14
18014 20445 14
18836 24000 14
10828 40788 14
10413 33707 14
18835 49436 14
531 42595 14
37577 37633 14
18035 19956 14
3159 6297 14
14951 27557 14
37589 49827 14
8402 17459 14
25855 34739 14
6013 7021 14
33721 44431 14
8663 18917 14
1282 2570 14
44036 47492 14
2453 3539 14
1152 1532 14
15400 35182 14
17878 23550 14
32910 41027 14
38315 47318 14
8356 9550 14
6706 7290 14
6707 25818 14
25877 46540 14
17891 34534 14
17892 28528 14
17895 35248 14
688 32746 14
8210 12895 14
526 40741 14
6482 49444 14
27918 32963 14
28085 41881 14
12079 32776 14
32962 41824 14
1291 8290 14
17944 34766 14
17946 18010 14
17975 36833 14
6457 22187 14
25068 40811 14
27900 44112 14
14978 45910 14
17985 46926 14
10408 17114 14
8378 32060 14
14633 21322 14
18742 30697 14
6046 30881 14
24447 49469 14
3149 14589 14
10628 24802 14
8424 9787 14
15371 31315 14
24943 35655 14
18113 34602 14
593 43821 14
15246 37908 14
593 15944 14
10446 30783 14
15247 17117 14
33688 47873 14
15365 41198 14
10616 17749 14
1261 9145 14
11815 27479 14
14881 23184 14
3524 17123 14
24928 31794 14
28409 37753 14
3360 30882 14
3363 4588 14
34409 40703 14
18701 25513 14
18183 47807 14
18184 33727 14
18084 36143 14
28368 31202 14
6022 6669 14
25848 39761 14
38200 45855 14
33056 38298 14
18059 20658 14
6403 14195 14
12366 27001 14
6735 30254 14
6397 34961 14
8645 25562 14
18773 34881 14
24968 32103 14
28065 41533 14
25886 40444 14
3545 43885 14
2318 12180 14
3152 35609 14
3152 25739 14
24953 49450 14
3544 4402 14
43990 44445 14
2317 4166 14
6044 12943 14
25822 26466 14
44894 46536 14
3350 26012 14
25549 29243 14
1269 17065 14
5016 5841 14
7827 17925 14
9301 24205 14
5038 9099 14
9302 43280 14
13020 29375 14
5028 37282 14
16279 17917 14
39882 42158 14
20729 34616 14
7465 15117 14
26768 37293 14
13763 30792 14
2777 33224 14
9316 26274 14
16275 35931 14
13754 21134 14
20797 48531 14
41629 48569 14
41626 43282 14
22537 37742 14
1642 10659 14
7810 47597 14
15793 25257 14
1645 6486 14
2760 23131 14
2580 9753 14
41814 49843 14
41814 44039 14
9254 12542 14
5100 17160 14
26702 30526 14
14 2049 14
29778 30438 14
2795 9889 14
5086 6221 14
5082 9314 14
35414 46280 14
13805 20727 14
9861 27864 14
16297 30270 14
861 20008 14
5051 47655 14
13789 15341 14
41719 42445 14
11498 23753 14
9294 17490 14
26749 28248 14
31417 34459 14
9884 39338 14
13777 46936 14
27415 38338 14
26823 44353 14
16215 29834 14
29960 42898 14
22440 26375 14
2750 5857 14
13653 38567 14
1929 41347 14
4947 9866 14
16213 21695 14
4274 49405 14
1670 47525 14
9397 41355 14
1932 10525 14
31187 31489 14
4926 43260 14
20940 45513 14
20956 41428 14
4290 6190 14
27403 43183 14
16183 20992 14
4295 23916 14
40148 47149 14
4917 7740 14
4916 6720 14
20845 38575 14
13047 13664 14
4238 48446 14
4982 19872 14
9855 11578 14
369 433 14
4243 8403 14
4243 19141 14
41592 42840 14
35533 37315 14
26813 33343 14
4252 5706 14
13696 28308 14
9923 45567 14
1653 10171 14
11485 15713 14
9357 33658 14
35550 41178 14
4964 21381 14
7801 31431 14
9849 18392 14
364 5227 14
22458 30590 14
41542 48144 14
4956 49475 14
13946 22024 14
2018 45298 14
39482 47858 14
5249 17620 14
5248 30966 14
5247 13894 14
26523 27671 14
9993 49474 14
31726 36422 14
9163 26758 14
31721 42162 14
413 28414 14
5241 14898 14
23043 45227 14
20290 39981 14
7877 9530 14
13940 37904 14
27530 39952 14
5219 35005 14
2007 40595 14
881 42708 14
2841 49256 14
2007 37457 14
27530 35620 14
35308 42118 14
9185 41109 14
5262 19562 14
11141 15022 14
4003 8570 14
1524 5777 14
2860 33022 14
13983 23969 14
12840 16976 14
4010 30316 14
11563 23540 14
889 16256 14
26492 49453 14
11557 19436 14
4023 11488 14
7389 13686 14
9150 14664 14
4029 45776 14
2020 22869 14
12857 18578 14
23075 31368 14
9157 29529 14
1538 33645 14
31740 32105 14
1539 10550 14
886 23239 14
29588 29873 14
13847 41481 14
5159 19244 14
1989 36409 14
9942 14770 14
13875 15496 14
26651 40336 14
9226 11994 14
20470 24365 14
11509 27908 14
1983 36473 14
15 75 14
20490 44002 14
12946 26218 14
12932 27186 14
20509 37966 14
27494 48251 14
4146 43395 14
5121 12364 14
22755 29798 14
866 43609 14
2804 9501 14
16323 36080 14
20536 40287 14
20537 41873 14
47450 48801 14
1564 22635 14
12900 36214 14
9188 11160 14
2005 20591 14
4083 49044 14
5212 35622 14
20339 27885 14
12908 39970 14
12911 32398 14
2834 47919 14
9193 16627 14
9195 41765 14
2561 19780 14
20968 39553 14
875 9399 14
35338 39689 14
20393 31832 14
11180 11343 14
1995 25909 14
11181 30635 14
403 2666 14
5168 20965 14
2564 45680 14
16353 23601 14
9216 45824 14
1772 5196 14
13228 21238 14
35833 47550 14
13231 31986 14
27309 37212 14
320 3282 14
11321 33575 14
21489 49374 14
4691 27237 14
40620 45570 14
4687 43658 14
22013 29549 14
4482 48227 14
4466 9879 14
27113 45341 14
811 987 14
2678 7814 14
48833 49563 14
1774 32834 14
1775 19632 14
11384 16794 14
16039 19844 14
30669 44478 14
2672 46781 14
36097 42689 14
13270 40971 14
21436 29886 14
41224 48296 14
30253 36751 14
30813 45994 14
1752 44180 14
16085 29339 14
774 30013 14
1755 3697 14
7611 45244 14
1759 9172 14
9540 24883 14
11296 41018 14
16059 25300 14
4649 10419 14
16058 21950 14
816 5076 14
21446 44066 14
4453 30065 14
1857 15719 14
4712 31938 14
13426 45989 14
21453 33553 14
4710 11375 14
9726 13797 14
4709 16871 14
1805 24644 14
21888 31460 14
21728 49010 14
11367 14497 14
1798 14352 14
4595 19150 14
7666 15445 14
9626 13427 14
21744 44668 14
27190 29209 14
9626 47622 14
7677 24325 14
30540 38035 14
801 1128 14
13344 18485 14
4574 15873 14
21782 35643 14
1816 2129 14
9639 22896 14
0 389 14
4560 25280 14
40845 43465 14
49772 49783 14
298 37180 14
15980 46213 14
4621 4662 14
314 812 14
21629 41151 14
9690 25105 14
35934 44759 14
9687 10578 14
1834 2229 14
21643 27066 14
30368 33053 14
36080 41057 14
1832 20419 14
27163 48996 14
784 39680 14
2700 34797 14
16009 48517 14
7656 40341 14
13292 37056 14
308 1796 14
21676 26665 14
21694 28732 14
21704 22632 14
21907 41225 14
4518 32983 14
1826 8185 14
21717 41600 14
30090 44092 14
16155 47386 14
30072 36100 14
30073 35076 14
9797 13160 14
9796 17501 14
21098 49027 14
16144 26911 14
35665 42534 14
21132 40214 14
2608 25984 14
40282 49174 14
4830 31977 14
31071 34115 14
35694 42543 14
11251 41062 14
9455 47432 14
27368 41361 14
22259 41235 14
30101 48846 14
22258 49123 14
30104 46112 14
27360 46897 14
4813 17195 14
30980 34796 14
1892 5395 14
4325 25106 14
22366 38420 14
4908 35715 14
22353 45478 14
13619 32905 14
11245 16289 14
4893 26117 14
31133 39005 14
4893 25403 14
7542 8130 14
21008 23526 14
13100 42964 14
21012 45399 14
4810 20236 14
13102 40814 14
4883 24718 14
1909 24711 14
41432 43643 14
21035 30172 14
262 1313 14
11469 30993 14
22301 25143 14
15846 35433 14
4346 26164 14
21086 25662 14
9747 49992 14
771 12801 14
35770 46884 14
4770 19905 14
13195 19325 14
22150 38653 14
30862 41661 14
21287 22626 14
21294 35478 14
21294 49084 14
13197 20075 14
27009 33185 14
15872 26720 14
21265 48828 14
4423 6870 14
4426 19612 14
27337 46790 14
21313 32113 14
2705 19696 14
40436 47497 14
1870 41047 14
13505 28842 14
9740 10749 14
1868 17833 14
9738 28648 14
16115 22376 14
4809 35310 14
41330 48528 14
13164 39090 14
1890 4937 14
4805 32724 14
22217 46752 14
7753 29334 14
4383 22890 14
21213 37709 14
2719 9499 14
4386 10489 14
21220 25364 14
1337 46094 14
21228 23198 14
13176 41108 14
36176 43223 14
27348 27465 14
9480 27343 14
825 17226 14
9761 21228 14
13188 17599 14
4780 4819 14
4779 6570 14
40401 45666 14
11094 33201 14
2093 28323 14
23945 33541 14
15583 22713 14
11630 39998 14
7215 43422 14
3711 46276 14
5506 10318 14
31 676 14
36713 37605 14
32518 41799 14
19336 31032 14
10139 27194 14
16652 17463 14
11096 22869 14
14367 32263 14
19755 36405 14
23508 25715 14
19776 49644 14
1458 2297 14
19777 37413 14
19338 39115 14
185 16372 14
23582 40263 14
2512 6459 14
23577 24985 14
5720 10311 14
42862 44133 14
8965 11311 14
3716 40810 14
19695 38560 14
23504 43379 14
10160 49367 14
2924 12004 14
2096 6068 14
32188 42125 14
1446 6010 14
2146 2504 14
8976 45707 14
32510 44753 14
5727 38484 14
10311 44519 14
19851 22933 14
5757 6939 14
1469 6237 14
9029 47421 14
2985 13388 14
23430 40043 14
26349 30635 14
23421 29033 14
11108 37262 14
32067 35704 14
7927 14746 14
19879 21274 14
32055 46795 14
23412 39713 14
28939 49902 14
15620 27723 14
29332 38628 14
16599 48083 14
19270 40636 14
32562 44988 14
3873 32730 14
2088 7919 14
29262 29732 14
19302 23522 14
23975 31999 14
32546 47835 14
38600 38690 14
3868 30641 14
12718 20548 14
26335 30533 14
19659 43962 14
3877 5163 14
10123 24927 14
23470 49444 14
5460 25613 14
29300 42247 14
38597 47049 14
9026 12391 14
14105 25864 14
12724 36352 14
46225 49719 14
27779 40712 14
8890 45937 14
19494 31756 14
7980 38083 14
15516 21182 14
19518 45391 14
2119 44967 14
8855 16898 14
178 303 14
16770 35135 14
16820 48790 14
36621 48464 14
32461 34560 14
29005 47444 14
15548 27385 14
8852 42288 14
15550 46547 14
7158 8600 14
32320 41275 14
14273 43636 14
8887 22978 14
5670 34817 14
476 45750 14
10244 29673 14
10242 43727 14
38782 44555 14
23809 25985 14
12600 41541 14
475 24909 14
5659 17229 14
469 22815 14
14313 15872 14
29061 39244 14
19423 29819 14
19472 28850 14
10252 11274 14
23772 46566 14
708 45150 14
39 29540 14
3772 29561 14
26120 26439 14
2938 35283 14
2507 39061 14
38922 39544 14
19626 39640 14
23623 49159 14
46381 47931 14
16834 38795 14
19647 32579 14
10182 15629 14
5564 37448 14
10187 30412 14
8838 19358 14
19656 33631 14
29158 37101 14
34896 36210 14
5710 32216 14
23588 23809 14
19656 49081 14
42845 48989 14
15513 27764 14
26137 40729 14
26242 37742 14
10203 30984 14
14271 19685 14
23669 30155 14
7965 16011 14
2135 35759 14
15555 27052 14
16755 41801 14
8852 25322 14
29512 33117 14
19587 20299 14
34910 40312 14
26121 40431 14
2489 19955 14
7116 29708 14
3733 11836 14
171 1513 14
19596 26835 14
8843 11153 14
19116 35877 14
11596 46211 14
8795 38559 14
23307 37476 14
8034 8274 14
8796 9771 14
8796 47184 14
19998 45171 14
2895 18717 14
11586 12507 14
16494 16718 14
3935 18782 14
26432 48001 14
19192 48196 14
16571 33674 14
10323 40404 14
26386 36831 14
42194 49183 14
24128 33117 14
12487 47913 14
20133 25960 14
5786 25607 14
19996 26041 14
1515 46812 14
207 17689 14
11742 18030 14
7903 37953 14
10066 18512 14
7921 8650 14
3655 15949 14
3652 35584 14
16556 17500 14
3950 10684 14
12470 29810 14
19131 31671 14
20066 27106 14
7290 20386 14
23287 34374 14
29426 31477 14
3974 26795 14
31933 35767 14
5812 14354 14
906 2531 14
27594 44129 14
498 49543 14
28861 32751 14
960 30934 14
8038 37421 14
2528 3349 14
10073 38635 14
3941 20460 14
24073 30102 14
903 3770 14
5319 8446 14
501 1084 14
8027 16722 14
39264 49715 14
31942 37496 14
24 728 14
27602 31790 14
10042 15493 14
9078 28543 14
20163 31110 14
5395 16233 14
2993 5131 14
10028 18991 14
12757 39330 14
16484 35055 14
29505 49784 14
2530 4356 14
7260 13247 14
19942 45449 14
10341 44508 14
16597 17698 14
15660 32731 14
11002 15620 14
10089 10628 14
19259 34110 14
32021 34509 14
5413 11485 14
16931 24185 14
36437 38544 14
2986 23800 14
3652 4273 14
46754 47653 14
14095 41558 14
3996 23847 14
36514 41239 14
16516 34209 14
32044 42206 14
10100 18162 14
5326 39388 14
14017 14427 14
440 1388 14
19137 29237 14
31819 45369 14
12761 34713 14
39292 48067 14
5378 20930 14
39320 48209 14
438 4722 14
12490 19231 14
19212 30883 14
2046 20805 14
27847 38750 14
438 8388 14
5846 38394 14
31971 44874 14
14464 26800 14
14069 39132 14
12493 37987 14
26054 37169 14
3958 25955 14
8762 35903 14
7073 28641 14
2180 33338 14
45 10694 14
7264 17785 14
16903 21661 14
27614 28864 14
3919 40343 14
23363 36677 14
7682 14843 15
8261 8841 15
27338 30954 15
36061 37389 15
793 951 15
16812 20944 15
15970 32715 15
11572 31126 15
16817 31080 15
825 1502 15
17640 24029 15
1079 8663 15
10816 46789 15
8210 29444 15
15450 38456 15
7683 35062 15
824 1071 15
27254 32918 15
793 47027 15
11761 26632 15
2491 41135 15
11360 45968 15
87 2085 15
27168 36927 15
7052 26885 15
6994 28802 15
27020 41469 15
1057 19842 15
11282 14420 15
17522 40694 15
2983 42285 15
26079 45066 15
27102 29793 15
45939 48500 15
16019 36595 15
36087 42736 15
10782 21803 15
7092 34470 15
11322 29881 15
2680 10457 15
3018 12691 15
11320 30252 15
35838 46743 15
7094 40298 15
27810 29944 15
11396 45957 15
15891 16219 15
7736 9612 15
7646 15885 15
34229 40459 15
16891 32349 15
7645 47707 15
27131 37876 15
15147 21879 15
7724 40256 15
10783 26412 15
15895 38620 15
16037 46735 15
7728 36378 15
17583 18542 15
7086 44138 15
6669 34889 15
778 46530 15
6689 14760 15
8260 23116 15
2474 24762 15
2701 34818 15
11436 31304 15
16930 27762 15
11949 17208 15
15191 33861 15
11370 13935 15
950 1875 15
7114 27259 15
951 18970 15
35817 48020 15
961 16094 15
16841 19599 15
35973 39354 15
26123 43761 15
975 12772 15
8004 15340 15
10800 45604 15
15436 33387 15
17558 18582 15
16052 30427 15
25969 48946 15
6679 7504 15
17564 28033 15
7065 12394 15
803 1878 15
8236 29886 15
16995 23157 15
35959 46103 15
34891 41847 15
724 3408 15
7422 34334 15
8111 21785 15
46642 49561 15
17210 28979 15
2530 33339 15
11116 33372 15
25629 35526 15
26656 43146 15
741 45203 15
6782 23750 15
7408 47093 15
11878 26260 15
11824 25147 15
17218 30820 15
26632 39002 15
1029 3250 15
62 92 15
15329 42285 15
16359 45809 15
25640 26817 15
26611 34551 15
909 12094 15
11179 33985 15
26608 27015 15
2788 14520 15
35070 43086 15
16285 21085 15
15613 16352 15
6767 41001 15
28036 40471 15
7456 31390 15
36517 37241 15
35096 49722 15
916 4511 15
28033 32332 15
15754 20770 15
2892 8303 15
2903 27426 15
16313 37650 15
6911 37339 15
27 3875 15
35402 43504 15
2902 15309 15
27 3770 15
37080 40179 15
2574 38537 15
16322 42746 15
11881 19811 15
15320 28160 15
2883 3542 15
11590 19098 15
2853 4616 15
11845 21370 15
7308 28996 15
26440 45072 15
2855 42783 15
25734 40309 15
27986 32261 15
2856 6230 15
26449 37492 15
8144 10446 15
2856 44840 15
36963 45137 15
2868 27459 15
16415 30897 15
15321 27558 15
11559 39443 15
3094 4753 15
11152 17478 15
10907 36887 15
891 16305 15
11845 41035 15
15327 39691 15
16368 49141 15
6787 13994 15
16556 39422 15
26577 40927 15
6794 36242 15
27598 46595 15
35324 43990 15
15328 44530 15
6799 22836 15
36394 47011 15
3109 7879 15
720 10102 15
35302 41228 15
11170 36067 15
11167 30530 15
27594 39616 15
2556 10348 15
15701 40717 15
7371 29237 15
3088 4569 15
11160 15184 15
10892 25864 15
15298 21756 15
765 35256 15
16154 31114 15
26939 44223 15
11787 21314 15
988 36317 15
9 34 15
26931 47007 15
15564 23037 15
836 20242 15
7952 10257 15
3043 34377 15
6732 13133 15
16757 20416 15
2605 26229 15
7545 46336 15
7545 21351 15
16165 23639 15
16724 25716 15
16165 26040 15
47987 48227 15
7950 40197 15
6949 10026 15
11645 45432 15
35598 46590 15
11055 37449 15
26996 47835 15
26996 43823 15
34315 46469 15
16801 46473 15
15219 23766 15
11454 11499 15
11675 30816 15
15527 22703 15
15403 16067 15
17485 34959 15
7986 14546 15
3157 9209 15
16796 33505 15
8077 27284 15
711 9759 15
26962 40541 15
34949 39413 15
16769 37874 15
11256 14993 15
26227 46876 15
17082 27669 15
11938 24449 15
6727 39492 15
45081 46148 15
7217 39297 15
27422 35639 15
26820 43559 15
16659 22802 15
15588 29347 15
17126 26243 15
27659 46372 15
26816 37399 15
15801 48785 15
34670 37152 15
8095 47701 15
16659 42037 15
26319 30639 15
7494 8903 15
35527 46276 15
7493 35946 15
26329 48862 15
26331 39758 15
26334 31738 15
17145 23117 15
36907 37196 15
3136 42962 15
25587 35803 15
10944 21855 15
11075 36205 15
11480 46749 15
26870 37647 15
17451 40737 15
16674 21160 15
7206 14896 15
35584 42212 15
8089 29418 15
28064 35180 15
2451 48538 15
7206 31410 15
652 1081 15
2597 13294 15
7519 28997 15
35567 41744 15
16205 46340 15
6941 12191 15
11084 42380 15
655 10222 15
8095 32358 15
6739 20444 15
35557 47098 15
655 22244 15
29402 30207 15
23393 28122 15
10086 31483 15
19944 37449 15
3914 49107 15
23354 37475 15
29383 40792 15
202 8479 15
10078 14913 15
23315 48730 15
10077 29491 15
23308 27605 15
1490 17995 15
9066 30528 15
9042 30860 15
14050 47400 15
14045 19765 15
3942 49051 15
42307 44547 15
2052 14617 15
14019 29470 15
5331 28528 15
12802 13208 15
20125 26785 15
14001 42353 15
31849 42477 15
31847 36422 15
31844 47385 15
19809 22489 15
5502 11669 15
5501 42837 15
3853 47614 15
39033 49623 15
39036 49276 15
23512 36109 15
19754 34954 15
32134 43997 15
2089 9245 15
451 13617 15
39083 47720 15
32118 49473 15
5465 39173 15
9110 32470 15
23475 34908 15
19826 42117 15
19845 39803 15
1466 35088 15
2080 2243 15
39156 39279 15
12738 15188 15
23427 28709 15
12740 16568 15
5424 43873 15
5420 6516 15
32042 32282 15
5416 31636 15
20314 30810 15
29568 42027 15
12863 16977 15
2018 3055 15
5247 9656 15
12870 49984 15
1548 2591 15
221 7194 15
39539 49885 15
39540 48238 15
2013 2560 15
5226 34216 15
20309 24533 15
29639 41667 15
29556 37790 15
22957 42779 15
2007 6054 15
4076 5316 15
12896 19383 15
4077 7501 15
29658 35586 15
9970 34761 15
4085 34852 15
9192 15521 15
22920 36072 15
226 16183 15
20349 47996 15
9959 16776 15
1523 3443 15
14000 25421 15
31834 44533 15
10037 12574 15
20138 37841 15
39366 42275 15
23173 35000 15
5296 21635 15
31818 48760 15
1521 1963 15
3995 8222 15
20164 39256 15
29511 38070 15
42160 44883 15
32151 42549 15
1523 10166 15
5288 27772 15
20183 33959 15
9123 44222 15
5279 11470 15
420 14579 15
12849 28217 15
20195 31294 15
31790 38072 15
1528 36720 15
20210 28557 15
218 1821 15
5718 7497 15
19259 30620 15
19269 36020 15
10315 33217 15
32560 40068 15
3696 22083 15
10310 11462 15
14372 45403 15
5738 47934 15
1378 14974 15
14365 28346 15
19320 34004 15
10294 23301 15
5722 44272 15
38544 47096 15
1384 6885 15
32490 33677 15
19364 31396 15
3725 11257 15
19373 43532 15
14347 39521 15
28994 42173 15
8848 36611 15
1393 2046 15
42796 45584 15
5696 7708 15
29000 44530 15
29010 35500 15
38488 49150 15
24180 38763 15
24162 29826 15
12455 23298 15
8762 23275 15
24150 48660 15
12456 12719 15
503 1760 15
10353 26907 15
5833 11885 15
157 2333 15
1345 46404 15
14426 38839 15
3652 20276 15
3748 20579 15
500 846 15
2172 6979 15
3660 12048 15
1352 20877 15
14413 49401 15
14409 21777 15
28900 30182 15
8804 21853 15
3679 11947 15
19215 19630 15
12493 33041 15
1364 17710 15
3831 24288 15
19559 46754 15
29111 49911 15
32304 42551 15
3810 9864 15
5610 23470 15
19591 25102 15
10197 17557 15
32270 37345 15
23645 32326 15
8947 24554 15
23621 28297 15
38944 47844 15
42601 47904 15
38858 39570 15
12663 29501 15
32216 46213 15
12669 43832 15
8956 46234 15
1441 39645 15
17644 26155 15
32207 44185 15
14190 24871 15
23563 35092 15
8973 31848 15
14177 28333 15
23537 35793 15
5508 14920 15
2121 17711 15
3750 3853 15
5683 30818 15
5670 37768 15
3756 19613 15
8877 19186 15
23798 44018 15
14310 14847 15
8882 29734 15
5659 17923 15
23774 40633 15
2123 26033 15
19484 28637 15
32389 35949 15
31634 31678 15
8893 29960 15
8894 29817 15
23733 31748 15
471 3108 15
23724 34397 15
471 965 15
5628 30576 15
23699 35658 15
3798 37481 15
10213 11660 15
5621 7440 15
5619 30028 15
4437 5059 15
21299 33218 15
30857 34170 15
1740 32099 15
30223 46880 15
1741 4508 15
21306 46016 15
4759 36524 15
22124 34427 15
21325 30905 15
21328 37272 15
4749 14801 15
22085 22658 15
1748 4268 15
21288 44700 15
13214 31485 15
30830 45004 15
9518 33179 15
30826 32017 15
13485 28228 15
4739 21731 15
21379 31572 15
13472 14496 15
21413 39345 15
41196 42015 15
4451 10423 15
41181 44095 15
9729 26910 15
21183 37758 15
21070 24576 15
13596 14997 15
4854 7716 15
13584 28387 15
4355 19023 15
9451 30225 15
343 43233 15
41360 43777 15
31005 32950 15
1711 2182 15
13564 45988 15
21176 24088 15
13159 26280 15
1761 17428 15
339 43106 15
4371 10810 15
339 8457 15
22204 35782 15
9478 21738 15
22201 25218 15
41309 48105 15
30914 41075 15
22185 27518 15
13189 15924 15
21267 46728 15
22168 41845 15
4601 8571 15
4503 4526 15
9594 16545 15
1785 2195 15
21934 23480 15
4635 20550 15
40738 48684 15
4509 9413 15
30372 49709 15
40757 49004 15
308 10436 15
21678 46350 15
30418 38072 15
9668 17661 15
21621 45492 15
4595 10540 15
21743 38029 15
1800 30472 15
21757 28133 15
21852 24632 15
30451 46547 15
30520 36648 15
9649 40343 15
1814 33849 15
301 504 15
4551 33531 15
13323 21829 15
13330 45802 15
280 1307 15
40535 44713 15
21462 43783 15
4467 36314 15
13418 28435 15
4706 11247 15
40565 48327 15
21472 21548 15
30291 39832 15
9569 15774 15
21496 23035 15
30294 45977 15
1768 27037 15
21537 23651 15
4867 37639 15
13407 24709 15
21549 27605 15
1845 26935 15
1845 3044 15
21574 30070 15
13256 48969 15
21976 27645 15
13386 31877 15
281 47812 15
13262 37743 15
4495 18141 15
21961 34933 15
1608 21038 15
13840 15478 15
22753 41371 15
1592 5119 15
9925 21309 15
393 4921 15
4158 11349 15
22728 25067 15
12964 22076 15
9919 31477 15
31470 31834 15
4181 7214 15
4181 16464 15
13801 44826 15
5120 25275 15
9898 27308 15
1614 34375 15
29825 30984 15
13017 35776 15
22615 37712 15
1957 6915 15
5040 18632 15
39861 44301 15
20711 21631 15
379 751 15
22596 31855 15
9309 47747 15
13026 41509 15
4119 10152 15
1564 27387 15
22888 34489 15
9199 47784 15
5189 19172 15
1996 2172 15
1566 9250 15
13895 17246 15
13892 21125 15
22862 23274 15
41920 48428 15
20417 25910 15
22854 37207 15
9216 18964 15
22565 46786 15
31591 41749 15
4126 9599 15
9221 14095 15
9223 24236 15
22794 26039 15
39671 43304 15
9238 49899 15
4140 29350 15
4140 47095 15
29736 35220 15
20511 38877 15
4148 49431 15
22410 35558 15
13064 17997 15
29927 39764 15
13690 19915 15
1661 29160 15
31227 47437 15
9843 38651 15
41515 42708 15
9838 44240 15
4938 19964 15
4936 11044 15
20928 23493 15
1925 28229 15
9400 20670 15
40048 48785 15
1672 25481 15
20942 47564 15
255 471 15
1920 32287 15
13087 19030 15
4904 7504 15
30017 46518 15
20993 43106 15
352 35925 15
4893 8096 15
4318 8901 15
4320 5208 15
21018 44603 15
4983 26702 15
4226 30871 15
1634 21624 15
1635 44135 15
9870 34641 15
13741 15486 15
4231 17663 15
5004 15441 15
39947 45294 15
13724 30458 15
20787 21288 15
1639 11438 15
20822 30103 15
1643 47896 15
19665 34994 15
249 37287 15
1645 22548 15
41599 49840 15
4245 5809 15
22497 38301 15
29905 31099 15
22486 41450 15
29910 35122 15
13695 15614 15
9354 46541 15
20853 34026 15
31253 45158 15
43316 43883 15
1285 48331 15
24378 38706 15
6008 20723 15
18818 36404 15
10416 13284 15
3504 39033 15
43307 49055 15
6217 35023 15
24924 38184 15
38066 40865 15
44333 46837 15
24598 44732 15
33022 44669 15
6539 10381 15
28240 37820 15
10423 43780 15
14668 36239 15
6019 22323 15
10613 22911 15
8338 17691 15
1117 2678 15
3288 7737 15
6524 39592 15
6024 38539 15
2332 16442 15
18782 49852 15
8443 12104 15
17855 46988 15
17863 33999 15
1110 17285 15
2353 2861 15
8670 24371 15
24865 43364 15
8309 47547 15
37374 37494 15
25185 49678 15
24359 30208 15
8379 18046 15
14932 43056 15
144 15710 15
2301 23519 15
28729 44029 15
18199 30783 15
28725 32712 15
33901 41899 15
33594 41666 15
28421 49003 15
18848 27786 15
12049 13773 15
10408 36655 15
6399 8396 15
1287 35372 15
6003 44078 15
14570 18911 15
10610 21716 15
14765 22539 15
28415 37337 15
14571 49101 15
567 25307 15
14750 35770 15
2267 2380 15
33694 39460 15
566 1889 15
6383 38991 15
24611 31589 15
6488 9972 15
1135 31097 15
6386 12546 15
612 20174 15
17958 23329 15
14922 28667 15
28316 36463 15
28303 31960 15
6055 19323 15
10510 47051 15
3468 32619 15
3350 19762 15
24635 26137 15
545 8474 15
33312 42138 15
18718 31256 15
6062 47109 15
8417 47107 15
24474 37186 15
10688 14673 15
18510 20664 15
3307 14156 15
8364 42523 15
8562 23313 15
24498 34883 15
24397 44879 15
18685 19196 15
6370 7907 15
3460 24625 15
18547 19844 15
25137 44171 15
101 3991 15
8539 37554 15
43969 47299 15
1156 41339 15
6213 11133 15
15016 35505 15
1125 18655 15
14760 17696 15
43832 45712 15
24657 47666 15
25120 30682 15
6505 23573 15
18745 41156 15
6211 14481 15
14909 18376 15
18744 23774 15
14755 28521 15
10431 37914 15
17910 22357 15
3536 4065 15
2238 2647 15
18739 33073 15
3230 13055 15
14695 17354 15
151 4239 15
19013 31981 15
12224 30371 15
583 8823 15
6111 7051 15
19011 22216 15
2329 3000 15
136 2070 15
8487 47477 15
33434 34541 15
5904 43642 15
12428 30917 15
18640 42608 15
6445 42704 15
33222 40356 15
19002 48933 15
14969 31651 15
632 1165 15
2294 11061 15
15085 17317 15
33544 40698 15
6257 8370 15
28172 39704 15
28620 49014 15
1202 7072 15
136 8101 15
44464 48900 15
118 2757 15
8716 25441 15
6274 12815 15
6633 44785 15
25360 34364 15
121 637 15
3630 21650 15
18303 19048 15
14490 24882 15
10763 44925 15
5886 26144 15
1189 8513 15
2246 21999 15
14818 24019 15
24802 30667 15
8741 18268 15
6275 7644 15
37745 48775 15
10760 12504 15
28812 46203 15
1322 41257 15
6272 15070 15
10755 11756 15
43451 44060 15
12203 38606 15
12447 49941 15
18314 46118 15
28461 41964 15
33784 37664 15
18328 19214 15
19020 27425 15
24557 38696 15
14775 21920 15
28760 49653 15
3447 34971 15
34063 45337 15
1302 1960 15
5951 18013 15
12326 33126 15
37749 47275 15
28201 46583 15
3267 16471 15
3264 41847 15
5946 37667 15
1206 1861 15
25015 34969 15
24307 34319 15
1298 37150 15
18910 37015 15
3443 36471 15
10598 21578 15
14858 49219 15
15062 25688 15
10539 20857 15
2273 10868 15
37326 48841 15
44444 44593 15
3258 14256 15
15067 49206 15
14515 45039 15
28767 40270 15
6446 47626 15
6095 27630 15
518 31597 15
33578 38203 15
24729 25709 15
10522 33896 15
529 685 15
12406 16291 15
1182 14319 15
3271 7220 15
14780 24489 15
28623 30562 15
24297 26869 15
6121 7023 15
8417 20568 16
12112 48982 16
18057 37011 16
9929 32859 16
20973 25295 16
15818 31419 16
14932 15566 16
16179 19574 16
2748 2876 16
9846 19195 16
2750 19810 16
4954 6239 16
10835 19864 16
7799 21951 16
25538 39262 16
9409 9627 16
4294 41498 16
22394 39615 16
25040 32300 16
4941 36383 16
6394 9218 16
4912 37420 16
25033 28369 16
20902 43794 16
9369 13668 16
9387 24148 16
22410 35376 16
25009 29772 16
4554 27238 16
2783 31049 16
24816 29039 16
13808 25618 16
20619 21390 16
13805 36096 16
4183 19248 16
9902 37542 16
9277 24111 16
6318 35562 16
22694 49099 16
20669 26413 16
12994 41964 16
22623 28632 16
5048 36343 16
13782 19134 16
26753 44901 16
12188 43823 16
6762 21213 16
2793 39169 16
11211 28310 16
12967 46091 16
16315 21314 16
9262 43447 16
13818 45058 16
5095 21627 16
20544 39897 16
17386 38015 16
12200 36441 16
12206 44221 16
11879 42206 16
20519 38974 16
14814 39902 16
8524 34002 16
4982 6066 16
10851 33713 16
20805 41355 16
16247 19026 16
8428 28245 16
17435 34596 16
2758 8574 16
13702 31529 16
6372 11241 16
13720 23250 16
4980 5153 16
6376 26031 16
10623 20076 16
13695 24016 16
11926 22931 16
2754 13273 16
12138 16868 16
4963 12082 16
11909 14978 16
16258 32802 16
18142 20896 16
3145 5294 16
6750 34976 16
15783 41614 16
13751 23158 16
14865 23888 16
6753 16338 16
4225 9408 16
5017 26707 16
4219 47156 16
20729 38348 16
6326 11224 16
5041 17447 16
8244 40799 16
4474 5358 16
6569 36200 16
13245 21887 16
3267 4471 16
11333 33261 16
4485 44019 16
25218 32315 16
16040 44894 16
13250 20993 16
7730 26784 16
15062 42445 16
6562 32087 16
13398 45995 16
25410 43594 16
11335 30064 16
15064 34412 16
6671 12544 16
4651 21440 16
13384 35439 16
4650 5042 16
3262 7728 16
21965 22210 16
21462 28512 16
25174 33501 16
7741 36362 16
7619 22358 16
9548 43986 16
6687 19818 16
17555 46934 16
13223 20574 16
4452 7461 16
22061 23334 16
15165 31143 16
2688 15525 16
4649 34400 16
6547 30320 16
7629 9845 16
4467 35512 16
7630 35387 16
15039 23204 16
7633 10680 16
17820 18847 16
9721 16695 16
11961 25930 16
27098 40744 16
2654 17249 16
7664 44047 16
2661 49429 16
3226 6162 16
25381 38618 16
21865 34212 16
7671 13604 16
6613 32750 16
21752 44449 16
4586 27417 16
15086 48388 16
21849 43000 16
9666 25746 16
21777 48727 16
9652 16003 16
7681 40084 16
13341 19314 16
15093 39277 16
21796 33729 16
4547 23552 16
17672 35044 16
8265 10002 16
17646 25216 16
4517 24538 16
15066 28350 16
3202 31574 16
9686 19145 16
13376 40298 16
27162 33064 16
21930 23655 16
25292 37705 16
6662 17444 16
21667 38169 16
9677 13747 16
6542 40200 16
15920 45521 16
4609 4782 16
7659 27239 16
3229 11140 16
17606 37265 16
8285 29946 16
13297 41666 16
7713 31847 16
4529 8864 16
21880 28273 16
7568 47405 16
3321 12769 16
8375 34120 16
2730 20680 16
11468 35483 16
22283 40151 16
9794 35385 16
22280 40247 16
4355 4635 16
21119 41597 16
12091 40221 16
21153 29676 16
21083 22837 16
3315 4137 16
21161 49542 16
10680 19411 16
3163 13625 16
13566 34018 16
15866 38321 16
17944 28499 16
16127 47125 16
4376 45664 16
4379 19165 16
21026 30263 16
7782 20279 16
17998 43268 16
26879 31637 16
6445 24206 16
4312 6296 16
4312 20535 16
13616 35190 16
12102 22700 16
10823 26739 16
9827 20596 16
25529 26610 16
4804 5704 16
21032 35011 16
4332 31946 16
9428 14790 16
22318 46172 16
4871 25827 16
3161 3548 16
9430 28526 16
6450 17550 16
13124 46837 16
13590 22295 16
27029 29671 16
21285 27379 16
17510 45273 16
3298 12610 16
17516 20697 16
7600 13674 16
25133 48055 16
17522 41365 16
9746 17051 16
17877 28222 16
22097 38393 16
8346 15016 16
6505 34354 16
6524 20511 16
2698 12628 16
4741 26821 16
15036 23193 16
4443 5693 16
16087 38832 16
13476 45393 16
9734 15725 16
7741 42056 16
27059 30065 16
7752 9770 16
26966 30328 16
3306 48950 16
26978 31136 16
13546 42951 16
4796 17258 16
22201 34211 16
4794 38447 16
11454 35729 16
7585 26658 16
13542 14473 16
22357 45213 16
9479 15067 16
6490 12058 16
15870 49835 16
13177 14312 16
25098 45760 16
9759 36641 16
21253 47500 16
13527 44038 16
4777 17576 16
7748 46647 16
3046 47349 16
16775 42674 16
2949 44155 16
2949 28957 16
16774 31667 16
10215 47791 16
3792 28738 16
10215 18045 16
8910 37958 16
2946 44851 16
10950 43057 16
8911 14626 16
8908 34242 16
6020 12252 16
19564 26949 16
18797 21230 16
17112 46122 16
23662 35472 16
8921 11495 16
19579 41500 16
8928 42275 16
8092 15550 16
10190 43670 16
14594 43274 16
17085 30971 16
19406 32225 16
5686 49219 16
12384 25562 16
7123 22701 16
12579 17272 16
16816 43219 16
6963 23543 16
23805 39292 16
5664 37889 16
26161 47401 16
16804 48551 16
26250 42268 16
10236 27799 16
19467 38193 16
2955 46906 16
5651 22122 16
10222 29058 16
5648 6355 16
3042 27095 16
7985 23311 16
19502 37729 16
5631 36943 16
6015 19379 16
16662 25190 16
12362 12647 16
16668 25893 16
12681 26323 16
3059 5049 16
3060 35404 16
7209 15216 16
3843 17377 16
14179 31323 16
18734 48294 16
3848 41945 16
18730 46641 16
3841 4866 16
7942 24834 16
10439 25026 16
10143 25674 16
8985 46146 16
11813 44997 16
19753 39967 16
11616 41814 16
17150 30391 16
14635 26443 16
19765 34826 16
7219 31170 16
7950 10900 16
18778 39394 16
5571 11180 16
5568 39350 16
8643 18019 16
7175 23099 16
18766 36703 16
24416 38106 16
11066 31848 16
8948 16550 16
3541 19219 16
6038 26079 16
3572 9825 16
16702 41979 16
18750 41250 16
15571 45290 16
14218 43546 16
26273 27508 16
10171 21724 16
16671 29544 16
6929 20048 16
7206 25123 16
15575 25449 16
10990 16955 16
7019 17589 16
19019 30096 16
19016 19711 16
2998 39299 16
15469 47803 16
8729 25753 16
10380 43920 16
8788 21632 16
5903 44601 16
8795 9576 16
5793 26043 16
14442 27697 16
10322 13371 16
16913 27201 16
10996 20916 16
7073 14475 16
19214 40430 16
26064 45613 16
2990 35605 16
24037 24341 16
3612 3951 16
8021 9925 16
5910 48621 16
8765 9820 16
16968 36870 16
7034 26818 16
25990 39635 16
5878 26419 16
14473 44947 16
11764 20766 16
16960 45286 16
5855 14224 16
19033 31360 16
14491 22404 16
16945 36003 16
11000 26191 16
19105 45754 16
26002 32501 16
3004 25029 16
7049 19109 16
19113 41140 16
8036 32181 16
14445 30861 16
8732 28246 16
16934 46344 16
7054 27247 16
16829 38001 16
19349 43322 16
8072 26742 16
5709 39624 16
8837 47541 16
5708 13619 16
5707 25876 16
5706 30677 16
25879 31304 16
14352 17220 16
10406 19656 16
5968 44021 16
16843 21023 16
3734 24595 16
3579 37687 16
8674 16792 16
10267 28888 16
17066 31520 16
5695 6081 16
11032 22277 16
18869 26836 16
8851 27337 16
3746 6534 16
7118 28103 16
25917 34146 16
24025 24158 16
7079 20177 16
14389 31784 16
3684 22890 16
3685 46432 16
5912 10062 16
24261 38577 16
5760 16875 16
14382 46660 16
8063 12469 16
24001 45554 16
3523 8223 16
3705 12667 16
14367 15761 16
3590 33467 16
12514 18618 16
11710 12069 16
19332 25451 16
8003 34431 16
25900 40976 16
5718 6752 16
7104 10290 16
14771 16560 16
18428 41494 16
20244 46206 16
5252 25382 16
12869 39438 16
7371 13742 16
9167 10841 16
24686 48009 16
20280 25215 16
11164 35706 16
24695 45283 16
6222 21255 16
23072 47334 16
26536 47147 16
18392 20004 16
23000 38414 16
9175 21649 16
20300 38273 16
6237 45168 16
12268 20607 16
5224 47310 16
22984 31122 16
12886 38953 16
10369 14725 16
6213 46581 16
5291 49161 16
26469 45304 16
11142 14975 16
5284 22567 16
20184 44671 16
3095 3106 16
12841 19880 16
9128 49024 16
16418 40356 16
4014 43854 16
6213 41864 16
6248 43659 16
25698 30527 16
13979 38552 16
16406 23187 16
5268 7029 16
12853 47632 16
5259 5919 16
15315 22609 16
2856 3270 16
23078 26694 16
16403 43745 16
22820 34844 16
13887 28630 16
13886 40976 16
2824 17075 16
7855 18039 16
14787 39663 16
4109 38736 16
6261 25884 16
10566 14312 16
7851 45637 16
4116 6938 16
4116 8330 16
10547 30680 16
20433 37282 16
8160 29853 16
20454 37384 16
3415 17631 16
9227 33821 16
15735 29716 16
5137 35731 16
12938 34936 16
12942 35364 16
12944 42614 16
14814 17454 16
8522 40436 16
5212 46147 16
2836 41273 16
10539 23584 16
7395 14634 16
4087 29219 16
7873 45587 16
7873 39165 16
22926 30991 16
9965 49893 16
17339 41942 16
11536 32757 16
14752 44196 16
17345 20559 16
9195 42439 16
3435 39485 16
9957 31171 16
12924 14946 16
6796 16423 16
24740 35896 16
24746 44874 16
8519 41304 16
18344 25138 16
6080 30568 16
17187 23386 16
14100 41685 16
25779 49417 16
12743 24373 16
25777 27933 16
7251 14018 16
19899 22539 16
5422 34385 16
12744 47920 16
19903 35184 16
5419 19295 16
24543 44095 16
14089 21909 16
3501 25881 16
15621 48668 16
14072 39814 16
26361 35537 16
15622 39279 16
23350 47393 16
11115 36660 16
19975 33594 16
19979 39279 16
3931 20740 16
10122 42822 16
11613 23602 16
14149 22855 16
8616 41532 16
10134 38876 16
6066 48725 16
14651 24975 16
8103 17082 16
10125 31186 16
19808 32572 16
26337 37070 16
5464 41211 16
10078 32970 16
5454 12335 16
14115 21480 16
5450 17658 16
2910 8807 16
11105 30216 16
3505 26294 16
15611 45686 16
19851 20526 16
14670 43898 16
12737 49902 16
25740 49693 16
12791 26280 16
18575 22220 16
5314 19692 16
7308 13457 16
20121 24735 16
10044 11997 16
14708 42317 16
3980 20657 16
7907 43767 16
14720 30511 16
3982 28594 16
7307 34609 16
24604 47140 16
14725 16420 16
17254 21607 16
7324 21939 16
18498 24965 16
20159 32378 16
24646 32923 16
24649 45141 16
26462 41157 16
15672 45473 16
16458 39722 16
14700 43471 16
14690 48319 16
3935 24123 16
11120 19133 16
25763 35448 16
26378 31863 16
14693 44360 16
23307 30611 16
6114 10037 16
23304 25073 16
12766 19260 16
5368 9527 16
10571 10823 16
18592 40159 16
8578 42583 16
3944 37040 16
5350 19821 16
10068 43452 16
3959 10612 16
12783 14565 16
23253 25397 16
6135 9466 16
6862 36309 16
1002 49937 16
38151 47713 16
33851 45637 16
275 48087 16
1793 27643 16
43064 45924 16
2599 35191 16
31486 43493 16
39798 43359 16
36953 42583 16
279 621 16
155 36389 16
22 49202 16
44320 46971 16
801 41946 16
629 29879 16
33319 36601 16
28010 31276 16
30465 37818 16
33330 43074 16
865 48607 16
287 23453 16
32894 39949 16
1531 1645 16
1023 4312 16
33296 43898 16
31535 39108 16
32269 44076 16
232 5082 16
27385 32165 16
46729 46793 16
2096 37643 16
411 956 16
1021 32309 16
28950 40167 16
39770 40476 16
24 2767 16
35497 47138 16
596 38797 16
34516 35817 16
32986 39395 16
1883 5438 16
29194 42982 16
33859 34970 16
27986 34892 16
1773 21066 16
34697 48829 16
37323 40856 16
29567 46695 16
1773 18807 16
37701 40788 16
28489 44042 16
29278 35659 16
1417 30722 16
31399 43564 16
2416 6232 16
34691 36302 16
489 28499 16
28033 29157 16
2081 47821 16
980 40896 16
32032 33677 16
43253 44848 16
2271 4619 16
38979 44596 16
978 11011 16
40692 48962 16
35347 42903 16
41991 47297 16
1219 4110 16
76 3393 16
998 16590 16
28160 41607 16
40940 41965 16
35983 42034 16
31423 46515 16
32872 37690 16
1729 23961 16
46686 48657 16
34665 46810 16
28996 37742 16
992 31489 16
2019 37672 16
31420 36184 16
29266 44266 16
32331 46772 16
222 7735 16
36926 47927 16
45641 46529 16
2609 30829 16
2448 42971 16
46072 46620 16
2608 3448 16
173 29435 16
404 16805 16
1758 3260 16
173 922 16
838 18242 16
1449 6572 16
37483 39211 16
29107 40997 16
1804 6114 16
39636 43833 16
2117 30542 16
1096 4178 16
39636 40235 16
1062 6821 16
2294 31246 16
27898 38339 16
1260 28008 16
816 10760 16
2502 3588 16
29734 31123 16
246 384 16
42737 49225 16
41689 48375 16
1977 15259 16
38274 46938 16
30555 48556 16
1243 43659 16
1562 2439 16
41701 45519 16
41432 42785 16
2199 10707 16
1235 49348 16
42 13206 16
30071 45921 16
28983 38788 16
500 33720 16
253 1698 16
41527 48946 16
34203 38770 16
27736 43309 16
33966 41543 16
1969 2561 16
36989 40264 16
41363 41533 16
1751 15383 16
29166 39209 16
1033 2092 16
36260 44586 16
33977 34141 16
41331 49063 16
604 31401 16
27717 32854 16
759 14750 16
2000 18233 16
93 497 16
27762 40908 16
35517 44821 16
45905 49451 16
1887 7107 16
1768 9197 16
27880 31953 16
39760 45450 16
1051 1950 16
39721 47397 16
499 5325 16
2220 8928 16
31714 47971 16
1051 19213 16
28673 48700 16
37519 40823 16
32201 46877 16
34 7679 16
262 2043 16
33496 35649 16
2279 32801 16
27458 32286 16
35566 36650 16
42872 44799 16
29779 48577 16
31584 44167 16
2443 27017 16
30572 44006 16
846 30735 16
28703 40126 16
697 9553 16
27247 40084 16
777 14638 16
950 7615 16
2246 2435 16
898 9985 16
2559 22799 16
28892 43934 16
1340 8835 16
2540 25400 16
136 414 16
28613 45902 16
28933 40120 16
2250 49401 16
927 12141 16
1368 16316 16
48131 48912 16
29014 49633 16
349 8591 16
558 24447 16
569 2511 16
34869 38885 16
61 2180 16
28488 29192 16
68 257 16
1506 21290 16
326 8216 16
1338 47241 16
1825 6942 16
35141 36132 16
38348 40975 16
38876 43773 16
43666 47025 16
31884 32856 16
894 2956 16
28074 35524 16
35213 39068 16
33693 47260 16
34895 46103 16
40323 48885 16
32622 41147 16
31159 39675 16
31048 42058 16
29398 39530 16
2051 3594 16
511 19056 16
6 519 16
1198 42357 16
31156 37932 16
2070 19360 16
1841 48783 16
1495 19992 16
30321 40629 16
1386 35492 16
29912 42762 16
646 11965 16
2588 2751 16
358 2870 16
1841 2203 16
1350 4067 16
28117 30700 16
42167 43132 16
29435 40372 16
33407 45034 16
2071 2731 16
1672 10556 16
28086 43961 16
30636 44725 16
1209 1310 16
29921 30552 16
2049 2154 16
38392 41308 16
935 1162 16
29432 44370 16
28116 37351 16
125 929 16
116 33537 16
652 837 16
34780 39885 16
1378 17160 16
36535 47176 16
920 35257 16
34782 48832 16
2062 8171 16
47404 48978 16
2242 45852 16
1635 47477 16
28535 43881 16
28054 40603 16
29869 30563 16
1327 34316 16
36547 46360 16
1862 15613 16
36032 40077 16
1412 28204 16
1509 43868 16
32813 35388 16
1319 21952 16
1320 10109 16
28582 41867 16
2489 37790 16
28464 39802 16
1320 25016 16
2080 19857 16
29509 48593 16
27441 35244 16
30440 38810 16
465 9817 16
32383 34398 16
28923 41841 16
37920 44480 16
1651 45583 16
2243 25043 16
726 1207 16
977 40481 16
518 43535 16
30964 45846 16
30686 44823 16
33774 40414 16
34865 45708 16
586 36403 16
40668 42368 16
1654 26348 16
27810 42519 16
30343 41370 16
1370 24475 16
44016 45107 16
37764 48244 16
27811 32172 16
1837 5255 16
45494 46095 16
550 24162 16
959 37134 16
36048 45147 16
1861 9447 16
35059 43641 16
1698 2954 16
68 19707 16
790 29059 16
36552 37915 16
1860 26803 16
42457 45782 16
4339 36213 17
7749 38709 17
22323 27665 17
1283 26386 17
42654 48287 17
14016 27166 17
3745 9978 17
18308 19547 17
26085 34565 17
446 8909 17
42374 45495 17
1234 37936 17
9033 20945 17
18304 44423 17
12628 35078 17
6267 47240 17
1905 14302 17
36277 39201 17
23894 32853 17
42721 42773 17
10207 49879 17
6284 12925 17
7751 32070 17
42386 47791 17
42681 45178 17
30014 46239 17
29003 34980 17
22389 28992 17
186 8183 17
6170 45044 17
3731 45003 17
12684 23365 17
15832 17424 17
2140 22461 17
4295 17786 17
18409 42759 17
18482 49078 17
6182 20350 17
1223 15839 17
25091 29533 17
14037 19158 17
12680 39744 17
6221 28342 17
26134 43862 17
15847 25598 17
2137 11084 17
6215 15440 17
3740 4970 17
12710 34318 17
193 2325 17
18435 38284 17
36206 41928 17
22369 23029 17
22373 26178 17
33362 42949 17
6214 20747 17
26105 31963 17
33265 49183 17
4279 5711 17
1197 11399 17
12640 28544 17
7754 8508 17
2484 45788 17
18555 39394 17
22408 25376 17
12654 14685 17
22405 25190 17
1908 8262 17
12655 21853 17
1202 37032 17
14081 44970 17
33277 36979 17
4278 8168 17
30063 39082 17
26109 40534 17
3729 10624 17
6161 35178 17
1206 6399 17
22327 28014 17
27763 32156 17
18515 41843 17
39299 42224 17
39231 46149 17
4321 43597 17
26118 39977 17
42564 42922 17
22390 44990 17
27599 30614 17
32822 35904 17
10413 17864 17
19005 40847 17
10421 26700 17
721 37496 17
38928 45238 17
15611 16373 17
30253 39888 17
22064 46137 17
32738 35320 17
8925 18826 17
32826 38234 17
15589 36127 17
12347 27146 17
32730 37365 17
26400 45165 17
5850 45569 17
8915 45807 17
4458 24481 17
10457 23582 17
136 37120 17
10466 14486 17
2323 9395 17
18956 36922 17
15661 25185 17
28367 40289 17
12419 19597 17
18963 34708 17
15658 21647 17
12411 27614 17
18973 36851 17
14204 33520 17
10396 17820 17
10398 21175 17
24954 35714 17
18981 34488 17
26343 37386 17
1872 20614 17
43241 46300 17
36451 47260 17
27621 28475 17
22124 28970 17
22120 36770 17
5908 21496 17
27616 40804 17
2857 3111 17
709 47163 17
12254 38213 17
19245 31389 17
12249 23901 17
32584 34112 17
32580 43800 17
2860 19975 17
24111 31766 17
4498 6412 17
3652 31161 17
8004 22919 17
12262 29001 17
14319 32305 17
1375 16207 17
1376 2710 17
3651 35149 17
24128 43508 17
5739 29103 17
3648 7041 17
19317 20494 17
19320 27291 17
14326 41498 17
10500 30421 17
43434 45446 17
7957 13642 17
7958 23994 17
7972 36014 17
38847 49569 17
5824 27365 17
3353 16839 17
32675 39021 17
14299 38210 17
5807 21867 17
1305 36201 17
10503 47645 17
32625 34307 17
3657 12123 17
21990 40020 17
21988 41740 17
711 1192 17
12279 25956 17
43555 49503 17
4489 21048 17
21974 47291 17
26256 48685 17
1897 4524 17
9005 42007 17
1260 21888 17
2939 4310 17
15778 33900 17
15777 23042 17
22254 38472 17
7827 35027 17
14140 27494 17
2145 28073 17
18738 45626 17
3720 12278 17
18738 46858 17
30126 39270 17
22241 42126 17
6042 34298 17
36320 42984 17
14152 45949 17
27705 30540 17
2931 3769 17
15751 28684 17
12508 15989 17
6098 8488 17
3726 16552 17
10219 11490 17
7806 17450 17
4342 39798 17
26210 28312 17
42741 47416 17
6113 6173 17
6106 28820 17
23895 27080 17
10237 16967 17
23944 24992 17
18649 26370 17
27731 41390 17
10239 46381 17
18651 34076 17
22279 42872 17
22279 34710 17
39125 49407 17
26235 48824 17
26241 33715 17
2941 4732 17
458 2923 17
10348 45043 17
5999 20736 17
1289 9423 17
10353 27264 17
7882 11648 17
32968 48412 17
5987 8730 17
2518 6540 17
30181 37409 17
153 11985 17
5980 20476 17
32978 46748 17
10376 33468 17
32910 44028 17
5955 11090 17
39015 48506 17
26329 28800 17
4416 7774 17
32893 49740 17
1303 1882 17
32880 44806 17
10385 23837 17
1131 17384 17
12500 38253 17
26280 47307 17
742 2505 17
10316 23531 17
15732 27126 17
18784 41226 17
7850 18865 17
30145 40492 17
10325 11759 17
1887 3966 17
36281 44009 17
22200 33722 17
18824 19400 17
18824 20595 17
3334 4983 17
7856 37625 17
2324 3274 17
7861 12309 17
15726 46223 17
6000 32069 17
736 8522 17
7393 8631 17
23462 42972 17
9599 22436 17
886 1601 17
6969 14651 17
9621 13214 17
23105 26467 17
35304 41947 17
7385 17083 17
3872 42628 17
13750 14219 17
302 36200 17
980 1089 17
4029 45708 17
7396 18623 17
7397 8906 17
4030 44024 17
29575 37526 17
16361 27840 17
13757 49540 17
6939 13822 17
6922 22670 17
4040 8409 17
23050 32508 17
23460 49257 17
9566 41262 17
9567 42265 17
16980 20391 17
2081 2784 17
16985 37332 17
39982 40742 17
7015 42170 17
25359 29133 17
34751 35394 17
7001 38405 17
6999 23101 17
13767 16500 17
371 501 17
17017 37195 17
4008 12171 17
978 4638 17
7368 14172 17
4009 33919 17
13385 37804 17
9591 47548 17
2412 41128 17
39947 45562 17
6823 23582 17
9728 18174 17
35442 45983 17
9730 10552 17
7449 49088 17
34558 44527 17
6845 29946 17
23542 35891 17
29638 37255 17
35483 37700 17
17305 42902 17
6825 12834 17
1012 1327 17
3243 4082 17
35507 39397 17
25729 38406 17
34501 41670 17
272 7640 17
853 35048 17
16257 49915 17
6800 9068 17
13810 21322 17
41298 48422 17
3088 36847 17
9692 23780 17
13296 13779 17
13295 14462 17
7420 28548 17
13294 24834 17
7423 10430 17
13769 45810 17
29231 48357 17
7425 46312 17
23031 30328 17
7426 25521 17
3855 24700 17
971 3201 17
13264 28326 17
16311 37026 17
3231 48563 17
3109 6076 17
280 836 17
23018 25493 17
7435 38037 17
9713 23783 17
4062 10201 17
34582 35846 17
16537 26256 17
35025 41730 17
40246 48859 17
2057 11066 17
907 34233 17
9404 13521 17
16680 33609 17
16688 16765 17
16689 40369 17
3904 8334 17
16704 33386 17
358 18275 17
7273 8029 17
16715 42739 17
23299 29348 17
9462 13048 17
9393 39606 17
34995 42838 17
9469 12661 17
2050 5356 17
16736 21263 17
9389 12065 17
934 46886 17
3170 40770 17
9421 27968 17
2064 6323 17
353 49818 17
35092 49709 17
9417 15149 17
7237 24600 17
16600 24878 17
16636 28928 17
35119 42432 17
7222 21002 17
9413 24928 17
7220 26638 17
13531 40557 17
3188 25146 17
29385 36860 17
35043 43298 17
7212 10951 17
9411 9552 17
3186 4372 17
7271 38092 17
3185 4544 17
927 42851 17
349 977 17
962 31871 17
16447 24969 17
7095 11192 17
2039 13867 17
40037 44339 17
3153 10682 17
28065 32531 17
23443 41563 17
13439 27034 17
9549 11047 17
23183 32584 17
16417 36478 17
7098 27019 17
324 31625 17
34830 37420 17
16411 21222 17
369 17974 17
7043 44160 17
7042 14667 17
16955 34533 17
28058 29291 17
13419 40821 17
7034 15057 17
16407 42911 17
903 15746 17
13655 36862 17
7153 8056 17
25503 38587 17
16777 26764 17
13667 15831 17
34948 49761 17
9380 44051 17
40419 44394 17
9504 47516 17
9511 26511 17
16808 21566 17
13182 13231 17
16510 38783 17
16830 43068 17
28136 45650 17
16491 37903 17
7327 24699 17
16470 36778 17
7337 7342 17
13693 22672 17
16463 19632 17
34894 49397 17
224 1308 17
1959 20876 17
3475 24378 17
6478 8816 17
9965 36750 17
6474 28025 17
9162 40598 17
6469 15364 17
17946 41873 17
17947 39923 17
25959 27844 17
224 4242 17
17919 37235 17
17976 25649 17
17977 48432 17
12884 27367 17
3286 15250 17
800 2014 17
9157 12641 17
36001 49576 17
7667 41750 17
22585 42143 17
25983 42706 17
15995 37680 17
411 532 17
2458 2865 17
6555 45687 17
235 28962 17
7645 11341 17
17817 43609 17
3279 11078 17
13937 18313 17
12950 38240 17
33965 43021 17
13940 37195 17
27883 44813 17
2468 41376 17
3022 45233 17
17873 34412 17
17877 43601 17
33863 40582 17
39543 44631 17
7648 7781 17
3283 17218 17
16015 31901 17
22627 33604 17
17917 31021 17
6313 38654 17
18133 35070 17
18151 30890 17
25129 36567 17
6341 34338 17
33613 39509 17
33601 33628 17
18202 36452 17
33576 41117 17
12800 21733 17
3757 8801 17
33548 48715 17
7723 7795 17
6304 20549 17
39357 40917 17
39348 48157 17
39341 45742 17
18268 26110 17
23824 40393 17
203 8075 17
9107 33858 17
4266 21345 17
33499 49627 17
12757 30144 17
10020 25295 17
796 4156 17
12861 39984 17
23757 49914 17
218 27394 17
36034 39691 17
33729 43305 17
39457 48984 17
12845 34600 17
33719 39661 17
22535 34164 17
36051 41721 17
237 8048 17
12833 15021 17
36067 39415 17
42141 46791 17
39433 41251 17
33689 34424 17
15929 27872 17
10025 11892 17
18092 44593 17
36073 41275 17
33637 40428 17
25794 28331 17
29687 32956 17
6726 45540 17
13121 21798 17
2103 19980 17
13842 38815 17
845 12342 17
25781 29955 17
13114 30056 17
9808 26663 17
34319 43934 17
844 8982 17
263 12848 17
34274 45754 17
257 4914 17
16180 29163 17
23631 27428 17
3823 8559 17
396 25727 17
34254 40629 17
397 21112 17
17552 24355 17
9834 17147 17
9834 22041 17
17382 46986 17
6798 30265 17
17353 20741 17
2002 4325 17
13168 46703 17
6790 17220 17
9773 36559 17
34464 41754 17
267 1299 17
35519 45011 17
27962 45112 17
17377 43867 17
9223 22202 17
4095 43921 17
16226 49744 17
22888 45978 17
22884 34260 17
6756 30725 17
9784 12878 17
27950 44106 17
17445 45999 17
6737 24501 17
34355 41852 17
4160 5448 17
23673 43490 17
17668 44846 17
6623 29267 17
1979 4679 17
34145 40950 17
17694 25439 17
22744 23711 17
1975 6944 17
22736 24670 17
4157 40100 17
16095 38533 17
13028 13660 17
13005 39667 17
16088 33742 17
2117 39549 17
17746 39961 17
12980 36180 17
17766 26166 17
13912 19839 17
1101 12608 17
34020 47008 17
9914 32630 17
9860 46159 17
17564 40550 17
9837 48027 17
3821 27672 17
4131 5011 17
9838 29726 17
22796 34592 17
6663 29358 17
22782 46506 17
7556 35922 17
13049 36887 17
25819 41859 17
773 1041 17
22775 38152 17
13041 39529 17
41624 44650 17
13036 17541 17
22770 44235 17
9213 22150 17
3269 8644 17
16108 38975 17
9875 19080 17
9875 20951 17
1492 37102 17
8221 26826 17
45221 47095 17
11878 28203 17
11278 16175 17
20925 39055 17
20925 35342 17
1784 9686 17
20009 46700 17
19983 42603 17
20025 21672 17
8497 19619 17
26785 29275 17
10885 30309 17
15179 21295 17
5356 46724 17
24800 27918 17
14503 37462 17
19965 23622 17
8207 10544 17
8755 19354 17
26761 33638 17
19942 22425 17
30621 37597 17
11906 33217 17
4929 15993 17
31984 47296 17
2587 27696 17
8586 14716 17
11897 22669 17
8747 17232 17
3407 5494 17
19975 37609 17
26775 43472 17
30643 31154 17
5381 32729 17
2749 8735 17
31828 32074 17
14523 40282 17
1518 3434 17
11818 40802 17
8275 49213 17
8282 17240 17
21546 30807 17
2595 6017 17
1670 1869 17
8289 10773 17
5280 12201 17
2599 6950 17
8294 9619 17
31799 42693 17
31799 39858 17
51 566 17
3422 9988 17
8257 42436 17
2761 9227 17
45336 48315 17
21151 29590 17
37229 38319 17
31190 41126 17
15144 36749 17
15129 23274 17
31891 46153 17
37991 49463 17
20092 23889 17
20095 41183 17
8258 44038 17
20113 29074 17
31858 32112 17
10925 31618 17
14691 19291 17
5559 31327 17
27202 44727 17
44477 44801 17
36984 38577 17
21799 33432 17
24220 26440 17
5564 21773 17
21794 22781 17
8576 23765 17
19643 34126 17
8520 24217 17
663 1270 17
11997 40895 17
37834 43743 17
19701 41561 17
5529 6569 17
14415 16575 17
1445 4269 17
8123 32785 17
12056 18524 17
8806 17206 17
4549 14538 17
27502 34550 17
2194 8339 17
10710 30767 17
572 38895 17
14781 28337 17
11303 15293 17
10719 25743 17
1431 1881 17
8127 21267 17
14403 42897 17
11410 41163 17
30503 35297 17
19629 33598 17
19642 44573 17
19852 21059 17
3597 17589 17
80 33314 17
44795 46887 17
24647 28874 17
8184 33652 17
19845 25293 17
38460 46473 17
4608 7706 17
3398 37553 17
21699 42753 17
21699 28838 17
1704 3191 17
14466 27586 17
8583 45802 17
37109 47468 17
19912 46737 17
8498 39936 17
44654 48182 17
5518 31418 17
37043 39389 17
26698 48055 17
11981 12011 17
24249 49955 17
24835 26763 17
4590 9992 17
8171 10189 17
24379 37724 17
27191 35587 17
15268 39514 17
5486 36041 17
19778 49812 17
5481 12115 17
44729 46406 17
15253 18597 17
31489 48541 17
4754 48143 17
20552 27242 17
11215 13372 17
2623 22894 17
20555 38857 17
4799 36097 17
20566 25893 17
11135 42201 17
8418 24237 17
5090 15997 17
3504 49376 17
46890 48085 17
38145 45027 17
8421 30177 17
37643 49199 17
1738 22225 17
589 25152 17
20512 23108 17
24728 32716 17
2278 32172 17
4999 12983 17
8652 32480 17
46586 49717 17
27339 39050 17
21206 22989 17
11602 15032 17
1738 1841 17
21343 24842 17
30949 45597 17
14595 27662 17
37597 49300 17
5111 28477 17
597 40931 17
24480 46511 17
14607 29046 17
11202 13349 17
2240 12531 17
592 2278 17
11529 28012 17
31399 49545 17
5036 23858 17
11511 26275 17
2684 31025 17
1723 46016 17
14887 15115 17
31359 34776 17
11187 24423 17
592 1588 17
5028 14235 17
14882 28353 17
27308 30780 17
1627 5654 17
24690 49289 17
30935 31048 17
8638 16926 17
30870 35531 17
14913 20998 17
5011 26694 17
47041 48817 17
11169 33915 17
8627 45580 17
47193 48726 17
11612 30287 17
24536 29493 17
5014 17358 17
2688 22867 17
47197 49715 17
14906 43099 17
545 18151 17
2631 11254 17
2268 3094 17
11747 13886 17
24390 39876 17
31226 44087 17
1763 44726 17
11245 42891 17
11245 14719 17
2667 6312 17
45 44082 17
5239 30843 17
11725 21660 17
5224 38248 17
20316 21316 17
5215 43694 17
20331 22235 17
4710 46221 17
8325 24839 17
44 1744 17
15061 42280 17
1532 2636 17
37347 39554 17
5260 6849 17
5258 7547 17
1537 11961 17
14537 15923 17
48 30514 17
4940 21908 17
2223 41639 17
28500 46085 17
4820 17637 17
3426 4608 17
11762 18479 17
31020 39712 17
21490 33746 17
31720 42328 17
11753 44399 17
2673 10908 17
26971 31008 17
26973 28864 17
38232 42006 17
4982 8654 17
14996 39066 17
20436 37262 17
14976 20510 17
11086 45107 17
14860 33059 17
11623 36318 17
4985 11475 17
1643 40511 17
11223 13701 17
5138 12675 17
8462 20097 17
20794 27352 17
5134 33397 17
20402 39229 17
5202 8882 17
31250 32548 17
24750 46476 17
20863 22521 17
11029 12283 17
1565 28050 17
3546 43057 17
31263 46756 17
119 553 17
2280 34986 17
20407 21880 17
20412 25992 17
31619 39400 17
20412 45069 17
3544 8870 17
14567 42928 17
31052 34622 17
114 14192 17
4889 39381 17
32504 37910 17
30420 47716 17
12171 41458 17
1409 2200 17
28429 45029 17
19521 31674 17
8571 16377 17
8068 48139 17
21002 35281 17
4518 21357 17
15437 31087 17
2823 22423 17
5644 33809 17
5728 14921 17
19409 36229 17
44192 47038 17
4507 44094 17
19542 44993 17
12196 19704 17
15464 33362 17
37942 45105 17
4877 10600 17
5624 28367 17
1830 33702 17
1406 27632 17
19514 35611 17
11376 44489 17
21025 25648 17
2305 4354 17
24150 38840 17
4515 40674 17
11359 27532 17
5640 19375 17
31088 49401 17
3645 8433 17
21041 38794 17
8044 26064 17
2650 13350 17
12191 36131 17
12179 25691 17
4874 44592 17
37952 39745 17
30424 32940 17
2655 11757 17
32503 47132 17
8536 16725 17
5710 41434 17
30446 44961 17
1416 16374 17
19438 44374 17
3636 6013 17
15467 31841 17
4533 38118 17
44059 47872 17
15395 19203 17
14746 15666 17
3647 17024 17
27544 46181 17
12147 34007 17
19334 26907 17
2563 3782 17
10588 20961 17
11339 43171 17
19549 35303 17
3622 3703 17
14351 21148 17
19371 30881 17
563 4148 17
2848 48147 17
24136 41873 17
27527 32473 17
15475 15772 17
12061 29972 17
2177 33990 17
12057 19967 17
15359 27076 17
4533 6990 17
1830 30237 17
32391 42633 17
38545 40289 17
2103 10555 18
28671 32707 18
24736 32242 18
2558 8459 18
3923 10004 18
20381 37984 18
7586 9390 18
23362 33068 18
11033 11833 18
17621 37143 18
3890 41868 18
20416 49712 18
5154 7843 18
6654 36093 18
13874 19834 18
16148 43017 18
22839 27221 18
955 29652 18
16115 26721 18
43542 48780 18
24405 30404 18
5159 24607 18
6644 35738 18
11373 46420 18
37439 39478 18
4717 24655 18
15028 37187 18
23662 32117 18
12288 14600 18
20375 49720 18
16896 41553 18
924 7441 18
13045 18556 18
46428 48830 18
16881 24437 18
13876 22230 18
2112 5976 18
13049 30262 18
25238 47052 18
41700 44192 18
8887 47063 18
131 354 18
9818 36916 18
5179 44148 18
9818 48251 18
255 398 18
4127 5417 18
530 45518 18
9831 18771 18
2105 12281 18
6689 43231 18
9224 44523 18
16169 40866 18
20406 29229 18
3189 10514 18
41449 43115 18
5792 7570 18
32630 34716 18
3065 27948 18
9548 48199 18
13099 13753 18
3542 35578 18
11656 14133 18
25237 35331 18
21192 38403 18
23198 49623 18
24943 25250 18
6656 40551 18
34879 35946 18
13847 14547 18
17521 46473 18
1986 16922 18
20385 25824 18
9814 16347 18
5186 36633 18
32625 37029 18
22796 46562 18
6655 19981 18
46230 48424 18
25808 25995 18
16196 38226 18
29134 40136 18
6671 30937 18
25806 29831 18
31625 38108 18
11672 18128 18
46264 48890 18
7350 9942 18
16903 38837 18
19178 25351 18
13931 36134 18
20264 43577 18
328 336 18
3895 12501 18
9922 36365 18
235 4225 18
10625 10880 18
39562 48737 18
5250 48959 18
810 17623 18
4178 39647 18
35199 42161 18
1707 4226 18
2881 36492 18
19098 40983 18
37355 41465 18
2400 2584 18
2460 3922 18
4176 21348 18
235 40716 18
9918 38110 18
30409 41153 18
34014 42719 18
2881 6004 18
813 5549 18
9424 15460 18
1969 13049 18
5840 42060 18
8907 49921 18
31727 37976 18
16051 29488 18
20276 29003 18
6562 15040 18
17868 22722 18
4198 20442 18
469 4991 18
26872 39543 18
29318 45827 18
21517 47041 18
19413 40628 18
898 2436 18
17897 35037 18
41896 49532 18
2836 28271 18
1125 25647 18
6507 23125 18
4191 29667 18
15071 20634 18
16650 23251 18
3893 29220 18
8299 12761 18
4188 46287 18
37348 41107 18
33904 42801 18
33929 40624 18
29386 33263 18
28495 38420 18
1858 2946 18
6529 8708 18
33948 34734 18
28246 38899 18
28245 29848 18
22667 30138 18
1114 17841 18
19413 35150 18
3463 5009 18
20327 44584 18
16936 26402 18
2039 19265 18
6615 12094 18
15448 33521 18
17694 30354 18
5216 17345 18
3211 33863 18
8480 15288 18
31237 38219 18
24393 31901 18
36607 37481 18
22731 40798 18
15052 16461 18
1974 30889 18
2455 11905 18
11000 13139 18
24752 40685 18
16878 49549 18
11714 32569 18
17672 17729 18
12156 28005 18
17671 49389 18
13026 25154 18
621 34557 18
3663 15135 18
7092 7804 18
6631 42360 18
8326 36802 18
31659 36498 18
3982 7057 18
31238 49413 18
12306 18916 18
2167 13711 18
26897 34901 18
2877 31227 18
20894 42210 18
9360 10918 18
1764 11408 18
17750 18784 18
34067 38220 18
14286 28160 18
8309 9878 18
24068 36668 18
4166 21305 18
19120 46149 18
1096 26503 18
16073 48105 18
17644 31716 18
12986 48800 18
3555 19879 18
9897 27925 18
10994 31080 18
5232 23570 18
7101 31805 18
8900 37152 18
241 46204 18
1344 6800 18
5232 7475 18
3427 20517 18
36591 42596 18
17711 18088 18
16089 25007 18
16645 27205 18
9307 12141 18
29603 46499 18
7423 42732 18
11557 33824 18
9681 14185 18
2858 11566 18
20631 46888 18
35260 48230 18
32553 38579 18
20657 25321 18
17013 17942 18
29596 48282 18
868 3457 18
34644 45213 18
20668 43822 18
23502 43340 18
26532 39186 18
17168 43143 18
291 4001 18
39883 48632 18
31428 36502 18
11547 12236 18
14620 23606 18
9663 12688 18
13303 22194 18
2556 3834 18
19 432 18
25323 33202 18
5055 15696 18
3518 18370 18
3880 33006 18
2370 32233 18
6882 11564 18
7436 43071 18
9287 31158 18
23458 27114 18
28418 40693 18
864 5591 18
23009 48235 18
2014 25350 18
2426 46136 18
4763 11207 18
28406 30057 18
6879 43924 18
887 47396 18
16307 27799 18
9706 41332 18
23021 36406 18
8453 37944 18
27300 29837 18
4054 16841 18
28409 36023 18
14615 19418 18
28521 33515 18
41082 48802 18
19340 32655 18
17195 40389 18
10592 43357 18
6893 38939 18
4769 18682 18
47005 49200 18
9574 12816 18
27052 49865 18
12234 35725 18
981 22634 18
16384 43671 18
13342 17626 18
881 7729 18
7242 28251 18
6964 33260 18
14877 40198 18
307 6866 18
3221 23646 18
8442 40191 18
17073 48862 18
12205 24922 18
2084 3131 18
13388 34918 18
4505 8728 18
35284 46202 18
3362 17094 18
9332 34474 18
9602 23681 18
23123 33893 18
16604 17969 18
40711 49484 18
6980 25030 18
9595 43740 18
6992 30435 18
704 18579 18
17031 23588 18
27304 45208 18
35261 35577 18
11199 24747 18
7368 33904 18
20734 41107 18
6945 38718 18
13758 15409 18
3518 8463 18
9311 43289 18
40189 40671 18
20685 32096 18
38117 38545 18
3868 19020 18
21227 28083 18
374 9006 18
10568 11826 18
6945 12158 18
8862 17087 18
10570 33045 18
37690 40912 18
27539 44077 18
863 22342 18
19300 37365 18
977 17752 18
10572 34467 18
5041 18138 18
31408 45004 18
14886 35641 18
8005 44093 18
9320 15384 18
546 5618 18
5745 8314 18
14638 49244 18
6960 27619 18
2410 25535 18
28021 40771 18
2233 11181 18
710 14249 18
6768 13699 18
31571 45147 18
11619 15074 18
3147 11088 18
21358 45714 18
20474 43488 18
11095 31295 18
19227 20077 18
8384 27341 18
27293 47143 18
2312 12312 18
29 44150 18
2364 2932 18
21980 22642 18
17400 27119 18
32607 32611 18
17361 19784 18
46575 48887 18
40541 41496 18
267 9014 18
28053 38989 18
13706 33807 18
3087 5146 18
38157 42844 18
31562 35397 18
34782 44148 18
21348 40525 18
3993 10652 18
703 8823 18
32606 33023 18
847 34126 18
7061 8364 18
1578 14707 18
14579 20068 18
9247 18713 18
2713 18933 18
16208 25427 18
17464 45684 18
17459 21135 18
263 45651 18
607 12185 18
19384 46172 18
11226 23135 18
6738 11254 18
15529 44451 18
11087 36140 18
29662 39210 18
17442 29598 18
7987 9213 18
3835 39519 18
17430 20459 18
21523 46399 18
6748 12764 18
13834 45258 18
31575 40002 18
17426 24217 18
34415 42561 18
27575 30816 18
8383 41456 18
1720 6279 18
11092 31316 18
11576 16696 18
3095 45512 18
25289 39000 18
19248 46499 18
20552 20996 18
24935 25794 18
32585 35263 18
35460 40364 18
3238 49678 18
8610 36001 18
13219 48043 18
1742 22941 18
2310 35548 18
19353 45335 18
9731 13039 18
17276 23956 18
20547 39131 18
3365 45368 18
30943 35773 18
277 19267 18
5092 9756 18
47508 48550 18
11141 33559 18
12236 25752 18
21220 26302 18
13411 42994 18
17248 18553 18
14611 45166 18
11143 26227 18
13794 24055 18
23005 25661 18
21223 45164 18
27970 45706 18
17346 23825 18
19365 45531 18
14968 24533 18
21973 34739 18
19240 24858 18
22932 31192 18
10531 21055 18
30833 38091 18
3090 11513 18
22935 34818 18
14951 27574 18
31536 31912 18
31531 37927 18
388 3638 18
11595 32138 18
5150 7533 18
5003 46116 18
7253 13342 18
13200 43121 18
2364 45349 18
27028 29558 18
19244 25412 18
6824 24545 18
7020 29817 18
2007 3800 18
35496 44432 18
34514 43886 18
855 34081 18
6832 7065 18
16270 24364 18
15803 24490 18
18566 29641 18
18575 21068 18
2955 11681 18
33244 44007 18
7173 8957 18
44699 47646 18
19782 43288 18
83 1305 18
27257 43884 18
11963 20860 18
5911 15856 18
26710 40474 18
21737 38179 18
5483 44234 18
19778 19850 18
5638 21554 18
6117 42998 18
12630 15745 18
38476 44942 18
26190 30922 18
15249 34715 18
6147 21975 18
21731 32390 18
503 26475 18
14096 15523 18
727 23758 18
9039 33954 18
13650 16502 18
12387 37162 18
14086 16565 18
28774 46338 18
18997 20131 18
22286 33728 18
500 1445 18
1451 1473 18
1249 41209 18
12589 18259 18
7810 15363 18
25481 27910 18
8080 10651 18
22282 42452 18
26348 49671 18
19746 29029 18
15285 16788 18
661 46126 18
6 71 18
22285 36554 18
3394 11279 18
13548 37604 18
1455 1949 18
1455 14227 18
35018 48911 18
13554 34730 18
16731 46454 18
18983 24228 18
24873 27721 18
19767 45676 18
27517 42692 18
5636 49823 18
4591 39344 18
6113 42040 18
145 42272 18
8775 26803 18
446 9283 18
5438 29236 18
24817 47895 18
22353 48209 18
6196 12567 18
4311 26694 18
32065 34440 18
3595 4826 18
20950 37905 18
1221 41419 18
32808 41781 18
3377 23526 18
12695 41820 18
11926 47317 18
15624 34365 18
1914 13558 18
15832 49075 18
3732 35244 18
21696 31978 18
16758 22614 18
33352 47974 18
766 1040 18
31784 43684 18
4620 11268 18
20992 35055 18
24981 46725 18
27446 42031 18
5896 47308 18
36210 40959 18
37145 40011 18
194 1624 18
13658 31702 18
11915 26227 18
1686 7891 18
6165 34449 18
7202 30190 18
104 42124 18
26724 46466 18
22324 41174 18
18543 47111 18
20957 45265 18
9473 17790 18
4430 16156 18
37095 40367 18
14072 29517 18
14067 28807 18
6164 15539 18
4606 24092 18
3947 14333 18
7788 34997 18
18982 29055 18
8080 8150 18
14237 34253 18
44873 49800 18
22333 33689 18
24270 46640 18
5448 20382 18
23280 29368 18
32382 39820 18
19856 27647 18
337 26863 18
12378 28166 18
10154 30644 18
21865 45307 18
33305 37251 18
16528 17430 18
23968 24268 18
3613 26472 18
16692 16799 18
16690 38272 18
33005 48627 18
1431 18773 18
8798 44396 18
43042 46007 18
8127 8623 18
1812 9514 18
6000 41917 18
19593 19884 18
495 32816 18
21129 34957 18
16553 27033 18
32876 47016 18
19585 31976 18
4418 23081 18
30152 42238 18
10328 17805 18
1282 25091 18
30498 44841 18
32243 49065 18
3333 4925 18
5932 38896 18
6019 9724 18
15315 49134 18
19535 33711 18
21851 33329 18
14200 16492 18
42970 49524 18
5567 47864 18
25470 33002 18
19550 22560 18
1301 7816 18
18926 23858 18
44272 47297 18
26649 36326 18
15662 19298 18
5956 38920 18
15681 29183 18
32911 36152 18
30188 33541 18
32928 47579 18
15695 43127 18
25413 40726 18
5972 9480 18
18893 27894 18
10707 22025 18
12019 35786 18
32319 36920 18
24864 26990 18
27205 28762 18
3619 16952 18
32292 36341 18
22180 44980 18
19574 35674 18
10355 47916 18
36416 42134 18
35163 47412 18
1289 16353 18
2056 2348 18
345 17960 18
10697 28924 18
28794 29795 18
40138 48491 18
3941 29984 18
38997 49136 18
18723 30980 18
26622 45000 18
15652 48469 18
3325 41221 18
3175 43842 18
6063 46726 18
4898 22326 18
19706 33036 18
22269 46831 18
42827 47021 18
14132 16676 18
6069 20058 18
14131 42646 18
33121 46051 18
4358 47642 18
14706 29028 18
10262 40474 18
7179 7241 18
15787 28681 18
30084 49482 18
754 5216 18
5522 43560 18
10259 21405 18
14118 36264 18
18677 45564 18
15790 45173 18
684 3637 18
19725 25116 18
31153 42675 18
2296 24097 18
25408 46959 18
19525 25481 18
33069 33368 18
5925 6806 18
18770 33231 18
91 3550 18
1272 28932 18
14154 19202 18
16713 43014 18
103 15959 18
30519 34059 18
19522 45488 18
25472 43937 18
36317 42368 18
10304 35132 18
8758 35822 18
22238 32226 18
21793 46537 18
12512 47529 18
18745 27827 18
1267 13843 18
30124 48539 18
7183 46417 18
8146 8799 18
1442 4097 18
8789 24304 18
5540 48458 18
23409 25582 18
2656 7235 18
450 31291 18
22254 29553 18
22049 34778 18
18042 36535 18
7137 23213 18
1151 2307 18
4231 38893 18
218 3206 18
12853 16734 18
790 44289 18
23777 29301 18
15981 35268 18
217 19951 18
2754 4149 18
11827 25688 18
7138 13861 18
7703 13954 18
12836 31797 18
39435 45063 18
15947 18117 18
944 35761 18
10451 32042 18
9512 16985 18
9513 13649 18
18035 42760 18
12338 24312 18
9514 27818 18
1146 18271 18
14518 23090 18
21155 30393 18
1146 9033 18
11251 21492 18
10929 47684 18
9515 15764 18
27245 34500 18
12132 27014 18
34946 46445 18
13500 24580 18
33685 49496 18
28738 47731 18
18105 24579 18
12826 32930 18
18114 21799 18
39431 43309 18
4528 13410 18
420 7452 18
640 1669 18
14510 20160 18
23790 29443 18
2397 13824 18
5347 41467 18
26801 34988 18
6445 13806 18
2066 6524 18
5336 17688 18
61 35847 18
1699 23353 18
20095 20264 18
10021 35947 18
18082 24895 18
15938 23425 18
24171 48025 18
2211 4630 18
788 8365 18
18071 37916 18
6401 7097 18
29880 41348 18
10919 47220 18
29845 48193 18
12909 15290 18
4207 34703 18
520 38828 18
5279 32291 18
41973 47882 18
3016 12918 18
14528 17485 18
5280 27552 18
4458 32947 18
25957 47964 18
24162 44391 18
12903 42567 18
4210 4576 18
1524 2786 18
27417 40280 18
12899 18130 18
9973 17164 18
33831 42098 18
12325 18355 18
4202 39516 18
902 2485 18
6485 14981 18
22616 41068 18
20201 21586 18
413 8418 18
3018 19800 18
16822 29574 18
22624 44767 18
930 6426 18
20920 45713 18
14531 27236 18
14353 47886 18
14270 27055 18
798 5587 18
4670 21224 18
6451 7196 18
12874 38090 18
1139 9217 18
4219 6288 18
28259 44411 18
3010 28716 18
6453 6534 18
23235 41926 18
3288 17782 18
6447 10161 18
15584 23609 18
8919 9337 18
9148 27130 18
16809 31194 18
33361 39227 18
486 1874 18
8049 43012 18
2884 42955 18
25971 38764 18
1138 14245 18
20164 32377 18
697 6580 18
9516 11100 18
20179 42458 18
20179 48268 18
20180 29576 18
20181 29652 18
1136 13564 18
13953 20314 18
520 992 18
11869 43924 18
8752 15739 18
42380 42766 18
6274 49582 18
5375 24557 18
572 1102 18
15610 18970 18
3684 9500 18
21631 46001 18
12364 42447 18
28829 32805 18
9100 15066 18
36161 41961 18
1784 39513 18
4276 7437 18
1190 21474 18
26369 42357 18
2985 3211 18
9084 29794 18
4638 6742 18
7157 35725 18
42352 46608 18
774 1361 18
8211 19820 18
10856 30388 18
1332 3589 18
22376 43709 18
7932 40512 18
24875 28893 18
6242 8850 18
1865 31059 18
1206 5769 18
431 23942 18
14019 27701 18
19979 21152 18
23843 35101 18
8220 8623 18
13518 47821 18
30244 48556 18
25106 42663 18
14491 36071 18
7757 42834 18
29325 46749 18
26370 35727 18
2769 11583 18
15405 16477 18
28828 47680 18
721 2957 18
31967 42584 18
13662 21352 18
19026 33623 18
1490 7681 18
1326 3484 18
5384 10457 18
38625 41662 18
66 288 18
14369 39343 18
12791 19299 18
4849 22842 18
18170 19810 18
13996 16532 18
12350 47993 18
139 16919 18
10051 10431 18
18233 19348 18
16788 19583 18
11849 44562 18
5408 43410 18
10057 41095 18
6329 7736 18
2759 13591 18
6332 43356 18
36114 43681 18
6215 7370 18
19936 25060 18
942 41241 18
7936 46457 18
32735 48942 18
32433 36562 18
12807 30428 18
3754 5363 18
2250 49342 18
8231 14190 18
11258 37928 18
65 10283 18
204 31041 18
29939 43171 18
14032 15930 18
1185 6434 18
2397 2411 18
7764 39971 18
18262 32301 18
14780 35547 18
14482 26444 18
1184 2641 18
18255 25133 18
15883 30828 18
4262 7509 18
18166 26805 18
2990 8661 18
31919 36941 18
34948 49424 18
35187 40654 19
40184 46353 19
14811 24183 19
37803 42582 19
554 1756 19
16495 22106 19
8464 12076 19
14834 24342 19
28129 35313 19
591 21981 19
29338 39657 19
25365 37594 19
24687 48516 19
22766 41284 19
14771 40384 19
14815 34845 19
9380 44715 19
16443 28734 19
547 40040 19
3902 4586 19
13646 47809 19
24651 25170 19
3903 18673 19
3882 4398 19
2259 4469 19
2245 3833 19
25432 40050 19
28129 33454 19
14687 43107 19
553 22168 19
16445 31625 19
8512 12679 19
2253 16244 19
361 2529 19
16513 33371 19
16487 27082 19
13633 31970 19
8596 15496 19
37864 39830 19
8462 13034 19
2256 17548 19
3490 43105 19
38075 42150 19
14701 27156 19
38021 43828 19
3502 8172 19
2074 7856 19
28540 32537 19
14778 41968 19
28604 42432 19
13631 14535 19
13708 30673 19
3397 5336 19
9018 40215 19
8160 19183 19
757 18078 19
8161 24826 19
14438 24366 19
14108 25149 19
14103 31501 19
8175 19746 19
9016 33933 19
14097 36028 19
9043 26967 19
3597 8309 19
8771 11928 19
655 44023 19
761 10025 19
14459 34086 19
7790 42941 19
37003 48887 19
8135 9579 19
23948 24078 19
15750 32172 19
14153 34884 19
8998 17544 19
24225 43184 19
7829 13846 19
15298 39600 19
36252 36312 19
28974 36430 19
15771 32575 19
3390 49735 19
28974 37657 19
3605 31569 19
3719 45454 19
662 34214 19
3392 4048 19
774 3158 19
8745 37346 19
37176 49515 19
29022 40452 19
430 2931 19
14493 41804 19
3586 6802 19
8221 34411 19
3585 40521 19
8217 44480 19
15874 25179 19
8729 47390 19
8724 22070 19
15168 20042 19
9118 9691 19
514 3555 19
7728 31553 19
2125 49152 19
37109 43791 19
3402 16078 19
28770 48266 19
3732 4378 19
25080 48241 19
3310 38867 19
435 9814 19
15244 20218 19
3309 37519 19
28364 37091 19
23866 30006 19
3593 4657 19
766 11021 19
8200 45150 19
3741 42000 19
23849 30354 19
37163 41809 19
7762 34272 19
15551 38478 19
8885 41061 19
2170 3373 19
15541 19241 19
2169 5029 19
7973 38473 19
473 6322 19
24903 45377 19
15443 43549 19
711 48944 19
28883 33335 19
24066 38287 19
15567 23051 19
7950 30470 19
470 679 19
718 38845 19
8921 9525 19
15595 45781 19
36672 49805 19
28416 41050 19
24914 32187 19
24133 30402 19
36739 45919 19
15492 29071 19
8861 44372 19
703 38241 19
8004 32713 19
2162 41500 19
3654 9916 19
24908 42382 19
8871 24465 19
3367 11407 19
3368 13183 19
7993 8288 19
3642 37447 19
15538 36658 19
14399 33179 19
7901 28616 19
28947 44928 19
14394 38657 19
2153 45192 19
15696 28485 19
7883 16854 19
24208 48831 19
457 38579 19
681 8214 19
38532 41809 19
7880 25500 19
3617 5237 19
738 1253 19
38503 48027 19
15317 46259 19
7855 39665 19
15731 49153 19
2190 31596 19
720 2241 19
15602 26338 19
28836 49145 19
8931 9522 19
15417 27626 19
15607 26209 19
3343 13562 19
7923 34132 19
14507 43690 19
36493 48660 19
14222 27821 19
8952 27802 19
15643 46678 19
38981 41083 19
38985 48606 19
8088 31232 19
7485 17792 19
3837 8532 19
16237 36050 19
14581 39308 19
7488 42684 19
23582 27516 19
25260 27710 19
29169 40200 19
14968 38933 19
7496 26204 19
25267 31765 19
16250 26615 19
14963 34542 19
853 45872 19
3245 20137 19
602 709 19
24473 39862 19
28645 29687 19
8380 25891 19
3821 41227 19
25228 43158 19
14567 26470 19
35590 37116 19
16182 19725 19
38238 43160 19
35569 39176 19
608 19022 19
13801 26805 19
2361 38532 19
7512 8976 19
7511 37039 19
35551 41394 19
3250 25452 19
16222 18161 19
37553 42043 19
23595 31513 19
7381 19724 19
377 1340 19
8630 23883 19
14631 18258 19
9313 41162 19
3225 11044 19
16364 27539 19
13751 37881 19
13742 22694 19
543 7358 19
372 9224 19
3877 36128 19
13738 39411 19
7376 21909 19
25352 28043 19
9333 32349 19
3511 36504 19
16401 21374 19
381 24913 19
13801 20798 19
23528 34356 19
7446 29833 19
9282 10378 19
861 23771 19
3853 16116 19
3520 47769 19
39813 49846 19
3432 17073 19
25311 27240 19
3232 24277 19
865 2004 19
14915 28794 19
865 8338 19
542 18126 19
8425 19905 19
35916 44395 19
16013 34878 19
23730 30675 19
412 31403 19
9171 38160 19
24770 25180 19
15078 21736 19
35920 42116 19
39556 40361 19
7655 25350 19
16028 47474 19
8302 22279 19
37356 49200 19
24764 47967 19
410 12293 19
16029 36116 19
7643 12150 19
3785 46711 19
518 901 19
7722 29476 19
15124 32153 19
15923 30190 19
8261 49626 19
3290 32436 19
8265 14655 19
15107 47505 19
23761 37657 19
16045 19685 19
25145 48159 19
3771 46273 19
38327 43325 19
15991 29525 19
15991 35909 19
7678 8956 19
796 36551 19
38320 47054 19
617 4028 19
2224 12379 19
3809 20634 19
3269 28262 19
7585 40035 19
828 6340 19
7579 8189 19
13884 23899 19
829 26855 19
826 2466 19
527 1746 19
400 41401 19
615 36890 19
8351 42077 19
834 36373 19
8352 47375 19
400 533 19
25226 31582 19
7603 35148 19
9188 37954 19
16052 44847 19
816 1359 19
817 1984 19
23703 24108 19
29102 47079 19
820 1570 19
38315 40025 19
14879 42494 19
13898 44545 19
9204 11370 19
39642 41298 19
3554 18567 19
523 40904 19
2114 14378 19
2353 45879 19
45711 49556 19
22337 32686 19
188 37688 19
2968 7006 19
10147 32354 19
18500 41776 19
18501 38262 19
187 1003 19
10163 10966 19
10170 16473 19
6164 36864 19
22326 40731 19
20211 43783 19
18525 38145 19
22325 39126 19
10953 42181 19
6160 45947 19
12658 31246 19
54 15642 19
20187 39496 19
26181 30578 19
26182 48889 19
4329 5734 19
11811 24102 19
21503 45159 19
10112 49112 19
12738 40391 19
33385 35193 19
18406 34454 19
1212 10421 19
4688 18830 19
18431 36149 19
12714 40335 19
4303 32623 19
18440 36534 19
12709 15998 19
33260 45683 19
5263 7618 19
18441 45828 19
42509 47409 19
31773 33155 19
10137 34238 19
5265 11682 19
50 16468 19
5266 13227 19
6185 17415 19
4315 20312 19
30036 30050 19
20062 31758 19
10281 46536 19
10285 40000 19
18730 42463 19
33108 37918 19
1271 1738 19
18753 23761 19
6039 32356 19
22228 28032 19
45454 49468 19
20077 48689 19
27703 31273 19
2508 3890 19
10900 15260 19
12495 38575 19
33063 43860 19
10323 17225 19
6014 31558 19
6010 8081 19
2588 9316 19
22200 49996 19
11851 46863 19
33012 34144 19
10339 30435 19
18649 28969 19
5294 5899 19
5294 27970 19
1238 47670 19
4340 6653 19
1774 2216 19
12619 39383 19
1241 46040 19
6113 16157 19
6106 45455 19
4663 13516 19
33208 45774 19
2741 8895 19
21569 38661 19
20111 24684 19
18671 21539 19
2506 11807 19
6074 12287 19
18694 36219 19
18695 41810 19
12558 15277 19
18696 26259 19
18708 19653 19
12541 24197 19
20352 28599 19
46174 47879 19
42059 44644 19
6449 47149 19
1565 26088 19
1140 3162 19
4717 47169 19
11019 49100 19
22574 41986 19
29864 32556 19
18025 45804 19
1949 29315 19
6454 18068 19
21444 45563 19
2606 23367 19
20335 31356 19
12854 15060 19
4232 16142 19
216 21897 19
11717 32132 19
33716 42210 19
2472 19759 19
18047 47617 19
12836 18459 19
2608 36579 19
1965 36203 19
1115 45042 19
9934 45437 19
22648 27500 19
1126 39207 19
22638 37333 19
25928 32710 19
6494 43277 19
9949 20970 19
1130 6803 19
25934 28115 19
5214 20769 19
41964 47057 19
20401 41016 19
4723 8112 19
5189 15150 19
17954 30188 19
42023 46709 19
9978 14114 19
22596 29021 19
21431 38347 19
11682 29692 19
12877 16086 19
1930 3033 19
2480 5263 19
29922 40651 19
206 601 19
18273 41091 19
1187 14397 19
1187 21736 19
6288 7011 19
202 476 19
1931 20288 19
29962 42942 19
30730 35324 19
208 29560 19
6275 31483 19
21500 41355 19
4276 37574 19
1200 37634 19
22409 45731 19
2602 9425 19
4689 35738 19
22401 27009 19
10110 13288 19
18389 22592 19
10112 38232 19
213 38137 19
12834 23691 19
18081 27113 19
2473 21000 19
22525 38569 19
18083 32032 19
2998 37540 19
31693 45702 19
10026 23120 19
11729 16383 19
18125 47892 19
11740 11908 19
2513 26947 19
12813 39972 19
33622 39123 19
21471 46892 19
22500 35320 19
10044 22536 19
26902 45060 19
18252 19659 19
12790 44275 19
18254 35910 19
11762 39379 19
12186 48698 19
21943 47702 19
21943 28764 19
30548 36326 19
10586 14957 19
10587 15599 19
21938 29557 19
12199 12535 19
85 38275 19
4588 6674 19
5728 22034 19
5715 10802 19
5739 10996 19
12178 39597 19
2795 39757 19
2575 17483 19
21924 28226 19
19381 44419 19
43940 46872 19
1452 19615 19
5696 14635 19
5513 13529 19
19740 30318 19
12161 27431 19
4596 41232 19
10814 12100 19
32113 46493 19
21728 38666 19
1362 24929 19
5769 41384 19
26478 32823 19
19799 27246 19
5763 34920 19
10807 16594 19
21732 29234 19
5474 48530 19
21766 48727 19
26487 26863 19
21961 47635 19
4499 49177 19
4500 8141 19
19298 35579 19
120 43634 19
12211 37206 19
19774 43535 19
12210 45704 19
11973 34112 19
10582 20032 19
10700 25940 19
12025 44642 19
44149 49909 19
103 31646 19
4561 5989 19
19608 22469 19
21810 24435 19
21856 45612 19
10735 16429 19
19605 32418 19
1431 1893 19
44204 47307 19
1819 39330 19
32281 40419 19
5595 44467 19
19550 30846 19
30470 34291 19
21829 27152 19
44328 46622 19
10720 18020 19
10713 12573 19
1427 40362 19
44359 49213 19
32288 42808 19
19668 21576 19
12156 34644 19
21775 44962 19
21778 47205 19
5537 48217 19
2836 14934 19
5681 42583 19
12146 36420 19
19420 45883 19
4522 20713 19
5665 36240 19
10756 38932 19
43580 49566 19
26598 31490 19
10754 28309 19
4532 6264 19
4532 32270 19
12116 20746 19
27484 41583 19
27521 42240 19
26608 27558 19
12104 16191 19
32228 35765 19
5636 46757 19
10867 28856 19
22124 46920 19
12399 41794 19
10400 19695 19
12397 17424 19
43249 43545 19
43256 44605 19
45158 46182 19
12390 30293 19
10406 21686 19
12387 17544 19
32828 41347 19
5379 7420 19
4431 8045 19
143 188 19
19022 49898 19
19024 26211 19
27440 36645 19
12368 13720 19
1324 4744 19
1325 24189 19
141 45146 19
11901 31443 19
19041 19575 19
18882 24543 19
10890 35270 19
12467 41610 19
6003 24995 19
20057 27660 19
2762 4171 19
18838 35231 19
35084 43316 19
11857 25714 19
27669 31273 19
1290 13431 19
18855 37235 19
19051 32593 19
4407 17126 19
4408 5963 19
5957 14742 19
5362 23890 19
22144 40548 19
10885 31099 19
4639 26163 19
2586 8796 19
147 28671 19
12410 48238 19
5921 20276 19
30594 44900 19
10837 14213 19
19871 30622 19
26420 44146 19
132 1296 19
43518 47674 19
19133 27673 19
44916 44981 19
131 29723 19
5809 33152 19
4608 24603 19
21710 33719 19
5428 30633 19
21712 43785 19
5802 16740 19
21718 39466 19
1356 14729 19
19201 35835 19
19824 48278 19
2868 6136 19
12286 20477 19
1797 5402 19
21988 30099 19
5462 33312 19
138 644 19
26382 48735 19
30267 34434 19
11907 14019 19
1481 8757 19
1859 21293 19
26387 43391 19
4453 40318 19
2537 32224 19
12347 28163 19
1338 17424 19
5851 32865 19
1149 21097 19
5850 19071 19
10468 19409 19
44989 48515 19
26409 33202 19
32714 43955 19
21684 39284 19
2878 14005 19
5838 33356 19
43488 46969 19
43488 47056 19
31271 49559 19
302 11319 19
13332 15724 19
9646 49438 19
29574 34580 19
28017 41772 19
2020 10153 19
29577 40317 19
40891 45890 19
9650 19205 19
1649 8253 19
1648 33633 19
1718 4496 19
13314 24447 19
2674 23255 19
40917 47432 19
6923 20169 19
27297 47210 19
20783 38304 19
3117 33630 19
31344 34719 19
998 29323 19
25662 33511 19
17070 24150 19
4938 45489 19
17037 48605 19
13382 17778 19
17040 40432 19
31231 35608 19
29538 30114 19
2668 27620 19
17063 49145 19
4963 16227 19
981 41805 19
13374 42507 19
2018 46941 19
34729 42135 19
9622 48072 19
4972 8071 19
9631 35117 19
40809 44378 19
986 6189 19
34714 42515 19
23087 29517 19
6957 14894 19
4976 5799 19
20699 25821 19
2431 6622 19
41208 41464 19
17282 43795 19
6843 26489 19
2631 13501 19
2010 9840 19
31407 47906 19
11533 20300 19
17 7051 19
6836 25015 19
22978 27252 19
6850 11834 19
6833 7752 19
1727 12574 19
21252 30420 19
13206 19101 19
1021 1226 19
20693 42432 19
6821 34835 19
4078 25076 19
13200 30512 19
272 9661 19
2679 15843 19
40947 46581 19
20765 33193 19
6905 15653 19
4797 44061 19
13288 17890 19
3112 3410 19
6899 9138 19
41006 48100 19
34619 42545 19
4052 37587 19
282 15752 19
4009 32762 19
280 45333 19
5012 7712 19
6870 9940 19
17241 42690 19
2635 9292 19
6864 9231 19
2013 2648 19
3101 37942 19
5027 43414 19
11190 17973 19
16758 44268 19
341 6689 19
21007 47207 19
27213 37966 19
48685 48734 19
27249 30918 19
7168 17253 19
2657 17765 19
3947 38514 19
3949 5080 19
13537 42676 19
13527 47481 19
16719 40336 19
9491 44292 19
16776 21447 19
16784 25021 19
7141 39909 19
29451 35992 19
20974 39051 19
3162 8315 19
7117 18166 19
7117 15640 19
13487 48748 19
2390 5518 19
21071 21350 19
9417 39685 19
21064 40961 19
40217 44500 19
16664 34507 19
7209 21433 19
16666 35839 19
2058 6166 19
4866 12275 19
4872 21592 19
16678 17409 19
23228 33296 19
11346 39121 19
9447 42631 19
11343 38003 19
9451 28164 19
16700 39944 19
16714 17847 19
28101 29137 19
21019 34711 19
4888 43342 19
29418 29580 19
9563 19900 19
4925 24040 19
4931 22189 19
23185 40652 19
11451 42898 19
7065 20583 19
11266 32082 19
20921 38343 19
16933 44586 19
324 4646 19
11251 15556 19
968 5591 19
957 26797 19
7033 29215 19
1706 49018 19
17006 49829 19
23146 48133 19
4002 8119 19
4936 15558 19
23145 32792 19
40623 48560 19
40623 49819 19
29523 34851 19
21140 48801 19
950 6744 19
2042 6992 19
21140 48294 19
952 1510 19
7107 34588 19
13477 37948 19
9525 17000 19
3971 32610 19
327 21384 19
13472 42632 19
234 918 19
2644 17263 19
7102 16558 19
4834 44675 19
952 30545 19
4922 13476 19
13467 36148 19
23214 28283 19
11286 22456 19
16880 42423 19
16888 23029 19
17630 22741 19
29718 45249 19
27029 49331 19
41508 45222 19
1068 37407 19
11128 14945 19
20538 31655 19
6670 36082 19
4138 30484 19
31520 42555 19
5115 15227 19
255 309 19
31540 42477 19
27017 27805 19
13044 40565 19
4745 24491 19
22772 34428 19
27923 28530 19
34191 43108 19
2450 10811 19
34179 38316 19
4763 6843 19
6721 45063 19
3071 6028 19
27333 34546 19
34328 40901 19
1053 1458 19
17499 26742 19
5084 7515 19
27045 40304 19
11145 30606 19
29730 46812 19
1058 1276 19
6701 12424 19
17531 26501 19
21298 36414 19
13090 38730 19
25794 45786 19
20554 42720 19
20546 39928 19
29702 32105 19
5158 37572 19
20451 37369 19
6581 13943 19
9910 44971 19
11634 37581 19
6566 37580 19
17783 21685 19
5156 19054 19
11636 43990 19
22689 35162 19
9920 35728 19
1753 41629 19
12962 35046 19
1573 1947 19
31610 44603 19
1105 33694 19
35 3276 19
27886 45068 19
17821 21842 19
5170 45487 19
3026 40386 19
3042 4788 19
9872 26439 19
9873 29916 19
17653 28427 19
17657 23404 19
29749 45048 19
6619 29690 19
4156 29364 19
1974 22900 19
5133 26199 19
3091 35894 19
21363 39404 19
4161 28945 19
9894 11426 19
17713 48268 19
6590 43681 19
6589 48425 19
11084 11617 19
12986 22510 19
46481 49704 19
11177 35414 19
34489 36529 19
1997 47983 19
27966 28091 19
4105 8252 19
34377 49675 19
6789 35984 19
1994 32376 19
5063 5374 19
9787 30787 19
6747 25763 19
34336 40290 19
266 325 19
13182 40350 19
11539 26460 19
9783 18925 19
41345 42264 19
1613 10429 19
5051 43807 19
41312 48648 19
4097 33184 19
29667 49388 19
4109 45711 19
3083 45904 19
34361 42593 19
34474 47453 19
25750 26793 19
18 359 19
25774 29610 19
13135 29251 19
20693 30793 19
37672 46273 20
37424 46750 20
14787 32053 20
1504 12078 20
37826 49228 20
5477 42211 20
5147 34817 20
4909 11542 20
8389 13565 20
1452 2510 20
1680 8690 20
5307 45111 20
4908 27530 20
19709 29258 20
20184 44108 20
3530 20349 20
31574 40348 20
5493 47061 20
20679 30046 20
1800 21455 20
6000 20380 20
1456 2062 20
5210 45988 20
14800 36232 20
20346 32798 20
5337 15807 20
620 41789 20
31632 38202 20
1558 26409 20
5039 7001 20
30910 34260 20
3601 5101 20
3488 11255 20
661 6783 20
30666 47487 20
4837 41348 20
5131 12275 20
32143 32175 20
21046 30615 20
3541 42562 20
20126 38412 20
21034 21477 20
8438 48137 20
21035 28409 20
37891 42822 20
24360 48193 20
14762 17087 20
5179 29076 20
634 40916 20
567 8256 20
31624 37474 20
21028 36251 20
8275 20330 20
5309 6547 20
21401 28919 20
20414 40872 20
1571 15414 20
20161 33725 20
31096 40819 20
1429 38891 20
14745 26186 20
8553 28643 20
20027 20130 20
1442 9285 20
15289 33324 20
21373 48456 20
1445 3047 20
24236 32313 20
5534 47193 20
31813 43949 20
20989 22916 20
32198 41933 20
37450 42385 20
4899 5052 20
21108 25011 20
8376 20080 20
4718 10249 20
30677 42349 20
31865 35448 20
14985 41340 20
1689 47128 20
5561 11601 20
37262 41045 20
15095 18995 20
31853 36035 20
15011 37288 20
1438 2730 20
37480 48608 20
4966 18012 20
5384 7340 20
31977 38834 20
4977 9392 20
20640 44612 20
2241 28283 20
5393 18223 20
30976 43479 20
5106 24895 20
31438 47734 20
5253 44800 20
1478 10744 20
14840 44678 20
20623 34552 20
31354 41605 20
31360 40347 20
31513 44260 20
3590 6052 20
19932 41078 20
20058 29660 20
5412 27293 20
5412 32376 20
4961 30575 20
15220 40273 20
15222 28306 20
15170 49209 20
2238 17172 20
31953 38167 20
4998 17370 20
5373 23595 20
21635 39469 20
20595 46904 20
20788 24579 20
30868 34034 20
1643 10817 20
20234 31376 20
21291 35296 20
20760 35582 20
8415 42461 20
20053 36733 20
3587 38963 20
8458 9491 20
31783 35174 20
1786 12930 20
647 6055 20
15193 46202 20
2237 45660 20
28704 35036 20
37173 44491 20
30632 35680 20
1672 45422 20
24463 27702 20
24270 32535 20
31190 41704 20
4604 21244 20
20489 24412 20
30665 48547 20
5231 16457 20
1780 35733 20
4791 23717 20
1750 5638 20
4933 5159 20
37387 40368 20
20730 38652 20
4831 34979 20
20081 31391 20
31671 41129 20
37326 42645 20
4599 46165 20
20486 20691 20
20716 24325 20
5129 17263 20
1584 10215 20
1798 21026 20
14806 23159 20
5117 14463 20
2236 6980 20
32034 36255 20
5415 11771 20
1660 6202 20
1475 2822 20
20891 38392 20
20738 30402 20
3594 33680 20
21229 38707 20
5116 28764 20
21491 39936 20
15259 33144 20
31800 40577 20
31728 46018 20
24526 43759 20
20281 34628 20
31553 33618 20
8309 35217 20
4747 19999 20
582 14856 20
5354 9277 20
8245 26887 20
643 2037 20
7541 38899 20
16202 23632 20
16199 27358 20
6710 49132 20
17499 31198 20
6709 13930 20
34267 38305 20
1062 27850 20
4124 11893 20
3823 4173 20
6681 8438 20
17563 32651 20
1069 1138 20
22840 33417 20
6673 19832 20
23647 27357 20
6669 14473 20
6653 19374 20
23651 25291 20
6650 19621 20
35665 42537 20
7568 28051 20
17636 45292 20
4142 23087 20
2112 5372 20
6792 9126 20
17293 35542 20
29203 36263 20
17299 46811 20
22973 46612 20
1019 45807 20
6829 8029 20
17319 39409 20
3842 22238 20
17334 47469 20
22941 46242 20
34488 44582 20
16252 36179 20
22773 29023 20
22923 33507 20
7487 11970 20
29672 37566 20
4097 4425 20
17426 27445 20
17432 23027 20
22862 33928 20
16215 38598 20
34374 43500 20
6720 10619 20
35568 40406 20
6477 18264 20
22683 32812 20
6555 20778 20
2119 41200 20
29789 30854 20
6543 18210 20
17890 34119 20
35917 42183 20
6497 31751 20
17913 47231 20
1959 26650 20
35962 41623 20
4202 33385 20
29093 37311 20
4208 24775 20
16005 38897 20
7664 30071 20
6456 36296 20
798 32136 20
15997 17776 20
17988 32102 20
22579 25317 20
4222 7633 20
6446 24941 20
6443 7419 20
4164 5262 20
3813 5034 20
6642 17226 20
15760 38977 20
6631 13832 20
7592 48681 20
17695 44566 20
34134 48787 20
29758 45696 20
16091 27058 20
3798 24461 20
1092 1578 20
4161 14381 20
861 19330 20
16074 46234 20
22725 29597 20
22724 36010 20
3791 30123 20
35824 47591 20
4167 49939 20
6576 11167 20
7625 13718 20
22691 49141 20
1103 6722 20
29786 36218 20
23434 26724 20
7301 10099 20
934 9627 20
34957 43346 20
23267 47242 20
7152 14125 20
35170 47162 20
7129 36730 20
7124 25659 20
897 47482 20
16494 39228 20
16483 20753 20
7333 47212 20
29336 34303 20
7105 27184 20
23217 36023 20
7336 39155 20
3975 32178 20
16869 27278 20
16444 46905 20
958 42687 20
7346 42270 20
16900 19732 20
7351 46496 20
29301 40692 20
2067 6335 20
3917 31312 20
7240 11608 20
2065 27797 20
29381 34422 20
16641 35798 20
3933 11031 20
35150 43522 20
16674 27818 20
35150 43743 20
3936 17915 20
3936 49972 20
23307 39667 20
23175 47089 20
35014 47382 20
7191 49859 20
3939 11468 20
23408 44289 20
3941 5882 20
16536 25398 20
7175 48756 20
16535 47922 20
2050 19626 20
904 33959 20
3945 21320 20
17217 28803 20
16358 17128 20
6921 8420 20
35371 36085 20
3864 4523 20
869 1914 20
6907 30358 20
999 24581 20
4047 13127 20
23037 41475 20
29604 40568 20
17198 49026 20
4056 26974 20
6925 29005 20
1008 1555 20
35414 48114 20
4060 25041 20
17245 19260 20
34591 43067 20
2012 46104 20
16303 24207 20
17254 35591 20
6853 19868 20
1014 10385 20
23533 27312 20
6973 10481 20
16411 36474 20
7361 27552 20
16938 19886 20
16985 25987 20
3999 13626 20
7003 20081 20
17031 47991 20
3879 28680 20
4014 4113 20
35271 44298 20
17060 21939 20
29541 31148 20
33769 35059 20
6966 15412 20
34721 49835 20
985 22699 20
34721 35624 20
17098 34418 20
17103 28060 20
2085 21918 20
4033 20024 20
2019 21184 20
2019 18776 20
17134 46012 20
19208 42286 20
19117 19726 20
22031 33888 20
1856 2451 20
7961 36340 20
19129 32105 20
1351 12653 20
5808 28049 20
1851 2356 20
22014 48703 20
32660 44311 20
19170 42157 20
22001 48181 20
15563 15602 20
4485 10677 20
15529 16674 20
5777 24439 20
7987 30733 20
710 4363 20
24102 39078 20
21969 35768 20
4496 5983 20
21964 23466 20
19262 19662 20
15515 27556 20
19061 20309 20
32844 42171 20
24012 44395 20
7918 10497 20
7919 8751 20
22106 22375 20
22084 39523 20
4438 11261 20
19026 27239 20
5888 24605 20
19032 25210 20
1326 40540 20
22070 37133 20
4497 6690 20
5866 47806 20
5862 19916 20
5851 29139 20
3675 38471 20
30269 34068 20
5849 10848 20
22040 48793 20
7948 19849 20
5846 26056 20
4461 8944 20
1340 26422 20
4535 44904 20
32457 35346 20
5687 23461 20
21900 42883 20
4518 21879 20
32446 49196 20
30415 31240 20
1407 11780 20
4531 4786 20
30440 34692 20
21874 30977 20
32401 33459 20
19491 31382 20
36783 38653 20
15384 46147 20
3627 27347 20
5633 18417 20
681 21766 20
8102 8892 20
19525 30006 20
30459 43565 20
677 3379 20
19549 21466 20
1425 3334 20
21828 23745 20
32491 35693 20
5757 11680 20
28865 49811 20
19296 49298 20
705 44769 20
15506 18615 20
15496 15697 20
30348 35437 20
15490 28867 20
704 41904 20
32517 43005 20
3645 18601 20
19346 19961 20
30224 41482 20
32490 42262 20
32489 43826 20
36744 40200 20
36744 41127 20
1829 2744 20
21913 31706 20
5693 14064 20
36756 40696 20
1394 28296 20
24150 49465 20
8035 11543 20
15840 48148 20
4276 9774 20
33410 41368 20
6243 37540 20
7757 30362 20
7762 21751 20
6215 27931 20
29000 43454 20
22363 44271 20
6210 6276 20
6207 27134 20
18455 26060 20
6191 7992 20
4273 19476 20
764 2461 20
15833 26024 20
18516 24737 20
3731 19810 20
15818 25586 20
7792 49139 20
18546 37230 20
15809 34346 20
36276 36322 20
6148 39053 20
6148 10001 20
1160 42223 20
7681 48811 20
4229 19846 20
33735 36727 20
792 22324 20
1949 6314 20
6415 6716 20
15971 27925 20
6410 8174 20
7697 39231 20
788 29534 20
7710 18877 20
3762 48767 20
6143 45023 20
6370 10909 20
18116 30099 20
1168 15140 20
36101 42122 20
7728 47972 20
1175 29233 20
1180 43543 20
2129 3860 20
3756 15975 20
776 19694 20
4273 7004 20
36393 47462 20
1275 7545 20
1275 24492 20
3713 34021 20
744 10230 20
22217 29979 20
15736 22509 20
28967 36180 20
3710 20099 20
36354 38220 20
22196 23168 20
7863 9810 20
4393 14218 20
6031 33999 20
32971 49461 20
5985 20876 20
5984 10404 20
5954 29358 20
18934 28485 20
18957 21254 20
1306 10706 20
15658 27441 20
5925 20335 20
22128 38798 20
1310 20317 20
1250 4285 20
2142 5158 20
4334 39806 20
6131 19873 20
4337 4564 20
6119 30533 20
2142 28169 20
2142 39810 20
6106 15701 20
3725 10115 20
22282 36573 20
4353 9508 20
3617 31145 20
30079 34342 20
757 2927 20
33174 35229 20
7816 10728 20
33163 37411 20
18723 26281 20
22253 46742 20
1266 11739 20
7831 34931 20
4378 10181 20
1272 1838 20
11071 38595 20
46280 47718 20
43731 49014 20
13164 48950 20
2303 38240 20
10099 44977 20
75 5235 20
2436 20380 20
13922 41262 20
120 19700 20
9757 25873 20
3090 13753 20
8838 19775 20
8664 24888 20
26204 33685 20
2553 31513 20
12611 14343 20
11912 35997 20
28175 46922 20
9752 34175 20
8659 30484 20
3023 5488 20
9746 46834 20
41252 47640 20
26985 44459 20
14579 46065 20
25913 35943 20
26931 48335 20
529 31002 20
10871 41934 20
28225 37321 20
73 2942 20
13154 41692 20
10592 28583 20
8670 8954 20
10210 35156 20
12196 26326 20
14136 47520 20
2773 30090 20
9738 15565 20
10589 22992 20
24737 47764 20
391 23883 20
27959 41514 20
11037 45061 20
12621 22269 20
3249 27646 20
11907 32667 20
3326 8227 20
9775 34275 20
12617 28983 20
170 505 20
11124 16820 20
3333 11944 20
12026 19743 20
8737 15334 20
9700 42146 20
10263 16661 20
3235 5290 20
11130 13151 20
11133 12413 20
12918 37756 20
3113 21312 20
3113 46358 20
10739 25738 20
13781 23703 20
13781 18162 20
14172 24629 20
14174 24087 20
9299 13026 20
227 3195 20
40959 42357 20
2779 37366 20
3116 9044 20
9162 18689 20
10834 22912 20
11099 38856 20
9937 26809 20
13804 31213 20
32 13265 20
12233 26160 20
12603 23307 20
9735 30591 20
3241 21671 20
3301 4252 20
11094 40864 20
27562 39885 20
41186 44347 20
14164 24083 20
13146 17037 20
95 15143 20
28 17469 20
27340 47856 20
26481 30446 20
12245 40125 20
14352 39183 20
3103 8399 20
12595 45045 20
24724 46736 20
3370 31364 20
41924 44275 20
14535 37776 20
11845 34972 20
3272 31708 20
27794 49739 20
12144 44427 20
2490 29692 20
11846 17515 20
26582 35699 20
2750 44432 20
9214 19031 20
3048 16325 20
10629 19279 20
2491 24247 20
39649 48573 20
44116 45267 20
55 7991 20
10624 27411 20
11800 43365 20
13901 49571 20
27892 32469 20
10957 16197 20
41592 48288 20
522 2196 20
10622 45394 20
13059 32643 20
2454 5764 20
3041 32202 20
39286 43413 20
25208 29208 20
38536 47007 20
25210 31332 20
9889 45736 20
2755 11635 20
26815 34057 20
42436 44817 20
10915 37851 20
12984 38643 20
45515 46323 20
27800 46226 20
2752 49824 20
10646 40009 20
25869 48585 20
10644 41808 20
10120 11106 20
110 19548 20
2977 4412 20
2561 15321 20
14529 27384 20
14043 37126 20
25872 29028 20
3253 28392 20
446 15136 20
42575 49172 20
25235 25303 20
2485 32319 20
13910 48696 20
25235 40163 20
3066 17111 20
2565 11442 20
10615 30178 20
14024 25207 20
9806 19408 20
25106 28723 20
13861 21378 20
10597 14888 20
26780 30810 20
25242 39063 20
13134 20887 20
43816 49970 20
13135 35395 20
393 17504 20
11009 21464 20
11708 39371 20
3079 12815 20
2731 24896 20
8714 29513 20
9053 48251 20
12743 18933 20
13905 39711 20
45729 45819 20
10143 26799 20
10679 29010 20
13872 44322 20
27891 30979 20
14099 31961 20
49 16597 20
14398 47489 20
13906 38515 20
10038 24311 20
2740 5924 20
43948 47651 20
13907 44360 20
10618 10654 20
11862 47981 20
12168 17980 20
13865 37560 20
8692 21943 20
9836 22610 20
25232 33656 20
11750 35737 20
10349 29702 20
10001 43167 20
158 649 20
27135 36005 20
27623 49633 20
2267 20915 20
24985 32422 20
8590 25285 20
13451 25667 20
28142 44719 20
44552 45150 20
28125 49890 20
25548 30947 20
3291 6303 20
10417 32278 20
2998 6526 20
26015 40894 20
475 49650 20
10 127 20
9449 33849 20
25377 29914 20
9138 26332 20
3159 23358 20
10334 12153 20
13434 16461 20
42070 43221 20
9343 33543 20
38031 47387 20
13708 38770 20
24932 32959 20
28060 29025 20
44552 48917 20
14215 31829 20
9545 32362 20
12000 18544 20
27249 27998 20
350 1098 20
2673 28870 20
3008 6439 20
11495 41805 20
28456 30347 20
27288 37622 20
2883 12629 20
11227 39585 20
8872 44792 20
13590 30028 20
9481 38841 20
14453 30744 20
13513 21883 20
28102 33434 20
11301 26381 20
9394 41080 20
38821 45148 20
2654 43241 20
333 3905 20
3169 31517 20
13557 14153 20
26692 43324 20
2802 40271 20
3171 5213 20
44607 44745 20
557 14306 20
13544 24143 20
38471 46452 20
27208 46673 20
27653 49549 20
13651 18504 20
11308 22965 20
13550 22614 20
12801 17493 20
9523 22690 20
3002 32730 20
39440 40996 20
13687 43518 20
12374 43286 20
25519 45230 20
13991 42759 20
3178 40454 20
10435 24779 20
27611 36784 20
47569 48411 20
364 997 20
2801 44129 20
8931 15999 20
10376 44071 20
9506 13735 20
26692 33516 20
9371 43166 20
14255 37141 20
11436 20903 20
14256 26945 20
27318 30591 20
12383 20379 20
9419 33691 20
14280 43935 20
2934 37865 20
498 16923 20
12885 16908 20
28123 38229 20
10741 40601 20
12390 27054 20
27583 45452 20
27075 43602 20
88 43661 20
12301 22086 20
9317 46141 20
9410 26096 20
208 297 20
12019 41844 20
39911 44897 20
26431 46964 20
42285 47267 20
12881 39292 20
82 29579 20
39888 42272 20
2868 6309 20
14490 18007 20
3365 4565 20
42332 47900 20
296 35780 20
40893 48540 20
2323 38515 20
40891 45443 20
27240 46628 20
9156 27446 20
77 2882 20
14441 45315 20
9647 16213 20
11154 12863 20
8635 19339 20
25945 49088 20
2258 17167 20
40838 46650 20
11558 43252 20
3227 8215 20
24711 27665 20
25154 44636 20
8611 28633 20
15 12066 20
372 4738 20
11513 14053 20
9109 46969 20
547 17518 20
2877 15432 20
220 11076 20
12868 13520 20
42916 46024 20
2680 4134 20
11196 35345 20
13415 42716 20
11209 23373 20
42168 47414 20
3143 5825 20
27299 32370 20
40561 43684 20
3360 28213 20
11212 45222 20
39975 46303 20
2633 13327 20
2413 4247 20
25591 46788 20
28412 33125 20
40692 48236 20
11184 20586 20
14639 39596 20
25584 44597 20
9425 39805 20
28044 29001 20
24949 34635 20
351 970 20
10764 11219 20
9109 14174 20
12010 24806 20
10489 15823 20
416 21285 20
3139 21636 20
12876 17689 20
3011 32346 20
28996 40737 21
2327 2675 21
3296 7693 21
29982 37541 21
2338 3053 21
781 37787 21
766 40888 21
1192 2044 21
33531 39724 21
15867 49293 21
36120 37276 21
4278 12257 21
10060 27525 21
6268 7586 21
199 46981 21
18311 28088 21
15881 44927 21
14018 43520 21
2479 4056 21
22433 36837 21
10087 28949 21
1931 3798 21
42308 49156 21
36139 36333 21
7742 8226 21
18284 49675 21
12766 20677 21
18269 27220 21
22445 46763 21
18348 41228 21
6341 40295 21
18175 38164 21
780 1025 21
42392 44428 21
7763 34955 21
23799 42151 21
22494 29996 21
14028 44032 21
18356 34730 21
39385 48545 21
18157 23481 21
23847 28823 21
9094 34847 21
33567 40963 21
6264 15638 21
18235 32460 21
27804 29261 21
6265 31488 21
2340 30210 21
3746 30784 21
1926 17451 21
1275 3242 21
4375 17430 21
39021 41013 21
7884 31336 21
7884 48626 21
10306 35027 21
15674 17144 21
42895 46457 21
33069 40504 21
30142 33419 21
15699 25169 21
15662 18104 21
14193 17381 21
10318 29071 21
2928 4857 21
33019 44102 21
15648 45224 21
160 534 21
1285 2394 21
30115 37775 21
15721 19539 21
10277 24512 21
15718 42795 21
28365 37129 21
7868 29618 21
14174 42987 21
8979 47900 21
23976 44576 21
6059 46911 21
18836 37682 21
10290 42797 21
23979 34842 21
15705 16974 21
4370 16279 21
26263 39084 21
14180 27956 21
2932 45695 21
14182 29594 21
18980 47699 21
22145 29835 21
27654 49204 21
15587 30419 21
18939 31951 21
2163 37119 21
1874 4867 21
5926 26314 21
5924 10330 21
12405 14697 21
38891 47640 21
27623 44755 21
5913 6853 21
4429 5207 21
38855 39648 21
4429 7147 21
12390 40040 21
3350 30997 21
14190 39808 21
8938 12201 21
26297 45132 21
157 2305 21
32983 33662 21
18854 24686 21
22179 34728 21
32956 39479 21
8941 47282 21
10369 44403 21
1896 5344 21
18902 35730 21
18911 44172 21
5964 7409 21
18915 32579 21
2914 9081 21
7936 13445 21
38899 40849 21
7938 40321 21
9032 12682 21
33314 38143 21
6176 8055 21
10158 21780 21
26149 48602 21
23890 48068 21
22334 35792 21
15805 21532 21
6170 26142 21
10165 38699 21
6179 46467 21
26170 42223 21
12662 25796 21
183 5971 21
33275 45008 21
10196 46201 21
14116 34131 21
42633 43160 21
10202 34617 21
2971 8351 21
22391 35736 21
28305 31100 21
33386 40566 21
14035 44229 21
7774 24276 21
2976 6070 21
26133 41088 21
4306 20003 21
18563 29840 21
4309 9044 21
10140 19677 21
18472 31843 21
12698 49837 21
2492 11878 21
12697 21321 21
22346 24239 21
22340 30350 21
1901 8137 21
10231 41291 21
28359 47920 21
6105 15933 21
10235 27102 21
30072 33024 21
28360 37332 21
10242 45912 21
4352 6732 21
14142 25565 21
10245 42395 21
1251 21359 21
18669 41410 21
741 20919 21
6078 20154 21
18688 19891 21
12563 42938 21
6069 36664 21
4339 23444 21
2955 16229 21
6133 15372 21
23910 27129 21
10210 33600 21
36291 39782 21
14126 37746 21
33243 33768 21
15779 29227 21
25094 46926 21
9005 12932 21
18595 43577 21
15776 30834 21
7958 12210 21
1242 25837 21
9004 21953 21
2950 42926 21
9000 45417 21
35403 44935 21
23066 48869 21
13767 35316 21
3120 3722 21
2421 31000 21
6920 44997 21
998 34962 21
34646 42346 21
7424 38069 21
13295 29781 21
23039 45506 21
4034 11585 21
17184 21394 21
3854 41634 21
6897 45635 21
9692 18725 21
13260 37354 21
16301 41936 21
13258 17784 21
6885 31386 21
35441 45979 21
34707 39110 21
13377 29565 21
35307 37530 21
23110 44067 21
29559 37148 21
39903 46881 21
16370 40462 21
40812 43286 21
9317 34948 21
4025 11608 21
16297 32230 21
9313 12625 21
39888 46065 21
303 3331 21
2419 22652 21
9645 12891 21
17111 27358 21
16346 44851 21
9648 22220 21
6943 12751 21
2101 4773 21
23565 32518 21
7479 26366 21
270 6062 21
29660 41318 21
6801 27597 21
3840 45662 21
13183 20684 21
2099 30993 21
16246 21547 21
41303 48814 21
9736 32959 21
39737 49687 21
29166 34884 21
851 13555 21
27959 45043 21
29678 41872 21
7495 39312 21
1997 20945 21
6772 21718 21
13156 38402 21
3239 9509 21
13248 36681 21
6879 35894 21
23014 25993 21
13797 18123 21
9713 31721 21
3104 23623 21
9719 49049 21
13231 22764 21
22993 43121 21
25600 33620 21
6854 11567 21
41185 46687 21
25707 38311 21
17281 22971 21
7466 42550 21
13803 26368 21
34546 48970 21
4071 41367 21
17301 47336 21
40414 44669 21
16713 30282 21
7175 19504 21
25392 32180 21
3173 15878 21
34993 36489 21
7163 47391 21
13535 49884 21
9483 30802 21
16771 33706 21
13675 33886 21
13643 46304 21
363 24365 21
25505 35987 21
16785 32037 21
2397 18099 21
944 33580 21
9513 40040 21
944 41476 21
9516 35230 21
896 48909 21
3195 6500 21
7250 14671 21
16602 27181 21
9416 45983 21
7230 21564 21
23360 24935 21
16642 30614 21
3922 13515 21
910 48785 21
25445 48087 21
16831 43138 21
350 11285 21
3185 9790 21
16554 21255 21
7283 19530 21
2389 39598 21
16674 32495 21
347 761 21
2392 10546 21
2054 35088 21
40579 47675 21
16914 19921 21
25554 38470 21
35251 44427 21
16406 35491 21
25360 25944 21
13428 48909 21
35255 35547 21
13419 21137 21
3997 19015 21
3998 4578 21
16421 18887 21
13410 49383 21
3221 4567 21
29518 39545 21
7006 16932 21
9576 46687 21
9580 43443 21
16390 17010 21
977 3082 21
25590 30179 21
40035 45289 21
28081 36669 21
16840 33364 21
9362 12534 21
40043 44575 21
28141 35816 21
23216 46066 21
13466 44495 21
13460 14434 21
9354 20002 21
7499 11591 21
955 2912 21
13448 17065 21
13699 18827 21
7352 21173 21
23196 26127 21
13701 29040 21
28060 44059 21
3985 41966 21
888 34186 21
231 8992 21
17841 19635 21
6531 41731 21
3785 44722 21
6528 16869 21
1964 24327 21
17865 22542 21
1963 3706 21
6516 29203 21
41862 44133 21
6510 7872 21
7633 10976 21
23727 26246 21
231 788 21
17889 38185 21
6490 19867 21
9169 14768 21
3781 5287 21
27865 32553 21
6489 26256 21
6487 49414 21
27888 36794 21
1973 11517 21
9912 10262 21
27894 32246 21
3033 24969 21
6557 48689 21
7614 17506 21
41786 42242 21
23707 42477 21
16067 21617 21
17921 31123 21
1105 36308 21
7623 10599 21
814 35502 21
17821 24832 21
6546 43973 21
29790 37182 21
17834 39971 21
4183 17177 21
13921 25024 21
18060 38174 21
39440 42372 21
1949 4000 21
9136 32382 21
23783 23988 21
1152 35521 21
4233 45706 21
13974 23502 21
15944 23068 21
1153 24618 21
1154 2556 21
25998 29406 21
215 25081 21
22527 36762 21
10019 44876 21
12831 12996 21
33683 35000 21
42148 49931 21
7713 33422 21
9131 9262 21
6359 21116 21
13963 35764 21
9160 10124 21
7661 33032 21
35986 36872 21
2464 20638 21
33816 37692 21
12897 16747 21
15993 21411 21
9149 33489 21
9978 16167 21
17739 38232 21
33802 41165 21
9145 28671 21
4215 19033 21
25982 36246 21
3769 30711 21
9995 18333 21
27848 37898 21
3767 49523 21
33748 38138 21
2448 10415 21
17525 49286 21
29144 43473 21
25795 27055 21
7532 45373 21
4125 14955 21
838 32668 21
1988 39300 21
6681 23116 21
400 1266 21
23638 42950 21
13103 16180 21
3060 10757 21
4132 5232 21
253 20243 21
13072 29103 21
6666 28024 21
29129 29770 21
16151 49307 21
17587 38990 21
4136 6480 21
22860 31371 21
16221 25934 21
4098 46153 21
6759 38671 21
2362 41203 21
6756 48842 21
3080 21015 21
25768 41937 21
13838 26686 21
22875 27228 21
29722 46122 21
6729 20184 21
9244 32477 21
17476 25589 21
17478 25919 21
9242 30201 21
2104 7008 21
22845 39689 21
13115 15197 21
6715 16138 21
17699 49628 21
4154 22292 21
13888 26225 21
41715 44488 21
34137 40495 21
3043 37949 21
16103 28554 21
7594 12063 21
13010 42532 21
7596 13864 21
402 12750 21
7596 14986 21
9889 15335 21
34116 43570 21
9202 21551 21
1092 3535 21
7598 46616 21
35782 38029 21
12999 24795 21
17720 40110 21
34176 49166 21
17607 40472 21
34201 47893 21
9846 26241 21
9850 12326 21
2110 12594 21
23660 24003 21
3055 24037 21
22773 45754 21
25829 31603 21
42183 42535 21
13029 14592 21
13880 27162 21
3813 6746 21
29741 35127 21
3268 16483 21
2452 12589 21
17671 34680 21
3268 47500 21
41713 44646 21
21304 47739 21
4584 10691 21
21757 29063 21
21298 32494 21
10778 39666 21
44654 46436 21
2277 7135 21
24821 28041 21
5494 29199 21
32168 47738 21
5491 11785 21
14924 37822 21
14465 42814 21
14467 17759 21
5490 48254 21
3444 9295 21
37109 46062 21
21295 23050 21
27480 29600 21
38487 42413 21
8781 14350 21
31480 42018 21
11148 12190 21
4766 36182 21
11561 11587 21
661 9002 21
2700 15035 21
14612 48744 21
11996 27318 21
32176 40470 21
32173 43735 21
19724 28982 21
88 531 21
30857 47457 21
5454 13757 21
2787 24438 21
11593 26023 21
24813 28262 21
80 33966 21
2786 5922 21
78 7492 21
30844 45668 21
20532 49914 21
1594 3712 21
8754 30688 21
5453 7050 21
15213 25759 21
38155 48458 21
4606 47511 21
10828 31609 21
11595 46563 21
11961 33120 21
11972 12504 21
1597 34070 21
31499 43532 21
24286 32365 21
8199 10357 21
14926 23202 21
8649 8694 21
20551 26762 21
21287 41954 21
11959 36477 21
10802 46040 21
4597 30500 21
10806 24345 21
20550 35634 21
506 25214 21
4599 16483 21
11536 21077 21
26618 48062 21
19508 31920 21
14641 18653 21
44132 45060 21
27086 27886 21
19518 35999 21
5634 44872 21
10682 23570 21
44079 45111 21
1418 13093 21
27079 49980 21
27509 31394 21
44204 45333 21
14633 20020 21
32324 44931 21
8127 21613 21
20724 42213 21
11201 37149 21
3625 20194 21
19444 35325 21
38580 46601 21
3625 3985 21
30434 35342 21
14383 17295 21
8617 10091 21
21832 37711 21
37701 46601 21
677 5676 21
1625 17416 21
27521 32522 21
44065 45027 21
8113 38562 21
12101 33391 21
3391 3572 21
44461 45069 21
32225 34128 21
12013 28070 21
10753 15084 21
15292 38205 21
1441 25646 21
11556 14224 21
5076 44729 21
1610 3308 21
21788 39268 21
19680 36417 21
19684 39553 21
1605 2323 21
21783 44243 21
1736 17880 21
8424 18025 21
37693 46979 21
19553 46733 21
15319 45848 21
5616 22349 21
8624 14762 21
19559 19823 21
47186 48569 21
32272 46475 21
2809 40465 21
20512 40462 21
21256 46170 21
8138 20051 21
26674 48896 21
665 2652 21
24506 43084 21
5573 33761 21
24227 40354 21
21449 25645 21
37491 45954 21
21553 40575 21
20370 37721 21
31638 44369 21
11012 21322 21
20176 48229 21
8696 29832 21
2228 5310 21
11028 23623 21
15071 19454 21
31659 39512 21
20192 30281 21
15067 17370 21
53 10507 21
11712 32410 21
8304 46305 21
5303 22837 21
37290 40156 21
27431 39686 21
20092 43784 21
2590 33549 21
3539 7971 21
20129 35780 21
11665 21614 21
5305 31438 21
11713 14956 21
20388 36576 21
15078 33959 21
5187 16171 21
21433 30038 21
58 18678 21
11690 43080 21
8359 30505 21
1764 9884 21
20266 29234 21
1550 26121 21
4700 32692 21
15031 49385 21
622 48189 21
15032 41560 21
15042 20529 21
20284 36636 21
3427 33027 21
20287 22322 21
20295 49641 21
619 2525 21
27378 40398 21
2604 32701 21
15039 45882 21
526 3495 21
3431 5333 21
30713 40173 21
8308 15288 21
45797 47856 21
20319 31999 21
50 5495 21
21505 30120 21
49 24270 21
1537 8775 21
15099 45973 21
20240 35843 21
617 26541 21
1539 46986 21
8676 29969 21
21494 31375 21
24403 39648 21
31688 46719 21
19955 44263 21
3584 22606 21
14583 38933 21
648 1764 21
11092 44404 21
10846 28702 21
38185 41121 21
5408 20501 21
19942 45678 21
30822 46644 21
26764 45389 21
2771 13100 21
20468 23677 21
8387 14011 21
5381 30482 21
10873 33226 21
8243 29648 21
4614 12272 21
3589 29838 21
11603 17765 21
11107 20421 21
3528 25385 21
8650 32011 21
5125 8721 21
4612 49266 21
11924 16323 21
24341 33635 21
8731 31883 21
19902 46500 21
3439 28579 21
5422 6503 21
1474 34167 21
27000 49415 21
32043 42614 21
2757 5768 21
4646 25606 21
2612 38745 21
5353 18203 21
2718 19927 21
2611 43343 21
30800 42437 21
26964 47728 21
8267 36916 21
1575 5302 21
609 1572 21
20413 25169 21
38 7359 21
14983 16810 21
21596 37728 21
10911 34678 21
15107 46751 21
27434 44868 21
5373 26147 21
26780 39805 21
4636 34015 21
3577 32506 21
30653 33839 21
28664 40997 21
5371 5875 21
8383 29557 21
5063 8969 21
1495 9820 21
3534 35143 21
21618 48192 21
3535 5405 21
11851 42535 21
46431 46741 21
15117 44436 21
24921 45601 21
14702 30791 21
2247 35792 21
43535 45484 21
4936 7393 21
19195 38730 21
4480 18990 21
26453 49848 21
24130 39111 21
10498 31006 21
32654 34219 21
19155 22138 21
20963 44817 21
8009 49271 21
4915 47881 21
21161 46162 21
8581 12490 21
4838 8551 21
2263 2635 21
22029 45316 21
132 38680 21
19128 33190 21
20973 37582 21
27255 48846 21
8000 26215 21
27251 27720 21
8577 21352 21
20979 42489 21
7998 40582 21
1664 19533 21
122 21551 21
4499 13627 21
15452 34114 21
28613 49200 21
36784 49555 21
19257 31897 21
14692 43947 21
20886 32587 21
4493 21865 21
30991 47125 21
1841 25620 21
21972 31110 21
20894 40491 21
2178 8295 21
4905 17493 21
10529 18174 21
12266 49666 21
21164 30339 21
5774 12041 21
3369 14661 21
14699 34935 21
27280 33806 21
1666 41946 21
24139 29863 21
14341 23266 21
14339 32839 21
5776 36892 21
2865 21057 21
142 2512 21
43341 43763 21
1692 3777 21
1328 1622 21
11372 15146 21
12366 24091 21
31065 48494 21
1698 9742 21
2896 3356 21
19029 31095 21
22080 35791 21
22080 44758 21
38844 40104 21
5892 17107 21
8558 49609 21
14758 22110 21
21084 31174 21
2256 14412 21
3472 23491 21
3665 24220 21
14740 14796 21
12376 14322 21
32805 33982 21
19009 25293 21
8556 25217 21
19006 44612 21
14284 15645 21
43286 47165 21
2902 2933 21
24100 49451 21
3468 23842 21
31147 38491 21
5841 21088 21
10477 12712 21
36670 48195 21
32723 48226 21
12333 33681 21
21115 29528 21
4454 5180 21
8874 49429 21
1334 39853 21
27213 27513 21
4892 7236 21
2543 26106 21
21099 32153 21
38801 47287 21
48700 49623 21
27603 47827 21
28595 37313 21
21095 33334 21
12355 19959 21
1691 16802 21
711 7120 21
31110 37556 21
10432 47826 21
14738 16491 21
15536 22207 21
1379 2321 21
1643 3999 21
11496 26734 21
14847 35597 21
43936 44048 21
19331 43530 21
24666 39045 21
24551 36759 21
5733 34672 21
12195 45413 21
2300 5304 21
14666 19222 21
30385 34302 21
2852 19904 21
11232 30915 21
11215 23194 21
584 9942 21
2843 12736 21
8079 45996 21
20815 40381 21
8821 42260 21
4515 22477 21
19395 19648 21
8082 22809 21
12170 20885 21
2185 19281 21
30945 41022 21
5723 31509 21
8084 37723 21
21905 25590 21
8069 9293 21
27536 37465 21
38663 39044 21
14369 20585 21
5742 41565 21
31313 35427 21
19293 21592 21
11206 20033 21
550 24716 21
20757 35003 21
10628 10658 21
8601 44692 21
5014 5536 21
38077 49961 21
14839 26411 21
4974 9134 21
112 3402 21
27545 31421 21
4722 29803 22
1700 10958 22
13566 21712 22
7180 43936 22
31603 39715 22
9446 38834 22
1029 24372 22
3942 42670 22
7045 49924 22
28102 47384 22
1566 8980 22
11311 29027 22
20770 30417 22
4080 20118 22
6820 35962 22
23141 35108 22
11335 27394 22
46222 46810 22
20384 34735 22
2440 2828 22
11035 14973 22
48973 49484 22
978 6484 22
2630 5735 22
21001 22007 22
21001 27613 22
4013 13329 22
40305 45313 22
7182 30110 22
11664 17429 22
25555 40982 22
13573 26204 22
9593 10008 22
9459 18668 22
2609 38404 22
31121 36816 22
1571 17176 22
41303 49233 22
16950 27621 22
30793 40743 22
21010 27179 22
3180 9545 22
17353 40087 22
1024 45255 22
34483 38496 22
21215 37138 22
27310 37714 22
6807 7427 22
3091 3624 22
11181 12332 22
9770 44415 22
3085 46908 22
11664 32622 22
41329 47376 22
5221 6726 22
21049 26432 22
4707 29914 22
45 1050 22
5024 10399 22
3920 45352 22
20765 23305 22
11350 37392 22
13123 37320 22
9811 14260 22
11348 39220 22
28122 33444 22
7004 47949 22
40623 47170 22
4790 11163 22
6724 45666 22
13131 48072 22
46078 47840 22
27946 38639 22
970 1730 22
17009 19630 22
27104 41537 22
16612 46769 22
9571 9925 22
319 16083 22
25790 26962 22
6703 34659 22
23149 31487 22
23370 28946 22
17525 23077 22
16605 33144 22
21050 48043 22
47389 48817 22
21444 29224 22
11528 14441 22
4712 9256 22
5205 5917 22
22875 28968 22
28048 48432 22
17304 29740 22
4714 8274 22
4100 5461 22
25769 40393 22
2058 9725 22
927 11950 22
27958 37038 22
11018 43617 22
46143 47541 22
34795 41614 22
13591 21711 22
9556 48449 22
41374 47864 22
16663 17917 22
31388 33439 22
3928 9611 22
9789 33232 22
7218 31446 22
9425 14427 22
350 15766 22
26919 28909 22
11721 15322 22
3144 7901 22
27308 31068 22
11347 22822 22
6729 30157 22
23349 24292 22
17103 30704 22
284 25295 22
6897 7956 22
5108 5906 22
2625 47283 22
40463 43700 22
9681 24510 22
27335 40323 22
16838 22071 22
11468 19349 22
329 1533 22
31012 32496 22
2424 37673 22
20612 45145 22
4953 9717 22
17175 25767 22
34687 41971 22
31485 48336 22
31203 33475 22
325 11793 22
4991 14349 22
3150 33379 22
34610 45415 22
31024 33623 22
7126 19093 22
23025 38791 22
4937 12883 22
4954 14935 22
34920 36344 22
325 12665 22
20538 34080 22
3161 6790 22
17196 33223 22
1594 15184 22
30881 48610 22
13448 29639 22
4968 30718 22
21297 44393 22
293 331 22
293 1447 22
29486 30354 22
4971 29313 22
294 5714 22
6926 20609 22
4963 29466 22
31482 32225 22
9541 13851 22
17128 18843 22
23065 45808 22
326 1966 22
992 3196 22
20590 47521 22
4958 20591 22
11489 15121 22
3158 46686 22
11148 43562 22
1600 3490 22
20575 31575 22
23215 37850 22
20594 22592 22
9664 43046 22
23183 37070 22
23047 40649 22
13459 45200 22
27143 34763 22
6919 12371 22
4042 17346 22
23048 49132 22
25649 28800 22
17075 23405 22
4904 49620 22
25604 32175 22
23278 32833 22
47603 48067 22
11220 12434 22
274 25851 22
20458 25131 22
23273 44997 22
9474 13551 22
23107 48041 22
6843 11531 22
5051 11998 22
4839 9078 22
7154 31733 22
1752 30998 22
11091 49424 22
7066 40273 22
3945 18643 22
6820 40727 22
20990 29103 22
4 14712 22
17318 21332 22
6974 40239 22
1702 4373 22
2432 11515 22
932 34910 22
20803 40526 22
13215 20794 22
22969 28419 22
2714 15341 22
22978 49126 22
2613 5490 22
2675 4064 22
2037 6779 22
31024 43767 22
40818 46462 22
34947 39003 22
2046 39639 22
41154 44127 22
11258 12137 22
3164 10992 22
20645 23589 22
34594 45346 22
17253 25673 22
9712 16977 22
27 892 22
16987 27946 22
20521 36934 22
988 8077 22
30836 49214 22
2014 36274 22
5 19876 22
4068 43926 22
23266 29143 22
23105 34545 22
984 41327 22
13220 21549 22
23264 39907 22
9627 42651 22
13514 45092 22
34857 46097 22
20486 25661 22
21256 21998 22
5126 9568 22
5062 18511 22
9725 32475 22
4859 43561 22
31184 33073 22
26184 37150 22
26502 26522 22
1240 12572 22
19325 27291 22
32514 43988 22
2555 17367 22
1835 9024 22
43807 49963 22
2497 31495 22
118 133 22
10205 18477 22
1386 7055 22
10202 24981 22
19371 19769 22
19316 30793 22
114 143 22
26177 37635 22
10176 39705 22
1228 16270 22
32474 46105 22
10174 28277 22
19381 21437 22
42574 43295 22
2842 35198 22
32471 48035 22
4513 11926 22
10617 29684 22
21967 38851 22
6072 40300 22
12267 31496 22
6082 21174 22
6083 6841 22
18670 20222 22
12254 35924 22
18661 24418 22
12584 30266 22
21972 30532 22
12591 26617 22
12246 25815 22
12598 43255 22
4350 13975 22
18506 37288 22
22289 47648 22
1366 13793 22
1840 4877 22
27559 33957 22
10563 26339 22
4499 11104 22
4346 23664 22
18626 19408 22
18619 47434 22
10575 13036 22
32532 37941 22
19312 20410 22
4543 24328 22
18403 29640 22
42455 43991 22
6237 11391 22
19465 27810 22
4531 24618 22
108 5353 22
12742 43381 22
12086 21126 22
18372 26352 22
33414 34902 22
199 888 22
5631 6384 22
10685 33482 22
2977 30005 22
33430 47321 22
10693 27527 22
18342 35240 22
33447 34556 22
30470 31133 22
21831 46816 22
1196 5603 22
5613 11108 22
21818 38824 22
12747 45867 22
4556 20937 22
19607 44296 22
6197 8441 22
26159 41248 22
5695 44859 22
12161 45363 22
2840 46248 22
12695 19118 22
19402 21024 22
12154 12838 22
1223 2783 22
12153 16263 22
21897 49256 22
1220 34356 22
12145 18334 22
12699 33193 22
43591 49809 22
33336 46860 22
1824 18999 22
32435 43241 22
192 6755 22
4526 49759 22
18432 43126 22
19449 47841 22
10123 18933 22
18419 33635 22
6222 31739 22
21874 32400 22
18412 41493 22
43150 45009 22
10432 13057 22
5881 31114 22
18924 41616 22
10376 40070 22
22158 33150 22
4448 17408 22
2518 36908 22
18902 43093 22
4407 46260 22
22171 25908 22
30186 36045 22
1295 49914 22
5874 23210 22
1328 5320 22
43382 45862 22
10442 19592 22
1292 31501 22
18866 25415 22
1290 39728 22
5994 8456 22
5995 23511 22
12457 15899 22
10355 14578 22
32975 45062 22
4396 47909 22
26388 34142 22
4440 14320 22
1315 5505 22
43298 43976 22
22101 45145 22
5904 32241 22
26360 35502 22
18986 28721 22
4436 11404 22
5920 25306 22
22132 23525 22
32859 48457 22
12375 28749 22
12410 49348 22
5931 13491 22
157 899 22
12427 21576 22
26334 44391 22
18933 33008 22
18933 31174 22
5949 16637 22
1301 15530 22
151 20153 22
1325 20271 22
4415 6446 22
27606 31423 22
1301 5459 22
18926 49587 22
33138 47499 22
10489 31455 22
22230 22810 22
6039 24940 22
1349 11464 22
2932 27733 22
5814 44417 22
19151 36026 22
30301 44995 22
2873 5014 22
167 202 22
19165 36789 22
18733 38829 22
18717 18900 22
22228 48549 22
12289 33940 22
30100 30480 22
5781 14870 22
10509 16223 22
1361 5234 22
30099 43563 22
30316 47568 22
5775 30835 22
6067 18784 22
171 13826 22
4489 14251 22
10265 19094 22
33052 45082 22
26306 27706 22
12466 16964 22
12334 15080 22
1883 21946 22
43040 45872 22
1339 17345 22
27680 39227 22
135 149 22
33015 36965 22
33018 35213 22
10478 21909 22
6015 43515 22
18811 43635 22
12751 42432 22
22214 46857 22
1341 11482 22
6027 12802 22
32713 49084 22
42920 48707 22
26414 49360 22
3474 26655 22
5836 23973 22
26417 30728 22
1345 9549 22
12510 47451 22
18764 26295 22
5332 6688 22
1497 30370 22
31899 49954 22
5342 43576 22
25870 42012 22
22714 27584 22
6582 27519 22
31898 38768 22
11842 20871 22
12994 39699 22
31889 43053 22
1503 1969 22
1093 8723 22
1503 4765 22
17756 29787 22
10919 19829 22
1091 38368 22
5318 6753 22
2593 7554 22
21570 31962 22
1510 12417 22
45546 47273 22
34121 45673 22
45547 47593 22
25856 31238 22
29757 47654 22
13018 34311 22
10888 48162 22
33946 44766 22
11891 32689 22
3026 4282 22
17845 34236 22
3027 7974 22
9925 44617 22
5373 9562 22
234 33269 22
21629 44740 22
2766 9280 22
4639 16680 22
41823 48507 22
1493 47944 22
17689 18351 22
25891 29122 22
2761 48282 22
9916 43847 22
10891 36160 22
34018 38521 22
1103 18298 22
5354 13924 22
17802 28963 22
34041 38031 22
5351 45614 22
34055 35213 22
22705 31165 22
3059 9745 22
1076 7523 22
29729 30224 22
4681 15706 22
13071 18774 22
17607 22694 22
34213 48361 22
9841 15541 22
2744 22687 22
22791 38432 22
41525 43264 22
17585 27207 22
1987 2116 22
30725 47296 22
20202 21851 22
21492 40785 22
1987 38732 22
34242 42620 22
10979 37055 22
30737 32829 22
5244 7750 22
27935 33432 22
17560 32575 22
6687 26826 22
17545 36753 22
17543 26923 22
9830 41189 22
5295 5409 22
45555 49436 22
5299 46312 22
11820 18492 22
5299 20828 22
6615 26043 22
25854 40622 22
13021 14536 22
21553 46857 22
20156 39303 22
1084 23593 22
9876 25900 22
10932 42169 22
4148 7397 22
5404 34603 22
31816 44673 22
11806 14103 22
10943 39393 22
6638 40619 22
1080 17370 22
25830 31882 22
34184 38079 22
13035 38883 22
9865 37175 22
1525 46843 22
17637 30490 22
20194 44990 22
19725 44672 22
22500 46355 22
19694 37622 22
6338 18973 22
1939 15229 22
4576 14236 22
5529 14027 22
18157 21944 22
21768 24784 22
12815 23297 22
6354 21358 22
18123 43392 22
6374 26358 22
33659 38327 22
4249 19794 22
1941 8151 22
4583 7931 22
1162 1342 22
5514 14868 22
19742 26517 22
10775 26742 22
5499 6825 22
5496 43117 22
5495 46646 22
5495 31497 22
6406 24024 22
18051 24678 22
4261 47073 22
10089 21952 22
1930 3110 22
201 1844 22
10088 29985 22
5580 22939 22
12028 17904 22
2985 21574 22
21805 34382 22
27494 32482 22
5576 21671 22
29935 30190 22
10061 48101 22
2990 10830 22
85 16470 22
12004 14983 22
6311 39988 22
26061 28549 22
12799 44993 22
1180 36878 22
2478 38603 22
1442 33321 22
29910 39134 22
1180 10179 22
1806 46262 22
42236 46075 22
29903 44916 22
12924 27736 22
26735 28759 22
1957 35330 22
33828 42676 22
1131 28637 22
9961 10745 22
32080 45803 22
19860 49160 22
27862 34873 22
5442 8305 22
1469 34438 22
1959 35354 22
26745 48983 22
1471 5982 22
4206 13323 22
11922 32345 22
12929 17097 22
17899 19418 22
9946 28231 22
12934 22187 22
19922 37966 22
5414 39197 22
5412 39652 22
17868 31080 22
10846 18675 22
6517 15504 22
5411 38192 22
10807 26969 22
2576 21292 22
85 422 22
218 14984 22
2792 49557 22
4593 10158 22
44688 46722 22
33765 49387 22
1950 24782 22
18003 49799 22
1951 5398 22
10791 20373 22
33787 43296 22
30749 33101 22
27849 34825 22
22583 40277 22
4599 17040 22
29848 34408 22
11953 14233 22
1138 16913 22
6455 7276 22
4212 26086 22
4604 19989 22
44842 44908 22
17975 39414 22
27852 46662 22
14323 49207 22
13719 26880 22
28174 43502 22
28820 35319 22
35982 48543 22
35974 48931 22
15127 22671 22
39099 41868 22
29087 34713 22
753 3414 22
7658 12388 22
13951 35637 22
7367 19123 22
2375 45510 22
8353 23766 22
3610 11954 22
8495 34260 22
7828 15000 22
8829 25272 22
2187 12233 22
13807 47323 22
3882 25372 22
35951 43730 22
8990 42779 22
15158 46387 22
644 19528 22
16255 24449 22
24745 26788 22
8490 13700 22
15111 23217 22
25156 43484 22
8266 41135 22
8071 13853 22
3319 20598 22
15305 37359 22
7475 14988 22
3319 22975 22
9155 9876 22
15998 32750 22
9335 11823 22
13937 44153 22
3364 10607 22
8713 36653 22
28782 46230 22
24193 32107 22
37466 38081 22
855 2340 22
14114 46095 22
2365 25627 22
25053 35093 22
15020 16872 22
755 1290 22
8126 11182 22
35534 46843 22
14990 33843 22
512 1001 22
7495 27146 22
3208 16640 22
8735 10743 22
14201 19585 22
24994 40842 22
38415 47621 22
14920 21883 22
8743 13401 22
16483 37006 22
16485 40196 22
2102 3965 22
3340 23414 22
37820 47106 22
24002 30548 22
8042 20731 22
8955 21075 22
13901 32005 22
8952 24215 22
3537 19168 22
35801 48973 22
24013 24814 22
15429 23551 22
9370 38531 22
14809 47132 22
16253 26890 22
14572 28816 22
14170 20884 22
3334 5527 22
39573 48605 22
7637 10358 22
15722 21241 22
38122 38320 22
3704 26397 22
2175 45083 22
38224 42759 22
3888 34017 22
3777 17990 22
38680 45368 22
8506 37491 22
594 8024 22
7488 15433 22
2208 17281 22
8637 10227 22
3582 48208 22
14994 45657 22
37657 47016 22
15178 23823 22
2363 40714 22
406 10351 22
9134 30301 22
8451 18540 22
7709 11199 22
39881 42362 22
775 21571 22
3753 31615 22
15482 36698 22
14334 16989 22
15875 49843 22
16341 34266 22
3752 5893 22
37702 39588 22
3643 14792 22
8298 24258 22
16333 28835 22
548 42627 22
2130 6585 22
25113 48144 22
23498 34367 22
769 27673 22
2299 4927 22
15488 26572 22
3291 10513 22
9310 42727 22
14341 43729 22
15865 35718 22
8294 33097 22
39866 48497 22
15905 25248 22
38087 39233 22
2341 14925 22
39840 40720 22
15057 49058 22
29217 31952 22
15057 49168 22
779 8468 22
23517 27885 22
9129 24435 22
3506 32693 22
15313 16642 22
15862 34832 22
7423 33874 22
39868 45522 22
8611 18394 22
9303 46872 22
36069 49855 22
7730 34222 22
14338 20052 22
24142 26113 22
15891 26351 22
39803 45815 22
3619 4105 22
3504 9316 22
14054 45646 22
28449 32942 22
7454 36591 22
15835 26259 22
24551 46238 22
14398 20982 22
14636 37917 22
9144 9837 22
39241 46313 22
25290 29977 22
37787 42129 22
14051 45129 22
28507 32318 22
15840 45222 22
8709 19993 22
36758 37467 22
9147 20268 22
14559 25912 22
3462 45576 22
8268 31435 22
443 12984 22
15809 33970 22
7469 30007 22
8343 32561 22
24850 47493 22
8030 22275 22
39789 47383 22
15315 17028 22
3511 5160 22
7402 48425 22
37329 47161 22
15971 31961 22
15474 19783 22
16369 22510 22
7399 21308 22
14528 26634 22
767 1686 22
9082 49311 22
3420 6476 22
14701 15120 22
8288 48067 22
3304 38322 22
8617 39239 22
13801 23304 22
25341 38502 22
38283 43421 22
35308 40765 22
36038 43887 22
7452 21697 22
36032 46529 22
7684 16602 22
13969 24136 22
7288 32799 22
13886 16028 22
7944 31457 22
8186 14958 22
25405 31235 22
8096 14894 22
24818 42143 22
14314 40690 22
28663 40844 22
7949 20976 22
3595 29404 22
13882 22397 22
24821 38911 22
16546 24936 22
38878 39097 22
7572 22743 22
485 10805 22
8764 31664 22
13878 30728 22
24884 32120 22
14277 31260 22
3596 32748 22
2316 39471 22
7958 27276 22
2110 25938 22
2253 2518 22
2308 2796 22
29126 35917 22
24202 42282 22
16521 49782 22
3270 22214 22
13886 21233 22
23603 49571 22
37621 47478 22
37851 48752 22
16524 17602 22
24037 49248 22
24038 41899 22
16528 16921 22
28563 39792 22
25390 48220 22
573 38499 22
8900 48155 22
14471 23103 22
38883 40779 22
558 15971 22
7583 34800 22
24592 31635 22
23409 34469 22
14716 28720 22
24048 38552 22
905 43357 22
8918 49273 22
36555 39877 22
28458 39568 22
8553 19996 22
8394 16855 22
3525 7806 22
35130 46293 22
15274 27193 22
8167 25220 22
696 5967 22
7262 10830 22
13872 31481 22
3614 41109 22
3820 31168 22
3601 11858 22
24619 41394 22
15531 22686 22
9410 12383 22
37938 46837 22
15282 29198 22
15437 45853 22
36662 47799 22
14313 30600 22
8398 29915 22
37938 42083 22
8785 9269 22
23632 36104 22
13620 13793 22
537 26001 22
8400 24844 22
15359 22116 22
7561 49479 22
15555 43565 22
833 19396 22
28880 31689 22
8772 17761 22
502 35554 22
3818 33113 22
15548 38613 22
473 46805 22
14450 17313 22
9408 44993 22
15267 16624 22
15543 36906 22
15627 26173 22
7979 33544 22
7554 33639 22
25223 34281 22
14403 36080 22
8547 17385 22
711 10966 22
8547 21906 22
14595 46007 22
8001 14129 22
24606 27452 22
7550 10159 22
485 38946 22
37823 47721 22
3681 26878 22
3203 22923 22
3591 43109 22
16091 17289 22
37143 37228 22
2321 37015 22
8657 28362 22
7505 29989 22
3899 15633 22
16217 28836 22
3343 3971 22
2322 26086 22
8012 24269 22
24198 33747 22
7508 36915 22
9373 13737 22
7600 32994 22
2075 6366 22
2115 24594 22
8106 28833 22
16508 25069 22
14239 33637 22
7310 11745 22
13676 21009 22
904 2545 22
24440 43934 22
36540 43636 22
7504 18844 22
8131 27477 22
8861 37679 22
6665 24717 23
2471 3262 23
4725 38249 23
25880 46253 23
12856 42863 23
21409 33726 23
822 1178 23
7603 16906 23
3539 6252 23
12202 43547 23
1098 10473 23
11755 20123 23
37 19115 23
41498 49293 23
42113 48073 23
19593 46454 23
20267 47401 23
9126 33078 23
26667 33200 23
2603 4721 23
25224 28163 23
48 56 23
1944 20621 23
1577 22786 23
242 974 23
9999 46405 23
7688 10085 23
2736 47247 23
9849 13594 23
39593 47520 23
6553 14335 23
622 678 23
28221 49544 23
15974 24820 23
4166 33104 23
8835 42816 23
23703 29574 23
7555 25384 23
4552 28334 23
25810 32115 23
3007 11763 23
36805 39132 23
33742 35754 23
7617 9218 23
4725 34906 23
5179 6711 23
44339 45703 23
47 49 23
32600 49636 23
34241 47776 23
2618 20783 23
12831 45276 23
5774 6875 23
6587 11993 23
1157 14952 23
5173 11158 23
5173 45436 23
26023 29378 23
17772 46540 23
41508 45685 23
45946 49028 23
6672 29678 23
37377 40028 23
12222 12787 23
17579 17603 23
9134 22587 23
18099 48796 23
18103 18882 23
4130 27786 23
4241 12504 23
23642 45641 23
6569 11416 23
838 1472 23
10026 12520 23
18119 28087 23
10568 19590 23
21491 28065 23
10026 35408 23
12996 13165 23
3292 29375 23
6404 12108 23
8693 22426 23
22807 23032 23
16157 32659 23
22806 24941 23
21341 38890 23
8382 37734 23
8382 28912 23
1167 2702 23
11638 15907 23
2473 9426 23
18070 37071 23
17804 23687 23
37375 42111 23
22529 41838 23
9197 10445 23
26655 33226 23
8379 12743 23
6398 10455 23
6562 14021 23
17784 48700 23
23743 32708 23
415 737 23
8042 42256 23
3018 4236 23
29748 43373 23
11707 11776 23
3047 22544 23
6480 35511 23
6607 9786 23
2613 35824 23
6480 29899 23
21450 22778 23
33824 44928 23
5138 5945 23
3017 23438 23
4738 6158 23
5764 31355 23
828 5104 23
610 33681 23
38176 45723 23
23718 49111 23
36777 44745 23
3786 15606 23
13888 35364 23
17844 40774 23
21453 24519 23
17843 34062 23
15464 21329 23
6604 24572 23
17945 44026 23
14564 49635 23
6500 13733 23
26942 40419 23
10719 17716 23
22640 23379 23
33855 49485 23
21436 46319 23
3808 45401 23
17912 37428 23
33886 37660 23
28684 40211 23
35954 36354 23
13949 14548 23
5597 33700 23
3433 5303 23
21415 32677 23
13019 14782 23
22749 29603 23
33895 48777 23
28236 43651 23
32319 49847 23
12216 31180 23
808 3501 23
6619 26018 23
13922 43415 23
12914 13863 23
31629 44875 23
22652 40452 23
20468 30399 23
5180 16328 23
11612 29633 23
1552 39582 23
2179 43618 23
9986 27442 23
7563 14031 23
17706 39061 23
17989 49757 23
29070 32850 23
2110 37834 23
22581 37374 23
699 760 23
24905 31955 23
21469 41121 23
11669 49156 23
33795 47403 23
30813 35795 23
17992 21152 23
15451 48201 23
4706 21478 23
6552 8913 23
2233 29396 23
35936 41666 23
20296 27125 23
17707 49579 23
12865 30115 23
17620 27548 23
34196 49993 23
13969 29646 23
16122 46194 23
5215 14880 23
1081 33978 23
16042 18254 23
9969 32047 23
12905 39234 23
35737 41912 23
31628 40768 23
3419 24333 23
7594 25575 23
6537 7406 23
1135 4574 23
9973 25975 23
1136 7111 23
11046 18382 23
18002 46212 23
4158 17338 23
41846 49385 23
25908 41275 23
11613 31771 23
7629 43671 23
8839 47238 23
31679 36516 23
9980 19093 23
3289 27476 23
19591 31909 23
35700 44690 23
6548 13728 23
24460 49498 23
10333 47855 23
24017 30134 23
2205 8972 23
5449 6137 23
3690 33413 23
3691 4364 23
1467 44220 23
726 10953 23
4391 25155 23
14484 48857 23
6009 28879 23
22186 43709 23
21700 33565 23
12481 32086 23
27454 37899 23
8215 14707 23
36449 48349 23
10325 49546 23
43009 43064 23
38422 48254 23
28862 36790 23
42992 46043 23
30288 42791 23
18901 45523 23
18898 22808 23
43156 43724 23
506 31689 23
1809 3226 23
2916 5054 23
14412 43356 23
5976 34545 23
4470 5565 23
18880 40196 23
24993 32018 23
8208 10374 23
18866 36048 23
24982 34758 23
2785 15742 23
19835 47575 23
24022 24301 23
2580 3132 23
3406 5168 23
10349 40783 23
24018 38395 23
169 9320 23
11912 40708 23
10491 30814 23
15703 48917 23
26440 36334 23
1478 4694 23
36407 41156 23
3701 40954 23
92 115 23
12295 19361 23
6057 30027 23
457 38329 23
5403 9937 23
18719 30908 23
36405 41613 23
21657 27786 23
5398 11010 23
33146 40519 23
3704 6622 23
30098 31615 23
12549 25829 23
12550 13207 23
11918 18666 23
12497 30594 23
18782 36261 23
8969 19660 23
732 891 23
12506 47186 23
19897 29157 23
32052 33557 23
15672 15833 23
2542 30425 23
5418 8125 23
5465 42226 23
19913 31910 23
6037 16006 23
10845 18794 23
14183 42637 23
2933 37964 23
19931 48273 23
512 7447 23
18740 42919 23
8977 17779 23
42875 46190 23
22075 44867 23
15535 17271 23
15271 16284 23
19046 27349 23
5882 21081 23
22066 23428 23
19040 24401 23
44569 47443 23
26377 32141 23
10428 40121 23
19035 19975 23
12357 13848 23
15254 23539 23
10425 13070 23
4438 10593 23
5893 27451 23
15553 15885 23
5904 7152 23
5544 22772 23
30524 39922 23
12376 18920 23
32705 39109 23
14425 36049 23
12314 34254 23
4462 19269 23
4572 14662 23
1807 13923 23
10477 35739 23
32204 37838 23
15286 15851 23
10458 18986 23
44542 44844 23
26405 46123 23
36589 44819 23
5536 25940 23
12345 31150 23
4454 46855 23
3393 13019 23
8882 23045 23
10440 30194 23
4576 46151 23
27604 36804 23
5527 8872 23
30277 32503 23
3346 26538 23
4468 29820 23
478 884 23
1303 2885 23
3592 45057 23
43166 47950 23
15594 28443 23
2913 10534 23
32684 48040 23
15596 22957 23
10806 19651 23
4593 24103 23
12439 34031 23
24291 49659 23
19671 32925 23
18924 28497 23
152 2422 23
38446 45348 23
32919 41259 23
15220 21224 23
18907 45488 23
5468 7312 23
5915 46630 23
22113 27168 23
143 45484 23
22118 41901 23
655 26628 23
2528 6574 23
15564 30651 23
32842 45521 23
5496 7625 23
146 41063 23
4427 29823 23
8861 26586 23
3673 17600 23
4589 37199 23
18977 45875 23
147 21332 23
2794 6186 23
505 22910 23
43224 45131 23
22139 22558 23
654 1033 23
36704 40845 23
26101 33859 23
42446 42565 23
18391 48191 23
20130 22865 23
41833 48126 23
26116 47978 23
21567 37204 23
18381 45498 23
5304 44547 23
18357 24148 23
28717 49917 23
26825 39149 23
4282 17054 23
15861 45836 23
24132 35858 23
45564 47711 23
20147 36776 23
18335 28258 23
5781 13106 23
4669 39196 23
22422 34919 23
10937 16784 23
12724 30205 23
19195 48594 23
5326 30202 23
26129 29417 23
20100 49569 23
1920 26502 23
21579 47084 23
1214 35380 23
194 37674 23
2754 11423 23
1507 6754 23
18315 32562 23
1847 19953 23
22379 26799 23
4296 36759 23
12727 13376 23
1509 35639 23
1210 37400 23
6229 37348 23
15092 33849 23
5309 45609 23
7771 8459 23
2744 12619 23
27401 28164 23
523 2704 23
12793 16603 23
2991 10578 23
3758 10467 23
15309 36280 23
36115 44823 23
7730 13447 23
3426 25228 23
22490 30275 23
30319 34685 23
10965 28957 23
42238 49380 23
12807 25015 23
45827 48192 23
1174 1379 23
2546 35770 23
31770 33272 23
36097 49336 23
18167 26231 23
10968 41660 23
38731 40761 23
2483 32635 23
627 1637 23
770 22979 23
5779 39395 23
1522 30968 23
21541 29553 23
22438 33936 23
20167 24355 23
43546 48760 23
30699 34920 23
12701 22042 23
11804 41269 23
15872 47708 23
33509 33830 23
11789 25710 23
1933 10474 23
3754 22403 23
38318 48473 23
1934 4160 23
28499 30813 23
8302 14868 23
38352 38685 23
642 41921 23
45260 47348 23
6107 6289 23
3576 27850 23
15751 35194 23
20008 20526 23
11873 16386 23
18619 22813 23
25039 45428 23
8717 11045 23
2768 3507 23
7823 26427 23
23924 32929 23
10215 37104 23
10883 41267 23
6124 24148 23
178 16485 23
9009 40215 23
6131 10081 23
18576 38109 23
5360 7690 23
173 241 23
7860 8537 23
30090 30292 23
8987 25989 23
28964 33333 23
741 1687 23
26770 35128 23
33181 48060 23
2209 29637 23
8988 12467 23
28364 33991 23
27755 39714 23
24794 25330 23
10867 43153 23
21640 41929 23
7846 17582 23
32651 46447 23
31965 33721 23
12603 19835 23
4349 14789 23
18646 38475 23
7838 16653 23
9055 10277 23
1226 1530 23
9043 39120 23
23886 36843 23
37287 48950 23
30036 42110 23
2212 39878 23
3728 14171 23
18487 38665 23
15309 24011 23
26142 26505 23
15808 20054 23
12697 33914 23
4312 21238 23
28322 45346 23
10913 40814 23
6194 8569 23
2970 45296 23
19619 49710 23
28319 46424 23
3418 22798 23
1218 3284 23
10178 15905 23
18563 23060 23
755 2782 23
1230 43251 23
1356 18826 23
1907 30422 23
10887 31696 23
18549 48606 23
15798 34694 23
23904 41433 23
2329 19363 23
6346 10444 23
18534 26750 23
10173 11711 23
6165 14618 23
10165 46246 23
15115 42956 23
14515 19350 23
185 16394 23
2330 22849 23
25064 25305 23
17098 24821 23
11215 32182 23
5001 9388 23
28159 40852 23
14 66 23
3123 3665 23
16352 34800 23
17109 17139 23
8468 13273 23
13334 33784 23
23069 44387 23
17095 47068 23
988 26367 23
9635 27085 23
986 3542 23
2417 15467 23
20795 38049 23
306 21482 23
17081 20487 23
7417 35670 23
28162 39711 23
292 17297 23
16329 26158 23
1722 48701 23
1634 10583 23
6925 10260 23
13312 35061 23
34664 42903 23
9621 16582 23
34668 45984 23
2676 8879 23
28015 37716 23
4036 4307 23
14864 30486 23
23502 48826 23
296 353 23
14864 23075 23
28044 48192 23
13741 35487 23
17020 27846 23
4972 6983 23
29526 37965 23
25350 43609 23
4811 14179 23
14829 35321 23
9575 18896 23
15334 47138 23
39919 41781 23
20858 40751 23
35289 36931 23
7003 16056 23
9571 19795 23
11238 23707 23
16399 27708 23
39932 45532 23
975 25895 23
4990 31474 23
35322 36192 23
104 718 23
14374 31441 23
13364 32249 23
23485 49961 23
40745 44176 23
25603 42088 23
5690 6854 23
13768 30299 23
20822 33558 23
14847 19914 23
11494 19060 23
14840 27495 23
13 393 23
2413 14112 23
9323 18027 23
8590 33067 23
16264 18785 23
8827 22295 23
3843 15333 23
34524 40164 23
17304 38200 23
34526 40013 23
17301 17363 23
14895 36097 23
8437 37063 23
11537 44970 23
14365 17746 23
25709 31073 23
4071 16146 23
5046 36295 23
5046 10418 23
17286 36183 23
275 3405 23
1387 18605 23
13219 39983 23
21264 49348 23
14905 28203 23
26537 36933 23
34499 37679 23
8126 11728 23
12170 39384 23
37685 47918 23
1022 2986 23
11554 46635 23
35474 40914 23
20672 22146 23
2691 22674 23
27067 47417 23
2690 10947 23
4511 14873 23
22962 25209 23
22963 49507 23
16258 46918 23
1630 39666 23
35438 49283 23
35425 41956 23
5634 47264 23
6888 20407 23
3236 28574 23
23518 28444 23
13278 25762 23
590 14906 23
6894 35648 23
24862 33233 23
36945 49551 23
27116 44830 23
23039 41171 23
9295 46393 23
28435 46952 23
21224 25051 23
25659 25802 23
14869 20382 23
9718 24563 23
20694 42258 23
546 3587 23
27081 37825 23
13227 21829 23
3240 23760 23
1012 1280 23
14641 42735 23
6862 19689 23
7011 12413 23
21852 29913 23
4789 10761 23
20723 38009 23
25686 35492 23
6876 23739 23
17217 39702 23
23019 47597 23
13250 19347 23
40136 42883 23
23295 33446 23
4842 31662 23
7180 22677 23
3176 4125 23
9458 40453 23
1685 16194 23
25475 34049 23
28129 29889 23
28600 39430 23
25398 32230 23
4845 10471 23
13577 15318 23
16685 27203 23
9448 26526 23
24592 49637 23
3181 21245 23
37961 47856 23
1689 6299 23
4910 8025 23
4921 32879 23
13517 34914 23
4913 9299 23
23413 27097 23
31151 33777 23
14800 24256 23
8811 22410 23
3487 18419 23
13584 24349 23
4838 33942 23
935 6601 23
31039 31259 23
2049 44432 23
337 28750 23
8577 26996 23
13548 17724 23
20979 44163 23
16591 47680 23
16589 17135 23
11359 12571 23
9420 19578 23
3190 3437 23
13622 48266 23
35116 43370 23
4871 5064 23
31101 38370 23
3190 6699 23
3921 4046 23
3916 42677 23
49459 49514 23
49537 49735 23
28124 48042 23
21060 46470 23
40169 43829 23
13619 20087 23
30438 30967 23
25422 39515 23
40257 43091 23
13633 19374 23
7204 39966 23
9439 33833 23
24628 37400 23
1689 48359 23
2384 12655 23
4884 49346 23
11433 43346 23
7212 13723 23
24599 48228 23
7271 10981 23
23339 29821 23
37910 42201 23
16644 47088 23
28585 28774 23
21879 27715 23
20903 39309 23
31001 49571 23
21166 41909 23
2036 35016 23
7063 27904 23
1665 28719 23
25362 26085 23
3988 20625 23
1711 1810 23
16916 27101 23
23458 33062 23
26582 32836 23
11469 13032 23
3214 35138 23
13702 32383 23
959 5497 23
37806 49241 23
16901 46767 23
16900 33906 23
25568 30332 23
20865 38821 23
24651 36869 23
27146 39029 23
28153 44865 23
3141 20666 23
7018 7134 23
35263 35549 23
11482 14388 23
15377 48965 23
28613 37029 23
10626 46279 23
9338 28554 23
371 5210 23
2407 33149 23
967 45800 23
967 7469 23
11469 23434 23
13488 20547 23
7105 16499 23
7105 36805 23
16846 20325 23
13482 40186 23
2664 2818 23
5673 27299 23
9520 10228 23
27263 39797 23
7119 23491 23
11446 30750 23
1673 13190 23
11438 17374 23
21890 30650 23
1705 1917 23
16494 39641 23
25518 39547 23
11435 40416 23
3960 18234 23
683 2122 23
12109 37451 23
34870 49176 23
958 8302 23
3492 5040 23
10658 11722 23
1402 21730 23
29304 35486 23
11250 25611 23
17553 31044 23
367 35666 23
9536 13040 23
3978 13148 23
11457 14311 23
893 9257 23
28072 30426 23
13467 44954 23
9530 32759 23
13151 49147 23
25249 30894 23
11563 46352 23
13836 15199 23
1380 32717 23
17399 19139 23
11565 37322 23
20573 36802 23
35555 42845 23
27952 47023 23
23592 46976 23
11141 35068 23
14924 18926 23
24481 33697 23
22868 26494 23
6743 9741 23
2362 17567 23
13839 19308 23
17448 17999 23
17451 33994 23
2276 2626 23
32491 36147 23
15424 24352 23
22924 24583 23
28180 40285 23
20608 47386 23
6788 35274 23
17359 33874 23
1603 12519 23
11148 12902 23
264 19485 23
3838 27461 23
8126 12599 23
4508 15245 23
24489 44956 23
1031 19625 23
17384 37642 23
2696 3142 23
21297 32560 23
25250 40541 23
257 9945 23
32321 35302 23
38672 40579 23
31507 35879 23
4121 19932 23
21329 43286 23
3067 3864 23
34282 43981 23
6697 9279 23
6696 42809 23
24165 37482 23
12053 44964 23
1063 1407 23
26513 47213 23
35596 38829 23
5114 44622 23
20527 39282 23
25795 29181 23
2704 13418 23
11595 23355 23
20554 23158 23
27950 39878 23
4106 32112 23
46816 49163 23
1741 22915 23
7515 22445 23
29150 45627 23
15434 16995 23
1835 27644 23
21318 35945 23
17447 27235 23
9804 37610 23
20553 45166 23
5620 6859 23
23 5324 23
14927 30975 23
1743 2537 23
693 25490 23
8413 22653 23
9816 19101 23
13814 17043 23
25263 32496 23
5070 25376 23
13035 24621 24
25379 27909 24
19893 44543 24
20924 46487 24
16848 17493 24
22218 37646 24
16849 24160 24
3829 7225 24
40499 47561 24
2206 25878 24
732 2019 24
26270 37168 24
21683 44641 24
37186 49246 24
9217 15098 24
1275 49756 24
19866 45001 24
5132 12830 24
43639 46355 24
32057 32478 24
3160 16487 24
11440 11904 24
5430 15134 24
20927 25617 24
13693 18516 24
1981 25539 24
1440 9803 24
19882 36234 24
7900 28004 24
9872 18779 24
21686 32964 24
3408 20736 24
9947 48444 24
734 1272 24
19554 28884 24
37483 45156 24
14805 49777 24
10846 47283 24
7096 40211 24
13027 20495 24
27275 33483 24
10301 13132 24
22650 32521 24
12528 41482 24
32441 38964 24
19940 30163 24
19155 35751 24
1478 3995 24
16876 27337 24
39017 40064 24
29480 34539 24
8 586 24
6043 23749 24
12512 25259 24
27449 40413 24
26681 30407 24
19927 34430 24
24309 29381 24
17650 24788 24
20924 36389 24
2323 32497 24
48197 48645 24
30612 36989 24
13471 22657 24
10545 20038 24
20956 48115 24
19838 21830 24
1675 23277 24
77 35362 24
25786 26908 24
10831 11675 24
12457 40529 24
4833 21537 24
5450 6317 24
1675 25510 24
1852 14485 24
16801 27339 24
11677 12765 24
32513 34925 24
464 8412 24
7132 33977 24
16804 25587 24
3053 25571 24
7318 34079 24
23257 28199 24
28931 36438 24
30584 48580 24
19828 33748 24
43098 47352 24
18865 28865 24
31037 46293 24
40438 47495 24
22024 25738 24
10365 37016 24
11291 42215 24
27482 35413 24
2517 24051 24
20962 42290 24
7321 43301 24
25847 27453 24
40460 43018 24
27183 30571 24
2077 3374 24
2378 4197 24
27184 44368 24
23662 28679 24
15196 39958 24
44880 49246 24
3966 34366 24
7122 32746 24
10329 35927 24
16820 47033 24
22844 45921 24
3606 47607 24
14490 36220 24
10332 22435 24
3071 5965 24
2449 48599 24
3207 17226 24
26737 43101 24
25518 49550 24
16132 49712 24
48337 49274 24
38941 49184 24
394 46195 24
14801 45186 24
12466 22591 24
1675 5576 24
19850 40016 24
28137 47387 24
5094 13869 24
3882 38005 24
125 205 24
20664 35336 24
40533 44086 24
8718 35543 24
22291 47706 24
3713 38468 24
8718 14775 24
18648 49232 24
37235 39345 24
515 3905 24
744 23217 24
3990 8194 24
14695 36743 24
18633 21809 24
21896 30096 24
17685 23146 24
15747 34257 24
16110 41163 24
11619 20072 24
19998 26640 24
7065 18718 24
24722 30386 24
4634 9979 24
14412 18626 24
26231 33670 24
10497 42593 24
26778 41999 24
20901 29769 24
1666 32018 24
4759 8643 24
25362 49366 24
10220 42973 24
754 3470 24
6126 47889 24
20026 38454 24
4106 11595 24
13714 37929 24
19190 38998 24
28151 46257 24
23674 24673 24
3808 12950 24
8070 14113 24
20021 45947 24
177 4020 24
7368 9128 24
2836 22290 24
7367 26290 24
28060 35373 24
14511 30465 24
12927 40848 24
176 403 24
1904 14867 24
13428 20624 24
31950 38863 24
13430 14781 24
22003 41108 24
5198 14445 24
6611 7563 24
1811 5485 24
2560 49450 24
27978 31043 24
7058 12114 24
14149 33091 24
30 28535 24
736 7101 24
16895 18634 24
2355 12675 24
2640 14022 24
34340 40205 24
1050 45749 24
19422 37196 24
10748 32744 24
33134 46155 24
12549 32071 24
13441 37066 24
8233 27817 24
1260 4953 24
2324 2521 24
35246 39995 24
27490 39715 24
19962 35521 24
2103 19494 24
11468 13989 24
6059 44882 24
7085 45010 24
7517 12382 24
263 1105 24
367 49489 24
41669 49639 24
12944 23576 24
8506 31014 24
21661 40171 24
22015 41220 24
2404 10663 24
19472 47552 24
21662 30853 24
17674 36580 24
4632 19761 24
19170 26553 24
21643 42194 24
1900 6498 24
1597 20685 24
30307 32109 24
2818 12795 24
3711 15303 24
31017 31608 24
7851 15793 24
6085 33308 24
11894 19373 24
25242 37166 24
23183 49539 24
8235 38101 24
2198 5842 24
10258 26093 24
33175 44762 24
1993 2475 24
19974 49251 24
12566 36289 24
5385 8373 24
35247 39446 24
11619 17845 24
25776 32959 24
33158 42105 24
31978 38425 24
24915 36710 24
16900 36120 24
9879 17558 24
4944 13934 24
8562 22878 24
23623 42128 24
473 47792 24
16163 32802 24
678 9673 24
15260 42156 24
27606 39820 24
11382 38353 24
19683 25608 24
8404 44492 24
1865 33630 24
44588 48688 24
473 17528 24
4883 12699 24
5514 42826 24
3398 8344 24
5513 39517 24
2200 2431 24
12365 35004 24
502 11545 24
23643 27564 24
561 38084 24
10768 28037 24
12305 27984 24
11594 12338 24
16643 48719 24
9420 23980 24
3394 20715 24
27470 42689 24
33895 41507 24
1446 2087 24
37937 45361 24
7983 22245 24
4435 6651 24
2530 8891 24
1319 47673 24
5188 48156 24
2797 17680 24
35887 46721 24
7963 46930 24
9431 14152 24
14730 45920 24
15247 37503 24
13596 15663 24
16668 48798 24
24200 47180 24
706 2644 24
21427 30586 24
4587 46832 24
43295 46359 24
8000 35582 24
3186 12455 24
2 6492 24
1867 6922 24
7971 11476 24
15549 44318 24
10423 30795 24
1344 4787 24
5893 32221 24
1589 11537 24
24626 32891 24
27609 39772 24
4438 28660 24
8397 12992 24
400 8970 24
22081 36856 24
138 27744 24
35078 38988 24
12333 41096 24
8784 33482 24
10761 27964 24
9224 44692 24
22042 40892 24
21052 31322 24
26504 29686 24
16606 32299 24
7242 48731 24
2065 36230 24
10452 27646 24
138 47009 24
25438 46551 24
1024 27157 24
5855 37140 24
15282 15825 24
914 6921 24
4866 8289 24
14312 18552 24
31523 39444 24
29718 37139 24
25438 37619 24
135 2918 24
24933 39663 24
1067 2547 24
15288 22465 24
707 38741 24
27937 34978 24
29140 37501 24
19110 38578 24
24897 49399 24
26414 45340 24
4188 40149 24
24417 41495 24
8000 10473 24
36647 37902 24
32751 34273 24
31101 43873 24
22939 26750 24
10712 43284 24
46694 47772 24
35618 42924 24
19059 44380 24
5870 23268 24
5870 20922 24
30535 43469 24
26694 46894 24
8769 19717 24
28202 29288 24
8165 26213 24
12310 14315 24
5866 33223 24
7230 22047 24
16165 38558 24
25922 44094 24
16623 45132 24
27938 42542 24
14307 21607 24
36680 39229 24
1806 5606 24
17563 34161 24
32735 35264 24
7997 39591 24
337 2676 24
1054 3133 24
40357 44372 24
38899 43402 24
30424 42127 24
681 19839 24
16137 16306 24
24033 42619 24
24462 39660 24
5951 19316 24
12446 21026 24
16746 27594 24
14797 40769 24
18915 40810 24
14968 26010 24
5599 22336 24
41553 42574 24
15221 27278 24
5476 23557 24
25486 41300 24
3901 5072 24
13069 24499 24
13654 19822 24
37868 42197 24
28912 48090 24
9467 9778 24
16730 23059 24
7940 27480 24
18933 41336 24
15226 40671 24
31566 32028 24
30564 46698 24
8919 10413 24
20972 32816 24
34792 47977 24
10653 14793 24
22177 37226 24
154 18688 24
7925 20720 24
16783 46825 24
7151 23105 24
32940 40028 24
11296 37302 24
19822 33021 24
15612 46265 24
1677 38153 24
10815 48632 24
20968 44692 24
17634 30336 24
83 2010 24
23 83 24
13669 35007 24
24024 38276 24
5128 47708 24
1837 43916 24
8937 18161 24
23617 30799 24
1608 3882 24
29813 33552 24
43882 44683 24
4510 5770 24
18910 28843 24
3899 28576 24
13667 29664 24
37131 41594 24
4746 31146 24
3281 22236 24
5827 48293 24
2528 3661 24
2903 34467 24
14775 30725 24
20383 22411 24
15371 35038 24
14966 26633 24
24065 44097 24
9821 18191 24
2907 6573 24
4896 42567 24
16540 23893 24
7950 43229 24
9449 37021 24
26342 36714 24
7192 9167 24
8528 47893 24
3181 33546 24
46756 47240 24
16553 18891 24
27216 41328 24
28248 29858 24
3380 44645 24
13809 21815 24
14768 23113 24
13855 19495 24
11979 16065 24
11601 12025 24
38493 41403 24
505 1506 24
2795 13638 24
27642 45500 24
39650 47577 24
8839 16092 24
3175 10094 24
12432 21805 24
13647 49626 24
10387 17099 24
11966 49816 24
35168 42167 24
6657 47886 24
11405 22981 24
15229 32331 24
16715 30528 24
1743 4227 24
43209 43239 24
1457 18300 24
40415 41506 24
14718 29274 24
19133 35621 24
20990 41041 24
27010 28077 24
12414 23875 24
46782 47635 24
30832 32007 24
3674 35273 24
21433 22516 24
24271 42411 24
12409 21916 24
25470 25607 24
44375 46975 24
1072 27128 24
9451 11571 24
3456 13158 24
7426 17150 24
18189 19957 24
1430 7394 24
10599 15524 24
3115 3736 24
22499 26847 24
8694 10731 24
11509 35130 24
6335 24862 24
34641 49833 24
45859 48564 24
17804 30468 24
1770 12997 24
17175 47268 24
36092 42882 24
15902 40587 24
27506 31052 24
14 35890 24
29048 29701 24
27392 37139 24
31779 37698 24
23799 44386 24
13774 29129 24
23588 43798 24
12032 35019 24
498 1017 24
25657 35577 24
24762 41357 24
22960 28192 24
35391 35836 24
7421 8310 24
7612 17090 24
2636 3045 24
25752 46063 24
11763 20154 24
33681 40869 24
18093 24817 24
27105 49477 24
273 24973 24
15392 17391 24
9131 38614 24
24139 29996 24
9682 17197 24
15917 39652 24
24538 27214 24
26032 31657 24
24186 27885 24
5207 39317 24
6561 38687 24
48 42311 24
9291 48010 24
24758 37920 24
6899 30606 24
29602 45779 24
37367 38490 24
15908 36939 24
6777 34646 24
17186 39622 24
1168 31835 24
36082 46307 24
624 39256 24
3629 14330 24
381 10727 24
420 18630 24
27494 49093 24
23072 30681 24
34432 44071 24
25637 28925 24
2986 14960 24
10079 48136 24
5203 35972 24
6289 38741 24
14010 14526 24
30701 36532 24
1187 5561 24
27420 35988 24
38319 39917 24
5778 10125 24
11797 27629 24
266 1118 24
12278 21230 24
17124 44185 24
40900 48963 24
31314 36822 24
377 20303 24
7412 49271 24
8068 35527 24
14511 35732 24
14016 14566 24
20781 35154 24
36149 49708 24
14532 41976 24
22434 38035 24
23694 27927 24
26077 38160 24
991 20656 24
28287 33563 24
9112 18649 24
778 1526 24
867 42518 24
1528 31166 24
12276 33570 24
8790 44095 24
39481 42994 24
5009 23012 24
3756 47643 24
12798 24826 24
33540 37680 24
23054 24415 24
237 28242 24
15062 33246 24
11662 27779 24
2990 45253 24
13903 39118 24
34439 49000 24
20585 21441 24
7606 19414 24
3035 19502 24
404 36622 24
23064 44618 24
20412 26235 24
35878 38542 24
20768 23441 24
5776 41747 24
18261 36679 24
24744 36616 24
4075 21377 24
207 2433 24
8364 17812 24
8425 45157 24
7457 17380 24
20612 44721 24
17256 49033 24
3770 18399 24
7628 11647 24
2123 15542 24
2299 4828 24
2297 41647 24
20700 22785 24
4783 48615 24
10721 35918 24
22589 40140 24
26954 30359 24
31691 42090 24
1138 20946 24
5605 21050 24
13169 31265 24
36755 48685 24
8684 33253 24
9993 15332 24
4786 28804 24
47300 47616 24
1142 48598 24
1567 21453 24
16292 35086 24
33775 43366 24
16294 32701 24
3430 4280 24
27496 38267 24
22567 35459 24
33992 43719 24
5037 25361 24
1133 2455 24
33824 42790 24
35495 44187 24
23550 31407 24
30770 38729 24
22977 34532 24
13217 24739 24
5072 26934 24
28632 30241 24
269 1519 24
13816 48803 24
15421 22856 24
17353 38314 24
1615 26669 24
20399 32964 24
1135 4413 24
29207 31035 24
26952 48304 24
6537 23086 24
813 37020 24
8343 25127 24
797 8655 24
20316 43835 24
26480 43750 24
2688 26947 24
22985 26986 24
15022 26746 24
12946 16059 24
4069 19601 24
36018 42480 24
17284 19275 24
9986 12039 24
4725 22334 24
10684 43620 24
4791 32322 24
9709 22273 24
26019 29640 24
3508 25137 24
3765 6550 24
6480 16575 24
10976 31023 24
6882 7540 24
385 5192 24
4725 21572 24
19236 47571 24
3237 31136 24
13816 15891 24
17345 25434 24
20271 24774 24
21487 23363 24
32470 42930 24
33700 45448 24
22531 28286 24
17817 18961 24
3778 14996 24
25679 46668 24
7441 10817 24
1765 31175 24
13905 43289 24
36062 49287 24
16068 43664 24
35868 36594 24
12828 19206 24
1544 3497 24
14361 48899 24
3006 23965 24
36039 45245 24
10541 18422 24
27998 28271 24
9715 18409 24
10000 19827 24
6864 23033 24
12259 36987 24
15972 32553 24
5238 25242 24
21477 35285 24
6428 20214 24
19572 32775 24
5032 5120 24
25735 34989 24
6421 25262 24
29771 39216 24
17237 35690 24
41119 41538 24
8319 42546 24
527 9954 24
6787 12529 24
1842 31547 24
9138 30410 24
6412 10478 24
5243 19359 24
10007 13312 24
45964 46089 24
2472 5357 24
17224 44822 24
592 1185 24
2014 26015 24
7792 47077 24
16092 23543 24
9050 25317 24
11081 12720 24
21806 29304 24
35774 44502 24
5338 45743 24
7384 15327 24
13385 41576 24
16094 16723 24
3416 13469 24
24360 41354 24
6184 48749 24
190 607 24
15815 22009 24
1847 29348 24
3136 17674 24
439 1444 24
3315 18382 24
6489 33779 24
2698 14877 24
33307 44398 24
42548 48305 24
22950 26436 24
17442 33832 24
4318 29350 24
22337 40270 24
23683 31576 24
13838 36659 24
22337 30767 24
23602 26498 24
11138 38262 24
8266 41323 24
12921 44238 24
41366 48146 24
30676 34806 24
980 2248 24
10132 17497 24
2413 7771 24
17044 24754 24
8479 15866 24
22362 41210 24
25725 27990 24
17319 18000 24
23135 38495 24
21375 22332 24
31875 49798 24
2755 21139 24
11485 13526 24
27906 35970 24
26569 32478 24
11837 24094 24
437 6627 24
978 10211 24
24363 36967 24
14059 14468 24
3627 47271 24
18465 42503 24
28157 31891 24
4312 6005 24
3571 4031 24
8709 26786 24
6191 45918 24
27138 32883 24
4009 38098 24
10196 10547 24
22321 31533 24
46132 47124 24
23906 24564 24
25568 37997 24
242 43703 24
19492 41405 24
5357 25342 24
21176 27702 24
25566 46524 24
39943 47278 24
22630 29992 24
13011 14574 24
2960 10075 24
14632 37729 24
9205 13486 24
7016 49062 24
184 677 24
6145 30043 24
7022 20337 24
4519 23729 24
16106 47978 24
20045 42916 24
12629 40705 24
18569 24971 24
25353 32845 24
17861 22920 24
7817 34372 24
14122 49815 24
32638 38557 24
38347 47059 24
47976 48495 24
2613 22603 24
24352 44871 24
26801 35452 24
675 28655 24
20074 38984 24
46467 49987 24
10 500 24
28156 41657 24
21182 43086 24
7007 12622 24
23681 25045 24
5348 30051 24
8384 12748 24
10164 17032 24
7009 16613 24
21181 42103 24
4157 31021 24
18450 21150 24
21370 33252 24
14110 32108 24
34120 46913 24
448 10545 24
63 10786 24
33294 41526 24
3573 27243 24
107 6282 24
15800 21789 24
1909 26419 24
15800 18163 24
8792 32631 24
23562 49572 24
15123 27789 24
11239 35488 24
39899 48033 24
16373 41771 24
34 44175 24
3018 26100 24
25204 31962 24
28718 43076 24
9092 18322 24
23488 34858 24
6256 33055 24
9627 39261 24
22715 31692 24
5165 43374 24
24863 27822 24
26100 46044 24
27128 39985 24
7758 39647 24
14021 22010 24
22412 44934 24
2022 17422 24
17081 49581 24
2980 8238 24
1640 3691 24
16377 19083 24
22400 26605 24
15853 38674 24
7766 7998 24
1206 18174 24
29151 35935 24
4076 37657 24
6583 10821 24
17743 34708 24
33393 43008 24
8286 17363 24
2194 17773 24
22431 24407 24
1637 14544 24
8418 35260 24
10939 12657 24
21547 46286 24
10095 48933 24
27299 29083 24
769 49123 24
3434 33121 24
5294 22428 24
7406 11212 24
37338 39253 24
19396 38053 24
9644 37405 24
7753 49128 24
23487 38904 24
45579 49148 24
15076 39626 24
6950 9946 24
1972 47678 24
12980 37663 24
25627 42988 24
25627 34927 24
29976 42896 24
21559 25247 24
10100 40232 24
36736 46403 24
20361 44519 24
20149 23804 24
4667 45212 24
6956 21912 24
8473 32883 24
311 8164 24
15837 20348 24
25922 31753 24
33366 35405 24
4553 36723 24
12187 43211 24
18421 19376 24
15094 20714 24
12725 14253 24
9080 47703 24
5310 25940 24
4659 38778 24
9905 25445 24
5160 30655 24
12727 40628 24
10119 25511 24
17065 42743 24
27784 34568 24
9601 33598 24
981 13072 24
26819 36099 24
3568 30981 24
13147 21819 24
10123 18762 24
6213 45481 24
7601 14270 24
8705 22099 24
30012 35131 24
7507 36174 24
17051 28275 24
494 9241 24
32259 37811 24
37624 40311 24
19290 31847 24
18405 37414 24
37315 41076 24
27423 41040 24
5783 14703 24
6232 46937 24
2442 3315 24
9619 14871 24
60 358 24
25868 47407 24
12098 38612 25
107 17749 25
2561 36656 25
24859 27326 25
10692 16669 25
15351 31268 25
109 240 25
24231 41774 25
5658 9557 25
94 40341 25
24212 41865 25
12030 24710 25
3606 45225 25
19571 25206 25
4536 5178 25
103 851 25
10726 11616 25
12054 47576 25
30478 37738 25
1421 25686 25
38525 48275 25
100 698 25
5627 32728 25
27509 43655 25
15346 20328 25
8146 18090 25
12049 32375 25
15319 35993 25
32286 47617 25
5582 41649 25
32314 42888 25
19683 44828 25
44251 46657 25
5552 11687 25
21877 39966 25
36957 49177 25
44504 49488 25
11002 11621 25
8120 23718 25
5661 29949 25
26656 39114 25
12078 14333 25
19542 45387 25
2697 25956 25
24504 27077 25
20629 35565 25
20622 27455 25
20594 44789 25
5082 5126 25
2276 44471 25
28643 44485 25
20590 23451 25
20588 41878 25
27059 41169 25
1600 36259 25
20561 28085 25
11577 49059 25
11578 29289 25
1742 2694 25
20553 47402 25
31491 37572 25
31496 49305 25
14928 21342 25
20666 41410 25
14888 21761 25
4779 20805 25
1614 2378 25
11541 12928 25
1614 2188 25
14901 19236 25
11170 38882 25
30905 46204 25
20 1094 25
20549 35828 25
20662 43401 25
5062 23230 25
27327 32108 25
1731 27733 25
8430 32864 25
5064 29189 25
20653 22054 25
5069 26378 25
20431 34243 25
11095 24846 25
1580 25636 25
605 2976 25
605 2982 25
1580 1642 25
37564 43982 25
5151 36018 25
38218 43096 25
607 32080 25
11096 24771 25
1573 10919 25
31611 41980 25
11062 22035 25
11659 24094 25
3434 31689 25
8664 16015 25
37521 46216 25
8366 41831 25
5180 10747 25
27015 41635 25
5105 26327 25
3443 34962 25
28513 37877 25
37595 37599 25
8406 48898 25
14942 41988 25
8403 18133 25
11599 29212 25
46615 48381 25
24700 48548 25
8393 9436 25
20491 37347 25
1749 13157 25
11611 29984 25
11099 20659 25
5130 22117 25
28512 49243 25
5132 37662 25
1667 6133 25
11425 31557 25
20943 48242 25
48301 49237 25
8582 29026 25
2640 42895 25
4935 49270 25
1669 7452 25
4824 23791 25
4940 19954 25
2660 13783 25
1667 3001 25
2247 6367 25
14695 38273 25
4950 30810 25
8495 40756 25
21170 46672 25
8494 16450 25
27153 32925 25
9 35450 25
560 42679 25
49727 49844 25
1693 11737 25
8548 12665 25
11351 18607 25
49115 49437 25
2 12 25
11379 28848 25
21096 49094 25
48885 49496 25
14818 23059 25
20997 35417 25
4897 23224 25
4841 11431 25
37855 44515 25
5 11122 25
21135 38104 25
37986 38085 25
11294 44029 25
11516 36242 25
14870 20028 25
11506 16826 25
4796 6490 25
14872 29000 25
27113 31150 25
1632 5759 25
4793 14071 25
8616 36033 25
5024 13663 25
37726 44984 25
38096 40715 25
11519 24286 25
2684 4673 25
21242 44421 25
11527 36780 25
24523 42988 25
20701 48158 25
14882 37086 25
20844 42284 25
581 1223 25
1659 25556 25
8589 27485 25
20863 31182 25
31253 32464 25
2670 41302 25
11236 31834 25
20846 23083 25
1715 28717 25
4724 6254 25
4979 24014 25
11493 38342 25
30951 39522 25
38019 39307 25
31294 36771 25
11220 18139 25
4997 31707 25
24668 38856 25
2584 3143 25
11898 41234 25
21645 35777 25
26766 36544 25
24794 38519 25
38370 41695 25
19950 48117 25
15170 16402 25
14499 15519 25
14498 41810 25
10866 12428 25
19940 43422 25
21666 24789 25
2583 26831 25
19931 22438 25
26751 27481 25
11922 25444 25
30604 46793 25
30599 45026 25
651 45452 25
26784 27795 25
15108 37905 25
26811 28002 25
26802 31947 25
3573 4981 25
517 15714 25
10888 43840 25
1495 1788 25
31929 46595 25
5368 35087 25
2782 11520 25
8254 31064 25
2766 11418 25
2587 3583 25
11879 45010 25
5378 13600 25
8242 10306 25
19984 41246 25
26776 46855 25
8778 30330 25
2576 14624 25
19747 46099 25
10775 18124 25
86 5850 25
4585 37238 25
11985 15810 25
21760 29736 25
15269 49791 25
1804 38384 25
30549 42304 25
4579 6273 25
5524 30994 25
8166 26837 25
15276 35629 25
5529 9159 25
21777 21851 25
10762 30153 25
1442 49886 25
5467 48224 25
77 2403 25
5449 37010 25
15218 27658 25
11938 15350 25
24293 49563 25
5457 25539 25
19824 30277 25
19823 36342 25
1463 3126 25
5336 19138 25
5472 14936 25
3592 22557 25
2791 32609 25
2293 12711 25
8196 29874 25
5489 25252 25
11976 47280 25
19756 32042 25
46 316 25
28690 29415 25
11003 14834 25
1554 48264 25
37438 49853 25
30758 32526 25
2647 49689 25
31703 35216 25
2281 17888 25
8331 35279 25
44 9181 25
8686 13518 25
45978 47296 25
15042 18290 25
21482 35039 25
21482 35465 25
20274 36247 25
3428 26721 25
15049 16111 25
5247 19817 25
15000 16232 25
20402 23522 25
11670 17416 25
5186 5836 25
610 46621 25
21418 30239 25
26950 41590 25
5191 6848 25
612 2734 25
613 906 25
24758 34313 25
15002 21193 25
11695 25098 25
20376 48760 25
11019 12741 25
2228 27938 25
15021 23423 25
8345 46818 25
11715 12288 25
28491 35985 25
45682 49590 25
3560 30520 25
45650 46828 25
8298 9498 25
2595 8046 25
11811 34986 25
37333 44616 25
15078 29174 25
1519 12519 25
27403 46100 25
4663 36736 25
10927 25123 25
15087 46159 25
5314 5903 25
1507 11996 25
634 35940 25
3569 15651 25
519 1014 25
20214 26245 25
4693 27591 25
5249 49005 25
31739 46848 25
24391 39837 25
5255 44863 25
26883 29933 25
45835 49538 25
10965 37386 25
2600 6006 25
24842 37906 25
31788 49511 25
14539 34013 25
24763 47372 25
4682 7768 25
14538 27216 25
31799 43375 25
20190 45138 25
15069 37582 25
6531 13188 25
1127 7635 25
9942 25555 25
1962 14648 25
3282 14944 25
9174 20651 25
25925 44223 25
35915 47598 25
9181 15224 25
13922 46063 25
22641 25326 25
7642 29120 25
23722 32346 25
6524 34871 25
9934 34844 25
25168 25943 25
17841 33305 25
16043 48290 25
17839 44370 25
17835 18718 25
13916 33863 25
25908 26319 25
33990 38604 25
35826 46150 25
9923 25609 25
23706 27974 25
12969 13186 25
16074 22744 25
12972 27756 25
225 36892 25
221 3236 25
9988 29822 25
15989 38523 25
17988 25340 25
4215 22082 25
15990 19807 25
1137 25169 25
13963 40048 25
9148 41346 25
7674 14398 25
39477 48778 25
223 19312 25
17953 41489 25
1134 1898 25
3034 48621 25
4207 34138 25
29834 34782 25
22607 26125 25
29833 44891 25
1956 25414 25
22611 35011 25
1131 45796 25
17930 35387 25
12911 17657 25
9165 20660 25
4200 4982 25
17904 19810 25
6498 44077 25
35655 41095 25
22758 31701 25
16126 24442 25
17648 29506 25
25835 35913 25
2355 29137 25
9869 37411 25
1077 6103 25
13056 42737 25
1983 13645 25
17610 33744 25
16139 41806 25
17598 20521 25
1074 13513 25
35655 46277 25
9878 11710 25
29133 44823 25
3058 46023 25
22799 24241 25
17579 38505 25
13078 16501 25
9836 47877 25
4128 49680 25
17554 27170 25
7538 44135 25
7534 38373 25
17541 22123 25
3257 28069 25
9827 45339 25
17728 23512 25
4173 11750 25
1969 15376 25
22699 39140 25
3035 46901 25
12977 30670 25
16088 20283 25
17751 25962 25
1098 1716 25
13899 48064 25
25870 32861 25
1097 17763 25
34074 44706 25
39641 40750 25
27900 39797 25
7684 13402 25
4162 40686 25
17721 34185 25
3042 4241 25
16096 22504 25
35771 48918 25
29109 37636 25
13010 18213 25
3044 13508 25
7590 10234 25
9881 13126 25
4153 5852 25
35754 42005 25
29750 37820 25
22396 42928 25
12714 16882 25
27783 29289 25
10122 26931 25
33364 44265 25
7773 13709 25
4294 49908 25
4293 25681 25
9080 11686 25
197 293 25
25093 30168 25
766 3192 25
39286 49956 25
18390 20073 25
18389 34178 25
10126 45579 25
28299 28962 25
10106 38448 25
10102 41082 25
6259 14554 25
12745 19523 25
3301 5901 25
18337 38863 25
7757 28404 25
4279 31807 25
6266 16885 25
33461 45003 25
3749 11016 25
770 41764 25
36284 41060 25
36305 42977 25
12621 23067 25
26196 38351 25
6121 13946 25
18583 49234 25
27755 35958 25
18564 31555 25
28345 33710 25
10199 28901 25
1908 3046 25
7808 12701 25
14113 41814 25
42588 44444 25
9021 34518 25
18302 29868 25
1227 1658 25
28337 33079 25
10149 43177 25
18495 45477 25
18484 27411 25
26142 34936 25
14076 37224 25
18469 47997 25
18469 28857 25
6196 36893 25
30014 43760 25
7782 24268 25
7782 19430 25
7703 24227 25
39432 41824 25
9133 42040 25
3293 6478 25
2998 10773 25
10024 41717 25
4238 38676 25
26021 33245 25
29054 47544 25
787 28907 25
3764 10875 25
29875 33271 25
13973 48065 25
36050 38912 25
1152 7009 25
26034 38221 25
18050 24133 25
6408 49616 25
15948 45379 25
27846 30018 25
218 9230 25
23777 23855 25
25999 38927 25
10002 33767 25
6418 49016 25
2470 48713 25
18022 32257 25
33759 36721 25
13969 45043 25
426 48493 25
33489 35621 25
4269 38741 25
9102 36046 25
14010 23868 25
10080 47954 25
12764 26592 25
1932 35199 25
18269 38793 25
28283 42417 25
18265 26351 25
36129 42859 25
7738 20190 25
12787 46543 25
777 1475 25
13102 41690 25
33534 34496 25
1935 38820 25
39394 42401 25
29905 41903 25
1175 29671 25
33605 44035 25
211 2685 25
36097 37146 25
12810 14520 25
10038 30723 25
26044 38844 25
7719 13835 25
33628 47280 25
7351 9881 25
16929 19337 25
7058 39997 25
7060 31360 25
16922 31123 25
16411 16951 25
34864 35852 25
2376 39358 25
16420 24851 25
3985 42481 25
9544 30308 25
16427 35226 25
16428 25839 25
16889 19166 25
2406 6001 25
13433 32203 25
13448 21745 25
7349 14817 25
7096 13308 25
2377 3043 25
3158 5308 25
3211 15811 25
25371 32208 25
3971 47040 25
365 36122 25
34897 41392 25
9365 31854 25
3967 27045 25
3896 5260 25
25572 48318 25
16383 36014 25
17043 17867 25
2084 37939 25
6987 34997 25
313 2573 25
3874 14739 25
7384 29730 25
4009 39167 25
9582 17660 25
35295 37822 25
9328 11424 25
23143 46114 25
35290 49773 25
7006 13097 25
16811 30297 25
3999 7585 25
16981 29957 25
23152 26045 25
7020 13603 25
9566 17921 25
34771 41890 25
13726 29489 25
16968 22581 25
40546 42164 25
3880 49378 25
16937 22583 25
40534 47282 25
23165 48809 25
16579 48527 25
16672 39540 25
3933 30740 25
23395 42010 25
2067 3041 25
350 8281 25
13626 34940 25
3910 10353 25
2058 45978 25
9409 22820 25
35149 47359 25
7271 8529 25
351 4356 25
7271 7565 25
351 10430 25
9445 44752 25
7222 20245 25
2061 9157 25
23388 24765 25
3911 23756 25
35055 40441 25
23354 40142 25
23355 29909 25
9420 23925 25
25439 29108 25
7258 45868 25
7243 13090 25
25434 42004 25
35089 49341 25
936 37208 25
40459 49885 25
23247 49814 25
7136 9650 25
16495 25376 25
9372 21210 25
332 38526 25
899 2224 25
939 2979 25
3954 30101 25
333 1675 25
13673 37805 25
34956 36883 25
937 11644 25
334 344 25
6983 17300 25
13541 47610 25
9383 28230 25
3173 17536 25
9467 24344 25
13561 27350 25
34999 45531 25
25404 49201 25
2054 2271 25
3904 7329 25
16546 35592 25
9447 20624 25
3936 37935 25
23310 49395 25
6791 43539 25
4097 13296 25
22893 28963 25
17388 24450 25
1997 30555 25
13159 32860 25
6778 18318 25
29677 34975 25
6778 44562 25
17377 20600 25
13825 27091 25
17360 35106 25
16241 46863 25
2001 6541 25
9770 31003 25
6766 42539 25
16243 16523 25
9261 34527 25
16248 19973 25
17343 22241 25
34492 44172 25
22935 35319 25
13812 47808 25
25731 41559 25
17330 36085 25
34509 36613 25
6816 7646 25
16258 34064 25
25725 35790 25
22849 36738 25
16186 27948 25
17516 46529 25
7524 37690 25
22828 37721 25
34318 40685 25
7524 29336 25
1054 7227 25
22837 30460 25
9815 12104 25
1053 34997 25
17492 46351 25
396 3547 25
9237 15131 25
4114 36400 25
25725 32419 25
3252 42195 25
7519 12851 25
23607 46453 25
3074 28645 25
41399 48898 25
9794 35728 25
9792 26697 25
1044 38274 25
2362 6263 25
23601 41698 25
6750 9158 25
1038 5291 25
16219 28082 25
28018 45700 25
23032 40477 25
25673 27899 25
17184 36464 25
17184 35299 25
4045 12477 25
16323 18274 25
34657 43657 25
3860 4546 25
16331 39861 25
35385 39866 25
6942 31963 25
16345 34580 25
870 25048 25
25635 33395 25
9286 43088 25
299 13046 25
35355 40379 25
990 19538 25
23493 42073 25
4024 19853 25
16374 29744 25
13364 31469 25
6967 7537 25
9605 36855 25
13375 34895 25
9322 45032 25
17062 30761 25
881 2394 25
29631 36997 25
9745 47470 25
13203 40450 25
6828 14395 25
17317 25343 25
9737 24392 25
22981 47467 25
13217 25867 25
23546 25596 25
17291 30745 25
856 4169 25
858 1902 25
34547 38778 25
7461 49120 25
7461 14184 25
26593 42440 25
35461 44074 25
22993 24654 25
17255 36469 25
25689 36480 25
9725 29815 25
23005 49399 25
28170 29606 25
16295 28834 25
6880 35585 25
1006 2659 25
4055 15985 25
13251 42948 25
29210 37167 25
43648 49438 25
4488 14128 25
156 161 25
3342 22824 25
5994 16381 25
15624 41618 25
24018 45759 25
27572 31734 25
21976 46742 25
1363 10368 25
43062 49714 25
4401 28426 25
8947 33755 25
27687 33850 25
26486 26825 25
38965 41350 25
18823 19738 25
18818 40845 25
7902 10205 25
4497 28399 25
43006 44046 25
12291 21379 25
5960 29903 25
43527 49409 25
8934 23238 25
1880 6722 25
5967 38881 25
1357 9549 25
2915 27971 25
24913 25755 25
2915 35013 25
5971 14114 25
43657 46736 25
8017 48301 25
721 17436 25
2916 6128 25
15618 23394 25
128 39114 25
1293 38023 25
7923 42296 25
1361 10035 25
10365 42426 25
1271 17525 25
6035 44460 25
15675 18280 25
12198 43042 25
27713 36453 25
8050 35202 25
5731 20381 25
7888 46284 25
2184 21991 25
22230 23523 25
42892 49618 25
18770 36593 25
23991 46486 25
8063 13136 25
42879 43290 25
1269 40136 25
36855 42999 25
4371 33590 25
18737 49442 25
26551 49938 25
32485 41390 25
1277 4656 25
2549 21961 25
1370 2568 25
1280 19958 25
36790 46117 25
8042 18790 25
5749 22986 25
1374 22221 25
33050 49967 25
22213 31767 25
36543 41204 25
8967 19435 25
1275 35306 25
6027 33277 25
6028 10722 25
7900 11245 25
3636 23770 25
28427 29178 25
1274 27830 25
10588 29542 25
2532 6842 25
22042 38851 25
3355 39919 25
12321 38826 25
14312 31015 25
5883 13009 25
2170 19689 25
8885 26373 25
30257 46662 25
12366 46402 25
4461 28373 25
1328 49022 25
4462 17897 25
713 16162 25
5891 12279 25
4440 31284 25
8896 47922 25
14294 42727 25
3652 30280 25
32785 43914 25
2316 2393 25
4456 7300 25
38784 46385 25
19066 37571 25
19065 33495 25
14310 29111 25
5861 10927 25
12350 31435 25
2892 10447 25
32733 39937 25
5869 18100 25
7985 21397 25
10224 34118 25
32724 47830 25
5876 15018 25
38803 40459 25
22044 34310 25
139 49199 25
28874 33322 25
7992 36497 25
43396 44441 25
32757 37671 25
43197 46877 25
14271 45424 25
36565 49601 25
5809 8769 25
22138 49951 25
36725 40504 25
131 741 25
26336 49487 25
18956 37732 25
5806 31399 25
18953 40343 25
22132 23318 25
43188 47999 25
8861 25900 25
43176 48883 25
10498 19921 25
32646 34419 25
3678 10275 25
22150 33657 25
10378 19531 25
8932 33110 25
26357 31044 25
7966 13205 25
7964 11120 25
14291 23088 25
5904 46864 25
24117 26144 25
5821 12561 25
24922 30058 25
22110 35220 25
5907 10242 25
10336 26412 25
30287 34063 25
22116 47566 25
3670 31210 25
28890 48237 25
7953 42794 25
7953 12136 25
5918 15623 25
5814 7458 25
27631 44016 25
18642 20454 25
19437 26402 25
7860 30213 25
12139 31972 25
15399 20209 25
36404 39257 25
12602 48741 25
19387 45642 25
12133 22732 25
4359 16901 25
21885 22838 25
2941 3290 25
8988 29257 25
18682 31077 25
687 13711 25
30110 48243 25
12537 14387 25
8074 13803 25
2839 10945 25
7837 48503 25
39033 49769 25
10258 30566 25
15409 39057 25
7861 10818 25
22261 25589 25
3378 13151 25
36897 38938 25
12550 42745 25
8989 32204 25
24192 41998 25
32450 46518 25
19412 24859 25
8089 26956 25
8816 12488 25
1387 10180 25
4521 16135 25
24189 46272 25
15747 33813 25
19399 23067 25
33202 49149 25
12586 38192 25
30414 35612 25
36388 38371 25
22284 23285 25
36878 39266 25
22292 30955 25
1396 1731 25
6109 9146 25
15362 37186 25
5690 6178 25
19454 44694 25
1904 9551 25
9001 31579 25
15760 21288 25
18733 38859 25
8988 15271 25
168 2293 25
5701 16497 25
3631 8114 25
1265 3090 25
6055 26838 25
168 33346 25
8824 41002 25
21921 43278 25
1904 9986 25
12581 48249 25
10234 34173 25
10235 11155 25
33199 38932 25
12577 28278 25
16298 34841 26
14409 30647 26
9711 13276 26
12099 30238 26
8012 44437 26
31381 40144 26
6913 37434 26
17226 27437 26
17220 34751 26
17172 27183 26
9711 16482 26
31386 46437 26
7423 10732 26
8535 16030 26
19150 43402 26
39795 49647 26
13631 42295 26
4 20 26
279 37820 26
6866 12235 26
15303 20951 26
6863 39093 26
16599 19605 26
14 1440 26
17246 36225 26
15291 17171 26
10673 43615 26
7198 18550 26
9673 40042 26
1633 7724 26
5022 47003 26
19162 34368 26
6898 30269 26
8564 29508 26
13784 18802 26
19648 25678 26
9687 25139 26
16305 31016 26
5015 5381 26
7437 30695 26
12295 16255 26
8527 46374 26
17190 18018 26
8445 46382 26
17201 36319 26
6884 9030 26
16553 25187 26
37967 45868 26
19172 47651 26
5025 9538 26
13250 49053 26
16674 17869 26
6907 9916 26
39858 43916 26
21010 35515 26
15297 43130 26
19493 38264 26
16552 29235 26
17173 26498 26
38777 48836 26
387 42139 26
35071 44803 26
17331 42474 26
6813 36255 26
11554 48687 26
9417 33374 26
4870 11806 26
40210 47469 26
136 2632 26
31443 46235 26
16628 17978 26
7478 9383 26
10649 26263 26
21045 46981 26
10470 26489 26
19452 28305 26
19686 24708 26
9742 15228 26
134 39678 26
41298 44839 26
1606 2789 26
13817 48613 26
594 4964 26
14622 16281 26
268 23864 26
20637 47445 26
40180 46624 26
9762 29854 26
5070 7849 26
41254 43124 26
8813 38072 26
1694 4376 26
19076 42911 26
5663 34829 26
35083 35623 26
918 37295 26
12131 35681 26
17338 22233 26
39761 43649 26
9729 26971 26
8152 44055 26
13801 31222 26
19491 32678 26
11179 43732 26
499 12593 26
7218 29137 26
5552 13043 26
8620 24742 26
15507 26525 26
19124 42564 26
20699 37203 26
21024 41834 26
7211 8619 26
5817 32986 26
16664 35043 26
12004 34729 26
16292 32493 26
6859 8196 26
907 4003 26
1402 25244 26
13208 27628 26
17306 19229 26
13804 39737 26
8105 29626 26
491 8641 26
7473 48399 26
8094 37440 26
21038 45124 26
19482 33190 26
8619 10344 26
8624 34687 26
34536 38703 26
32705 41584 26
12110 32951 26
8437 37172 26
13218 21692 26
20687 38495 26
15511 38297 26
8042 34230 26
10682 25086 26
11469 24051 26
122 457 26
12082 19885 26
19291 35533 26
497 26696 26
40413 43605 26
16928 20497 26
43693 48529 26
44276 49323 26
36953 48525 26
10571 32388 26
7066 36515 26
13706 23037 26
14815 26761 26
14702 40480 26
39990 40292 26
959 34163 26
38677 39868 26
15444 22752 26
34869 35875 26
37803 47452 26
40623 46222 26
7372 49650 26
16998 43151 26
16992 43394 26
35271 44620 26
11413 41558 26
13733 15492 26
16743 24498 26
32467 34256 26
9382 49659 26
38623 43006 26
19581 32374 26
7306 11390 26
9489 48950 26
5696 9951 26
16768 36924 26
12049 12735 26
4956 7967 26
557 935 26
698 25340 26
10563 30772 26
9514 29520 26
8057 45788 26
15429 16949 26
11254 34655 26
953 19129 26
9357 19103 26
16455 35052 26
1381 8440 26
12077 13187 26
7337 39173 26
32325 35119 26
16803 42349 26
31189 43990 26
5624 17030 26
951 13099 26
34896 49072 26
945 32840 26
34897 37580 26
7125 26476 26
16819 25983 26
36864 43870 26
13683 20113 26
13443 19961 26
941 1836 26
16423 47531 26
43770 49386 26
20911 35639 26
13509 27862 26
16502 46233 26
37816 42868 26
958 4890 26
11433 16100 26
16500 45357 26
883 34558 26
13498 14777 26
7136 16121 26
692 32132 26
11467 12014 26
101 5026 26
326 9362 26
34939 48853 26
16879 35779 26
40522 44635 26
1640 1972 26
13573 25098 26
5790 8109 26
1415 30359 26
19198 42512 26
36943 37331 26
8468 8987 26
10502 15596 26
35351 41992 26
16364 16915 26
14859 21147 26
35008 35914 26
20806 48290 26
9457 19099 26
7293 34849 26
8571 10157 26
8469 10939 26
8851 12819 26
14372 44083 26
20987 43006 26
12275 17486 26
10619 49527 26
17126 33362 26
6924 47452 26
44100 44998 26
1395 42219 26
548 1747 26
16543 28154 26
38746 48310 26
11214 20907 26
16537 26417 26
5006 35532 26
993 16259 26
1682 29026 26
14777 32562 26
38058 41354 26
17125 37521 26
32636 42020 26
37734 45226 26
16344 18907 26
992 11233 26
498 2851 26
14325 36570 26
11395 32089 26
10536 21093 26
11485 19620 26
7384 45196 26
7171 47727 26
10525 35931 26
15472 40293 26
8840 35329 26
16523 32832 26
40662 47491 26
47823 49284 26
12251 25416 26
4976 13777 26
700 5557 26
5763 21877 26
20858 24541 26
5761 10807 26
9571 23474 26
883 23723 26
7005 45238 26
34964 37792 26
48471 49017 26
11586 43828 26
20834 27853 26
13649 46109 26
13375 37546 26
12031 29636 26
14848 21244 26
8847 46214 26
37785 39944 26
4984 29312 26
10734 19994 26
339 13661 26
7385 21108 26
6924 37648 26
13380 16501 26
17055 36506 26
16529 45567 26
20838 38513 26
13380 34747 26
5592 10646 26
20839 27704 26
43581 49724 26
8843 26203 26
648 14409 26
6321 37718 26
5410 22466 26
210 441 26
6329 12246 26
18206 44993 26
18204 33637 26
12806 25761 26
12514 33813 26
9120 42304 26
15896 34285 26
1268 3233 26
212 5821 26
6319 35911 26
7882 46537 26
1535 3069 26
11772 19106 26
7721 21747 26
20236 27973 26
10031 39449 26
18749 29896 26
18125 31675 26
10971 30288 26
6366 30444 26
48 4214 26
15187 21233 26
33118 47294 26
7749 13536 26
1480 29743 26
12538 33693 26
18297 40731 26
42362 42840 26
1189 6275 26
10290 20991 26
18724 30906 26
18274 33382 26
5282 19751 26
10076 11147 26
15878 23155 26
15055 15862 26
10949 24081 26
168 3230 26
6301 40212 26
7879 14649 26
14001 39037 26
8731 13504 26
18736 26713 26
33536 35533 26
18233 27456 26
15892 30360 26
13994 34991 26
10836 39230 26
10989 34465 26
15977 34184 26
1145 45754 26
8325 14466 26
9140 15354 26
12870 40830 26
6021 33028 26
6447 47208 26
10997 31415 26
6449 10798 26
221 3878 26
33029 37798 26
6435 16764 26
14558 32774 26
33791 43243 26
7681 15072 26
15029 15393 26
5224 9780 26
10323 38103 26
12481 42679 26
18817 31616 26
1136 21143 26
9153 42541 26
9966 31022 26
8222 10704 26
10025 14765 26
733 3654 26
33085 34369 26
48 88 26
15684 24919 26
19912 27087 26
20265 38642 26
1153 9857 26
8224 16230 26
8223 41853 26
164 1206 26
6408 13543 26
19949 31717 26
19895 21912 26
15664 21518 26
20274 43815 26
15048 49480 26
10011 15053 26
42096 43393 26
5242 30407 26
33739 47916 26
1548 6359 26
15192 17837 26
19882 29238 26
439 870 26
187 3176 26
42755 44358 26
12692 35174 26
6181 9630 26
15109 17553 26
5339 25634 26
760 16254 26
18481 24543 26
31968 49062 26
18475 37961 26
7844 31789 26
10872 24559 26
1225 12260 26
36252 42689 26
18461 21525 26
33339 33554 26
12700 28431 26
20095 39019 26
9069 24409 26
742 12717 26
7847 31412 26
10128 35785 26
18439 22355 26
15097 39035 26
37258 44553 26
17918 22897 26
18593 24889 26
14127 31987 26
18618 23535 26
15753 40926 26
45315 47556 26
12628 26686 26
6108 25094 26
15792 17025 26
39052 40848 26
42592 43712 26
8259 11493 26
31975 37577 26
516 15122 26
10877 28430 26
42584 43177 26
5353 18497 26
33296 42461 26
11847 14450 26
6168 43330 26
18510 20531 26
18504 49352 26
33297 41009 26
31907 48392 26
19951 37964 26
20141 47883 26
36196 49699 26
18347 22980 26
37223 46196 26
19961 49129 26
33447 46195 26
1260 5993 26
15864 29511 26
1519 16468 26
7754 11190 26
14532 24245 26
431 1478 26
9089 22493 26
627 40240 26
45068 46287 26
10099 17606 26
769 10631 26
18313 26710 26
12747 38833 26
6277 9092 26
20163 49966 26
12750 20589 26
12750 47612 26
12542 42189 26
7772 17590 26
20103 32550 26
5322 11977 26
9074 16370 26
18657 29993 26
18428 41817 26
1249 43302 26
39273 44461 26
18424 34380 26
764 5629 26
9076 17639 26
15845 30669 26
12581 40224 26
11005 12873 26
33383 33992 26
14525 31107 26
5383 46495 26
1252 41598 26
18394 49652 26
8988 9287 26
171 36576 26
15729 43090 26
5305 25665 26
433 2193 26
1516 3942 26
255 22750 26
34206 48881 26
12403 19403 26
8911 16561 26
16154 20532 26
5123 18656 26
34230 43735 26
17584 24532 26
5121 16967 26
8396 44689 26
1071 28408 26
19000 43667 26
13080 17707 26
401 843 26
34253 38918 26
5118 11986 26
13864 25161 26
35630 40684 26
36571 37804 26
12378 18352 26
37091 44475 26
5905 8382 26
13092 39399 26
41456 41527 26
46747 46981 26
15572 36411 26
1086 17802 26
5935 12314 26
44659 46046 26
34157 34678 26
605 1907 26
535 26716 26
35747 43718 26
16114 26233 26
8759 43648 26
5137 18035 26
17657 36357 26
15581 47342 26
39710 44170 26
6639 7140 26
7564 9897 26
41615 47372 26
13042 14509 26
17627 19825 26
5128 35698 26
32132 47250 26
32858 42735 26
16135 40631 26
470 1656 26
604 20329 26
19705 30951 26
14606 49334 26
6761 39389 26
5879 42204 26
35541 35919 26
596 38469 26
19052 42766 26
14920 41225 26
6772 26207 26
38147 45283 26
8420 28542 26
41341 48706 26
37635 42512 26
9249 49152 26
1334 1907 26
8639 22299 26
36651 47710 26
6785 41488 26
6787 17331 26
11560 19157 26
8638 23791 26
13166 28463 26
14437 37078 26
31469 44610 26
9771 26374 26
6722 8010 26
34295 37509 26
32812 39096 26
472 5045 26
8413 9027 26
11982 34388 26
6710 12271 26
13105 45822 26
12368 37770 26
38155 44431 26
34330 34864 26
34333 48650 26
13847 49318 26
6610 14650 26
19030 46871 26
36623 49506 26
1050 8534 26
19035 19500 26
19722 35508 26
9791 12425 26
5093 13730 26
41398 45725 26
34380 49991 26
13145 29203 26
10432 24107 26
18860 21899 26
33852 39324 26
229 49463 26
39537 40597 26
1564 13069 26
9948 32482 26
6498 21046 26
36485 37974 26
12931 20492 26
17894 25046 26
8753 15820 26
14570 48742 26
10357 44213 26
7655 13833 26
8209 36532 26
32097 44902 26
37148 40925 26
1465 4917 26
6517 13306 26
41854 48821 26
652 6900 26
5982 49690 26
17842 41368 26
35859 48921 26
19822 44695 26
36476 38446 26
12906 41762 26
19856 44755 26
11928 35861 26
36464 43660 26
12909 20226 26
18836 42111 26
18837 39876 26
12462 22755 26
15999 19891 26
8673 18467 26
15626 22773 26
31656 31770 26
9934 24259 26
9963 32712 26
31655 37474 26
8350 41505 26
38243 40952 26
16003 32667 26
226 980 26
33843 39341 26
46103 46392 26
15625 47947 26
9954 19695 26
15625 23298 26
34 539 26
5165 41242 26
821 1605 26
34079 35232 26
1573 44809 26
41750 46689 26
8662 8912 26
1459 11816 26
18932 42777 26
17723 44528 26
7941 12175 26
1576 16361 26
5154 20126 26
19789 41372 26
6591 38331 26
13005 43339 26
43182 45518 26
38210 44428 26
1458 27578 26
34117 44769 26
13009 21434 26
18945 39929 26
18947 25234 26
32882 43801 26
7588 15314 26
1298 4190 26
5973 28922 26
17821 23582 26
234 22363 26
14244 30980 26
9926 24443 26
6551 21190 26
9188 15280 26
10808 48357 26
10808 21813 26
12969 18769 26
13903 14126 26
19798 26219 26
14907 38072 26
7609 12990 26
15607 38137 26
819 18293 26
5963 22976 26
14981 15966 26
6571 15637 26
1460 4194 26
9905 46212 26
36 1018 26
8376 9571 26
8662 37176 26
2006 4380 26
3647 41090 26
26922 46626 26
1750 47478 26
2605 33176 26
4814 18468 26
21175 32549 26
3061 23456 26
3889 49035 26
1797 5981 26
3356 8293 26
2639 6621 26
29258 35533 26
3173 13431 26
26913 48191 26
27586 49900 26
2919 20332 26
3384 8765 26
4275 8143 26
3846 14212 26
3835 12555 26
28720 45554 26
21526 45370 26
1940 3125 26
2230 40940 26
2175 38550 26
27661 37667 26
24666 46184 26
2389 21922 26
29819 30015 26
26378 39072 26
3641 6022 26
23280 48136 26
4355 44377 26
2178 27942 26
28854 34004 26
2834 10449 26
2382 36996 26
27116 39256 26
1874 22004 26
2680 3710 26
4420 41667 26
29167 45427 26
25813 27859 26
3252 35760 26
3137 33683 26
22279 26582 26
4574 31042 26
27124 30237 26
4523 6949 26
27127 43683 26
4351 42071 26
27669 45147 26
24396 33373 26
2815 8674 26
3750 19459 26
25460 49381 26
29966 30786 26
31037 40073 26
3248 4036 26
4140 12739 26
2602 6788 26
2742 8881 26
21990 47098 26
27264 44985 26
23242 36027 26
4629 10229 26
3144 4436 26
2900 41889 26
26745 49767 26
21404 33334 26
30797 42024 26
29627 39543 26
26564 43939 26
24911 31701 26
22077 32270 26
2079 2841 26
30246 46567 26
29774 44150 26
3209 10486 26
1911 6856 26
3836 19309 26
24101 25079 26
4187 21542 26
30793 36693 26
21991 32135 26
28387 42522 26
24455 39524 26
25655 28475 26
27946 44999 26
22936 28450 26
1806 41054 26
1707 31641 26
3752 18789 26
26074 35380 26
4575 8516 26
2249 9256 26
22101 45733 26
1870 38436 26
25015 27182 26
28787 38543 26
3458 3813 26
23389 33144 26
29042 34975 26
24313 28922 26
3697 8291 26
30437 47563 26
26317 48791 26
28466 45268 26
2739 3238 26
23389 42676 26
22784 31283 26
21643 42357 26
3610 45726 26
21753 45363 26
21600 29728 26
3933 35404 26
27467 27497 26
30678 39311 26
3726 20133 26
25884 27660 26
24351 27255 26
4775 14166 26
3634 5044 26
2095 48410 26
4157 47683 26
4793 21248 26
27896 41827 26
3197 26165 26
1952 24493 26
3353 9534 26
26705 41864 26
21793 24715 26
2939 48270 26
2807 19427 26
1723 6800 26
2280 9097 26
29633 43957 26
21919 45304 26
22732 28754 26
3352 32824 26
1989 5894 26
21227 33623 26
30393 44806 26
2273 46549 26
23709 32413 26
25446 38745 26
3849 22261 26
30160 46422 26
26689 46227 26
26255 32575 26
27536 48050 26
27866 41999 26
1809 28896 26
2619 17992 26
24988 49935 26
27027 42178 26
26685 32918 26
3010 5751 26
3018 7977 26
27343 49983 26
24185 30409 26
2323 20451 26
29804 40044 26
2555 5236 26
2277 35116 26
23341 23932 26
3532 5264 26
29097 36697 26
1887 35333 26
2278 14814 26
2109 11065 26
28800 39494 26
1801 13705 26
2419 24423 26
3136 27358 26
3829 45302 26
3046 24484 26
27359 49868 26
3622 7978 26
21561 29043 26
26013 33761 26
3004 6057 26
1895 26400 26
2899 3645 26
3268 5027 26
27366 34095 26
2898 24358 26
23860 26778 26
28248 37100 26
22947 33774 26
26668 34117 26
23152 42288 26
4128 30063 26
27089 32081 26
2543 35988 26
1744 8874 26
4190 25125 26
21191 45855 26
22631 28698 26
29347 49138 26
1939 6532 26
3165 46781 26
1966 31833 26
2880 4369 26
29692 40075 26
2470 47364 26
2241 33757 26
3919 29794 26
29901 43066 26
30689 34978 26
22595 46641 26
28993 46463 26
2139 2570 26
21957 27366 26
4524 34753 26
29416 45382 26
21617 36685 26
22948 24387 26
26285 45567 26
4761 5975 26
30108 46616 26
24691 47603 26
24563 35245 26
23868 25110 26
24688 29298 26
3179 8097 26
2150 35923 26
4567 38409 26
3094 20446 26
3766 28261 26
22351 29277 26
22040 28131 26
3094 9131 26
4088 49877 26
2296 23171 26
1850 14125 26
28878 48778 26
21661 23622 26
4690 7431 26
25457 34732 26
25543 40324 26
25402 43140 26
30758 44964 26
2040 20702 26
23016 27158 26
2861 28973 26
1854 3859 26
3320 45057 26
1859 29367 26
1803 11569 26
29867 38923 26
23233 24470 26
4044 41817 26
2751 18711 26
2158 6421 26
1942 9611 26
2018 28223 26
26484 32678 26
26127 31328 26
3847 8130 26
4609 41295 26
3686 14276 26
21757 34971 26
28930 49355 26
22757 33522 26
2754 26975 26
1851 2628 26
3895 42552 26
4059 7660 26
2220 38304 26
23765 41556 26
22022 38384 26
30752 45472 26
27620 35067 26
28672 49990 26
26582 35391 26
4094 38226 26
3556 36607 26
3205 4132 26
3108 5562 26
22536 28362 26
2648 8588 26
22386 31796 26
30738 38864 26
28169 44233 26
4299 28230 26
28069 40307 26
26484 31431 26
3299 5715 26
1980 6274 26
1790 2081 26
21706 22616 26
3155 40715 26
25005 42556 26
26105 45062 26
22373 40999 26
2909 10776 26
25300 28510 26
25688 46823 26
2587 3785 26
24274 44743 26
30000 35133 26
1925 1931 26
27790 42961 26
27258 41623 26
26193 44477 26
2594 37140 26
4322 5727 26
4320 37355 26
3349 8879 26
21877 25489 26
24853 27952 26
24088 48948 26
4532 18430 26
4188 5362 26
3661 3807 26
3604 32434 26
3246 4654 26
9391 48181 27
332 23470 27
6436 13977 27
7317 28897 27
5082 6697 27
3767 33309 27
30303 42781 27
16042 17481 27
4501 11184 27
6619 38153 27
30859 43435 27
5789 6227 27
8494 14748 27
451 36896 27
5085 9847 27
34601 49971 27
4155 36866 27
14357 15079 27
7635 47541 27
8571 16494 27
11645 41979 27
11069 47417 27
1176 29938 27
11976 20475 27
23393 31201 27
26181 36566 27
1351 2332 27
39911 48684 27
9444 18373 27
4503 10691 27
8874 25311 27
20128 30544 27
19033 45760 27
15382 17870 27
20271 49089 27
8622 25396 27
37795 42608 27
12870 40846 27
28816 46230 27
16634 26867 27
31469 44466 27
28616 35167 27
8402 23335 27
32932 38122 27
22494 25762 27
11079 21055 27
10268 36149 27
3496 47079 27
2021 2214 27
3626 4689 27
15372 45344 27
1081 20431 27
31826 36881 27
8886 38597 27
10963 11710 27
32698 34143 27
12651 16006 27
16565 49321 27
1016 37762 27
16613 28453 27
1114 26663 27
11961 12506 27
10899 15503 27
11849 27291 27
10863 47611 27
34597 37489 27
2137 16732 27
8207 16291 27
8541 49044 27
10093 18122 27
4466 43847 27
778 42718 27
22506 41716 27
1466 19289 27
7696 13719 27
11897 25684 27
4668 11653 27
11668 16756 27
10476 26448 27
14964 45767 27
10012 39078 27
17561 35884 27
19284 30743 27
36233 42094 27
15834 38384 27
17287 19557 27
11646 23249 27
17019 43302 27
5302 7599 27
5225 11332 27
9267 40243 27
14701 23049 27
7314 32956 27
23871 28708 27
17283 20014 27
26590 29737 27
3005 7161 27
10445 36897 27
9589 30754 27
13889 19679 27
25052 30799 27
2790 6879 27
1066 4629 27
11067 22728 27
57 9750 27
20215 39120 27
10962 30529 27
17281 30807 27
5223 11072 27
840 23735 27
16970 37810 27
32914 42190 27
13648 29401 27
18914 37163 27
26781 30435 27
9956 14744 27
2747 44491 27
3771 32598 27
4224 6691 27
27342 29727 27
32762 47064 27
9960 19876 27
20403 37243 27
4704 11470 27
45257 46344 27
10766 38840 27
30514 40962 27
39812 48975 27
10598 15484 27
30260 40428 27
12657 32549 27
9964 32433 27
39819 48435 27
10947 31990 27
20107 47950 27
23346 31840 27
7623 16002 27
1612 38171 27
31432 40308 27
17055 48762 27
757 6025 27
14315 16626 27
18223 38089 27
4471 38217 27
2143 3994 27
4073 5189 27
7283 26371 27
34803 49253 27
10761 18263 27
17993 43651 27
1615 15900 27
896 1345 27
10104 22537 27
31718 33430 27
6009 39968 27
19654 49688 27
15789 20195 27
16555 18665 27
12929 49120 27
38773 44710 27
846 1957 27
20098 23800 27
25312 48071 27
29760 32408 27
9611 32265 27
26255 29754 27
18040 40883 27
32510 47543 27
32511 36295 27
924 44527 27
15024 21497 27
5810 11110 27
2799 13772 27
16656 34783 27
28223 37671 27
7527 38128 27
662 40403 27
2532 46927 27
5069 21219 27
4774 25474 27
35056 45217 27
15135 31427 27
1154 11504 27
3273 21252 27
11622 37885 27
6536 48488 27
9530 39912 27
19319 41931 27
12348 39989 27
17664 41179 27
33590 45990 27
845 31284 27
19643 20187 27
1607 33081 27
7227 26387 27
10939 11640 27
17542 23079 27
15383 30089 27
4773 12880 27
1351 6174 27
5805 16148 27
37027 41713 27
4005 4650 27
17564 21719 27
18885 20476 27
13426 21242 27
4399 9487 27
9969 19998 27
87 39684 27
12902 41254 27
1731 21392 27
30289 45877 27
25034 41272 27
6694 6844 27
5315 18222 27
5993 31064 27
14767 31907 27
15231 18545 27
15803 19636 27
976 8611 27
39638 45872 27
44640 47966 27
12547 17100 27
16160 44583 27
13488 20196 27
36087 48112 27
22763 40612 27
35584 42649 27
22566 23149 27
4399 9826 27
9555 22445 27
4400 4985 27
11919 29478 27
6600 9649 27
12888 49405 27
8142 12387 27
6987 14412 27
12708 13926 27
4151 36056 27
35122 44977 27
12782 34149 27
6879 28360 27
7300 42227 27
3182 36876 27
7347 32859 27
13495 41124 27
16589 38030 27
1012 3974 27
35573 37448 27
6385 12004 27
42485 43824 27
26067 43472 27
17208 48711 27
37167 48603 27
2269 15029 27
3321 20826 27
6491 32454 27
16439 19156 27
5195 22460 27
561 1459 27
16584 41540 27
20235 45326 27
15180 48930 27
37849 48568 27
4196 45042 27
4136 42867 27
562 2205 27
12634 49278 27
5458 32213 27
23832 47995 27
35117 39359 27
34218 43781 27
7467 46668 27
6614 25851 27
34186 49710 27
789 9831 27
5203 15912 27
11003 22804 27
10203 21856 27
4134 13938 27
4677 45946 27
13649 23323 27
29052 46807 27
16280 31211 27
4426 4820 27
3160 5186 27
1465 39017 27
14778 40095 27
8844 8907 27
29332 39111 27
12706 31998 27
24624 45257 27
26066 37225 27
8596 47401 27
18129 32827 27
3553 16869 27
18129 22584 27
1317 16566 27
23389 24009 27
21381 31541 27
5165 7499 27
30232 43893 27
9522 36894 27
17680 18951 27
14700 34539 27
47 27271 27
7292 22175 27
10222 39580 27
16446 43701 27
77 160 27
26832 41224 27
47 41519 27
37056 43702 27
8217 9057 27
201 37473 27
2249 24033 27
6495 14282 27
2482 3537 27
5164 17635 27
27751 39098 27
26076 27404 27
15891 44725 27
4063 35890 27
43398 46647 27
21428 28167 27
666 48996 27
26120 32487 27
13819 36101 27
25555 26605 27
6854 8660 27
2948 7653 27
1755 11955 27
6646 12041 27
15874 26890 27
28546 43092 27
11929 17864 27
5583 39546 27
10451 20506 27
35593 45243 27
18032 24587 27
77 10725 27
28610 41628 27
18124 18446 27
1940 8540 27
26834 43859 27
38693 47841 27
39722 45115 27
5257 10162 27
1075 15834 27
47 256 27
1362 2186 27
24650 35581 27
28788 43347 27
3758 23813 27
2500 47784 27
36120 45293 27
39158 46895 27
20423 44860 27
6542 15253 27
1558 12982 27
9582 30477 27
24210 35410 27
11680 12351 27
4054 43945 27
16281 39970 27
4751 36389 27
37151 37890 27
11035 37230 27
15331 21351 27
19114 42012 27
1877 18314 27
23374 26555 27
20166 42452 27
42167 42262 27
28404 29178 27
5606 12995 27
29756 38231 27
28423 33464 27
5117 8604 27
35455 36547 27
6653 30258 27
2028 47411 27
8118 39959 27
1840 2105 27
10030 35751 27
479 9447 27
3263 47234 27
25552 27298 27
19049 28034 27
13437 36189 27
11847 30673 27
15158 26619 27
81 11177 27
9299 24306 27
4012 16107 27
11899 44447 27
7243 27342 27
32706 38785 27
676 22501 27
12315 45347 27
10475 33443 27
2580 48020 27
15346 39658 27
4128 42045 27
12571 15426 27
5894 15317 27
6929 12357 27
14140 29208 27
4416 16156 27
5608 13269 27
24683 48413 27
5947 14429 27
9545 15497 27
22143 30866 27
8610 9410 27
3183 29190 27
6610 11976 27
1593 46816 27
9034 13725 27
3457 8757 27
15165 18892 27
11708 29966 27
8231 25013 27
46128 49515 27
17265 43846 27
13407 48147 27
1873 45306 27
23838 43591 27
27821 49460 27
35915 44867 27
24251 47134 27
3460 11959 27
672 20254 27
29016 48434 27
6881 14726 27
4745 13259 27
14745 38922 27
2969 43068 27
12155 20342 27
11940 33515 27
1339 4002 27
15324 17618 27
12799 35476 27
6428 21668 27
10140 10768 27
22135 23416 27
28190 43252 27
181 3463 27
23385 33467 27
8230 19807 27
3766 5452 27
29091 31234 27
16428 44006 27
5845 37516 27
11907 14410 27
4711 9890 27
19266 24226 27
26381 33512 27
35104 43404 27
5210 12097 27
26043 28168 27
6849 37752 27
16031 37319 27
4067 13608 27
2382 43314 27
36952 39920 27
30698 42517 27
13392 39795 27
652 1389 27
7529 25096 27
27831 33352 27
10041 14675 27
42208 43697 27
5122 19287 27
9575 45168 27
8884 25666 27
5253 9262 27
12171 33753 27
9547 21415 27
10200 13913 27
43 6998 27
27373 39202 27
14980 45696 27
10711 27045 27
1120 33008 27
2176 7246 27
9121 43194 27
13286 49762 27
6279 18595 27
35725 37319 27
38534 41273 27
21751 31689 27
6256 43346 27
15490 16290 27
40915 47522 27
2316 40605 27
43080 45155 27
24470 27745 27
3952 14976 27
6189 37737 27
6737 17419 27
11313 12521 27
18353 32337 27
1993 49539 27
8365 30358 27
20013 43567 27
16105 46707 27
11220 35332 27
7504 48744 27
13619 19250 27
10712 36385 27
4960 28758 27
16240 32307 27
15703 37867 27
13666 47496 27
6101 38775 27
17438 38939 27
13195 39123 27
19740 28222 27
6116 35682 27
2289 5410 27
4341 27525 27
6272 38466 27
38358 43431 27
12216 32199 27
259 475 27
1685 48980 27
13111 15812 27
25786 40376 27
14046 20173 27
2639 17432 27
22866 49685 27
28707 28871 27
7151 21376 27
3065 8356 27
15497 46814 27
16922 24221 27
33222 39046 27
47797 48068 27
27615 28999 27
1454 10768 27
470 34840 27
13954 21421 27
4952 21251 27
123 1028 27
5501 41241 27
19997 25716 27
6764 24459 27
5670 30633 27
9070 36498 27
34683 36078 27
11193 31673 27
1973 22413 27
20842 29496 27
5647 34539 27
12084 35136 27
3805 10030 27
16740 24000 27
20845 32855 27
9650 32150 27
13546 27642 27
27577 32746 27
4578 33561 27
9861 14602 27
29763 31129 27
22614 39431 27
35401 36710 27
31267 47488 27
3172 9721 27
3332 8075 27
41649 44558 27
15462 29646 27
3801 6445 27
9418 13510 27
15463 28863 27
4358 4695 27
1993 40229 27
9118 30947 27
634 10523 27
14286 18312 27
10343 21779 27
25166 37198 27
873 32518 27
952 5790 27
98 220 27
20020 24361 27
11317 37817 27
18663 43252 27
22437 22449 27
27121 48783 27
30549 46214 27
9652 36051 27
37311 37434 27
15476 26628 27
38882 48330 27
7410 43053 27
39416 45241 27
8807 20332 27
3702 9804 27
11502 11747 27
4 189 27
633 29503 27
20847 26849 27
24079 36240 27
22276 47724 27
36372 42056 27
960 34510 27
1251 46815 27
37309 38405 27
36493 36656 27
11507 20917 27
2679 9518 27
7163 45885 27
251 2251 27
2050 3607 27
1189 6742 27
4892 49637 27
25757 36416 27
17421 29724 27
29253 37152 27
3560 31802 27
13170 44055 27
366 3151 27
13297 25912 27
19463 22283 27
36655 49238 27
6175 36879 27
16329 28996 27
5534 13367 27
6566 45546 27
3965 13082 27
1408 4233 27
7980 20988 27
13162 14985 27
4831 6562 27
4630 27783 27
8799 9835 27
1100 45387 27
1450 18595 27
2173 44025 27
29976 35390 27
4328 25787 27
21776 29631 27
6762 18573 27
48450 49581 27
8745 29951 27
11294 46460 27
4924 39587 27
19974 23136 27
22703 34231 27
433 542 27
13979 26132 27
23507 48610 27
13166 22215 27
21136 44403 27
25667 43821 27
3659 4941 27
15536 41053 27
13166 42015 27
4914 21447 27
18506 27852 27
17410 34697 27
268 355 27
508 10126 27
32412 36853 27
6 31083 27
23671 24549 27
3084 44960 27
28713 45701 27
25136 38698 27
1676 17677 27
23509 48198 27
16114 41857 27
6555 34828 27
946 988 27
18520 37670 27
4045 29750 27
7912 38556 27
4835 34612 27
9083 28188 27
21140 28851 27
20966 31389 27
17942 34845 27
3085 43295 27
22317 28748 27
22312 47806 27
950 2352 27
3213 48680 27
356 6172 27
14505 47943 27
6468 45911 27
2101 5071 27
22339 48790 27
10705 16628 27
4826 7598 27
19456 35919 27
13127 18436 27
706 7782 27
6762 37816 27
25671 42106 27
1706 15299 27
2290 5334 27
34638 43569 27
26314 48778 27
7889 12060 27
39294 39860 27
5513 33520 27
33936 38863 27
15545 22351 27
19488 34472 27
7894 16371 27
2666 29400 27
3688 27304 27
7413 25115 27
4940 25383 27
4822 28917 27
5652 8612 27
17431 32290 27
12265 48414 27
24506 48596 27
2442 30059 27
4169 49760 27
40990 49034 27
18323 21395 27
11454 42527 27
33259 33491 27
10412 31890 27
101 4654 27
1100 43270 27
22935 26010 27
1481 19600 27
4903 44546 27
8430 23786 27
7553 49940 27
4830 18440 27
416 19751 27
1706 1806 27
31143 42369 27
6137 8546 27
6137 36433 27
1233 2265 27
43593 47011 27
19952 42634 27
16798 29860 27
9746 11604 27
263 30518 27
28638 33998 27
21883 27209 27
3410 4741 27
22320 35155 27
7575 22216 27
9792 15706 27
27042 28858 27
15431 46096 27
10497 10699 27
46860 47869 27
5561 27771 27
6531 13905 27
38215 38534 27
7382 26028 27
638 998 27
1628 16065 27
23602 28261 27
26520 46200 27
26483 44195 27
17061 36540 27
27900 28945 27
26354 32586 27
3380 43839 27
19520 43789 27
884 2369 27
16396 29191 27
16874 41611 27
9919 45639 27
24845 46224 27
10590 32582 27
16075 20539 27
19778 25177 27
6449 11867 27
6591 14545 27
5338 47492 27
1205 44116 27
6031 14706 27
6777 14221 27
19931 42912 27
489 1516 27
25628 30827 27
29694 33102 27
22243 24602 27
13567 15795 27
1033 28829 27
21224 46283 27
4372 42691 27
27992 47793 27
5011 12534 27
6482 7931 27
14569 14879 27
47032 47801 27
26675 39338 27
34893 49131 27
5697 5810 27
1053 14015 27
26514 31633 27
41758 49987 27
4860 39068 27
6217 20985 27
7052 8062 27
9638 13535 27
41776 43212 27
7956 31448 27
1389 5179 27
11560 27101 27
12515 20963 27
15739 21882 27
21037 38104 27
26274 48061 27
9897 42570 27
454 9335 27
17063 21569 27
8668 17383 27
23161 37424 27
33387 42752 27
19343 47276 27
40768 48661 27
23536 30063 27
23936 30936 27
4255 6909 27
7828 11470 27
12004 14315 27
32037 47875 27
27337 44671 27
2563 5645 27
16068 19425 27
38152 39617 27
29187 42050 27
18403 20729 27
3169 12606 27
34448 48310 27
15409 38044 27
15573 31601 27
3108 5165 27
6700 23293 27
8069 27624 27
7216 41392 27
1886 8027 27
14616 18439 27
8972 15042 27
3631 37194 27
5564 20354 27
21928 23325 27
18813 44441 27
308 549 27
3128 41913 27
31091 44065 27
15429 18057 27
36852 38321 27
5717 32612 27
30614 48610 27
11350 32813 27
9716 18001 27
7208 36016 27
19556 38984 27
41140 43031 27
34700 41703 27
5032 6759 27
13240 17473 27
4540 44288 27
25187 47028 27
499 10462 27
32351 44213 27
17719 43244 27
33030 42165 27
15576 42810 27
14266 16458 27
28834 46378 27
20702 49353 27
6507 42295 27
10298 34884 27
19880 21090 27
18803 24806 27
39973 43226 27
10668 13105 27
22686 43982 27
27886 43548 27
18389 30017 27
15756 32385 27
14599 33698 27
717 22098 27
22254 33538 27
18698 49200 27
15606 32287 27
35533 48833 27
6058 27427 27
3043 6639 27
6298 9737 27
28840 29363 27
877 35408 27
31306 32298 27
6944 40115 27
16216 26249 27
10391 11529 27
14554 19855 27
28323 46126 27
148 36095 27
12385 26697 27
1783 2869 27
27318 42220 27
2564 23431 27
4047 25882 27
25716 35548 27
24385 49053 27
17928 40944 27
4077 14447 27
3048 11843 27
8775 22979 27
8773 45336 27
23688 32236 27
41687 43707 27
17477 35657 27
32452 34232 27
20816 21294 27
10334 20866 27
18272 19922 27
12039 22431 27
8810 35788 27
2116 49394 27
20806 49014 27
1186 4526 27
10730 12105 27
26339 45361 27
1643 8719 27
5406 22924 27
30093 32567 27
3799 17602 27
14554 15094 27
14237 25285 27
15606 39023 27
31114 41091 27
30106 34955 27
47260 48154 27
17357 23387 27
4164 39684 27
8775 28179 27
10407 44862 27
3097 25321 27
21212 30374 27
6728 27329 27
119 37214 27
15106 20275 27
31111 35773 27
40839 44175 27
12492 13756 27
14263 45114 27
9871 43202 27
11528 15064 27
10740 27075 27
94 40294 27
9093 44849 27
13270 27428 27
5008 7584 27
23167 24020 27
22896 27771 27
6510 32609 27
10341 19885 27
27323 42864 27
7104 29475 27
41741 48433 27
3426 43538 27
5008 31379 27
13033 30444 27
13001 13825 27
20780 33075 27
12030 46582 27
22452 27040 27
14554 36614 27
1265 5137 27
19886 35003 27
22250 45138 27
8277 23865 27
29407 45710 27
859 21443 28
17088 23451 28
6623 34094 28
1542 3268 28
12641 20210 28
476 1060 28
26610 41022 28
19522 28303 28
10688 37081 28
20255 35185 28
3817 10804 28
29078 37729 28
20228 46438 28
37876 39955 28
42629 45261 28
11914 41351 28
12390 25794 28
19958 30645 28
15217 21881 28
19472 39917 28
14315 24368 28
28381 31465 28
1410 5469 28
19197 44013 28
111 36897 28
4701 12009 28
31739 39112 28
32285 49708 28
4042 42681 28
35398 38288 28
10683 17258 28
4622 18335 28
23741 34709 28
10674 18837 28
26348 33599 28
8531 14687 28
595 759 28
5651 8846 28
31750 44307 28
17088 41607 28
28599 48587 28
45156 48994 28
10869 48956 28
2526 12038 28
651 10172 28
9528 24664 28
4622 10636 28
21666 36363 28
12145 32380 28
21652 39682 28
35410 47926 28
10854 18744 28
37621 49020 28
10868 22346 28
5650 20117 28
14308 42145 28
35407 48851 28
17667 26133 28
5633 28479 28
12419 15783 28
10872 43378 28
19175 40635 28
12417 49305 28
8421 38685 28
5802 10903 28
9446 31912 28
24480 27390 28
5655 6149 28
22013 31723 28
15991 45692 28
1946 12298 28
22691 34187 28
19192 26048 28
3853 32472 28
3555 20766 28
12650 15751 28
3856 38336 28
27622 44966 28
19947 26174 28
5254 5583 28
3778 4405 28
24489 32183 28
3522 6417 28
29224 35451 28
30307 33365 28
8308 11306 28
1768 2413 28
14303 42859 28
6972 22754 28
13510 14469 28
23122 35854 28
9343 14768 28
12130 33746 28
17697 29484 28
5747 14442 28
14293 40292 28
346 18041 28
12558 43638 28
14259 19803 28
29205 39131 28
3571 11270 28
32297 32360 28
1960 12272 28
5348 7291 28
21952 44192 28
9320 23690 28
93 14834 28
10270 21508 28
17051 32615 28
2793 8398 28
37792 42013 28
2016 2481 28
4662 29477 28
21563 42102 28
24336 43832 28
14879 36784 28
1472 46705 28
44732 48889 28
2923 43830 28
2833 33074 28
26713 40940 28
30662 39360 28
17741 29725 28
5752 9369 28
10657 37513 28
6585 30853 28
172 363 28
3553 11376 28
8887 41243 28
21563 49252 28
20144 42000 28
43009 47749 28
12482 46417 28
24337 26490 28
644 13731 28
21564 24966 28
22724 41091 28
14872 29567 28
26285 45110 28
43308 49339 28
19332 43678 28
5334 9422 28
8480 35882 28
2320 44746 28
16053 16821 28
12517 19014 28
29295 49465 28
1383 4821 28
8480 13039 28
12536 41018 28
13730 35919 28
35820 42357 28
10427 23546 28
16402 25686 28
2235 23387 28
3169 4610 28
13734 30451 28
167 2118 28
32505 36146 28
6445 35835 28
8473 41733 28
1107 3109 28
21929 45332 28
1505 2692 28
12801 42161 28
15122 47737 28
22575 23073 28
23458 33516 28
2016 18055 28
29301 37393 28
30666 45875 28
14838 20724 28
19374 40056 28
9488 13918 28
334 16605 28
5705 36879 28
7365 12787 28
2575 21729 28
2795 37307 28
164 45398 28
15160 22365 28
5340 25696 28
14159 27599 28
3876 7568 28
25351 29380 28
2507 19292 28
2932 31643 28
26264 46938 28
19363 44552 28
19565 19799 28
23710 37709 28
3820 7838 28
30475 42102 28
31794 46092 28
3562 45158 28
10703 20696 28
13695 17284 28
37834 41950 28
40331 49322 28
2502 3576 28
20198 27163 28
14898 38003 28
20197 21439 28
1823 12362 28
21635 39957 28
1100 25984 28
14897 45509 28
25518 33319 28
9351 12712 28
30643 41417 28
13491 18089 28
4209 17753 28
5773 6120 28
17950 24137 28
978 24624 28
32438 33220 28
869 43440 28
19240 37590 28
32590 43307 28
2236 6634 28
12444 23640 28
5787 45675 28
3857 36458 28
10846 30180 28
5264 6014 28
7337 49939 28
23733 43978 28
32626 47435 28
35741 44874 28
6989 33136 28
27605 39774 28
10694 15377 28
11919 31902 28
9304 45357 28
6427 8915 28
37586 40143 28
6569 6914 28
3230 3717 28
22707 40803 28
619 26168 28
19974 26631 28
3229 44585 28
1822 26418 28
7582 11087 28
12619 39449 28
24376 41885 28
6460 25637 28
377 2964 28
20022 28402 28
14284 31561 28
28747 47547 28
32566 48988 28
10346 46579 28
3355 9111 28
13702 33811 28
5756 44230 28
2240 23995 28
5681 14940 28
2209 21114 28
26235 39900 28
5679 11915 28
11952 29674 28
1370 29598 28
23131 25449 28
17071 18904 28
20034 49963 28
21546 34361 28
5364 12454 28
22746 45416 28
32556 47627 28
579 41442 28
9479 38542 28
96 1628 28
630 24666 28
3782 17005 28
17681 30124 28
40268 49430 28
19997 48052 28
6884 9665 28
2516 4151 28
21842 35438 28
1098 24953 28
4636 30795 28
1492 2713 28
31803 42041 28
6965 43676 28
6620 20083 28
15175 16573 28
4154 8149 28
3889 5954 28
11941 25943 28
20015 31967 28
5371 26881 28
10816 25194 28
5761 34280 28
20016 20236 28
890 1462 28
28693 41575 28
2209 8437 28
24154 37077 28
11172 36950 28
33131 46806 28
9175 47875 28
33134 42673 28
38276 39455 28
1640 1771 28
2852 28016 28
9173 29692 28
21201 42182 28
5554 15714 28
9173 24569 28
8691 22749 28
18702 27336 28
4110 44748 28
16724 46255 28
246 4205 28
1050 20915 28
1643 20523 28
247 712 28
19674 45905 28
11547 13343 28
22456 25809 28
29690 39120 28
1722 4191 28
13933 23572 28
38963 48641 28
5490 5782 28
28241 42149 28
15444 25467 28
28507 36383 28
16711 41206 28
6291 19569 28
38937 41591 28
11546 32000 28
4368 17653 28
11543 13592 28
36346 49130 28
10503 37529 28
11541 30111 28
15448 46964 28
4802 42210 28
12215 33440 28
4355 18346 28
24777 26938 28
9068 45389 28
20858 24208 28
15712 41627 28
6093 41205 28
15476 33575 28
14220 16009 28
47590 49456 28
9858 25308 28
23174 47044 28
3701 42133 28
1901 9620 28
4273 16657 28
9653 23209 28
3951 35867 28
15488 39317 28
23271 25130 28
12289 14722 28
18689 37328 28
13324 16220 28
15722 29997 28
34838 37447 28
1718 8523 28
1256 20102 28
9649 43665 28
11191 43361 28
17468 18023 28
24445 32970 28
3122 6619 28
7865 49672 28
27926 34601 28
14232 45275 28
1808 45765 28
2180 2192 28
30970 35491 28
25636 42452 28
13318 23713 28
3315 5670 28
9049 11602 28
9941 42896 28
25926 38055 28
41878 45000 28
23936 27306 28
3717 42154 28
540 42086 28
13361 25628 28
14371 46131 28
3545 47575 28
1283 23534 28
21248 28650 28
33565 36285 28
40145 43135 28
14604 16277 28
46762 46983 28
13356 19673 28
13919 48018 28
15427 32634 28
3031 3167 28
4384 31272 28
967 8487 28
22190 29980 28
5565 43692 28
13367 37729 28
30906 33127 28
8634 44610 28
25416 30646 28
4779 14414 28
25932 46192 28
13628 31565 28
10594 21448 28
22215 48016 28
132 294 28
2144 12550 28
16658 18484 28
35044 42409 28
28521 43582 28
39603 40149 28
21254 27182 28
31420 45109 28
40761 47467 28
25624 42207 28
14579 33499 28
38581 39725 28
238 7514 28
491 32987 28
994 7243 28
4591 11506 28
15439 21124 28
15740 33764 28
33530 48763 28
11150 14827 28
24868 31032 28
1809 4533 28
22236 47135 28
5488 19057 28
30129 30325 28
4263 13869 28
31350 31619 28
25174 42438 28
7480 13963 28
11163 32384 28
20716 40555 28
11582 30992 28
615 12200 28
14585 44586 28
8058 11307 28
12963 29291 28
17506 45123 28
25894 32860 28
34807 48192 28
17505 34483 28
9654 28312 28
5027 13868 28
11573 16555 28
7199 49303 28
15752 37720 28
21232 46034 28
1458 3061 28
9912 21553 28
1273 2374 28
31372 45932 28
6195 26978 28
25671 42610 28
6763 37472 28
5 136 28
9753 11754 28
4 4119 28
6190 8209 28
722 4710 28
30020 49775 28
272 23764 28
4312 9064 28
21115 47813 28
31118 34809 28
11389 38939 28
6790 45990 28
2861 45306 28
24076 34109 28
7966 15382 28
21013 28265 28
11333 36417 28
17358 41631 28
6199 23529 28
2437 30147 28
4322 5657 28
6 18976 28
48391 48862 28
9671 24604 28
22414 24958 28
11292 36153 28
14227 32038 28
421 919 28
2169 43921 28
11416 35286 28
13278 36004 28
12229 41416 28
18490 47725 28
9124 12437 28
13181 42739 28
39423 42371 28
4843 10391 28
11303 16539 28
14981 36222 28
4584 15500 28
9098 26991 28
22911 35905 28
13234 46408 28
21044 29962 28
13263 48329 28
33375 35105 28
29997 46048 28
24053 26848 28
29489 31260 28
9106 25550 28
13253 41936 28
6230 7039 28
14429 23710 28
28002 33336 28
2165 10425 28
11360 12601 28
28451 33085 28
25113 30791 28
2039 11731 28
14002 15715 28
503 2907 28
6940 24065 28
714 20952 28
25715 30268 28
7102 14428 28
22404 34123 28
1448 10733 28
10538 14134 28
15564 22602 28
8366 47709 28
7096 44973 28
4877 9978 28
24034 43735 28
39341 46289 28
7937 24650 28
11378 21911 28
24835 46406 28
41160 47934 28
43641 47656 28
13963 39707 28
21161 47314 28
9073 44918 28
3957 6050 28
16916 18695 28
3070 14096 28
23258 47743 28
9664 37357 28
18588 23264 28
19694 25625 28
462 41671 28
22661 40379 28
6128 24622 28
512 27294 28
15675 26502 28
2038 3426 28
3411 25849 28
4333 41234 28
24416 43669 28
25773 46861 28
2863 17842 28
36680 48524 28
9824 42044 28
20885 21019 28
4958 12122 28
41509 48337 28
13075 17856 28
17337 36434 28
1042 45727 28
1903 3713 28
25794 32936 28
22303 38005 28
29685 29852 28
8800 42863 28
24787 29433 28
28480 40363 28
1904 18164 28
9069 26393 28
29973 35338 28
34498 48291 28
23262 24743 28
11479 39293 28
28676 30471 28
1676 15305 28
3407 10860 28
18543 27388 28
2441 7453 28
13158 21884 28
26494 29908 28
13158 30543 28
36448 46020 28
3193 31317 28
20957 39622 28
2547 3522 28
33935 36242 28
25136 32411 28
354 9935 28
20965 38161 28
7498 15332 28
1702 22893 28
6263 35272 28
2341 26255 28
13981 19966 28
6759 48377 28
4330 4676 28
14497 38532 28
27549 45795 28
122 2797 28
3959 45254 28
8363 39070 28
6268 44779 28
22881 22955 28
6268 12647 28
13972 20670 28
12226 40727 28
2768 3354 28
6148 19406 28
2043 42128 28
7131 33890 28
48266 49758 28
23065 34292 28
9081 22438 28
7 1235 28
15523 32314 28
9442 11075 28
7527 12306 28
28782 42828 28
200 30752 28
16565 48303 28
9560 42308 28
10091 32412 28
19824 45906 28
21399 31276 28
40255 41727 28
36994 49699 28
14334 16336 28
11770 34566 28
42363 47870 28
19021 47643 28
17247 35611 28
24649 36980 28
22783 26556 28
34581 45293 28
5902 40862 28
43410 46576 28
15906 35661 28
6379 12406 28
18101 35001 28
196 36319 28
11814 17621 28
5185 41622 28
8573 14145 28
23623 24879 28
29199 31525 28
11810 43162 28
15906 41430 28
3910 37300 28
782 1632 28
2125 43793 28
26845 27950 28
21413 32406 28
199 37685 28
14112 41048 28
2198 14439 28
15297 15789 28
14703 31325 28
42256 48557 28
14678 31782 28
19821 26223 28
17900 21072 28
20468 49436 28
18983 23846 28
25240 40443 28
771 9827 28
26903 35126 28
1582 13089 28
42288 43288 28
32254 32773 28
46079 49944 28
43924 43999 28
136 307 28
3256 25336 28
8123 37820 28
18133 27625 28
12799 46737 28
8122 45265 28
3748 5958 28
17598 31195 28
20435 36811 28
17251 18346 28
5158 16765 28
32810 45915 28
5156 47701 28
2363 7670 28
42324 48979 28
43420 47861 28
16580 25598 28
10076 25978 28
18100 21697 28
8131 30580 28
203 49897 28
1463 5363 28
16580 45221 28
20459 23393 28
33632 49754 28
3752 3921 28
910 20173 28
19127 45263 28
17011 44652 28
18069 29930 28
10169 16813 28
7689 42247 28
15247 15496 28
37090 44403 28
19132 24371 28
566 45090 28
17905 41844 28
12674 26250 28
10160 38923 28
6635 41288 28
18078 22898 28
38747 49910 28
5217 23536 28
325 25375 28
43384 46033 28
22035 42903 28
22036 29963 28
8190 19566 28
2031 12096 28
653 20043 28
42589 44430 28
12659 39507 28
7323 8776 28
14766 28245 28
2767 3508 28
16491 21590 28
23541 35133 28
6925 24514 28
4608 9554 28
2076 37108 28
5229 47506 28
11868 21869 28
9285 24137 28
8335 26711 28
10175 47835 28
3897 6613 28
23774 28986 28
25552 42150 28
15948 33239 28
26134 37084 28
30591 44773 28
16519 20135 28
37435 42217 28
24623 49199 28
5856 8095 28
1078 2625 28
24247 46605 28
2972 27782 28
8170 44624 28
36067 36809 28
6384 33795 28
26125 37005 28
20377 20690 28
6382 6419 28
8162 32474 28
7011 34320 28
26401 42464 28
39763 40479 28
27787 32340 28
15956 40010 28
20326 26820 28
29885 49417 28
22038 36424 28
42552 48115 28
5842 27999 28
12690 44158 28
27779 29889 28
11843 17302 28
13368 19942 28
3238 25907 28
19840 31192 28
7701 33701 28
18087 22255 28
45463 46491 28
26136 35344 28
20348 30260 28
17640 30916 28
6867 12416 28
1610 3954 28
5963 44079 28
11656 30296 28
14093 21457 28
23367 26389 28
21305 35762 28
5076 22309 28
1298 45143 28
24700 27812 28
36217 47959 28
7778 33655 28
8630 23794 28
3727 17635 28
14365 16087 28
6502 38039 28
4762 17001 28
3845 6785 28
19620 25679 28
5959 6592 28
17278 35609 28
20550 30493 28
5952 25260 28
24206 26244 28
27360 29958 28
6681 14605 28
19635 19971 28
13636 22275 28
12884 40208 28
34262 45397 28
34778 41826 28
34253 44878 28
20646 22642 28
11661 16455 28
25983 32645 28
18168 31454 28
312 10294 28
22669 27336 28
12182 13879 28
1293 27613 28
18897 22726 28
20604 22977 28
12183 38995 28
14251 16944 28
3452 8926 28
15371 37952 28
7230 41350 28
32935 43679 28
761 15353 28
9993 42961 28
23880 36163 28
1604 41127 28
8622 22853 28
39165 47710 28
969 3927 28
1298 8342 28
9591 37906 28
17288 18816 28
6686 12356 28
12883 34765 28
1436 1553 28
1738 8717 28
43851 43903 28
6846 16403 28
18187 47674 28
2469 40772 28
5082 7407 28
11075 28490 28
5979 6631 28
5969 46333 28
8098 12367 28
14350 29822 28
3828 40704 28
6696 13528 28
3994 48523 28
30 7141 28
11026 24832 28
4193 10267 28
13894 24958 28
1179 9409 28
6851 15015 28
12817 13385 28
117 9910 28
2009 2237 28
605 3655 28
14211 14572 28
16638 29131 28
24896 42183 28
11094 26252 28
7252 39193 28
5058 18276 28
12874 38184 28
15797 30407 28
24211 46546 28
1587 16354 28
19804 44989 28
21265 23904 28
757 2998 28
10029 12404 28
36193 45748 28
20663 20872 28
4748 6073 28
4397 14113 28
18134 41218 28
11020 18529 28
11696 41800 28
11671 37018 28
43488 48946 28
8609 21426 28
12875 38114 28
18858 43048 28
36940 41242 28
42049 46537 28
12837 18591 28
7244 9051 28
42128 48485 28
4129 19547 28
9044 31438 28
32906 44437 28
35078 47912 28
217 402 28
29353 48872 28
6846 28874 28
12900 28093 28
40654 42840 28
16603 27439 28
26030 39683 28
30844 32576 28
28375 32109 28
20532 37335 28
17567 46610 28
5466 5684 28
17565 40647 28
7028 7371 28
9219 21669 28
8117 17440 28
15390 30141 28
17886 39649 28
144 8335 29
22656 47422 29
23067 26560 29
856 2433 29
2542 46166 29
19595 29636 29
35492 44626 29
4551 12687 29
2891 6192 29
4556 38390 29
24476 27553 29
5563 31573 29
17106 27112 29
27568 36928 29
2538 4831 29
26482 27929 29
17123 22818 29
8936 12200 29
606 1468 29
1816 24787 29
32208 47954 29
7470 13620 29
32272 41968 29
8379 23649 29
43371 45165 29
21823 24359 29
16249 42691 29
30469 34606 29
1444 10986 29
10434 45182 29
1427 29858 29
30465 37425 29
345 1688 29
17093 32733 29
16299 39164 29
26407 37431 29
16300 42257 29
37548 44500 29
23083 36885 29
17119 21720 29
28647 44499 29
5545 28770 29
17099 29407 29
40286 41207 29
3845 28365 29
30525 47410 29
7495 23535 29
134 4223 29
16231 19083 29
40289 44938 29
14984 18557 29
19558 37510 29
5627 13482 29
5626 47030 29
32192 37474 29
10447 20302 29
25461 27130 29
10495 25915 29
16235 28755 29
5616 10498 29
23565 45174 29
10536 32770 29
1125 4678 29
5599 21104 29
9448 31193 29
2887 6705 29
32286 37101 29
5625 13249 29
126 2832 29
10453 12670 29
28653 29151 29
6502 18661 29
138 596 29
43365 46384 29
38175 47488 29
23163 33349 29
239 2877 29
4376 42732 29
14576 37554 29
24733 32288 29
16940 41595 29
8819 14614 29
237 34650 29
40794 42155 29
25877 43437 29
1274 18294 29
12974 16371 29
9640 31375 29
536 6357 29
22218 37292 29
40787 42387 29
40782 49181 29
8645 42475 29
13358 33934 29
538 37914 29
35030 36977 29
6020 16214 29
18806 24673 29
8638 10905 29
27907 39773 29
6076 17431 29
33160 45067 29
29500 44793 29
22273 28838 29
7175 29855 29
4265 11696 29
34995 46728 29
18271 36092 29
25631 29306 29
2053 31326 29
16932 42428 29
33020 46160 29
13333 15050 29
6057 14207 29
38542 39101 29
8671 11731 29
24741 48408 29
30122 46403 29
7189 13776 29
16701 30653 29
33103 37854 29
16965 18989 29
4402 22039 29
5984 46509 29
2273 17316 29
12882 35564 29
2466 37893 29
5982 8122 29
25976 29316 29
968 43296 29
28530 36780 29
29905 31039 29
312 20350 29
18217 22398 29
25593 27148 29
12857 27545 29
14358 18338 29
16621 46000 29
40673 45400 29
40666 49343 29
16613 31063 29
1171 2200 29
18160 26344 29
5957 17134 29
12845 30199 29
12912 37325 29
9940 44165 29
488 5332 29
6012 38699 29
4390 38825 29
9612 32599 29
25931 49189 29
18830 19365 29
40740 44832 29
1286 15739 29
24713 32903 29
18682 19897 29
22189 27757 29
3992 15867 29
41971 44305 29
4397 11161 29
23346 39814 29
27858 39787 29
6326 16756 29
2061 12601 29
7223 10190 29
33444 48629 29
284 31307 29
9749 29059 29
13286 42638 29
3111 8896 29
14456 25621 29
3401 21358 29
13191 16014 29
6258 19665 29
2038 33836 29
14473 21922 29
29468 31521 29
23218 31422 29
30046 37658 29
16903 20707 29
3086 32248 29
947 16887 29
18519 41287 29
508 34672 29
7123 8382 29
16904 31172 29
30052 42507 29
9777 33630 29
22387 48306 29
1210 7611 29
29492 38566 29
14432 30310 29
4285 42751 29
14433 44725 29
34893 39339 29
13266 27261 29
4300 46238 29
18375 23837 29
3976 38686 29
13161 20344 29
41043 48009 29
7101 9273 29
2432 10787 29
14451 48216 29
952 20353 29
13206 21598 29
3094 10754 29
18363 39689 29
6251 43636 29
3110 35716 29
4284 20815 29
4352 17636 29
33226 34357 29
9821 19531 29
7150 47669 29
29972 49045 29
3119 12263 29
7065 18459 29
6104 25584 29
18641 19003 29
3417 23708 29
9842 25831 29
14521 41785 29
4276 9920 29
13066 18793 29
6092 43035 29
18663 44152 29
22442 36794 29
3055 5898 29
18284 47329 29
18676 43365 29
16739 44102 29
9865 18877 29
3075 24319 29
497 2252 29
18535 44809 29
13154 18227 29
7073 42995 29
30064 43654 29
23253 44452 29
14494 44454 29
3078 9113 29
3077 5201 29
18564 27827 29
3987 11868 29
1170 12349 29
14502 30430 29
8723 15170 29
16791 19488 29
13117 27907 29
7142 35736 29
6125 14537 29
33473 47152 29
941 1585 29
3412 45951 29
9810 21428 29
1238 32733 29
12537 29891 29
8494 41850 29
474 25171 29
23449 40577 29
581 1735 29
19300 42465 29
32538 38965 29
14822 32561 29
18014 26085 29
26244 48966 29
33766 40542 29
27724 41050 29
9496 38458 29
5752 9635 29
13515 19304 29
25503 33621 29
40404 47144 29
13519 27729 29
19338 47953 29
3500 42702 29
33775 44541 29
33784 41807 29
6978 10683 29
19349 28188 29
14853 49144 29
10245 13435 29
1847 34246 29
30314 33942 29
2498 22689 29
8519 9946 29
19211 37153 29
28604 40370 29
26204 30932 29
33742 38675 29
26218 26545 29
35236 46632 29
16431 30821 29
4508 42713 29
33745 43748 29
12582 13749 29
1368 8015 29
10251 18264 29
10252 23299 29
16427 29619 29
30343 31652 29
12579 41438 29
10253 19930 29
8496 11692 29
8886 30942 29
33822 47075 29
19428 43657 29
22598 34700 29
5674 35497 29
28094 47793 29
10354 19051 29
10358 18979 29
29562 46571 29
29254 29352 29
7417 42799 29
867 43874 29
3516 48756 29
10348 12102 29
8426 45263 29
23513 38547 29
6960 8564 29
19502 23906 29
16315 47615 29
7431 38480 29
21865 24930 29
19513 21076 29
3522 17580 29
2091 22765 29
40312 40372 29
1395 5600 29
1832 27570 29
1832 4324 29
8895 21063 29
35299 45046 29
14860 23291 29
13532 41988 29
37729 48323 29
161 15174 29
5694 46300 29
16378 44686 29
5692 28225 29
13483 34135 29
40387 43993 29
159 675 29
158 9105 29
7400 29176 29
29847 45560 29
8901 10814 29
1399 2086 29
338 2615 29
1401 13264 29
25487 27025 29
4000 5222 29
13410 14177 29
7263 13220 29
29510 35932 29
16582 22528 29
26073 49848 29
10075 29034 29
6364 23478 29
29514 34943 29
10079 12400 29
202 5015 29
16573 47672 29
5914 19470 29
14335 37631 29
2984 25432 29
16566 46510 29
1866 45769 29
29895 32195 29
19031 31572 29
6375 6549 29
2980 16297 29
10107 15620 29
10107 22766 29
16979 39980 29
7028 9351 29
547 30418 29
215 15908 29
18143 39262 29
7250 37702 29
1876 21927 29
10035 34434 29
42200 45674 29
13405 38176 29
10044 19124 29
6357 10428 29
23401 40064 29
22137 24888 29
7257 8470 29
913 12885 29
32859 45034 29
4425 9849 29
32858 33404 29
2034 16278 29
7260 22508 29
28539 40865 29
16590 20859 29
13458 28999 29
26150 38311 29
12676 40847 29
37902 44261 29
10167 14619 29
9539 46686 29
10168 19609 29
16500 25296 29
28594 39804 29
5819 6932 29
2495 2519 29
40505 45402 29
18076 27655 29
9534 26580 29
19154 33437 29
19162 40232 29
26184 26934 29
16483 17988 29
12648 17624 29
5801 21824 29
6410 48784 29
7332 33336 29
12631 22029 29
21999 46565 29
3364 6191 29
19046 35142 29
18102 46561 29
2978 12924 29
27785 47813 29
26124 34247 29
14325 44092 29
27781 46052 29
23409 47983 29
14325 24290 29
2528 12742 29
12704 27909 29
19095 24764 29
23413 25093 29
1160 21923 29
16512 17919 29
187 25896 29
5839 6089 29
12685 13346 29
3479 29046 29
19123 27970 29
7738 32600 29
14058 26305 29
4808 11053 29
5159 45767 29
1754 4932 29
31281 39643 29
36354 42717 29
1011 7041 29
21191 48281 29
31835 44522 29
7860 12418 29
20824 23455 29
15455 49476 29
7741 34050 29
4663 46343 29
2688 5157 29
9030 36291 29
13675 17495 29
21396 47510 29
29787 49153 29
20424 48484 29
7871 37068 29
24391 38792 29
3643 44937 29
26890 39626 29
11511 18188 29
17159 18109 29
35850 41078 29
738 1260 29
39510 47697 29
1105 1825 29
36776 38261 29
47353 48348 29
5412 40990 29
6564 43534 29
24383 24419 29
4114 32967 29
20120 30414 29
17486 36875 29
13931 44918 29
34046 47123 29
30944 38073 29
641 28712 29
2796 43225 29
9032 19857 29
15441 36334 29
8255 29195 29
5141 12862 29
13930 16606 29
7747 35688 29
7855 25935 29
4804 47108 29
13686 14456 29
4112 22006 29
31300 41219 29
11753 11932 29
9030 42603 29
457 37443 29
105 35845 29
10987 30812 29
20787 26727 29
4113 35530 29
9364 42065 29
4079 10211 29
17595 42596 29
46045 47494 29
7546 16524 29
5439 10494 29
44776 45571 29
3761 29332 29
27285 47604 29
416 11430 29
9389 31332 29
11484 25200 29
15500 36359 29
20905 21394 29
15167 33005 29
19878 25810 29
4952 47883 29
5434 42657 29
32058 34970 29
14195 18624 29
31224 36333 29
8007 14698 29
11817 12113 29
17429 38126 29
21161 29815 29
619 18972 29
4940 16676 29
6646 22007 29
1667 7557 29
9 67 29
29131 39771 29
19865 25263 29
12136 45094 29
4943 5366 29
620 37629 29
5187 46269 29
35633 46660 29
7555 37698 29
31826 44486 29
5425 5444 29
9263 22045 29
11502 48977 29
106 39409 29
13753 22582 29
11964 14684 29
4962 42107 29
39743 48205 29
25060 29550 29
8243 20060 29
1515 29024 29
17613 31280 29
21678 38908 29
44053 47196 29
6865 8518 29
8014 14784 29
12 12645 29
808 5387 29
17447 22944 29
2013 26060 29
15044 29303 29
11951 29406 29
5014 41779 29
25002 27221 29
6885 22949 29
6521 11074 29
22782 23992 29
25331 25972 29
19892 33686 29
20409 26810 29
21331 45655 29
11617 21766 29
26997 31357 29
11094 28314 29
758 2817 29
4046 35841 29
22805 28626 29
12014 42533 29
4777 37021 29
24208 41684 29
46247 49858 29
13722 48189 29
7763 8727 29
31509 34113 29
15346 28600 29
20049 29166 29
4072 32563 29
39993 44731 29
26943 46253 29
14082 34609 29
5118 35522 29
3803 22958 29
5055 5364 29
20675 37483 29
44529 49521 29
2136 35914 29
20031 32630 29
16098 39789 29
2710 5035 29
26681 27609 29
1494 3773 29
11614 16680 29
15395 25869 29
6687 18572 29
6688 32633 29
17548 48871 29
677 14954 29
28807 29885 29
10735 23955 29
39950 44406 29
13715 16996 29
15110 31881 29
7603 46195 29
402 49678 29
9205 24350 29
10745 22796 29
9208 29297 29
2010 12238 29
11648 33436 29
4163 12277 29
4754 47798 29
17299 26810 29
13876 35027 29
91 15147 29
8083 13967 29
20638 29155 29
34247 35520 29
6840 17471 29
5356 7595 29
5370 14551 29
39982 41135 29
17736 31358 29
17538 37605 29
20630 45891 29
21321 33517 29
1000 12142 29
12021 16811 29
4741 25510 29
27040 30234 29
29591 35297 29
11134 25338 29
44206 48065 29
1724 9272 29
827 47658 29
11725 22676 29
44223 45899 29
1092 2791 29
1487 32587 29
7751 16962 29
9352 14439 29
19982 45937 29
12000 38385 29
1777 11943 29
16124 30900 29
11989 38401 29
28140 47984 29
2605 3972 29
10688 49040 29
20747 45361 29
2798 47140 29
14153 19990 29
4074 33164 29
17774 25914 29
20104 47152 29
13848 33463 29
10695 18015 29
17499 38163 29
9357 9715 29
9032 42075 29
12008 16457 29
8067 39712 29
7822 14024 29
26 19244 29
398 20289 29
16068 38368 29
20691 33893 29
8119 17871 29
36876 40412 29
30652 48148 29
825 32047 29
28 731 29
46142 47363 29
1614 12396 29
5053 21329 29
11607 31863 29
20088 32163 29
35754 43863 29
17585 27080 29
2817 13081 29
23708 43862 29
2606 33393 29
25 30 29
11126 49552 29
39032 47726 29
11125 22229 29
798 4627 29
15759 34116 29
4635 19991 29
750 2687 29
11120 33560 29
34236 40567 29
22825 37173 29
34294 41722 29
17408 24181 29
26800 48803 29
7974 45064 29
3194 49625 29
22664 32666 29
28345 32632 29
649 2695 29
16208 20319 29
23021 41400 29
4686 6261 29
29797 36111 29
14028 15009 29
10839 15790 29
7696 8731 29
12195 23116 29
35959 37257 29
23063 42350 29
6869 7981 29
36515 45955 29
26799 31845 29
11409 29044 29
35967 41451 29
12199 44402 29
2341 5078 29
17649 49872 29
36045 38371 29
15009 15328 29
4891 16651 29
24267 42637 29
5263 23539 29
3596 45917 29
3691 28020 29
20196 27812 29
17414 27916 29
43909 47159 29
15019 46396 29
17241 45312 29
11842 18736 29
21138 43509 29
31153 33604 29
13981 34092 29
420 13035 29
615 28223 29
37474 40526 29
420 23419 29
20977 30290 29
3833 15744 29
1558 39377 29
1966 12344 29
1681 11215 29
8955 12000 29
26538 35681 29
27452 44212 29
27192 31192 29
421 1381 29
11419 33174 29
3599 5802 29
9403 45960 29
23608 40566 29
4088 12987 29
31145 42959 29
21454 41556 29
4094 23306 29
6786 41475 29
5236 47460 29
4875 44943 29
2121 4505 29
10878 23178 29
15566 15669 29
31103 33788 29
26779 46199 29
34677 36950 29
3234 18375 29
45177 46853 29
15584 45292 29
45086 49013 29
30747 35504 29
39838 42348 29
29160 36379 29
31080 36289 29
19732 39826 29
3674 19766 29
14120 48358 29
28286 40438 29
30541 35052 29
4864 5862 29
21760 47379 29
2649 4580 29
15574 17085 29
45108 46063 29
849 15338 29
15996 36327 29
15006 30926 29
2762 35217 29
14117 15767 29
23736 24982 29
6530 35011 29
24025 36466 29
23064 31522 29
4887 33143 29
12210 44905 29
1551 17092 29
13626 15929 29
37489 42554 29
6529 12525 29
16007 22222 29
3298 24467 29
48986 49565 29
24399 25808 29
3669 28334 29
3543 4290 29
800 23726 29
7659 41516 29
1965 3002 29
10881 26608 29
11338 25072 29
4037 7182 29
19750 29186 29
7662 15680 29
11379 35245 29
993 14853 29
14221 30675 29
38958 42226 29
2840 10155 29
360 25683 29
11443 46422 29
24314 28081 29
6867 8888 29
13807 15750 29
4060 44217 29
28317 34266 29
9142 35033 29
40123 47362 29
9145 38614 29
11442 27353 29
15021 27372 29
14041 30221 29
13968 25274 29
32091 33781 29
48279 49094 29
5274 42754 29
10921 26022 29
12155 21750 29
1111 34150 29
1995 30600 29
38987 47261 29
2753 13221 29
20376 38424 29
2174 2246 29
22877 30311 29
15674 24694 29
14038 46371 29
13805 14701 29
10921 19309 29
1981 48464 29
19841 46048 29
15029 17995 29
32093 43360 29
8170 12038 29
23790 26643 29
7898 37326 29
21160 21555 29
24255 27435 29
25043 40477 29
13647 24853 29
10917 27402 29
10928 12752 29
8171 42550 29
16020 39570 29
10831 30737 29
27457 47274 29
660 15284 29
15527 39535 29
28367 42544 29
10933 40464 29
11283 12893 29
34487 42316 29
17825 23501 29
4000 45299 30
1588 22793 30
8566 10394 30
22138 48085 30
4705 17239 30
2198 34524 30
11690 34953 30
5819 49922 30
17635 22312 30
4241 5220 30
10174 40633 30
5233 49271 30
5116 19451 30
29012 37001 30
12823 27421 30
45617 47189 30
44 338 30
7300 7412 30
384 782 30
23786 46405 30
31535 38916 30
3364 24773 30
24626 40264 30
21340 43385 30
19148 40472 30
20299 35231 30
3896 21612 30
3594 6101 30
2729 2845 30
8863 22192 30
10108 12846 30
22801 34174 30
31526 35763 30
17632 47348 30
5233 12341 30
12809 22901 30
38051 46707 30
25280 26153 30
26836 35998 30
4412 20671 30
22153 46876 30
1765 17505 30
10932 19276 30
12847 19556 30
15923 48601 30
1171 1405 30
8105 16053 30
1171 2785 30
20382 34171 30
3623 24095 30
34164 41001 30
38 3892 30
15841 45037 30
10191 19107 30
21435 28905 30
7238 48520 30
1299 4943 30
18100 33814 30
21312 24926 30
5868 25886 30
17224 38936 30
12649 39148 30
5962 22664 30
20568 45592 30
969 17630 30
4451 28686 30
9207 43337 30
30785 46798 30
15758 17922 30
3742 42418 30
6847 48090 30
23756 48286 30
4717 17355 30
32750 47168 30
36206 38091 30
45585 47472 30
15228 16720 30
11674 19240 30
16489 20834 30
13808 17262 30
2476 8507 30
2960 31749 30
20278 40790 30
795 2801 30
17237 33831 30
8570 27743 30
3456 14727 30
24937 37159 30
17229 22359 30
20549 33508 30
4414 48191 30
4697 28034 30
1596 8558 30
25583 39127 30
1157 15858 30
7307 47498 30
4002 40267 30
5908 8468 30
1872 5024 30
37080 44910 30
4239 12370 30
14112 36263 30
26074 30780 30
8130 47406 30
21397 47862 30
670 10840 30
2124 24229 30
12686 15100 30
20325 33496 30
31583 38432 30
36973 47070 30
8552 35413 30
24618 46170 30
561 43322 30
5143 7239 30
15320 39932 30
13795 46417 30
1580 8422 30
7727 23389 30
2984 14429 30
32774 49946 30
18111 39768 30
1557 26004 30
5140 25262 30
14111 32844 30
5161 8237 30
32722 34366 30
10087 16863 30
10088 14060 30
9565 12875 30
62 948 30
19013 35217 30
13415 28270 30
202 369 30
28340 28433 30
33639 42813 30
20437 23842 30
38702 40398 30
2129 31068 30
19006 29624 30
10067 11014 30
28186 34500 30
5211 8557 30
28045 42025 30
33636 43737 30
3613 15538 30
8551 28216 30
5906 35671 30
62 4698 30
16510 46146 30
45924 49371 30
11834 31471 30
42535 44425 30
16570 21855 30
31590 38940 30
8539 35916 30
15871 24946 30
11007 33748 30
18973 45244 30
23385 35539 30
39160 44804 30
8576 9017 30
557 40234 30
5824 40046 30
18969 44926 30
11798 26699 30
7282 11028 30
25298 33971 30
13855 37380 30
7256 42222 30
4741 30720 30
14698 19912 30
11015 20342 30
1757 33775 30
673 11973 30
1983 12299 30
38689 39751 30
21345 41650 30
7253 7502 30
32871 33206 30
7756 10066 30
19145 21422 30
18106 46569 30
7319 10411 30
6361 16631 30
671 12515 30
899 31754 30
17008 20181 30
4428 5263 30
1076 21538 30
15896 35363 30
15255 27405 30
11848 38616 30
16589 17682 30
22789 31698 30
17246 32729 30
14753 32445 30
11786 34612 30
36157 42143 30
17256 46053 30
42490 44545 30
38030 46919 30
8850 41467 30
34755 43692 30
10098 21986 30
22770 32447 30
2759 38438 30
10897 37669 30
26853 31623 30
9572 42483 30
12678 24338 30
10896 43474 30
10926 29260 30
35155 49554 30
5136 48549 30
20370 47410 30
23256 29672 30
9668 9895 30
1705 7026 30
30063 42374 30
20929 35580 30
33466 47499 30
417 11202 30
944 27851 30
6145 26962 30
6144 7551 30
417 2124 30
6797 38110 30
416 31024 30
8732 45276 30
15665 30642 30
27173 48162 30
13964 30224 30
27173 47194 30
15669 32471 30
1233 1955 30
4934 13784 30
41400 49999 30
18576 36174 30
18319 48905 30
1675 29672 30
6761 21458 30
1198 1428 30
4322 29250 30
9773 32929 30
33456 37054 30
7985 8231 30
3656 13800 30
36451 37294 30
18331 30042 30
4916 44647 30
21141 26859 30
48324 48471 30
16795 26760 30
23235 33697 30
40959 41500 30
3965 7807 30
13973 21532 30
8750 25208 30
38434 42207 30
13155 28556 30
7127 29958 30
24807 26892 30
6753 33375 30
20944 45257 30
704 44971 30
23986 34819 30
938 28292 30
24783 40843 30
7153 27507 30
257 1058 30
8711 19989 30
24863 28019 30
3064 32356 30
23265 25971 30
18306 40383 30
29970 44358 30
24790 34470 30
7156 29972 30
23984 49115 30
6106 9666 30
1902 41881 30
18639 43559 30
4959 12427 30
6102 6871 30
15703 26335 30
13072 26552 30
22288 42107 30
6803 40738 30
13122 15625 30
13302 33911 30
30069 31732 30
18583 23898 30
16792 18049 30
25778 36528 30
9805 29275 30
4336 14817 30
38384 49385 30
941 7460 30
41424 48743 30
25744 37708 30
29682 33206 30
3069 29954 30
6804 28042 30
7148 25125 30
3384 18987 30
940 12053 30
1193 3140 30
13104 38630 30
6741 29377 30
28957 49162 30
16896 41018 30
41158 45350 30
13267 43739 30
15598 40746 30
4300 6649 30
25691 28586 30
21088 24307 30
283 29205 30
6213 10270 30
27229 38904 30
13271 31286 30
25707 44027 30
24836 49391 30
9733 14550 30
275 44521 30
15601 20295 30
24032 35607 30
18369 28325 30
3398 17520 30
22359 49114 30
2001 2464 30
503 4990 30
13212 42165 30
18454 25575 30
9718 33735 30
14418 26726 30
3107 24340 30
11356 25597 30
717 32927 30
14419 38703 30
957 3261 30
3106 4784 30
9103 40238 30
4857 32253 30
27233 35488 30
25718 34783 30
18386 29877 30
41083 49947 30
28004 38640 30
15585 41775 30
28290 41932 30
14433 15652 30
34888 37427 30
4873 29004 30
13265 29180 30
1028 1750 30
4318 6760 30
2159 14436 30
3986 7491 30
14466 17269 30
9676 10907 30
14468 21440 30
6181 26611 30
6181 20569 30
949 25441 30
16834 38949 30
1684 21891 30
712 2096 30
6763 36273 30
3405 4392 30
4318 14669 30
4903 37203 30
3690 43201 30
4841 9060 30
33302 37645 30
22335 33437 30
20981 45245 30
14403 45305 30
28292 29885 30
20978 26465 30
3683 22368 30
9116 36344 30
1203 4858 30
24023 33524 30
13201 19191 30
13993 39342 30
6195 33011 30
7926 27193 30
18465 34378 30
9746 37392 30
6253 35445 30
1918 3510 30
41264 42636 30
16761 28961 30
13989 16155 30
11316 36824 30
11401 49124 30
9751 43933 30
24825 43015 30
17407 41691 30
33320 38975 30
3112 12331 30
33424 48012 30
13192 39134 30
28980 39891 30
13913 35091 30
30150 37204 30
230 11069 30
27019 47940 30
7216 18180 30
11108 23254 30
14617 17698 30
11107 11684 30
22197 47386 30
15400 49854 30
14082 26992 30
23333 25912 30
232 2781 30
28824 46097 30
543 1886 30
15792 31328 30
6697 12385 30
41968 49488 30
2616 3519 30
11613 27314 30
9964 18192 30
21266 26281 30
2303 9603 30
33032 49729 30
20720 23370 30
30920 44426 30
9052 37724 30
12959 35505 30
5033 43460 30
1182 34643 30
18790 34893 30
6024 10011 30
14599 31210 30
5035 45725 30
20705 43658 30
25909 35472 30
30 8983 30
9931 12103 30
29642 39940 30
29696 37014 30
30144 39404 30
1567 40275 30
40782 45611 30
1726 4463 30
1726 35358 30
25073 41930 30
22826 27020 30
7213 13979 30
15373 47715 30
2713 11427 30
26994 27154 30
6332 12157 30
9987 36230 30
922 6451 30
7794 17399 30
20613 22568 30
26985 44869 30
1735 31702 30
17549 19245 30
34546 45384 30
30868 40806 30
25204 30917 30
7790 10626 30
22811 33651 30
23366 35964 30
9204 42133 30
219 41667 30
11072 37372 30
1601 34488 30
7783 31663 30
22167 37598 30
36241 41595 30
1601 3969 30
8082 33625 30
27852 27908 30
18222 23685 30
4775 45642 30
34545 35312 30
13902 44374 30
18863 31935 30
18863 43701 30
18220 22706 30
20644 44622 30
6693 9069 30
30179 31261 30
3440 22241 30
2466 29747 30
6328 35624 30
18871 37847 30
23882 34882 30
2332 20208 30
13900 48557 30
4253 5596 30
3728 35176 30
4403 36094 30
18204 44200 30
11522 27986 30
6808 35268 30
27117 45761 30
13047 30156 30
1898 27140 30
701 10621 30
14056 20623 30
2285 20378 30
413 12287 30
3946 36167 30
16 26 30
493 34854 30
2449 10610 30
11190 12578 30
1648 4869 30
9871 34503 30
11525 46568 30
17468 18831 30
1187 16736 30
18276 28002 30
23166 25179 30
4360 40708 30
17325 38313 30
23960 49531 30
9848 41619 30
30076 32334 30
9156 21410 30
6096 21986 30
2299 11084 30
9842 14821 30
25160 44532 30
2048 25613 30
15711 17689 30
2677 5941 30
4107 42156 30
27123 49751 30
4812 7090 30
1643 16366 30
18662 22304 30
6090 45818 30
36382 40133 30
24136 33624 30
25162 34717 30
2678 11039 30
25638 46626 30
8026 9730 30
1714 21661 30
25638 36123 30
4811 10294 30
7839 14909 30
47008 49638 30
7053 20187 30
21227 31184 30
46978 48627 30
7842 20563 30
34513 48084 30
17321 22799 30
27049 29312 30
492 650 30
20747 22393 30
8814 18739 30
39221 40824 30
3279 4585 30
27334 29725 30
24872 33737 30
22829 29076 30
6825 7002 30
9907 41772 30
35016 45235 30
15751 22870 30
16674 26683 30
46838 49591 30
14582 17217 30
15730 46437 30
2687 11051 30
40873 44652 30
34510 37267 30
20818 37578 30
4364 40808 30
8689 11001 30
740 3414 30
17322 28420 30
439 9286 30
4366 15970 30
20791 28286 30
6820 32212 30
7851 40853 30
33120 37558 30
36799 48184 30
1052 5784 30
697 17823 30
31330 43496 30
1266 12933 30
9894 48704 30
2183 24616 30
24362 43940 30
12487 42276 30
4197 38361 30
17199 45002 30
37719 46105 30
3846 16276 30
21616 32296 30
6604 47721 30
2558 3170 30
10264 10946 30
3495 6075 30
2246 41271 30
8305 11121 30
19395 36455 30
24969 43109 30
7433 8400 30
32549 36268 30
2506 3988 30
3520 28486 30
25335 28087 30
12422 28405 30
15158 25119 30
35870 42627 30
5641 46000 30
1145 28596 30
35466 39081 30
12550 34005 30
25005 31652 30
19850 29548 30
3787 13911 30
584 768 30
583 14421 30
2809 23910 30
27633 33916 30
10623 15406 30
28644 45341 30
21610 46131 30
25343 47312 30
6959 27084 30
11959 22697 30
26398 43977 30
19303 30907 30
832 9573 30
27689 39225 30
2888 20868 30
25360 45268 30
26400 45581 30
6972 27266 30
29145 34524 30
32536 33254 30
2397 7840 30
21662 40414 30
35241 35379 30
31805 43772 30
13500 23754 30
34699 40829 30
5574 42710 30
336 26432 30
466 26171 30
21868 35114 30
33825 39668 30
40379 42362 30
17938 39395 30
5685 20618 30
10604 47192 30
5575 26126 30
10604 13568 30
16431 21191 30
831 16738 30
1127 3563 30
6970 33146 30
3559 16823 30
19258 35911 30
22557 33951 30
12040 42576 30
10485 43461 30
15177 47521 30
17885 22557 30
8903 14905 30
37813 44492 30
9481 19628 30
16370 19552 30
13506 16722 30
14141 23990 30
22638 22987 30
7570 11302 30
26715 28998 30
19494 42532 30
13565 41329 30
35572 41117 30
595 14840 30
31816 34035 30
10469 19948 30
26706 34792 30
4642 23258 30
1397 13434 30
29194 33834 30
12471 17359 30
12038 46576 30
17832 48643 30
12316 31562 30
13759 24828 30
15096 48348 30
1137 10134 30
9504 23418 30
96 1426 30
8499 33420 30
22728 22960 30
12012 25057 30
32049 41012 30
2805 6710 30
4508 38462 30
19532 49516 30
881 2397 30
5718 17712 30
3818 11195 30
4653 10207 30
16296 18079 30
3851 5030 30
13527 46541 30
13720 43022 30
44537 45787 30
14932 16780 30
2315 13570 30
13732 25829 30
8472 37715 30
981 10406 30
7373 29388 30
29583 42329 30
35649 46113 30
14190 42714 30
6485 7450 30
23030 33629 30
19343 35644 30
3179 11193 30
4177 22520 30
2530 2965 30
42889 45453 30
14188 32641 30
996 39049 30
15048 41452 30
2828 38414 30
862 16128 30
9383 20095 30
35814 42762 30
107 2089 30
35441 44113 30
639 3632 30
637 25661 30
35646 43714 30
30378 35852 30
16074 25744 30
14264 19171 30
19360 28528 30
9384 35099 30
3205 3506 30
6448 17842 30
8411 45547 30
26369 33337 30
5421 30175 30
35423 44987 30
14262 31556 30
7439 37684 30
5317 6571 30
9484 36961 30
111 21044 30
12358 27645 30
2391 17186 30
2242 48249 30
20106 47832 30
1496 31644 30
3498 43035 30
10283 24954 30
32075 39341 30
1954 2139 30
38821 47197 30
10316 49862 30
12029 48234 30
4554 33612 30
19322 33235 30
25459 34100 30
12144 12637 30
8334 26530 30
1950 21101 30
5348 48543 30
10779 23245 30
15144 41144 30
32088 39761 30
8889 14995 30
4515 4647 30
361 571 30
639 22141 30
9388 33089 30
19378 32602 30
601 5547 30
3218 30052 30
10760 12592 30
35643 49607 30
12507 16547 30
1475 42077 30
12363 49231 30
21673 43300 30
8926 25053 30
39940 41333 30
34111 37080 30
21866 41243 30
44022 44185 30
5726 31842 30
89 1239 30
35803 43825 30
27472 28121 30
2382 20071 30
14927 24406 30
30674 49838 30
26696 41618 30
8962 48903 30
15060 33149 30
21931 27770 30
12393 19554 30
23074 38146 30
13692 24529 30
4210 41177 30
9516 42873 30
12593 20844 30
12285 21880 30
3487 5896 30
42722 44065 30
4628 7945 30
6989 35707 30
25441 35306 30
608 44184 30
463 19339 30
19207 42929 30
6908 22872 30
28676 47155 30
3834 37654 30
28602 36487 30
826 5242 30
9359 47817 30
32144 49893 30
8290 12384 30
32193 48894 30
3809 9387 30
26495 34175 30
6904 14272 30
16466 19654 30
27450 40455 30
1411 9101 30
23115 28459 30
9349 44294 30
5552 21047 30
8946 25206 30
631 25168 30
10584 19228 30
10222 25980 30
35558 36761 30
9418 32992 30
17084 18923 30
17032 24521 30
3892 8430 30
37320 49831 30
5495 15632 30
7577 20124 30
630 12759 30
29305 40687 30
28713 31112 30
27656 41222 30
22598 49911 30
35228 43880 30
2869 5901 30
10218 18950 30
27551 48861 30
22711 48630 30
7585 22748 30
14309 30027 30
9469 21880 30
31972 44619 30
4582 47464 30
6574 8698 30
35224 39036 30
14905 29127 30
7415 19199 30
13624 17423 30
8429 38333 30
13621 18193 30
8366 8899 30
25425 25467 30
2102 7796 30
45104 45534 30
5251 21798 30
25011 43825 30
4008 32699 30
21638 30102 30
1485 1629 30
26314 47183 30
26758 37663 30
1453 10279 30
37870 47330 30
32629 41752 30
6409 13057 30
27549 49392 30
7586 11809 30
15075 28938 30
6465 10454 30
328 41931 30
8365 9859 30
26654 45866 30
26650 47237 30
1451 3832 30
10562 13285 30
22657 48379 30
12631 17913 30
22647 34788 30
10361 45501 30
31747 42539 30
43680 44373 30
7492 36287 30
11931 24151 30
13492 30529 30
21742 32350 30
10496 14453 30
8279 10891 30
42753 47261 30
29760 45048 30
25446 27638 30
1400 15365 30
37554 38591 30
19770 39065 30
4025 32186 30
35564 42594 30
19234 29467 30
26454 42603 30
11930 45906 30
5681 5873 30
29258 43850 30
2871 10099 30
12080 44313 30
3190 4705 30
19233 34672 30
26423 37605 30
5476 22480 30
3186 22728 30
17795 29758 30
3341 8085 30
173 49437 30
462 522 30
17037 19027 30
10242 14178 30
32128 35989 30
5399 25464 30
2228 20885 30
15015 41719 30
451 494 30
17681 20186 30
11937 33369 30
14881 34810 30
2876 3336 30
9512 21595 30
32009 34750 30
43526 43974 30
16015 20503 30
3214 33864 30
10226 30142 30
19768 26507 30
17846 46730 30
8515 9979 30
10381 32804 30
805 38765 30
14240 24234 30
16351 34578 30
13922 30452 31
1481 5744 31
25008 27049 31
2625 35101 31
6717 16638 31
28254 29119 31
13057 38697 31
8811 43271 31
44232 47333 31
2349 14756 31
4371 5737 31
9369 12767 31
24493 44570 31
24873 26837 31
2699 19132 31
6299 6658 31
15751 37407 31
16302 35740 31
18699 25449 31
1638 22057 31
27062 39311 31
25471 30958 31
5416 23698 31
6713 47514 31
1653 10891 31
3041 7399 31
15057 41250 31
19947 20867 31
8978 26001 31
11553 39727 31
28502 43384 31
12430 20676 31
13049 49870 31
3436 14720 31
11216 44751 31
5418 6877 31
25873 43728 31
15731 28810 31
1474 1911 31
38252 47609 31
38321 40324 31
5662 7213 31
5406 11634 31
11166 22723 31
7860 10710 31
11212 37286 31
4629 13438 31
30923 34619 31
439 12318 31
16340 17579 31
22249 39266 31
2152 11129 31
2694 4830 31
25895 38824 31
2278 23313 31
9846 35576 31
2057 22593 31
10373 15204 31
18666 47110 31
13951 35667 31
14582 19927 31
18778 44297 31
22265 38328 31
4795 33897 31
12968 28798 31
18655 26159 31
47155 48428 31
7159 32077 31
36788 41763 31
32331 41460 31
20777 25037 31
536 15662 31
39197 39733 31
16713 18840 31
24766 33566 31
23169 29653 31
19508 21670 31
12989 35896 31
34054 47559 31
24739 42767 31
3051 32783 31
9883 20938 31
14171 26280 31
13561 23279 31
9642 12771 31
24167 41953 31
2282 20190 31
16735 45297 31
24384 27497 31
13017 19163 31
11189 49931 31
13332 24153 31
12075 41307 31
30089 32271 31
7577 12007 31
17791 38323 31
9904 49694 31
28439 46948 31
24496 42979 31
20827 44667 31
28838 34348 31
3709 20672 31
35703 35964 31
3426 21757 31
14270 35795 31
19943 36138 31
17928 43433 31
14538 49785 31
33523 47715 31
19963 44306 31
22830 26396 31
31276 49293 31
11524 28426 31
4203 22607 31
14549 34940 31
13946 16331 31
1719 25164 31
3336 5762 31
46951 47370 31
23162 27912 31
2110 10467 31
33538 37219 31
11517 15430 31
5395 44055 31
15059 34793 31
21858 24938 31
4111 26905 31
25482 31244 31
1629 31298 31
3055 8175 31
9458 35897 31
962 1805 31
11143 11540 31
7869 25036 31
149 2302 31
22222 43927 31
23944 32832 31
12098 17430 31
18671 29999 31
11185 13889 31
3523 19136 31
2316 40806 31
18694 36923 31
3423 38944 31
37358 46193 31
14554 17208 31
14569 35830 31
33078 44529 31
20740 33542 31
11554 26327 31
7059 19328 31
19477 38157 31
10678 22744 31
4173 45425 31
21860 24637 31
17153 25912 31
26617 28512 31
11539 18602 31
2454 3899 31
248 40749 31
12425 49979 31
14058 22600 31
2633 31647 31
18477 41472 31
7924 15464 31
11312 20936 31
7972 28522 31
25733 31994 31
23223 31715 31
1221 5969 31
17110 25180 31
4192 30575 31
34431 35463 31
24850 35334 31
12199 21453 31
4566 38514 31
43797 45071 31
41001 43287 31
854 17137 31
7110 42983 31
9757 10548 31
17844 25160 31
15550 27031 31
17391 47516 31
3 73 31
8953 40184 31
11387 48775 31
4310 34342 31
19674 37442 31
39367 40449 31
30560 35232 31
16250 35180 31
14976 19981 31
1801 2548 31
3833 5619 31
19669 19698 31
6192 7066 31
29151 34016 31
3656 12120 31
11431 16981 31
19793 25832 31
27533 49694 31
7911 9142 31
40224 42313 31
115 25084 31
7519 23483 31
9774 10325 31
9775 12886 31
5466 27056 31
26552 44237 31
13163 42375 31
728 35928 31
22416 48513 31
6500 8099 31
22418 23624 31
16199 49091 31
11440 47584 31
17884 41382 31
25446 28440 31
21118 24901 31
25736 44239 31
31141 38928 31
18490 45590 31
13179 39457 31
27584 31999 31
13179 35495 31
990 10341 31
7965 15073 31
21734 47474 31
21800 25275 31
7117 23514 31
17840 39919 31
33301 33852 31
6172 41534 31
18337 45811 31
16203 40275 31
34903 35970 31
14995 18553 31
499 11964 31
4869 30473 31
6519 31444 31
21766 38580 31
282 3466 31
8948 43087 31
30539 42232 31
35537 46851 31
26473 36196 31
717 15010 31
6783 41173 31
2339 47127 31
1028 3838 31
6777 15946 31
16238 37805 31
31104 33575 31
23586 42467 31
30528 43499 31
9107 29064 31
4035 48240 31
14990 45451 31
24839 47904 31
4035 29936 31
31094 37055 31
125 631 31
8784 21721 31
49291 49778 31
499 22063 31
14423 26779 31
14015 34450 31
11361 37781 31
4579 32021 31
2000 16574 31
33378 42307 31
6229 31926 31
14431 14795 31
17861 29687 31
23197 47218 31
992 3107 31
1442 12149 31
39353 42271 31
18371 48417 31
28885 46457 31
3110 4231 31
21784 22605 31
33349 45393 31
5496 32202 31
28882 30630 31
14230 46600 31
4589 5361 31
31111 41429 31
4886 25769 31
4309 8213 31
17116 24329 31
19677 21003 31
2863 26364 31
16238 46876 31
26468 37556 31
7503 13754 31
18427 35495 31
6216 17768 31
3671 30592 31
21778 46141 31
6215 12792 31
1034 1745 31
17351 46932 31
15599 25295 31
2384 46626 31
37501 39011 31
3670 44036 31
4852 12804 31
43574 47066 31
33357 48070 31
3396 9456 31
1711 4100 31
8401 38269 31
2154 33674 31
21828 36647 31
13107 18552 31
26585 40620 31
47862 49861 31
8802 45961 31
11240 36827 31
7147 14145 31
37593 49526 31
2445 45826 31
1961 7773 31
35641 40399 31
20898 21016 31
36725 44205 31
24786 49362 31
10433 19320 31
16790 19299 31
2892 19034 31
8007 14012 31
3288 41029 31
8330 32542 31
20910 43731 31
48014 49167 31
29816 39734 31
25655 31085 31
1662 33868 31
40769 48199 31
9390 29469 31
15509 36870 31
47876 47880 31
15688 31792 31
16785 42893 31
11242 13931 31
415 1905 31
5429 16862 31
3287 49091 31
15489 37888 31
31245 40394 31
20884 44218 31
17148 28586 31
7064 25928 31
8408 14131 31
13313 27332 31
2672 9976 31
2286 18080 31
6101 12199 31
32321 36886 31
7878 21510 31
30075 34973 31
32324 40759 31
18653 42663 31
22433 41677 31
30607 39763 31
27523 31882 31
4953 33545 31
26371 33482 31
18612 18942 31
7449 43903 31
30474 39679 31
7153 47694 31
4040 32504 31
28015 29986 31
47670 49275 31
22872 47684 31
23179 31233 31
9834 10374 31
4815 27134 31
8321 21150 31
9835 22985 31
30471 47035 31
13 31 31
4104 12081 31
16766 44760 31
4928 28474 31
43927 48816 31
38507 40426 31
6752 12660 31
3695 29328 31
6801 8675 31
22422 43072 31
38505 47992 31
9666 18629 31
4930 20347 31
32270 46452 31
27268 28706 31
29791 44512 31
13588 15787 31
7462 47819 31
2883 18515 31
21145 25043 31
32246 39999 31
7903 19047 31
8347 34836 31
17140 39176 31
7467 36654 31
13155 42129 31
33860 45854 31
13643 42928 31
13137 32880 31
1128 19630 31
33285 43874 31
19816 42113 31
11448 14688 31
11449 37493 31
3963 36710 31
13148 32484 31
24992 38024 31
14502 43756 31
512 24912 31
26574 38258 31
9798 26742 31
1233 25881 31
8335 43742 31
13127 23863 31
26578 41791 31
17910 21458 31
2045 10622 31
24402 49866 31
33855 38712 31
10441 15192 31
6130 38497 31
23995 32736 31
15681 25315 31
8005 21535 31
15035 24731 31
35589 35900 31
27592 36768 31
27177 33749 31
1110 9467 31
34944 42221 31
24116 32618 31
3076 22266 31
512 1717 31
5590 8016 31
31189 45031 31
3058 5830 31
8 17594 31
3527 34564 31
18570 42257 31
6801 35980 31
19829 21986 31
17143 35753 31
25775 38398 31
12340 31803 31
31570 47795 31
1143 3179 31
11723 46155 31
209 1269 31
2479 11671 31
10057 48609 31
7019 24651 31
3139 47028 31
5322 17820 31
29859 33829 31
2989 45461 31
7019 20437 31
35827 40147 31
23030 27372 31
395 3631 31
7748 49301 31
26926 35357 31
25551 33169 31
23777 45227 31
10760 44019 31
319 1019 31
6852 31310 31
209 45162 31
1341 36347 31
11711 21435 31
1379 27831 31
14673 46718 31
14843 22522 31
7653 41855 31
42552 49289 31
1951 37717 31
19116 45177 31
40584 47717 31
642 2756 31
36967 48197 31
46021 46060 31
44652 46269 31
8224 42066 31
42838 43934 31
8847 11586 31
8998 14079 31
10276 20061 31
11976 40439 31
2481 22875 31
3787 5489 31
2940 6354 31
29031 34371 31
17213 31473 31
5740 14737 31
5740 15721 31
20210 35797 31
27433 36235 31
10994 18217 31
18001 30698 31
5914 28677 31
4428 13638 31
88 165 31
26052 45643 31
18005 31560 31
39067 40865 31
25573 33873 31
5910 39326 31
5269 26758 31
448 21278 31
1091 1994 31
7248 31572 31
31519 33360 31
18145 19391 31
5830 11623 31
177 24354 31
28755 45325 31
3586 4812 31
3479 45860 31
14856 41234 31
1385 3622 31
8606 18643 31
42163 42494 31
19358 26485 31
11034 24516 31
11686 35216 31
6594 6828 31
12683 39765 31
2728 2947 31
14322 42340 31
29604 32412 31
919 2082 31
15345 17933 31
12512 21886 31
6447 17341 31
7381 24253 31
17569 36589 31
38076 39395 31
2588 5979 31
10161 37900 31
566 1888 31
1744 26261 31
17011 20533 31
32863 47461 31
8259 49051 31
14853 37467 31
12528 15437 31
39677 45301 31
2331 35079 31
8600 28023 31
3139 4987 31
14342 22578 31
16597 19446 31
16508 45798 31
20094 24798 31
25293 44775 31
672 24383 31
5724 34492 31
2758 5009 31
7619 10488 31
8119 14630 31
214 285 31
8470 14352 31
24901 29767 31
8261 23362 31
1304 26492 31
37086 41596 31
42193 43225 31
8841 45080 31
31835 34695 31
14788 41065 31
10155 17464 31
5119 43803 31
8602 47850 31
18137 24638 31
790 36476 31
6848 25341 31
24240 40896 31
10113 47029 31
5287 16397 31
3164 3580 31
14139 29495 31
5761 21304 31
22777 27967 31
17685 40272 31
8153 47470 31
23404 33402 31
19059 33900 31
6387 10718 31
12702 13017 31
30704 44802 31
27729 32486 31
24242 31836 31
13498 21209 31
28399 45857 31
6611 7378 31
2067 27799 31
32605 44025 31
1976 19689 31
25329 47674 31
33671 49054 31
2068 13654 31
28577 43740 31
6884 40711 31
5185 27945 31
2487 20016 31
9274 13384 31
23786 26649 31
26829 30654 31
7298 22662 31
577 10076 31
37061 43516 31
6643 15400 31
10236 35609 31
3490 5030 31
19083 45127 31
23139 27557 31
10134 22738 31
2972 4516 31
25315 40076 31
9511 41299 31
15272 17669 31
15180 25658 31
6642 19671 31
3364 33465 31
38726 40459 31
30709 36293 31
906 917 31
22059 24159 31
26232 45089 31
2260 27229 31
8557 36335 31
10245 18051 31
5849 48331 31
20185 36162 31
11827 18077 31
4678 16708 31
5280 20387 31
31801 49899 31
14723 32184 31
32738 33732 31
21452 39498 31
1376 7630 31
27461 30606 31
20431 38206 31
19301 33595 31
10833 34258 31
7634 13345 31
1514 2072 31
42348 43993 31
10264 37231 31
14819 28664 31
21955 29952 31
25047 42235 31
11770 23512 31
6605 31233 31
3758 47957 31
1515 49797 31
1838 13623 31
8247 45474 31
9030 20960 31
5155 49283 31
15261 19787 31
47 27009 31
30231 49752 31
19225 21895 31
26242 49296 31
13825 33151 31
29722 35954 31
39069 41843 31
31604 47670 31
19225 35758 31
903 46768 31
32798 44456 31
10082 39576 31
4457 48313 31
20406 35732 31
15291 19008 31
81 2235 31
6863 32971 31
14706 25177 31
16557 43663 31
12572 16231 31
15297 29636 31
42779 45096 31
1371 22589 31
376 18932 31
13428 37050 31
17622 40770 31
21542 43979 31
5291 18601 31
21562 27854 31
10792 13228 31
29890 33651 31
33646 38899 31
22560 30985 31
21403 24552 31
1866 8975 31
14323 25369 31
19029 26370 31
4442 4789 31
26858 46968 31
6607 18850 31
10957 15279 31
9515 10252 31
2983 5404 31
687 11819 31
30166 41518 31
1783 15087 31
11609 16544 31
3777 41520 31
2568 40780 31
30894 41452 31
3893 7667 31
13460 44093 31
755 10010 31
12911 18612 31
16953 47062 31
23340 27454 31
10723 23143 31
875 3189 31
25948 37802 31
9192 10959 31
39845 42226 31
4637 7367 31
22006 45454 31
13365 28914 31
7815 49879 31
20019 20420 31
6411 22743 31
11097 19070 31
2709 9039 31
8438 45775 31
18835 31561 31
871 2705 31
487 30126 31
6579 27741 31
15997 42398 31
12923 14830 31
43011 44890 31
8189 32019 31
10882 36625 31
28988 49750 31
5068 23727 31
544 1148 31
33727 46294 31
10335 16299 31
8450 15917 31
159 5931 31
3869 27261 31
12480 40327 31
13375 16629 31
45305 47863 31
34076 35889 31
11620 32566 31
18871 31524 31
37111 40932 31
2404 4546 31
28394 40573 31
33807 45378 31
16644 25440 31
21473 30419 31
1539 40524 31
543 34719 31
31709 32034 31
25928 26567 31
2401 23918 31
34790 38905 31
10851 49743 31
2712 5685 31
11092 45655 31
4047 8720 31
8082 16823 31
34721 40535 31
4150 7852 31
20703 32402 31
18801 39341 31
37881 38774 31
5036 29424 31
17755 30165 31
33552 40519 31
16110 22300 31
3276 13857 31
1280 8369 31
328 530 31
7676 36666 31
10708 24769 31
8640 31993 31
22480 32777 31
1956 2967 31
8207 21640 31
10368 41670 31
488 46766 31
25898 36782 31
7415 24412 31
10367 39398 31
2702 40319 31
20710 22621 31
2022 32064 31
45118 45483 31
12649 40097 31
10197 17243 31
21884 27608 31
20001 30155 31
41911 45892 31
10870 38684 31
42604 48137 31
19431 22645 31
23924 43250 31
21632 37271 31
17232 41547 31
6699 11049 31
15413 40822 31
1945 7076 31
7666 39305 31
18228 29097 31
15404 36691 31
6872 17884 31
24371 35095 31
9049 11137 31
31738 46229 31
23039 45080 31
13913 48557 31
26314 40631 31
10355 14452 31
3863 5418 31
41884 49221 31
2495 13327 31
3231 29790 31
5244 25874 31
542 4669 31
39179 43954 31
18814 22277 31
3632 9855 31
10352 11640 31
16484 20322 31
3992 9302 31
19382 22048 31
1740 31613 31
9485 17713 31
8897 29195 31
17063 25204 31
3735 6728 31
1598 2478 31
16615 31256 31
25215 49852 31
30286 33935 31
14863 49829 31
19199 29438 31
12505 42631 31
22581 43475 31
7234 10719 31
3160 20395 31
26985 40573 31
2367 6758 31
36247 45856 31
30186 49443 31
33609 43523 31
20592 26980 31
5094 34621 31
36242 48635 31
26973 29164 31
11915 22586 31
15106 28361 31
5824 9193 31
20587 34045 31
19134 25255 31
6847 18113 31
35077 47140 31
15113 16471 31
9036 32047 31
18929 24579 31
39 1709 31
17279 44405 31
4650 23635 31
8108 15207 31
21322 32252 31
23020 37825 31
1743 8133 31
1831 7526 31
11051 24441 31
12840 15936 31
4709 9575 31
9338 17316 31
217 45622 31
10009 29109 31
28759 38359 31
24886 48855 31
19377 28319 31
25296 45114 31
45327 46696 31
1500 11769 31
42985 45051 31
4127 21854 31
5703 38020 31
5703 41545 31
14861 30228 31
1780 25251 31
574 1161 31
23477 38891 31
37712 49070 31
11862 20701 31
17983 38049 31
683 10303 31
31765 35908 31
10323 30572 31
26288 42689 31
7793 29255 31
28626 43555 31
31468 45758 31
20623 31775 31
16957 47153 31
545 18733 31
7689 16154 31
11629 40458 31
7602 12012 31
16498 25917 31
16008 19315 31
25601 39021 31
4773 7914 31
25299 34825 31
6456 12352 31
11087 26021 31
18882 35009 31
15201 16677 31
7398 9913 31
879 4058 31
14089 35813 31
4402 31251 31
4215 12146 31
11856 26287 31
32956 42811 31
42065 43952 31
8450 23583 31
18210 28406 31
10737 21774 31
13793 46760 32
9014 20815 32
14008 16382 32
6402 47831 32
1078 40787 32
6781 15132 32
6638 28877 32
38758 42361 32
24850 49562 32
34608 48105 32
462 14491 32
16889 42107 32
18040 28214 32
978 9546 32
6868 37695 32
25542 44875 32
3298 15531 32
9285 36175 32
17398 30274 32
17857 32301 32
3191 13762 32
9112 25340 32
1946 34195 32
9089 11086 32
9690 18838 32
17377 37496 32
9687 44455 32
9696 15556 32
13286 30466 32
13623 46608 32
16898 39536 32
18034 18344 32
17034 44335 32
13489 15883 32
18088 38323 32
326 17586 32
8858 16417 32
24848 41079 32
326 23545 32
18353 30540 32
1080 11389 32
8878 11478 32
13286 38807 32
33418 44253 32
13489 27018 32
6618 8373 32
6530 11444 32
33732 43082 32
33743 45552 32
6400 44755 32
14307 39150 32
13986 15913 32
9280 30502 32
6791 38238 32
17658 28741 32
13991 30109 32
2038 43992 32
41038 44363 32
23195 42249 32
23073 25887 32
39787 43443 32
9696 34403 32
14005 17827 32
4213 32674 32
18195 22764 32
16961 49663 32
9169 36348 32
6560 44360 32
34253 44433 32
438 12498 32
7056 12523 32
13566 47667 32
3993 5507 32
2353 24043 32
4079 16093 32
3132 9699 32
3337 19557 32
1017 4052 32
25496 33853 32
17322 42345 32
40728 43273 32
13566 39858 32
6586 39583 32
17298 28529 32
7037 21093 32
9175 16566 32
39982 45563 32
9176 13068 32
18169 35658 32
34008 36480 32
4161 43496 32
6345 6377 32
25585 26775 32
17089 24868 32
13669 40706 32
13575 34697 32
3269 14807 32
22502 41726 32
34779 41484 32
1022 21004 32
3130 18823 32
363 1877 32
7060 43827 32
4126 36405 32
14294 42421 32
29782 32396 32
9648 39541 32
17330 19591 32
40693 43145 32
33604 42450 32
22591 34046 32
17320 20524 32
6699 46177 32
1955 18983 32
308 1237 32
9472 38610 32
14081 47447 32
3126 11303 32
13350 19942 32
22484 37469 32
18243 47526 32
9350 22902 32
2302 6959 32
14077 48750 32
3174 16760 32
23105 41051 32
22955 48135 32
22604 23985 32
9052 14788 32
13357 48519 32
17765 43517 32
6472 11946 32
39575 47963 32
13908 17876 32
3215 30315 32
9462 36146 32
17744 38584 32
25195 47697 32
25172 39864 32
25172 41765 32
34538 44955 32
9046 25067 32
2347 48606 32
4165 11096 32
6300 11227 32
6903 9511 32
6460 35311 32
33525 36104 32
23045 26545 32
3214 28883 32
14072 31856 32
17499 26438 32
7052 44350 32
4241 40679 32
13593 19768 32
29794 38344 32
1038 13508 32
1164 1209 32
974 44634 32
9138 9484 32
4277 33506 32
13972 35881 32
23062 38487 32
14401 39862 32
38998 43652 32
6649 22783 32
452 790 32
17246 38462 32
6369 46049 32
321 928 32
6437 32751 32
3142 22051 32
3250 4971 32
39734 42466 32
18122 24368 32
3341 4681 32
2020 46755 32
16902 19158 32
6533 7468 32
6426 40941 32
6260 15233 32
4029 4793 32
34142 48864 32
9426 18381 32
2027 34906 32
18095 49464 32
6504 19032 32
14330 25107 32
3340 4384 32
14254 14425 32
9084 26431 32
33868 34730 32
13429 16543 32
17834 30054 32
6952 21420 32
13758 15802 32
13595 20684 32
9503 48028 32
22778 43643 32
1043 10582 32
39064 45997 32
7065 43875 32
40102 49739 32
34767 43608 32
17569 49480 32
23179 23693 32
25579 35975 32
6278 19298 32
28319 32627 32
25223 48682 32
33622 39573 32
13524 22966 32
28196 35980 32
29857 45573 32
6675 9930 32
6349 16475 32
7027 25796 32
38676 49904 32
22941 24445 32
34500 37938 32
4221 18155 32
6738 8263 32
13662 49849 32
9217 44383 32
446 1536 32
13746 16800 32
1195 5482 32
25347 32346 32
24994 46408 32
33770 36206 32
360 34810 32
1986 5939 32
1974 21146 32
13408 36338 32
325 1217 32
971 25024 32
25240 31543 32
22508 46231 32
25151 39243 32
1142 4467 32
13858 28809 32
34576 49167 32
14051 29238 32
6979 20409 32
5216 19373 32
16433 17453 32
10244 11280 32
3599 45477 32
30334 45126 32
4496 7888 32
24570 38585 32
10250 48178 32
2590 2980 32
19283 44456 32
14817 48758 32
32549 38427 32
3887 29856 32
5748 44139 32
20357 21654 32
12559 42825 32
15256 36222 32
45371 49240 32
15966 22388 32
42821 49217 32
19310 29083 32
5219 47893 32
45334 49725 32
45325 49412 32
19318 33266 32
10884 11682 32
21934 47442 32
7333 41306 32
22001 25235 32
42682 49966 32
16475 19469 32
2497 19199 32
572 4462 32
3761 4477 32
14787 18757 32
2498 9184 32
12619 47267 32
30318 38974 32
584 8791 32
4720 32791 32
24244 35668 32
3489 31005 32
2752 3101 32
5196 30298 32
1562 22263 32
27736 46127 32
577 2005 32
26229 30037 32
20361 35298 32
16438 38374 32
24572 35616 32
2511 36830 32
10856 28917 32
1829 46027 32
7387 16896 32
12496 20997 32
2928 22973 32
10847 39505 32
11913 33938 32
20226 44042 32
10321 14272 32
1531 17990 32
26284 26842 32
16378 39913 32
36004 39766 32
23487 43204 32
28751 49832 32
28628 32329 32
20205 38468 32
19416 40265 32
24527 25730 32
11932 20296 32
77 27684 32
30711 31204 32
30410 47120 32
157 32154 32
26726 32600 32
8201 33334 32
8187 22797 32
3499 8827 32
15988 27297 32
5239 49362 32
71 1777 32
3878 37246 32
795 5325 32
2935 21890 32
7678 10409 32
10292 22555 32
14847 41599 32
7373 8664 32
29046 30769 32
5244 32951 32
24293 28597 32
2769 21025 32
42880 46463 32
4697 20468 32
21925 31800 32
23473 26707 32
16391 18067 32
4695 11359 32
2770 46185 32
4754 31456 32
11064 15928 32
1597 40683 32
7771 26340 32
5889 49138 32
10096 19301 32
11055 49852 32
26954 39136 32
11055 31859 32
19035 30002 32
1595 36790 32
20546 30352 32
19041 31421 32
909 5726 32
4447 45482 32
8116 13703 32
5111 8808 32
27371 42646 32
27789 29902 32
5872 35393 32
20530 29037 32
24639 49248 32
19060 30702 32
3904 36239 32
1591 21786 32
27816 45237 32
18969 40941 32
3628 7010 32
5071 26813 32
759 5555 32
12796 36181 32
32852 39735 32
46521 46525 32
1607 2225 32
32842 45817 32
8594 35308 32
46501 49722 32
19064 29639 32
11631 12965 32
11082 32852 32
15376 25631 32
12765 35006 32
22112 37735 32
1602 6099 32
15831 17956 32
12764 40529 32
679 6139 32
32805 47136 32
1600 2606 32
10087 38966 32
8133 37450 32
46068 48842 32
10159 25890 32
46046 47647 32
36160 47663 32
2493 10209 32
30285 33456 32
46 392 32
19138 24165 32
23426 30446 32
27762 46824 32
42586 44423 32
3613 30986 32
1855 2345 32
12661 20744 32
16490 21968 32
896 5671 32
4732 40128 32
7324 40407 32
14770 19354 32
37882 47414 32
10190 22682 32
14773 32673 32
11768 38718 32
8527 40034 32
768 11911 32
11695 36426 32
3471 28894 32
12712 26659 32
14734 21351 32
10131 14786 32
3901 9734 32
19087 39939 32
43 6880 32
26936 29748 32
26141 29688 32
22041 44854 32
23727 47557 32
42536 45445 32
46107 47818 32
10147 20136 32
36180 39139 32
187 30120 32
5839 37228 32
21353 49276 32
5838 29799 32
11007 49570 32
5132 15225 32
10567 47301 32
2547 33703 32
21632 41555 32
5518 18426 32
2113 3916 32
19727 26313 32
12230 43616 32
14995 25694 32
44264 44402 32
32150 42251 32
7584 42645 32
5504 44906 32
30643 35298 32
8287 36070 32
121 43620 32
3811 26006 32
3542 41195 32
35556 39113 32
21751 23245 32
4589 21237 32
23601 38132 32
19760 48721 32
1485 7353 32
4591 7800 32
5489 24738 32
10589 14216 32
16207 44011 32
26455 46058 32
20049 48311 32
12298 29943 32
44400 47813 32
23569 27204 32
5558 32650 32
19667 44421 32
8381 9479 32
10727 18213 32
634 21142 32
10507 31178 32
19972 45448 32
21786 26411 32
4572 49243 32
12277 24375 32
14980 32966 32
5540 35104 32
16099 46697 32
825 13220 32
26467 28157 32
37531 41807 32
19701 49989 32
14983 15037 32
12047 16874 32
10535 47001 32
19905 30716 32
28687 35072 32
12086 17320 32
24407 27010 32
1796 8868 32
32094 48449 32
12153 33873 32
7564 16323 32
4619 34386 32
24389 35443 32
8333 45464 32
29136 34322 32
26621 31769 32
15038 47079 32
12106 17850 32
26607 26920 32
3553 9908 32
32052 48328 32
24393 39532 32
5432 10035 32
24395 31270 32
26599 34499 32
26606 46706 32
623 626 32
37389 38600 32
15017 24528 32
12061 40319 32
5482 32404 32
12066 46891 32
12068 47306 32
10594 11417 32
5388 6346 32
12191 31095 32
30565 40264 32
12190 48144 32
7517 10483 32
26633 47876 32
1459 13853 32
10730 33297 32
15018 47031 32
3813 6225 32
5393 22064 32
3560 29144 32
19950 47270 32
8347 42233 32
5397 32780 32
32113 32488 32
84 15052 32
31827 38280 32
7426 10678 32
10387 13944 32
5648 17813 32
27647 32446 32
32387 48474 32
44685 46186 32
5303 16313 32
1413 44910 32
10387 43704 32
12425 43413 32
3520 13440 32
11967 23560 32
643 3076 32
10381 40187 32
5637 5805 32
1511 40546 32
30447 37542 32
21855 49809 32
15146 30684 32
31852 38804 32
5627 14150 32
144 11153 32
21571 40572 32
642 10815 32
11980 20513 32
2898 12107 32
4527 37880 32
32441 45609 32
20187 32194 32
5284 26802 32
7644 12415 32
12458 48742 32
19435 43461 32
12458 15373 32
31807 44401 32
37223 44800 32
8435 12995 32
10365 28650 32
11945 22100 32
26316 36465 32
27464 34037 32
10811 37002 32
7413 45830 32
26317 48244 32
12453 28298 32
14901 47720 32
5660 41906 32
593 15749 32
24499 49552 32
7422 42895 32
8240 12038 32
2579 7071 32
20074 34004 32
43425 48062 32
12316 44313 32
3795 42420 32
16075 31347 32
32242 33650 32
10746 28219 32
24357 31152 32
15110 37851 32
5573 26465 32
2095 4902 32
10478 49188 32
10479 25969 32
16090 16922 32
37574 37801 32
43500 49796 32
95 15502 32
32228 46344 32
8384 27268 32
19648 27503 32
10487 45240 32
23689 27770 32
3842 40379 32
3526 45783 32
5617 20567 32
4657 12294 32
8405 12489 32
2532 24558 32
601 34941 32
2533 12057 32
5323 23384 32
21829 26129 32
21584 48229 32
10758 14823 32
7455 17443 32
18398 38785 32
3848 25078 32
16060 32440 32
12349 38192 32
31878 43848 32
5594 6712 32
3529 36696 32
28653 35227 32
15121 18441 32
14969 37299 32
16276 32945 32
32262 49022 32
740 10389 32
3442 6768 32
14596 38077 32
2688 31475 32
31300 37487 32
7856 25490 32
698 20649 32
21118 24953 32
9932 25983 32
11538 25140 32
14592 39114 32
6171 22832 32
25743 47002 32
13170 22015 32
14608 44105 32
2149 27922 32
4386 23036 32
8042 10757 32
3662 13634 32
8043 12238 32
11413 37507 32
4328 30628 32
38216 43818 32
9903 25126 32
7908 31530 32
15643 23380 32
3937 5574 32
7196 35025 32
2056 38980 32
7128 49838 32
4986 34709 32
41314 46170 32
18542 22870 32
3936 4962 32
16818 46816 32
3405 32022 32
6 7983 32
16822 20902 32
12964 18146 32
7858 35030 32
13199 29466 32
14621 45614 32
1222 32525 32
25942 27193 32
3664 16342 32
23351 28497 32
36533 49830 32
14456 23170 32
5992 36238 32
16844 21080 32
1220 38435 32
15550 39055 32
5013 33760 32
8770 10943 32
29474 34717 32
38125 47601 32
29477 39997 32
3013 23487 32
5005 14382 32
28931 35002 32
8046 11310 32
27254 36986 32
11165 38830 32
1884 7721 32
8757 28318 32
27207 35464 32
33010 42479 32
8034 34054 32
15444 17815 32
7924 21812 32
6182 15984 32
2293 43992 32
15443 46233 32
30170 32112 32
20764 45462 32
7925 22187 32
924 9183 32
1660 15858 32
10 179 32
20899 35743 32
31221 32539 32
27137 35686 32
4953 29979 32
522 33550 32
41650 44150 32
38331 40284 32
30992 44144 32
11450 29550 32
41659 48441 32
3646 35248 32
47653 49594 32
13089 29779 32
14543 22032 32
24102 25735 32
16722 41474 32
1657 44954 32
25853 39585 32
518 1793 32
1249 2806 32
13068 30555 32
36690 39798 32
23993 27256 32
48027 48297 32
27281 30588 32
33205 35827 32
15513 20822 32
4960 49810 32
16754 17708 32
250 1137 32
9859 18606 32
732 36146 32
27148 28557 32
3653 48413 32
20899 43751 32
20965 43032 32
3939 4887 32
15651 19550 32
22245 44866 32
1269 11701 32
31173 47392 32
3040 37632 32
13132 16318 32
261 4822 32
36768 37601 32
18746 36474 32
2661 41206 32
6146 43407 32
33262 44288 32
6041 49338 32
22323 33264 32
4980 16717 32
38221 49831 32
27944 29593 32
15705 27150 32
7877 45163 32
1657 22806 32
4813 9328 32
38287 43740 32
9823 17443 32
11275 28913 32
18712 24166 32
3068 20738 32
3955 40084 32
18968 32831 32
9890 14729 32
20946 31367 32
2290 3404 32
1239 39739 32
47430 48377 32
8670 17227 32
6123 28141 32
7988 30281 32
8723 24357 32
753 3145 32
33362 44624 32
15424 23636 32
953 42652 32
12851 21332 32
2652 5593 32
36859 41942 32
22379 37371 32
28908 36568 32
3631 16037 32
8072 30316 32
11373 16254 32
4872 37959 32
14649 14666 32
8613 37845 32
18926 29745 32
11132 43666 32
25995 36448 32
7232 9880 32
502 1173 32
3453 30987 32
220 1271 32
14636 44326 32
12861 30369 32
5028 39094 32
3716 12565 32
27232 31206 32
12860 40578 32
3633 26186 32
14443 21960 32
2703 4315 32
46759 49828 32
24066 27709 32
2614 3137 32
9712 25177 32
28452 33660 32
4293 34464 32
26038 37899 32
12818 26079 32
5935 45853 32
15390 40311 32
36566 42406 32
21267 31461 32
5938 11606 32
20646 31421 32
26044 46505 32
23206 40083 32
18961 31826 32
16885 28474 32
5068 25257 32
42238 47433 32
12803 23388 32
11090 31246 32
35083 48878 32
2062 30617 32
5949 39551 32
12841 27150 32
7246 44096 32
4872 5813 32
3722 47173 32
5058 40915 32
3013 6966 32
2475 41790 32
36558 36574 32
11350 19224 32
18939 27940 32
31096 41715 32
12875 31867 32
273 443 32
8054 49465 32
41261 43151 32
11382 33337 32
5981 35446 32
7228 13401 32
48848 49537 32
31371 33789 32
16857 20664 32
31362 40728 32
18442 19477 32
3668 9411 32
1626 15628 32
16851 39083 32
2295 8986 32
4886 21656 32
25968 34577 32
22178 49788 32
6193 40301 32
13209 15660 32
18462 20467 32
7231 35520 32
31114 46634 32
21052 38204 33
6577 31305 33
24102 46569 33
9333 25676 33
7558 17390 33
4633 23665 33
17150 40439 33
11272 24981 33
6556 6666 33
15122 37839 33
4087 8151 33
6752 47446 33
6575 26289 33
4174 18708 33
6574 37812 33
17177 37031 33
6895 12643 33
5386 21097 33
11370 33471 33
10671 32793 33
4923 23745 33
7585 27563 33
17770 19833 33
5335 11962 33
4847 37284 33
7616 46580 33
13693 26365 33
2222 6390 33
40070 43530 33
28733 33220 33
17372 28205 33
34057 45585 33
4177 35576 33
19978 38253 33
17700 43901 33
1509 5874 33
1695 2502 33
44213 44923 33
27241 37522 33
7969 42167 33
15669 16433 33
28951 33665 33
10655 28611 33
827 47378 33
37334 44196 33
34451 47628 33
30884 46869 33
2792 39608 33
12239 31298 33
28739 39668 33
7553 14615 33
17375 35345 33
11452 14257 33
11452 47064 33
815 23880 33
39934 45539 33
3811 34262 33
27220 37319 33
24053 47112 33
24029 26921 33
8318 10420 33
13738 25627 33
29128 49997 33
16051 17653 33
8255 25144 33
9327 32880 33
1672 15724 33
13995 48263 33
11264 30649 33
23671 43148 33
13688 43665 33
7958 39298 33
12076 47942 33
8982 28805 33
34424 48280 33
10729 21185 33
10685 46281 33
21034 41086 33
4904 27176 33
36476 38158 33
102 10241 33
36465 42846 33
11420 22090 33
8991 39102 33
7936 25271 33
29120 37216 33
8275 34352 33
7982 42786 33
21089 37932 33
25106 26281 33
7594 9367 33
15535 17865 33
15545 35879 33
49037 49398 33
20041 44398 33
48466 48898 33
6762 38135 33
20044 29442 33
1097 2853 33
5367 16632 33
1782 9082 33
29761 41369 33
32003 33656 33
2565 4948 33
8989 18750 33
1096 37995 33
10718 26814 33
5360 10338 33
17387 25243 33
31134 37788 33
31146 31359 33
16131 26930 33
27183 29461 33
22727 36049 33
36569 42718 33
3206 12225 33
13974 45037 33
30667 45632 33
12090 24858 33
13986 45793 33
30616 35318 33
2816 4606 33
19937 22270 33
11396 12056 33
2117 34233 33
13974 40550 33
5362 32766 33
34027 42227 33
5377 33802 33
13972 37018 33
15062 22291 33
1000 25566 33
7593 26466 33
31150 35583 33
7939 21666 33
34471 38318 33
15064 21241 33
6794 12359 33
4894 9603 33
15104 38670 33
4884 9333 33
20068 35411 33
37289 45086 33
12016 15288 33
15532 47696 33
12046 38467 33
15565 39055 33
44469 45304 33
6765 29937 33
9114 25788 33
9338 43700 33
421 29838 33
11560 36273 33
27044 32786 33
775 1827 33
29041 30070 33
30809 35078 33
11758 43797 33
28787 28812 33
9246 22695 33
34581 36297 33
15891 44338 33
31603 48997 33
30807 44769 33
9059 25559 33
7842 29436 33
5140 6220 33
1583 8272 33
46072 48431 33
17503 44765 33
29029 34137 33
5138 49509 33
20466 36249 33
48 34497 33
3751 32462 33
1020 4388 33
31377 42696 33
22993 35252 33
15905 47689 33
11157 32468 33
36997 46234 33
10961 25168 33
1568 29391 33
2627 10410 33
1567 6249 33
7721 33004 33
47013 47774 33
13811 15275 33
4722 35918 33
45619 48585 33
2364 23609 33
4721 40436 33
11552 37475 33
11551 35959 33
1759 3949 33
5167 32630 33
11559 49535 33
15307 41418 33
36117 49713 33
24163 41998 33
20422 46089 33
391 1552 33
8138 28125 33
20418 22777 33
26885 42764 33
34585 43812 33
9060 34358 33
11150 49619 33
1756 14372 33
51 89 33
5091 27953 33
17554 31855 33
36239 46787 33
15392 49801 33
6683 30788 33
23905 33520 33
757 22769 33
31486 39782 33
21317 25841 33
5103 20459 33
20673 38514 33
27352 28189 33
31 13700 33
20633 41023 33
3728 36947 33
686 11796 33
31462 35981 33
444 603 33
1611 6378 33
21280 23161 33
13910 45290 33
17533 22957 33
9045 27474 33
23880 29135 33
30893 45719 33
7788 36711 33
11640 46209 33
22968 27898 33
34575 46758 33
31536 41655 33
408 7446 33
20701 37656 33
4748 6365 33
36950 40506 33
1748 5259 33
690 38676 33
31390 35182 33
17513 24087 33
9229 38403 33
11016 20465 33
2606 17238 33
6699 8203 33
11053 47490 33
31423 45511 33
1729 8241 33
21333 26952 33
34278 44597 33
1592 6320 33
20530 49765 33
20386 32217 33
5048 19232 33
15772 16029 33
23931 39265 33
9220 23261 33
17572 45029 33
5268 30075 33
34147 42614 33
34147 35669 33
20212 29387 33
14135 46202 33
6617 19750 33
15712 25630 33
17216 19993 33
28751 28765 33
1528 6229 33
28859 34101 33
11217 14641 33
4680 6287 33
8228 40171 33
10821 21152 33
6614 29313 33
5264 19018 33
39115 45318 33
8213 35044 33
16006 32811 33
20233 33290 33
75 20820 33
17206 44416 33
47386 49337 33
27108 40332 33
39504 39513 33
44928 49968 33
1770 21132 33
37182 44843 33
11203 43589 33
47408 48744 33
15151 29880 33
28158 35219 33
4672 15642 33
16040 41818 33
30694 44945 33
11240 17427 33
20144 47881 33
15509 30024 33
27459 43092 33
9151 39646 33
11243 11525 33
11474 38581 33
34381 35980 33
11468 43986 33
37232 48873 33
27165 44474 33
36418 45036 33
5285 24758 33
11944 30678 33
376 26533 33
36415 42946 33
17335 49871 33
10815 21681 33
20888 28235 33
5254 19940 33
20168 36360 33
21171 26198 33
644 41830 33
26717 39351 33
5293 45717 33
13959 26268 33
9312 42155 33
15955 30471 33
21203 26090 33
39121 46533 33
7703 17397 33
31649 45334 33
3766 13887 33
3638 30159 33
11834 22766 33
11172 35290 33
13941 37655 33
31303 45792 33
63 98 33
30772 41294 33
5214 14823 33
37085 42402 33
27078 36533 33
31666 36828 33
24237 45033 33
30793 35607 33
785 1331 33
25281 35327 33
39773 43939 33
25283 31186 33
3280 26041 33
11536 32267 33
36344 38914 33
27065 37341 33
2754 26447 33
27323 37935 33
2149 7100 33
24291 37738 33
17232 46458 33
21199 38076 33
699 8652 33
3639 42559 33
7677 47820 33
14062 14701 33
1007 3321 33
8039 29974 33
3640 24113 33
11521 15603 33
4808 11145 33
15219 42203 33
11902 36446 33
31701 37538 33
7858 36984 33
39804 40690 33
29690 37458 33
17474 24199 33
11532 16146 33
34126 41128 33
2685 21708 33
15239 28383 33
23960 37164 33
8192 30854 33
37123 43538 33
11182 37514 33
42275 43845 33
14694 43355 33
12765 42901 33
3140 22071 33
14341 43605 33
8594 33420 33
8595 18203 33
32849 47209 33
12785 23977 33
5918 8682 33
910 8228 33
12789 41407 33
10055 49329 33
42252 44022 33
32863 45846 33
10049 46559 33
913 21026 33
42229 45355 33
549 25338 33
38042 39949 33
12753 41895 33
8574 45985 33
23395 31726 33
14709 21782 33
557 7857 33
35155 46025 33
12747 29126 33
13425 32608 33
32770 43562 33
9560 26201 33
7275 46349 33
10036 43564 33
16566 30499 33
10088 35110 33
28420 37941 33
9563 22350 33
10085 21536 33
5899 49621 33
1318 17817 33
10080 26372 33
1871 23818 33
19004 19221 33
7233 38167 33
5962 16229 33
16615 45136 33
18914 34093 33
35068 44102 33
4410 9106 33
7235 9832 33
5966 19166 33
28040 42914 33
18907 31218 33
8616 25187 33
2035 32423 33
33607 35598 33
3008 8926 33
1880 8555 33
6336 40294 33
4251 38922 33
5972 26532 33
968 18500 33
8830 43767 33
14342 23107 33
26042 28672 33
12815 47094 33
9580 25511 33
5938 10395 33
7027 18869 33
23373 27105 33
27840 30064 33
35164 41652 33
3003 11951 33
2062 43951 33
4414 9226 33
8614 35842 33
5957 43524 33
22156 49502 33
13385 46978 33
12850 17208 33
18919 29446 33
7240 11523 33
19198 47970 33
8879 20452 33
21999 22055 33
18044 40428 33
1357 5733 33
6992 21208 33
2956 34975 33
12640 18880 33
16477 17517 33
5787 17488 33
22010 44888 33
5800 6382 33
17025 41859 33
571 9963 33
4232 42721 33
14767 34727 33
19158 46895 33
5806 42135 33
42604 45721 33
3356 19792 33
32586 45870 33
42768 46706 33
174 945 33
18028 36049 33
1148 26584 33
1842 35265 33
14804 24159 33
10227 39481 33
14799 30389 33
21980 38874 33
19218 43805 33
5777 17204 33
42724 49859 33
2952 35518 33
22551 27369 33
26196 28609 33
8562 18179 33
4466 25563 33
8548 34267 33
188 4313 33
26144 35108 33
18086 42641 33
325 6369 33
30269 45297 33
24615 28858 33
4239 33132 33
14732 47319 33
9549 48450 33
30269 31659 33
14326 16771 33
22055 40994 33
23149 29409 33
7288 24284 33
10117 23364 33
16549 25194 33
24599 34771 33
14317 37915 33
12661 17146 33
5814 27016 33
6403 40160 33
9534 30744 33
18062 33877 33
12662 36991 33
3896 5766 33
26174 37927 33
14765 26361 33
2415 18946 33
14761 41955 33
13450 30340 33
24602 27675 33
10167 30578 33
16505 27486 33
28065 37858 33
6395 49441 33
1156 38935 33
6163 19776 33
13128 20551 33
18570 25433 33
8733 30916 33
9789 13727 33
13139 21791 33
9787 33577 33
3963 12966 33
33272 46014 33
1228 11094 33
13120 30452 33
8756 18913 33
33447 43899 33
22334 47868 33
9673 25244 33
9766 44903 33
6179 10251 33
2436 3787 33
3404 35051 33
38337 40549 33
9653 10584 33
18302 19415 33
4351 43967 33
18647 25800 33
6101 39859 33
936 45047 33
1246 1998 33
3059 4907 33
6106 24134 33
1200 2115 33
18624 22756 33
9831 37741 33
34954 46314 33
27939 47615 33
8804 13404 33
257 28903 33
34948 35826 33
14509 16402 33
6124 34125 33
6126 7836 33
16895 41952 33
2040 18656 33
3099 15644 33
9728 34539 33
6216 17071 33
33405 42823 33
25689 33510 33
6218 40413 33
6220 36258 33
41152 41535 33
33354 33370 33
3980 38170 33
9701 36698 33
41145 42565 33
18411 35575 33
7082 45058 33
13242 43905 33
18401 28895 33
38488 45516 33
14419 26396 33
1915 43525 33
29981 43247 33
24823 49822 33
18477 25489 33
4313 5620 33
9684 38250 33
33415 40023 33
30017 35818 33
7158 15251 33
4311 5913 33
18362 22453 33
16898 18031 33
7104 23950 33
9690 43993 33
18450 49614 33
7080 10253 33
3097 6458 33
25708 37076 33
13273 39871 33
18805 46712 33
2058 22847 33
9932 47583 33
41832 43091 33
9924 35799 33
12958 33780 33
6029 21989 33
16942 39625 33
18774 36538 33
7213 12749 33
24729 25611 33
18768 44237 33
16942 17406 33
6310 21895 33
40809 46938 33
965 47216 33
13336 48419 33
14617 36518 33
25966 26578 33
18867 38687 33
9972 39992 33
3014 28988 33
18221 33016 33
22183 22779 33
14626 15802 33
6324 35136 33
8667 14352 33
25933 28455 33
8827 22846 33
30161 37254 33
1884 2716 33
16659 49619 33
6011 21947 33
41884 43526 33
6287 41644 33
18691 33776 33
22274 30093 33
1256 2920 33
13321 24800 33
16925 43750 33
25826 37430 33
13039 34714 33
9650 38627 33
13043 41624 33
8700 22676 33
13316 23766 33
3418 35789 33
16757 32072 33
33195 34808 33
7062 32239 33
3057 8638 33
6094 25487 33
41776 48581 33
6041 19258 33
3040 14358 33
8812 28275 33
6301 42798 33
28021 34869 33
22251 42332 33
9892 18806 33
19881 32987 33
6057 48392 33
3046 10574 33
16722 17868 33
14547 32661 33
3049 15737 33
22272 30483 33
14541 42752 33
27542 28619 33
865 2565 33
9462 32199 33
16318 44543 33
6960 9486 33
7424 25409 33
17082 42771 33
7423 8035 33
24413 34588 33
3861 28586 33
10366 44479 33
2088 16719 33
25483 49492 33
22665 36425 33
6488 7364 33
5621 16592 33
23597 32522 33
37514 49447 33
143 2221 33
32138 43364 33
10411 49500 33
12216 20755 33
9469 39014 33
1456 5605 33
3853 8680 33
5630 5876 33
2909 12361 33
19801 19915 33
12181 21852 33
14886 35165 33
29262 30196 33
23615 25612 33
4211 8269 33
5684 7424 33
2844 25042 33
9476 43568 33
26303 27065 33
32449 40166 33
17834 29641 33
19801 34790 33
8447 40893 33
7398 35734 33
4517 39922 33
2516 9507 33
5672 30104 33
12458 29098 33
12195 30337 33
9407 14855 33
21893 30816 33
26535 35399 33
19430 41318 33
601 1314 33
2846 8531 33
14890 48232 33
3830 12867 33
6965 49192 33
6462 12194 33
5679 32897 33
17835 20796 33
43462 45665 33
32240 49953 33
37544 40867 33
2868 23973 33
12313 20483 33
2881 13698 33
6501 27985 33
7471 13599 33
5536 39808 33
17897 46245 33
19695 20801 33
23544 44864 33
12325 45753 33
2861 45784 33
12330 33701 33
43510 45849 33
14249 30863 33
29181 49474 33
26432 27868 33
7483 14741 33
1122 15097 33
4568 5834 33
26419 31601 33
8935 20885 33
6950 11344 33
37567 38487 33
37550 44159 33
22639 44585 33
12226 47860 33
2551 4147 33
14944 35325 33
30548 33659 33
12229 40546 33
43675 49123 33
29159 46851 33
6490 30593 33
8404 16452 33
14994 37729 33
19556 31040 33
7501 25005 33
2392 26094 33
40150 47250 33
12375 25911 33
2647 28888 33
8950 35325 33
8391 35026 33
21814 23981 33
12343 33655 33
9444 13799 33
16282 32166 33
27595 48459 33
6520 39921 33
9472 49272 33
26233 35470 33
8370 21475 33
25681 28063 33
19578 31005 33
16407 31254 33
40120 45481 33
16384 46746 33
841 2493 33
1469 47154 33
9497 15079 33
37402 39572 33
35587 48160 33
24562 24630 33
6543 42222 33
14821 34344 33
8328 10671 33
4605 6404 33
7360 19729 33
581 7501 33
21953 36145 33
109 49024 33
17989 19789 33
42940 47894 33
16380 42610 33
25507 41744 33
8494 10110 33
8963 11236 33
37456 38102 33
5730 38810 33
12138 40359 33
10634 48207 33
21707 44907 33
459 8875 33
23463 44433 33
28619 47377 33
5442 29643 33
585 1436 33
21929 35574 33
17993 37920 33
28620 38260 33
34660 39580 33
42848 46453 33
1109 42001 33
28394 43641 33
26250 29955 33
6977 46746 33
12547 44727 33
10636 29926 33
35634 42103 33
14838 25060 33
6544 28739 33
37763 38936 33
12120 17166 33
6429 40473 33
8899 39043 33
1461 13098 33
23121 28147 33
32108 33647 33
7548 9678 33
2241 38173 33
4601 27652 33
15042 42036 33
22595 29241 33
33953 45044 33
40136 44161 33
8455 29365 33
15041 41033 33
16427 42476 33
42774 49121 33
2941 10274 33
1111 10557 33
27692 48667 33
10611 49237 33
12564 31665 33
4602 43011 33
2926 10974 33
2843 4266 33
8345 15860 33
8990 26466 34
23655 38360 34
24981 26852 34
14476 21816 34
16935 32121 34
36558 47674 34
28492 43453 34
849 7968 34
738 2031 34
7585 38066 34
719 30738 34
29489 36622 34
933 34152 34
29490 30302 34
9098 10780 34
23075 24006 34
34829 47413 34
14552 44397 34
7488 20424 34
14432 25736 34
14980 42361 34
17182 22808 34
24139 39800 34
28723 34400 34
16093 28787 34
8373 9210 34
36421 38624 34
6941 21115 34
7942 17961 34
8378 18958 34
23970 33207 34
3382 13279 34
14193 35590 34
7091 7777 34
29401 36269 34
24063 29278 34
17158 44256 34
15549 19704 34
3386 16966 34
16203 33718 34
6930 11265 34
36824 46372 34
14499 37975 34
38450 46500 34
1026 6403 34
3693 39133 34
25098 34443 34
17348 18742 34
14507 33963 34
16845 19475 34
14398 35243 34
17155 34097 34
627 664 34
14455 41127 34
34482 39169 34
24092 28747 34
24808 37279 34
23185 38388 34
15543 41974 34
15068 26573 34
7123 27546 34
7911 26995 34
7981 48975 34
8794 43099 34
2286 27533 34
37347 48214 34
39292 49851 34
7576 9232 34
16909 23042 34
24081 31745 34
36513 47948 34
7569 21390 34
2227 44135 34
618 37211 34
3301 23773 34
16178 48003 34
17360 17947 34
8361 8653 34
24401 28520 34
24034 38769 34
28952 40000 34
23661 32668 34
24112 26732 34
15682 49836 34
8987 18592 34
24781 25905 34
4091 24617 34
14202 31726 34
36422 41083 34
15687 36974 34
38474 41816 34
15657 22167 34
17356 25532 34
16207 39895 34
8711 16794 34
36443 46376 34
458 468 34
9090 34269 34
9092 41056 34
8008 21034 34
15518 32887 34
7156 31917 34
34960 36960 34
15517 37626 34
8354 34027 34
17343 23896 34
6916 13161 34
29496 47864 34
7566 24189 34
559 48717 34
16378 48895 34
24619 29142 34
23146 37330 34
7756 7874 34
3323 48446 34
3505 8626 34
8550 21457 34
2331 14102 34
9008 15878 34
3478 45017 34
24214 33374 34
36175 37978 34
8859 21486 34
671 27100 34
7310 17312 34
23831 34146 34
16506 18474 34
3323 6226 34
3502 43911 34
23478 45467 34
3741 28284 34
24648 47858 34
7276 8277 34
3510 23302 34
15846 17568 34
3466 20267 34
2086 38710 34
28555 41003 34
15848 44129 34
16361 39306 34
23857 42356 34
35333 41039 34
2086 24531 34
7316 31862 34
24911 42412 34
481 23076 34
2316 2900 34
36950 37187 34
14713 20103 34
3870 10811 34
9034 12167 34
23803 30493 34
36996 38259 34
16475 22820 34
29531 40424 34
781 19050 34
3486 8841 34
7689 34215 34
23005 36194 34
7719 44516 34
6988 26286 34
23787 49841 34
790 7257 34
8882 28795 34
8168 16124 34
8168 21455 34
3765 6309 34
8169 32135 34
2014 2879 34
2080 4775 34
17244 27960 34
37816 39634 34
7350 18460 34
14852 47917 34
23743 41212 34
2084 14132 34
23427 46513 34
881 25524 34
16393 21946 34
17012 32975 34
15880 21741 34
22997 31725 34
36978 45760 34
8471 9187 34
8471 38541 34
22999 24762 34
37142 43088 34
23871 24517 34
14319 14665 34
14850 33962 34
37880 48859 34
16478 48922 34
24284 24483 34
14842 17747 34
23767 32403 34
14112 26596 34
7226 8224 34
15120 23163 34
453 20862 34
35045 44317 34
7469 44637 34
857 35880 34
39225 48954 34
7040 32771 34
3712 6330 34
16956 44330 34
17096 34122 34
28970 41317 34
15749 39140 34
3920 23465 34
38631 39456 34
16641 26382 34
745 14010 34
16638 34985 34
15430 25479 34
14635 17798 34
22962 26478 34
7621 20969 34
8832 11432 34
546 12666 34
24348 47237 34
16965 22274 34
2056 4995 34
24447 36679 34
7476 25948 34
23560 36375 34
6814 32858 34
16678 18081 34
7860 10787 34
3844 38153 34
2151 14705 34
14252 30259 34
28514 38015 34
3789 19251 34
8931 16035 34
3796 45420 34
8992 25874 34
8643 27802 34
8641 43644 34
8822 33683 34
8825 10512 34
35486 43872 34
38136 41767 34
28538 36854 34
23509 35143 34
24676 25660 34
24191 48338 34
29622 48412 34
3858 20104 34
37226 37652 34
984 1189 34
15811 28694 34
37639 42365 34
3327 9373 34
483 8333 34
2266 14299 34
8098 15405 34
15832 43393 34
14093 20446 34
8437 46470 34
36852 49693 34
23939 24505 34
8405 29849 34
601 5340 34
16050 18602 34
23521 43721 34
29371 46340 34
24178 48983 34
23921 24225 34
3720 33231 34
7029 8061 34
7240 28841 34
15396 44024 34
23153 24563 34
8420 38926 34
2303 46476 34
14916 39047 34
37232 39137 34
31368 45634 34
30518 38708 34
29905 44551 34
6319 17495 34
25611 26802 34
27584 37994 34
18250 30917 34
4795 10580 34
22473 26944 34
18255 42968 34
22458 37664 34
10471 11769 34
43524 46903 34
22449 22546 34
18282 38011 34
20260 32470 34
22448 42040 34
22447 39198 34
20737 30931 34
6280 23703 34
33484 47481 34
11570 24244 34
9658 46104 34
11571 44808 34
6271 34325 34
5589 42282 34
5548 15676 34
40590 47286 34
40620 40778 34
11176 47656 34
4996 5390 34
9578 45946 34
21202 24825 34
9583 10544 34
2689 7539 34
19668 38650 34
28042 35367 34
12335 16447 34
33609 38679 34
18193 24559 34
2414 4760 34
10497 27138 34
1766 14703 34
28027 31893 34
28026 33149 34
33584 40183 34
9607 36741 34
1720 44674 34
3129 28061 34
11885 16706 34
18411 33910 34
41141 43840 34
25 22310 34
13235 17650 34
30011 44949 34
12371 13211 34
18434 19012 34
25710 28306 34
43317 47200 34
6208 23784 34
25 4658 34
274 365 34
21479 25262 34
10416 13071 34
25731 42264 34
22351 27221 34
18476 19346 34
13198 29824 34
22348 43968 34
6182 9496 34
1618 2572 34
11117 13390 34
25734 44180 34
9762 34625 34
41042 49600 34
9665 18454 34
13302 27732 34
13301 20712 34
1926 31984 34
19600 27528 34
19596 25615 34
12346 24117 34
19591 35181 34
22411 35419 34
13292 40698 34
18342 41683 34
4788 16671 34
1203 26232 34
18363 48442 34
3143 8269 34
6242 28241 34
27335 47496 34
2704 4396 34
281 14457 34
1813 6023 34
22392 44212 34
6235 19578 34
33384 37846 34
6231 36605 34
26374 34648 34
32308 35073 34
32123 41270 34
29812 44473 34
2842 25706 34
1660 3130 34
44852 48480 34
5460 17280 34
6499 39484 34
17910 24218 34
4813 18660 34
5461 20710 34
5461 30747 34
27132 47898 34
9452 38730 34
26737 45586 34
33825 35359 34
10822 27163 34
19791 24145 34
40328 48450 34
17947 23680 34
6463 15594 34
17956 34703 34
33815 34141 34
26528 29711 34
5483 44888 34
11924 45907 34
10585 40911 34
22597 25839 34
1457 9967 34
33796 37923 34
21747 37191 34
31203 48570 34
11947 20498 34
25391 26264 34
361 629 34
1968 2405 34
17826 23991 34
9 364 34
1469 32085 34
12137 36861 34
11244 32728 34
19861 23330 34
33952 42566 34
25413 30125 34
2667 29654 34
22663 47854 34
335 8139 34
12139 21397 34
26583 27383 34
25423 32304 34
10623 41488 34
1118 46226 34
13621 21250 34
40202 41040 34
2385 19745 34
21714 48189 34
1962 23965 34
4951 38111 34
10 35651 34
9427 48723 34
13436 27454 34
6406 12964 34
5258 49538 34
9533 32891 34
43622 46960 34
11182 15734 34
10535 19417 34
18068 44647 34
6397 19256 34
126 277 34
13442 47994 34
5527 26315 34
28060 42906 34
13438 17115 34
28070 38920 34
18090 25358 34
1161 3214 34
20239 46830 34
26466 40380 34
33681 35998 34
18095 26741 34
20824 32161 34
12274 46160 34
4688 14642 34
25565 46658 34
30725 32189 34
13492 24938 34
40392 40665 34
12212 12329 34
2855 20688 34
11208 32164 34
21184 21234 34
25503 33320 34
3166 10186 34
27302 47676 34
19748 24689 34
13504 19109 34
44965 48190 34
28084 36285 34
20294 48578 34
1650 4866 34
4978 13304 34
5509 25274 34
1948 30406 34
40482 42979 34
30544 37033 34
20226 23608 34
11914 14322 34
11524 13013 34
2402 41331 34
28072 34359 34
5127 10072 34
3002 4848 34
27421 27801 34
2475 28920 34
42849 46076 34
4715 45499 34
5933 36551 34
11698 27935 34
11698 28609 34
11700 16414 34
11016 23244 34
60 129 34
5734 34025 34
19339 23347 34
11707 29461 34
12549 37754 34
12787 19128 34
19312 22904 34
12779 45045 34
21438 29439 34
1837 45441 34
22120 28868 34
1760 7823 34
20478 21768 34
26916 37020 34
2605 13656 34
18991 34006 34
27814 48158 34
25991 44935 34
27696 32170 34
12508 32416 34
20356 48641 34
12899 18444 34
27698 40609 34
21922 30798 34
11829 16564 34
3012 13245 34
5202 16581 34
30376 45707 34
42033 49107 34
164 6855 34
46267 47750 34
5106 32764 34
30230 46293 34
12512 17394 34
11824 45351 34
1879 12937 34
19355 41720 34
2726 17336 34
1299 8869 34
12851 19691 34
1878 23648 34
18920 28639 34
22151 25326 34
42564 43132 34
22049 41953 34
26139 37011 34
4489 43700 34
1844 5031 34
2968 18568 34
19116 26172 34
22035 24419 34
26895 28077 34
5835 12944 34
12682 38752 34
1360 10656 34
32589 46761 34
2964 46651 34
27763 40288 34
10168 25959 34
21991 22280 34
19202 24437 34
12667 30439 34
10214 24733 34
19149 48889 34
5815 17373 34
12624 18186 34
5170 21401 34
10199 27944 34
26901 43855 34
4439 6154 34
10992 12935 34
4440 24874 34
10094 15612 34
5188 23047 34
20465 39385 34
31581 39531 34
42790 48587 34
46035 47400 34
30254 35829 34
45580 47866 34
2982 5554 34
25942 36968 34
31586 35679 34
21417 27363 34
10113 32298 34
5867 7263 34
12721 14996 34
31596 45264 34
5863 48092 34
19249 49090 34
19067 19316 34
5185 35938 34
41478 42775 34
1409 5265 34
1550 15387 34
2914 7345 34
9809 36369 34
18594 35090 34
9812 21461 34
22311 31287 34
25786 46738 34
18607 24561 34
1245 5047 34
9826 24553 34
9829 18814 34
6110 6313 34
5657 5954 34
5064 20493 34
254 31154 34
4345 45085 34
4775 47958 34
18637 22407 34
25806 43142 34
2713 5853 34
5066 47206 34
33204 34877 34
10367 33870 34
21884 26158 34
6090 31075 34
30884 47867 34
11089 22585 34
31707 49114 34
21858 35610 34
2707 42209 34
11107 35351 34
1615 3886 34
20297 38362 34
27636 37620 34
12423 37185 34
43214 44618 34
6151 21664 34
20678 29749 34
18554 21007 34
5070 48005 34
4332 9348 34
12429 25918 34
26333 32751 34
25773 28530 34
18569 26593 34
18571 27811 34
13130 37154 34
32402 32585 34
2912 15164 34
2520 5127 34
2711 8793 34
1410 26445 34
20571 41349 34
34 45030 34
12975 17625 34
6030 35094 34
19407 19436 34
26289 29253 34
26801 37901 34
10331 29550 34
12961 31382 34
2926 47753 34
4762 8033 34
12486 22771 34
9924 45617 34
5693 13896 34
1827 34531 34
237 36597 34
5090 41978 34
33024 42400 34
10320 10435 34
38 1170 34
5096 25805 34
1885 38182 34
11834 17830 34
1390 1740 34
11058 21562 34
21321 38244 34
2610 14590 34
18736 21461 34
1253 39510 34
19447 44212 34
10358 24058 34
26309 47641 34
5078 8047 34
13024 43443 34
6064 23663 34
25855 29695 34
41701 45196 34
4709 48890 34
4710 8006 34
1265 40578 34
11635 25140 34
22454 49804 34
13001 13765 34
1400 15097 34
27902 34347 34
27902 30363 34
18741 40138 34
30125 42399 34
12465 13167 34
4769 10443 34
33092 48937 34
2923 14890 34
1398 21460 34
22225 35677 34
20132 37059 34
27187 27666 34
20088 28393 34
11343 34480 34
2642 7316 34
2372 12059 34
12038 12715 34
4839 19679 34
1067 6636 34
6763 36363 34
4922 14531 34
26611 33824 34
1680 4427 34
22704 27048 34
6692 30901 34
5369 41015 34
27501 34327 34
11255 39865 34
30674 43336 34
39365 46282 34
31882 40183 34
21072 23728 34
17392 37192 34
17474 43698 34
17471 41227 34
6727 15204 34
17744 38677 34
6677 15583 34
11382 22909 34
1990 5936 34
17555 36715 34
34285 36098 34
1693 37318 34
1067 25816 34
11298 16543 34
27177 41950 34
21027 28362 34
17397 19113 34
11259 24082 34
11291 12887 34
17758 38827 34
12004 30231 34
9187 32941 34
9131 30206 34
4618 31582 34
2822 46900 34
22827 29699 34
11435 28653 34
4654 44212 34
17463 23492 34
6755 26737 34
48862 49117 34
34104 35825 34
17747 25129 34
31947 48770 34
25163 28469 34
44075 49190 34
3270 32100 34
2803 36412 34
25162 48132 34
6569 42067 34
6623 27107 34
31856 34762 34
28213 32844 34
11256 16341 34
13891 36795 34
12037 31543 34
39751 45047 34
20076 38557 34
11332 30657 34
2653 7470 34
11271 20504 34
21630 47374 34
32010 40044 34
1498 47350 34
8 99 34
25382 28324 34
17605 21503 34
1690 48698 34
13849 34344 34
39872 40745 34
4611 33879 34
20994 49160 34
2657 20554 34
44032 45326 34
39888 41714 34
9250 28634 34
14006 17570 34
6613 11678 34
17502 25364 34
4897 41151 34
6740 6881 34
21620 38093 34
31109 47817 34
5337 11355 34
1998 33419 34
34033 43254 34
21071 27197 34
9105 31511 34
34081 40456 34
13922 22054 34
9230 30748 34
2362 10590 34
21573 48461 34
39355 49564 34
4620 34157 34
14002 19045 34
1686 8292 34
3288 13141 34
4854 16635 34
20082 48777 34
5412 43630 34
427 34742 34
1970 14347 34
400 43629 34
101 27501 34
26675 43503 34
31885 43766 34
12040 40657 34
13682 18145 34
5380 11392 34
4653 36380 34
6561 34926 34
13829 38377 34
17679 48100 34
21117 27882 34
2798 17872 34
1034 8103 34
13796 38621 34
22980 24786 35
5676 26134 35
4888 12559 35
19418 43824 35
7403 41562 35
38286 48756 35
30103 42014 35
8179 48678 35
7932 10260 35
18707 35123 35
21282 49039 35
4771 20359 35
11078 49060 35
48937 49389 35
1402 2624 35
11077 33905 35
39613 44606 35
9876 29523 35
22822 35830 35
16729 31239 35
6828 44723 35
18771 27587 35
18771 32411 35
6032 31176 35
18772 19581 35
41784 49339 35
7200 36872 35
4763 22925 35
28628 29344 35
236 38951 35
15366 40793 35
15958 48927 35
12470 25039 35
6028 17156 35
4076 15213 35
11380 38411 35
30143 42362 35
30402 48904 35
4516 25735 35
659 14636 35
18788 19602 35
28230 29967 35
2756 20759 35
24201 30898 35
23876 39469 35
12044 13429 35
4852 8329 35
16358 18377 35
6048 49517 35
9896 21406 35
930 24172 35
2717 37782 35
7192 8648 35
12991 27547 35
682 6982 35
24733 34192 35
6707 18425 35
28330 32836 35
16361 33203 35
3625 10856 35
21896 48951 35
6034 27409 35
30656 43523 35
3036 5886 35
26298 49722 35
1558 27122 35
22989 49875 35
2654 20771 35
4329 21301 35
9034 21891 35
34571 35065 35
5645 22685 35
38402 38433 35
13151 19448 35
687 15704 35
18535 40141 35
21864 46706 35
13160 18652 35
3966 10789 35
15239 28190 35
260 49613 35
37664 39834 35
11391 28356 35
1234 16536 35
15124 25783 35
36286 44739 35
11323 12134 35
7816 15842 35
31427 33399 35
13132 24222 35
16798 37720 35
13135 18354 35
7812 23783 35
4332 15955 35
6146 6626 35
8409 15186 35
6181 27230 35
1818 36003 35
21253 40113 35
7823 23789 35
27615 29839 35
7109 25270 35
33319 37746 35
4845 7867 35
11600 24431 35
19547 22501 35
4545 20414 35
4313 45017 35
17263 20282 35
1421 39596 35
16846 36248 35
44207 44429 35
36424 46072 35
14925 19772 35
34917 39426 35
597 3020 35
2910 5077 35
11871 38813 35
22330 41417 35
22803 44024 35
7436 27488 35
11306 14198 35
2816 22420 35
41322 43227 35
11109 29652 35
25739 30019 35
27019 31934 35
34901 44567 35
28716 46912 35
23710 34048 35
8704 16535 35
8082 33474 35
11383 41725 35
9848 12768 35
4887 6955 35
2286 5427 35
8432 40018 35
2761 30764 35
10370 11389 35
4348 4640 35
21464 28232 35
31446 41827 35
18473 32764 35
9044 16023 35
20019 27758 35
41646 42887 35
5076 43697 35
31460 41298 35
1256 1828 35
7170 10568 35
41619 49664 35
34537 42942 35
29699 42056 35
6082 28156 35
1251 41313 35
251 49387 35
32433 44915 35
2653 22416 35
4636 27180 35
6116 24099 35
3414 12644 35
9817 49802 35
26328 29547 35
2519 2594 35
6120 19956 35
21013 27378 35
9206 27103 35
2575 3659 35
259 27847 35
1612 28982 35
19480 34462 35
1612 48661 35
17291 28290 35
25071 46252 35
25201 31076 35
3807 23516 35
36282 48884 35
33211 35378 35
15811 47554 35
33222 38466 35
35386 41822 35
31443 36323 35
11856 23342 35
13095 41871 35
24504 49272 35
14511 26884 35
24217 29056 35
28572 49274 35
12726 24004 35
14812 16510 35
662 20958 35
36080 39421 35
12738 23172 35
10246 16293 35
28571 45224 35
26235 27206 35
16083 34968 35
15318 22734 35
21600 33619 35
3888 4670 35
17409 22002 35
22053 30408 35
16434 37112 35
12706 26720 35
2971 38288 35
9117 47961 35
15289 27335 35
193 5756 35
5154 9628 35
10125 16617 35
4447 47286 35
8504 47590 35
8504 28455 35
21966 43438 35
2974 30740 35
29337 34388 35
194 43319 35
4736 6319 35
35247 45338 35
7277 8284 35
2343 8199 35
4436 39386 35
15321 33952 35
3910 5865 35
7274 9116 35
15921 25648 35
10263 43853 35
25139 30847 35
10087 14078 35
19010 37145 35
12558 26322 35
9080 49275 35
15322 23081 35
1330 9519 35
42396 42857 35
7607 41100 35
30263 33151 35
90 12580 35
4498 7193 35
19276 19388 35
12577 37249 35
16524 21762 35
30255 35440 35
24568 30857 35
662 15788 35
10097 20324 35
24566 24915 35
37988 46854 35
21606 44180 35
9136 9338 35
20418 31441 35
2961 18860 35
5170 13389 35
2954 8083 35
21993 43753 35
1351 2370 35
568 990 35
34447 37170 35
12659 34470 35
37896 42871 35
25114 45690 35
10173 36939 35
24586 39087 35
5785 49838 35
2252 45873 35
1756 47499 35
26187 39441 35
12645 35305 35
12639 38327 35
7332 37624 35
26853 45273 35
27397 27928 35
23433 28943 35
9095 22209 35
10188 13016 35
42611 46572 35
26679 40185 35
5790 19202 35
11793 24612 35
28898 47924 35
23431 25084 35
179 2313 35
23793 29367 35
23416 43589 35
4091 5196 35
11759 36889 35
10142 12446 35
19119 19876 35
42514 44119 35
5852 37117 35
5770 26191 35
16522 18722 35
16522 37364 35
22046 45952 35
10981 32103 35
11798 13296 35
8137 42722 35
23797 33607 35
17384 42725 35
431 35043 35
892 9591 35
2950 3058 35
8544 47631 35
11760 37824 35
23417 24703 35
31648 45326 35
21040 28482 35
34348 49980 35
32939 33479 35
17325 48566 35
3765 15402 35
8467 29338 35
16091 36321 35
9983 13733 35
29656 43674 35
7769 24649 35
20549 35028 35
6817 47295 35
10005 25818 35
5717 33265 35
5355 23800 35
22159 49711 35
26009 36945 35
22160 26390 35
34360 46374 35
3620 14811 35
45478 49174 35
4409 49960 35
16625 26115 35
36056 39086 35
2334 39011 35
18898 20821 35
28240 40748 35
18820 29516 35
8458 46697 35
10918 28826 35
162 273 35
61 16911 35
17496 22161 35
1393 2804 35
13927 44523 35
25178 30591 35
43001 45151 35
8453 39505 35
11064 41812 35
677 48866 35
28995 42615 35
28917 32977 35
23688 25932 35
30176 43775 35
37301 45938 35
5995 49731 35
18852 41290 35
23861 43691 35
27369 40812 35
4713 48242 35
4113 48130 35
22194 24587 35
22845 24812 35
18830 35018 35
6716 10386 35
22197 42686 35
28804 33408 35
5125 38786 35
8123 31269 35
5918 9675 35
4426 12963 35
39255 43696 35
4103 4182 35
12797 44790 35
44418 49855 35
7952 36058 35
5925 16794 35
2571 11357 35
12032 35388 35
15865 25498 35
9148 36488 35
5927 28555 35
10044 46339 35
2937 16980 35
3746 16831 35
15926 45058 35
203 30151 35
28306 28535 35
18994 29669 35
28311 49440 35
39279 44514 35
9138 13855 35
12773 20588 35
42808 46509 35
31547 49109 35
11712 22366 35
10269 42616 35
3912 7733 35
28266 37490 35
2940 4529 35
21042 44141 35
208 3329 35
10013 36330 35
29685 41179 35
2166 8352 35
19341 35668 35
4508 27803 35
1381 46820 35
5945 23359 35
14653 22970 35
32908 41572 35
22150 49768 35
11686 26426 35
34365 43490 35
11034 25921 35
660 3220 35
24247 25394 35
4420 18343 35
27231 28900 35
8602 16565 35
42201 48901 35
23462 26331 35
20030 30672 35
46133 49053 35
674 871 35
1043 6789 35
18941 47320 35
12535 35693 35
9154 42069 35
19886 21095 35
9583 19455 35
18149 40386 35
29181 43900 35
40660 46790 35
32029 47409 35
19670 47682 35
11539 22995 35
10505 32117 35
22627 47370 35
28357 31458 35
345 2109 35
6499 45660 35
22504 42695 35
9587 33927 35
21178 29479 35
1789 11990 35
20161 37517 35
1977 41208 35
18168 44791 35
4567 32955 35
7666 40785 35
3994 4945 35
28427 43513 35
6361 47779 35
9562 34388 35
15061 15106 35
32054 35132 35
8849 12224 35
13413 27418 35
19802 45048 35
29819 35520 35
28873 30054 35
12289 19065 35
2151 4912 35
31790 44348 35
971 38252 35
21788 47171 35
25576 35368 35
1959 16867 35
37466 48626 35
19813 24278 35
32032 40153 35
4916 13397 35
1767 2442 35
17918 45998 35
18134 40387 35
10654 49502 35
2672 3302 35
6320 34743 35
24296 33747 35
29188 34561 35
31031 34076 35
38603 45780 35
6318 36953 35
15160 29743 35
6873 10098 35
18237 23077 35
24160 28140 35
6313 22059 35
6626 31660 35
1542 8510 35
1082 4304 35
696 34204 35
27259 41710 35
11150 33497 35
32056 39471 35
13602 21563 35
47775 48023 35
6307 13699 35
2694 32146 35
10618 42368 35
27585 40992 35
34784 49697 35
3346 22707 35
2628 11366 35
486 1729 35
6619 45434 35
1478 9596 35
26443 29448 35
9298 21346 35
23019 33595 35
40718 44328 35
4914 7775 35
23983 25535 35
12297 14042 35
28382 46114 35
14174 31451 35
3231 40006 35
18222 38804 35
29502 41859 35
11547 17121 35
13369 29263 35
31149 42562 35
2225 26484 35
13365 37595 35
11934 25765 35
16946 37505 35
5504 5848 35
10667 13134 35
5507 30887 35
34097 43081 35
3171 6453 35
32131 32810 35
11266 26148 35
9338 36311 35
40442 45683 35
7868 8764 35
17043 44545 35
1949 45926 35
4013 39776 35
2851 9353 35
25515 43660 35
37372 44009 35
35658 47621 35
21737 47133 35
7499 25188 35
7653 33255 35
10561 28606 35
19913 20847 35
24952 29494 35
453 11582 35
27094 37891 35
8357 28027 35
43725 46093 35
2396 24901 35
22580 46047 35
30552 31121 35
29600 40404 35
2315 42599 35
28146 34851 35
10843 14377 35
20215 24119 35
4215 8493 35
5498 7745 35
335 14909 35
17190 25414 35
14293 36330 35
12104 49268 35
24306 34191 35
4969 40906 35
999 33110 35
703 24026 35
31254 35476 35
13516 44283 35
10794 26236 35
119 4464 35
27114 41686 35
38810 47282 35
21188 35348 35
833 7258 35
25551 37525 35
3225 5869 35
11222 19773 35
26472 30806 35
10528 38567 35
1133 7252 35
20130 29054 35
35952 46249 35
39080 47304 35
12264 46353 35
7009 10895 35
4922 7473 35
2557 15709 35
9549 41125 35
5468 41149 35
33677 44128 35
12097 16583 35
127 37990 35
37201 37433 35
24439 37895 35
12096 13302 35
11534 35840 35
38866 46192 35
43557 49970 35
12175 30456 35
16991 18886 35
26458 46881 35
24961 41795 35
2374 12159 35
14281 42512 35
3330 17725 35
4160 18505 35
1644 46351 35
31820 44465 35
10833 44406 35
40338 43700 35
24933 43667 35
17014 35749 35
33819 47693 35
34750 40988 35
11969 18005 35
31179 31180 35
26740 31132 35
2632 37128 35
9323 10945 35
25344 25480 35
10537 32974 35
6474 30347 35
45052 45327 35
3817 8325 35
4037 23808 35
17154 47608 35
3111 39694 35
19556 38795 35
44022 46716 35
19967 24052 35
12352 16887 35
13628 23874 35
6652 34165 35
3396 23242 35
9694 31809 35
4947 46057 35
9695 11103 35
33405 45100 35
25263 45322 35
10810 37304 35
28002 37164 35
1076 15324 35
14958 48840 35
18433 28245 35
17609 25004 35
23201 37286 35
692 14056 35
14403 39930 35
16280 28165 35
1795 48240 35
27167 34058 35
25273 31858 35
15681 49422 35
40159 40221 35
10623 23885 35
11249 25036 35
79 22953 35
15511 31730 35
31386 46066 35
23052 45406 35
32003 44384 35
3783 40123 35
38502 40621 35
15030 23438 35
17245 34176 35
29979 44306 35
4555 11334 35
8953 23598 35
46769 47203 35
16877 20695 35
2040 11500 35
15220 21750 35
500 47623 35
28000 40098 35
3200 10479 35
1482 6609 35
15992 27077 35
1685 28972 35
37222 37463 35
18426 29585 35
9719 17607 35
5041 48552 35
20175 49835 35
1618 33984 35
19562 26998 35
6918 15640 35
11303 31338 35
20174 36175 35
8064 14564 35
33366 44686 35
3784 33031 35
102 16055 35
20905 37828 35
14949 38009 35
1484 26516 35
14949 35580 35
2381 5039 35
9402 41107 35
750 4352 35
40138 42259 35
26597 43295 35
18395 23719 35
10622 14434 35
22387 24638 35
3099 22934 35
2381 6632 35
11415 18893 35
461 1119 35
7675 23734 35
5603 8343 35
29988 38484 35
9025 38918 35
7097 9712 35
13825 37349 35
8408 12176 35
14969 37400 35
4605 11932 35
13657 45539 35
8228 46808 35
6870 22279 35
46936 47542 35
41263 49536 35
30503 30645 35
962 18171 35
27021 45898 35
30918 31879 35
15696 26446 35
29079 33260 35
23167 40527 35
32021 37809 35
2154 16004 35
12323 39029 35
8229 28959 35
19599 28966 35
18451 46688 35
19611 35361 35
18472 33142 35
4065 42865 35
9636 10142 35
134 1671 35
27333 35543 35
3382 6835 35
1917 23237 35
6631 44453 35
711 10120 35
19636 49938 35
29921 44739 35
2433 6713 35
30505 35012 35
9420 39367 35
34839 37366 35
1219 31256 35
3345 8547 35
23045 33546 35
12316 14203 35
31221 33694 35
351 28400 35
24287 39776 35
4030 34993 35
10684 35149 35
21230 40707 35
17641 24157 35
1431 42920 35
2768 4289 35
4144 36628 35
2772 6131 35
41230 49433 35
44163 44842 35
24347 32570 35
16033 36372 35
13307 39270 35
19879 27047 35
3575 37379 35
38532 49302 35
7069 22272 35
2329 5183 35
2366 5031 35
20171 49922 35
6644 24141 35
33916 38075 35
24091 41000 35
2821 32009 35
25428 41841 35
8808 10666 35
17644 28955 35
8207 23225 35
29806 49961 35
8054 34942 35
3549 3614 35
15026 19941 35
7464 33975 35
6283 18825 35
2823 3354 35
8804 44053 35
2884 7429 35
18304 21845 35
3792 14151 36
21954 44318 36
42688 49469 36
8355 31309 36
16474 45209 36
23452 29478 36
11952 21434 36
10931 16796 36
15281 30429 36
16471 26298 36
10792 49765 36
7335 42217 36
26717 43345 36
5437 30034 36
5350 7643 36
19188 20838 36
20144 24575 36
5797 15781 36
16470 48642 36
20085 36288 36
16413 34363 36
44918 45020 36
37818 40543 36
14792 21386 36
10754 16754 36
5461 8212 36
29146 43521 36
10945 21812 36
15046 28574 36
10751 28184 36
23436 40873 36
37434 39085 36
32574 37689 36
12616 48099 36
20083 26535 36
7548 48169 36
5279 41818 36
20390 23970 36
3604 45314 36
24350 30727 36
26843 31337 36
15120 45239 36
15162 29222 36
12609 44053 36
7349 43451 36
5774 19114 36
5293 26850 36
35900 43012 36
30787 43614 36
10742 38519 36
24238 39996 36
37477 48899 36
3606 11521 36
10601 44147 36
37046 43698 36
2808 3721 36
44003 44633 36
12105 22070 36
2789 28802 36
16421 32658 36
32127 34535 36
19795 28544 36
10613 19904 36
16018 46316 36
1797 38688 36
10633 29432 36
10610 18589 36
4600 7963 36
16171 48389 36
15033 36099 36
785 21846 36
1460 39486 36
5344 32725 36
24359 27817 36
3822 30119 36
26721 35543 36
10658 18422 36
10447 29408 36
7466 46123 36
4558 48633 36
1407 19805 36
26696 47770 36
19605 21069 36
16334 17056 36
43152 43814 36
830 7722 36
12449 23884 36
2587 24316 36
7413 43796 36
36006 38875 36
45314 48123 36
15978 43947 36
36037 37025 36
43383 47362 36
21648 33296 36
8188 45820 36
10441 34136 36
28637 49684 36
37690 46088 36
11995 43411 36
1400 35350 36
23497 23616 36
10347 31812 36
15064 45009 36
16350 23773 36
1435 49256 36
2880 11556 36
14016 33791 36
10902 28386 36
30757 34082 36
19428 36635 36
4560 49457 36
870 6159 36
5376 11339 36
19628 36604 36
28775 35209 36
19624 46419 36
15250 31966 36
2239 6283 36
5402 31515 36
32434 39913 36
3807 7871 36
11855 13821 36
3531 10046 36
16276 16890 36
7433 30300 36
19513 33367 36
27636 36975 36
15232 32658 36
142 625 36
24468 27574 36
4658 15089 36
26345 34373 36
12397 37237 36
21858 35379 36
24374 26630 36
10431 12453 36
69 11201 36
27502 41778 36
1419 9471 36
10701 26857 36
70 719 36
5625 24048 36
19977 22985 36
1816 18161 36
10769 10902 36
21868 43459 36
3576 20158 36
26331 49888 36
5394 8230 36
2817 8140 36
8258 29050 36
12355 40411 36
31706 48245 36
20318 45840 36
16291 35473 36
30625 49742 36
1813 8158 36
7455 32943 36
3769 35103 36
32376 37181 36
24379 40995 36
2798 48396 36
37628 48206 36
1415 2418 36
19987 32051 36
12421 36870 36
1448 6212 36
32502 34864 36
16008 25406 36
32500 35414 36
32494 43028 36
2778 6343 36
12524 46142 36
42876 45230 36
1449 36193 36
20133 41622 36
20229 40592 36
5714 10173 36
20368 32268 36
5517 35065 36
10850 39427 36
19721 43528 36
29057 32012 36
585 15828 36
2934 3186 36
24427 34846 36
26823 28546 36
43637 44716 36
32488 48451 36
45032 49699 36
1805 39833 36
21624 39995 36
16011 48877 36
12211 49262 36
21945 24653 36
23692 39100 36
2554 9104 36
3882 22894 36
5735 15635 36
29088 30778 36
26251 28863 36
8482 28090 36
44069 48602 36
37177 38927 36
7504 18479 36
3881 9041 36
21616 43605 36
2856 9082 36
4685 9216 36
8477 12836 36
787 1295 36
19747 43837 36
26254 28615 36
8364 24682 36
16220 34289 36
35545 43327 36
16375 40828 36
37358 45397 36
2825 38342 36
35513 48854 36
29268 41035 36
96 26777 36
10857 17435 36
877 24023 36
29182 39244 36
20245 31052 36
823 32155 36
29181 41633 36
19415 26107 36
8252 32495 36
29185 43213 36
30619 36536 36
23680 49533 36
10487 13721 36
4520 24561 36
16357 20168 36
20325 26656 36
1557 31302 36
7597 26338 36
19371 28293 36
16134 45664 36
15207 46200 36
2232 2671 36
30777 34222 36
2929 25346 36
23740 31216 36
29106 47761 36
23654 40348 36
26817 35157 36
44650 47429 36
16246 22801 36
8460 37883 36
5549 21215 36
10916 39225 36
19393 35397 36
16003 16448 36
20244 45764 36
817 1811 36
35324 47440 36
960 30304 36
6866 46469 36
16925 35839 36
494 779 36
15748 33276 36
18279 37884 36
16928 28997 36
6282 38537 36
22451 31678 36
4146 17875 36
493 2810 36
4264 43520 36
36814 48159 36
9644 16048 36
9015 24069 36
34827 38983 36
31363 43877 36
28010 41945 36
14411 38408 36
20714 27139 36
13282 44338 36
9265 14240 36
40988 46683 36
25304 49396 36
39754 48492 36
1077 25153 36
40957 49314 36
28011 38521 36
23180 28037 36
17640 21032 36
13803 24418 36
46842 47239 36
6334 10464 36
20783 30757 36
13767 25717 36
4248 16256 36
20783 37875 36
40663 48137 36
25313 45741 36
39100 45175 36
1170 3680 36
25581 49783 36
24096 48947 36
24902 49475 36
4836 23930 36
1639 10751 36
11175 33627 36
1719 23383 36
1976 19908 36
16981 49225 36
24905 37835 36
9616 10005 36
727 3258 36
303 3574 36
22470 48900 36
18252 32847 36
30929 43669 36
20767 25784 36
29914 36121 36
3376 43246 36
28009 41379 36
5005 20765 36
8045 21834 36
487 20021 36
7850 9406 36
13378 36614 36
15733 27000 36
11305 32953 36
9776 33556 36
11603 46765 36
4133 5423 36
946 4537 36
3084 49962 36
30049 44971 36
6667 45674 36
9765 44189 36
689 11673 36
7975 8800 36
7922 9569 36
23225 27559 36
31419 34052 36
3090 11273 36
951 11276 36
38457 46774 36
8742 47185 36
11397 30701 36
33248 47558 36
15792 43738 36
25771 27253 36
11314 40981 36
2291 32425 36
29453 36048 36
14493 49304 36
8737 41116 36
8763 43445 36
18551 35930 36
11102 22415 36
29457 43023 36
21260 36806 36
1071 24877 36
17264 44279 36
27341 46760 36
9230 39476 36
34887 39733 36
4296 30095 36
11597 11808 36
41133 48325 36
6654 20162 36
8063 42016 36
13246 49260 36
27028 42762 36
22383 35035 36
9263 36221 36
33387 33678 36
9704 25055 36
20984 25512 36
33401 47974 36
1207 38782 36
4905 29296 36
41091 44337 36
34211 39319 36
2145 2952 36
15415 20402 36
16843 34207 36
1985 24439 36
9748 49649 36
28457 46705 36
1165 28606 36
9250 25737 36
16851 47628 36
6657 27164 36
41231 47749 36
6207 35932 36
2431 42225 36
13219 21229 36
22369 43335 36
38477 46733 36
17938 44944 36
3347 28950 36
25479 34464 36
13567 27461 36
17770 30895 36
9457 29401 36
40037 48253 36
15669 27460 36
13692 17059 36
22699 37681 36
24978 26896 36
4954 36872 36
17791 27992 36
13603 41486 36
9468 9547 36
13543 24947 36
13698 40383 36
14279 37496 36
17951 47139 36
14278 23122 36
40026 47337 36
1670 38633 36
8912 10548 36
4207 14887 36
22607 46032 36
28386 32983 36
38861 48731 36
13636 33584 36
13679 33871 36
3194 10144 36
6935 33034 36
4185 44021 36
732 4033 36
13632 18685 36
4944 36125 36
9 3012 36
17128 18374 36
3197 48686 36
1110 2911 36
22675 31631 36
20912 24015 36
4180 20093 36
2175 35652 36
17865 39525 36
17113 45219 36
8944 46169 36
10 1550 36
28872 40838 36
352 19048 36
33898 37771 36
457 8734 36
8000 28548 36
4817 20619 36
14165 16142 36
21157 35431 36
6560 13092 36
6527 12680 36
11241 34111 36
34676 38800 36
34675 48599 36
6527 48365 36
7989 20358 36
1703 10604 36
6396 27227 36
18073 46443 36
22531 29927 36
2307 11444 36
38749 42237 36
7 158 36
4052 37926 36
8863 42549 36
38775 44557 36
31176 46350 36
36785 47527 36
15523 18879 36
6996 8732 36
4982 14942 36
40498 43524 36
17192 49386 36
14328 29061 36
14336 48646 36
7015 7791 36
40545 46350 36
33648 41887 36
9556 31846 36
22518 43702 36
40533 49102 36
13476 28992 36
17001 45089 36
3228 10676 36
2032 19480 36
7008 24428 36
17009 37831 36
27084 31752 36
38822 39597 36
31187 31906 36
17058 25756 36
981 12605 36
6584 32195 36
9490 39737 36
1140 10139 36
13525 21951 36
6447 36361 36
6901 7620 36
13515 13934 36
11502 36672 36
8897 26016 36
22589 47084 36
15711 49306 36
21182 47955 36
9481 43298 36
1705 15508 36
34099 37628 36
27089 42053 36
17028 43897 36
3219 6750 36
1149 14187 36
1650 4057 36
33739 34207 36
1909 11295 36
22555 45294 36
34624 42325 36
1148 3775 36
9506 36763 36
331 1049 36
1650 20384 36
8029 11040 36
13511 34786 36
7255 19766 36
10064 41317 36
21041 32868 36
4081 29798 36
719 17628 36
8599 41087 36
10050 36834 36
12803 16744 36
16594 48448 36
23375 33414 36
7249 37518 36
29687 40526 36
917 22032 36
29689 37792 36
31540 35779 36
10077 36311 36
17425 39393 36
4740 43766 36
32794 43001 36
31574 37988 36
16575 45997 36
20471 24108 36
1040 38025 36
12764 16063 36
2481 45963 36
27844 33141 36
17428 47061 36
22119 42451 36
1025 2201 36
14680 37610 36
5130 18294 36
15590 16480 36
36206 44594 36
24694 35291 36
16625 17067 36
1297 19384 36
21037 24502 36
1743 10040 36
5971 7395 36
27849 31397 36
42066 42350 36
3004 45751 36
28529 48882 36
4754 37073 36
25974 43896 36
15851 18632 36
9176 14501 36
4403 15455 36
18874 21583 36
20512 36780 36
4417 8535 36
42 42315 36
7244 38848 36
3002 26806 36
2646 28177 36
15330 29100 36
9171 41234 36
2735 18291 36
39547 44531 36
28533 31209 36
8615 43625 36
11041 45184 36
1992 6150 36
3742 43254 36
2646 45546 36
12665 38459 36
27384 37051 36
16496 18146 36
8538 15357 36
2494 26944 36
10972 25966 36
10170 21871 36
32686 36972 36
22900 49365 36
21392 38337 36
28784 48565 36
20427 34976 36
19126 29026 36
25126 34682 36
39421 49312 36
26146 30543 36
8543 48057 36
37923 47691 36
2077 3696 36
10956 27522 36
19163 43122 36
25111 40040 36
19161 43984 36
3609 17362 36
182 7865 36
3609 28313 36
8533 32344 36
14748 26463 36
32669 32782 36
28595 32261 36
21067 32695 36
10183 13816 36
26884 32215 36
778 17924 36
42589 43402 36
10102 14178 36
29679 45128 36
28303 44364 36
4451 30796 36
23405 31267 36
30265 47926 36
32742 37137 36
22064 45081 36
10108 39421 36
12744 41632 36
1578 47550 36
11745 32682 36
5888 6598 36
28553 31606 36
3466 21707 36
27811 28238 36
14041 16214 36
1340 16815 36
15885 36432 36
15567 38839 36
22040 29812 36
16517 22829 36
4454 31815 36
12705 42000 36
12706 35361 36
23848 37352 36
192 42974 36
1334 49063 36
6759 24008 36
11757 17418 36
16533 34819 36
2069 15974 36
4855 29191 36
15567 27722 36
41690 45135 36
33146 43259 36
25843 46506 36
4123 21615 36
31112 45738 36
6841 13708 36
41653 49841 36
8087 45548 36
521 4871 36
20636 37638 36
6079 9639 36
21272 48015 36
3421 3839 36
15387 34310 36
11089 11369 36
2192 9926 36
15822 16633 36
25860 46850 36
531 1129 36
12997 15119 36
2613 4560 36
34516 40980 36
8671 11855 36
6053 31522 36
22971 28525 36
9850 20937 36
30118 45079 36
22256 22258 36
2714 34047 36
20609 44078 36
13906 46305 36
16786 49207 36
9818 14383 36
13106 23544 36
402 878 36
3266 45635 36
3956 5083 36
7149 31901 36
6119 25157 36
16785 25924 36
18596 44063 36
3412 20029 36
13098 21945 36
18590 19285 36
1731 4394 36
13116 49985 36
15394 25248 36
15794 42600 36
34242 42487 36
20672 23618 36
41411 42089 36
5066 23089 36
11090 14063 36
252 32641 36
41537 42074 36
4848 19887 36
6095 35085 36
24191 26854 36
8081 38816 36
25808 48259 36
15598 29269 36
11327 45945 36
28211 37533 36
29712 46132 36
516 6645 36
15391 21375 36
13883 49772 36
7215 47096 36
7935 38186 36
31484 36642 36
34309 35934 36
17316 18075 36
24722 47631 36
9943 38704 36
442 4841 36
25927 38593 36
26967 32960 36
18821 24082 36
12931 16481 36
5097 14410 36
4757 15495 36
1888 17069 36
41829 48612 36
4879 5829 36
18758 22864 36
18796 22959 36
29390 29595 36
3022 4842 36
25910 31103 36
1281 4265 36
18810 21752 36
9933 31406 36
540 5007 36
36 47645 36
5995 8165 36
677 3797 36
24727 47666 36
16671 33111 36
408 48795 36
7197 38723 36
9971 20111 36
39180 45054 36
5084 8646 36
6703 36370 36
30860 31473 36
34332 41725 36
4768 4986 36
5986 7664 36
4381 26925 36
1287 30728 36
16672 17934 36
9918 10247 36
227 306 36
44582 48711 37
4897 23564 37
36716 37703 37
11284 22254 37
15672 26916 37
21583 41631 37
20994 43097 37
4910 24944 37
20917 49512 37
8251 19836 37
86 1945 37
11341 13569 37
15164 22362 37
11404 49979 37
21114 26947 37
35829 37438 37
2803 43787 37
21072 39137 37
36715 49394 37
15642 30062 37
31121 33093 37
21546 29939 37
4877 5691 37
11394 39734 37
15620 29570 37
7955 19944 37
4828 31380 37
24074 45105 37
7941 15301 37
36624 38503 37
1671 19333 37
11300 25745 37
4930 42206 37
1683 2202 37
1508 16836 37
11971 26015 37
16057 42890 37
1697 14212 37
5330 39153 37
15556 21520 37
11450 43178 37
20983 39120 37
1691 4329 37
11966 41398 37
26713 43144 37
49244 49301 37
20977 48743 37
1520 11269 37
11462 37715 37
4827 45794 37
11389 15111 37
24052 27592 37
15121 33389 37
4916 22447 37
814 17364 37
27236 47174 37
2658 11107 37
2 11 37
11277 47910 37
11331 23908 37
11973 22118 37
11331 39484 37
4908 8116 37
20988 47630 37
11955 25408 37
36906 49534 37
7796 8849 37
21459 31526 37
15812 32564 37
15965 32965 37
30762 34673 37
2715 3926 37
23878 48926 37
8178 14560 37
5214 13531 37
11644 21822 37
10892 20635 37
7699 11395 37
20587 23862 37
20336 22798 37
1740 9270 37
5087 20868 37
11647 48263 37
20572 35806 37
3599 40237 37
11059 33586 37
1596 5783 37
15783 41341 37
7818 11093 37
31423 34446 37
1729 8905 37
5053 45328 37
4706 22124 37
11613 42925 37
5203 19424 37
15978 41789 37
20300 35223 37
5060 30856 37
46543 47489 37
27000 40676 37
36042 37333 37
687 1156 37
10890 26288 37
36878 40096 37
29062 43075 37
2129 9358 37
11732 14301 37
20383 35321 37
20466 20823 37
21369 37962 37
5151 23217 37
15317 17049 37
2737 37323 37
37041 44113 37
8156 12313 37
20449 24736 37
31629 36689 37
29033 40279 37
1580 23096 37
26844 42766 37
15308 19816 37
3756 16973 37
3605 21481 37
26889 42416 37
36087 49711 37
11770 22349 37
20414 44829 37
2600 30609 37
24227 41615 37
7726 43973 37
8170 22246 37
26953 45295 37
7707 26058 37
4753 24560 37
31514 49310 37
23785 38812 37
2728 47767 37
7758 43317 37
1590 11500 37
24210 35452 37
29015 33279 37
753 39854 37
8121 14275 37
20490 21366 37
26830 28026 37
58 14822 37
7711 27825 37
4744 16325 37
11710 49674 37
21355 32222 37
11817 18133 37
3761 45317 37
21513 49495 37
11216 36172 37
11925 41177 37
10838 30228 37
31252 46716 37
4965 16585 37
23970 45739 37
30984 45654 37
2206 12728 37
1654 21204 37
15487 47902 37
30967 49157 37
2206 3598 37
2581 4668 37
15 49096 37
35972 38622 37
31268 38299 37
4982 9251 37
11913 28269 37
20827 23659 37
7863 34287 37
15725 31645 37
4806 9368 37
4987 37430 37
807 1073 37
20172 37739 37
31208 43888 37
24320 28866 37
35914 49717 37
4676 26824 37
31804 46299 37
36716 42246 37
15693 20882 37
11940 15967 37
30711 31155 37
3649 4992 37
3783 13978 37
7660 29705 37
7649 27044 37
20889 36788 37
5274 6702 37
15701 42559 37
2674 5544 37
15185 24490 37
2152 12907 37
20877 26722 37
8020 17134 37
21523 45607 37
46726 48845 37
20742 49359 37
11144 38564 37
2147 16460 37
1543 32738 37
11570 44352 37
27036 31964 37
7832 38991 37
7832 15398 37
46790 48105 37
15758 37206 37
11126 13980 37
26768 47451 37
11887 38287 37
15220 26052 37
45183 48519 37
24288 36535 37
8066 24482 37
20694 36507 37
21477 42983 37
27021 42545 37
36014 37573 37
5237 5253 37
15228 21269 37
18 29819 37
29084 48861 37
2121 2937 37
2685 49677 37
3589 32335 37
35994 42189 37
28760 40936 37
23741 37477 37
4803 25842 37
21202 46676 37
1668 17093 37
8044 17701 37
11551 22522 37
7845 32607 37
15736 29174 37
11899 15045 37
36336 43599 37
15436 21828 37
8052 22093 37
31368 40178 37
2204 27542 37
14196 43503 37
12841 24792 37
2471 19910 37
10010 25728 37
8616 22113 37
25003 44805 37
39008 44149 37
12855 40950 37
25389 46249 37
5970 11185 37
10016 11505 37
22174 35769 37
25977 42474 37
17824 49673 37
4404 42870 37
12899 37333 37
995 5392 37
10042 48044 37
42258 45337 37
8978 39839 37
4425 25129 37
10053 41231 37
4171 44912 37
1308 11320 37
26050 26149 37
364 1464 37
9372 30703 37
42232 43264 37
9400 13752 37
16599 25988 37
4421 21811 37
12817 37045 37
4418 9294 37
4417 47605 37
5942 48326 37
12833 36775 37
10018 12732 37
30137 32450 37
24725 28156 37
8657 44010 37
1273 5897 37
22640 45464 37
18764 29421 37
18763 40903 37
12986 18603 37
22216 38365 37
2386 8415 37
28120 49977 37
18755 45153 37
12989 24339 37
18755 43345 37
9894 11571 37
8671 21847 37
13601 13830 37
38252 43797 37
6951 15665 37
6930 37875 37
23062 38944 37
41963 43878 37
4391 38781 37
9940 40427 37
926 28388 37
25914 40666 37
10065 31818 37
33027 40666 37
2460 4291 37
18805 27926 37
33929 35906 37
12951 26944 37
9927 23820 37
27887 36260 37
12959 25747 37
23318 24356 37
33921 39815 37
19160 42937 37
37882 48106 37
1352 16827 37
1351 45212 37
1351 25534 37
4470 22722 37
17197 30559 37
29312 30963 37
32686 48181 37
42574 49998 37
2964 19883 37
16506 35328 37
6598 48520 37
5835 8161 37
3898 23262 37
16510 44568 37
17203 19614 37
14802 43389 37
19227 36924 37
25041 43887 37
2951 7162 37
12620 25111 37
19212 20934 37
16466 28243 37
8525 14939 37
19183 20007 37
1355 2440 37
37878 42956 37
9318 44869 37
12654 43666 37
8998 14123 37
28552 39767 37
29763 40143 37
14704 45762 37
6577 32803 37
4437 35741 37
5896 47894 37
32793 37972 37
26076 27487 37
2980 17265 37
8585 27287 37
32822 49891 37
5906 31528 37
19003 37119 37
28545 41128 37
206 14261 37
9363 27484 37
12777 28940 37
8981 35248 37
19108 47657 37
8996 23604 37
14154 38187 37
32729 37535 37
10135 22115 37
12707 49228 37
9340 32161 37
16534 32629 37
39963 44569 37
350 809 37
6901 47708 37
19063 22153 37
37962 39070 37
12733 21929 37
4450 6308 37
23402 37385 37
25023 45083 37
26103 39863 37
28012 48194 37
1145 32823 37
1146 17699 37
25508 30293 37
40988 44434 37
1197 4603 37
18326 21053 37
34861 47535 37
6276 12064 37
41003 46159 37
23175 39841 37
1191 4937 37
33490 36848 37
18020 49656 37
7062 11378 37
25513 26717 37
4229 11059 37
18282 31703 37
7059 15154 37
2420 24833 37
1217 45153 37
9722 37917 37
9719 29292 37
13241 42351 37
6444 24036 37
18000 24005 37
22380 33173 37
300 660 37
23204 39748 37
16892 39277 37
24844 35926 37
1207 8086 37
24850 30847 37
9677 20667 37
13462 42023 37
25598 45281 37
3374 7404 37
40702 47147 37
4236 11893 37
8834 34392 37
23158 40669 37
34773 43167 37
18155 47164 37
13441 43817 37
13401 16179 37
3137 27566 37
6355 13702 37
2034 13067 37
17002 17893 37
973 17201 37
13418 27312 37
9555 10231 37
9633 15611 37
14307 21655 37
3124 14095 37
22549 34336 37
16937 20976 37
40813 41610 37
27980 28822 37
4259 21728 37
18047 21805 37
18047 41763 37
22480 25124 37
40790 47276 37
9625 47110 37
22546 26270 37
6996 20305 37
18057 31932 37
8711 30869 37
13577 37346 37
33840 44924 37
25812 28403 37
253 13715 37
25810 31252 37
6101 37310 37
4203 7561 37
13085 14663 37
13090 30289 37
6089 20331 37
13092 17368 37
340 8283 37
41455 45813 37
9808 12051 37
13116 25276 37
4337 15955 37
6127 37914 37
1257 6466 37
13013 29657 37
9879 33358 37
34996 40970 37
1260 6564 37
9877 23654 37
27920 37016 37
24757 35123 37
41411 45745 37
3424 27670 37
17898 19924 37
28104 32010 37
6076 46988 37
18679 36444 37
14528 33410 37
9860 16079 37
16744 35288 37
2285 20521 37
24777 31737 37
9757 26166 37
23233 43875 37
33297 39965 37
982 1061 37
17986 34394 37
2437 28862 37
13177 19370 37
14471 24388 37
33791 40951 37
34901 41121 37
41298 45894 37
505 23341 37
14476 38784 37
3403 32254 37
24821 27897 37
22341 24759 37
25734 42894 37
24824 37369 37
1952 18361 37
13148 29200 37
1905 20147 37
33251 49382 37
38399 42645 37
6140 11689 37
3959 34343 37
1906 2681 37
34931 44298 37
18553 26517 37
13154 21225 37
25766 38813 37
13154 29481 37
17968 18195 37
6971 8430 37
4212 12280 37
24422 25871 37
10590 36907 37
1061 22538 37
27547 29973 37
3834 36638 37
4588 8758 37
611 6381 37
5506 21113 37
1458 19939 37
32159 48591 37
10555 37099 37
32162 40283 37
26486 27690 37
21765 23971 37
43639 45996 37
5523 13729 37
32192 32442 37
3827 9829 37
37438 49567 37
7532 11333 37
15025 20192 37
35590 46971 37
34308 48000 37
10618 42277 37
15022 19830 37
32112 38768 37
9050 34448 37
6830 28595 37
30569 44778 37
39597 48112 37
19580 49279 37
34557 47400 37
29190 34814 37
26412 44073 37
19621 25158 37
7467 49236 37
13879 32762 37
17574 28050 37
28199 48051 37
13888 25762 37
19570 39264 37
39656 47767 37
5609 22485 37
7451 10333 37
1425 14460 37
25230 34192 37
5618 7043 37
12290 29062 37
19705 31476 37
6838 31657 37
12269 36699 37
1443 35366 37
35518 38919 37
2867 28097 37
24440 25721 37
19678 49040 37
24442 26811 37
13890 26492 37
35514 46624 37
4070 7619 37
35508 37934 37
23573 34631 37
42770 45702 37
15089 29624 37
4639 21833 37
27501 46389 37
17406 30689 37
629 17508 37
37305 48597 37
2339 2430 37
5391 5681 37
16120 26235 37
12079 25560 37
26622 35842 37
37357 41777 37
5337 37136 37
16076 33201 37
92 12558 37
2212 24147 37
14015 16058 37
35804 39245 37
28291 39183 37
44472 46055 37
37285 42886 37
31908 47236 37
31915 40318 37
44084 47190 37
35793 39642 37
634 40763 37
8276 35454 37
17396 23779 37
39297 41571 37
4641 5356 37
6790 15627 37
10652 22991 37
4611 46104 37
6811 46612 37
12120 23769 37
2831 46336 37
12123 36313 37
19879 21218 37
14064 44479 37
622 7064 37
22948 36157 37
2834 16903 37
17494 47233 37
17321 40919 37
22836 29249 37
1469 9843 37
15033 19548 37
16172 16891 37
27526 45585 37
2837 3523 37
29656 42273 37
5417 48808 37
12093 42807 37
2219 21068 37
19928 20009 37
13967 26587 37
17433 29997 37
1994 41347 37
13958 41132 37
2871 3566 37
1474 5570 37
414 23427 37
623 39227 37
16144 31735 37
16144 32931 37
1473 19647 37
19893 47627 37
28320 34393 37
3513 32316 37
2921 29423 37
25251 35898 37
35372 47248 37
12461 16126 37
871 8576 37
9264 32724 37
8441 22604 37
14884 22881 37
13778 36144 37
17245 46947 37
3512 33988 37
10282 14743 37
2923 10482 37
6650 39369 37
12464 29320 37
23492 41977 37
151 23452 37
19301 42806 37
2940 6599 37
14104 16335 37
19310 39726 37
30365 38539 37
43148 48681 37
39737 47426 37
32528 45994 37
10359 24847 37
3884 45688 37
5710 38616 37
26258 46256 37
12494 38460 37
3877 31970 37
17649 29546 37
880 28337 37
27717 40769 37
23481 33947 37
16395 24171 37
5704 24079 37
1081 30338 37
3502 4325 37
24546 42533 37
16387 35158 37
42886 44578 37
25305 43331 37
39837 47439 37
22780 26660 37
8475 24197 37
4519 31976 37
5686 29062 37
19404 41420 37
37702 40635 37
9293 10049 37
17607 36351 37
4145 4187 37
39796 47380 37
19394 40221 37
19393 39238 37
5695 25458 37
42988 48717 37
8457 28965 37
7389 47835 37
26281 42508 37
12409 37757 37
12583 25186 37
19517 21180 37
32573 47945 37
148 23022 37
17259 19473 37
2505 30914 37
16424 26196 37
8495 34029 37
23514 31086 37
3300 44921 37
23513 46436 37
143 6420 37
12376 13614 37
1987 4026 37
2371 7657 37
10242 16453 37
7444 12085 37
445 44599 37
32556 46512 37
30332 36043 37
8411 45986 37
1819 3438 37
16302 37356 37
6667 17325 37
28645 38049 37
4531 23091 37
9007 11663 37
9245 28533 37
5747 36661 37
2360 40847 37
6619 31763 37
16324 33145 37
25061 33936 37
12568 15056 37
14907 24294 37
1412 6118 37
5751 8893 37
867 31384 37
10382 22882 37
428 27483 38
9298 14088 38
13982 33161 38
8878 42000 38
40417 41796 38
11202 20290 38
23948 46118 38
11278 15824 38
48272 49806 38
25147 38483 38
3296 9434 38
39861 49266 38
9309 31471 38
710 2496 38
9110 38719 38
374 46727 38
15571 27523 38
11286 20320 38
2403 8188 38
452 2319 38
14121 45197 38
15458 33210 38
15458 30762 38
419 44510 38
3229 36901 38
39846 47857 38
36762 41317 38
28082 30562 38
25314 44912 38
11435 46067 38
14146 47837 38
3225 7444 38
9143 33923 38
28271 45834 38
2634 37996 38
13458 38827 38
3156 20314 38
11345 29789 38
2682 4075 38
2404 9706 38
11275 20612 38
28896 39150 38
14138 27585 38
13471 41953 38
13598 14597 38
25451 36120 38
8968 11299 38
9385 45144 38
2321 24495 38
2672 30983 38
25241 35519 38
3664 18237 38
8971 20832 38
3183 32899 38
39649 39899 38
14089 20094 38
8971 49046 38
25004 29898 38
13904 35971 38
346 47463 38
11320 18065 38
13630 17882 38
40145 43686 38
396 25223 38
13623 21353 38
13868 39564 38
48547 48674 38
13851 45953 38
9415 44890 38
48076 48128 38
38942 49655 38
9035 15860 38
2322 38852 38
9035 18487 38
39710 48018 38
8962 13781 38
11235 31339 38
411 1968 38
24950 41168 38
28141 44680 38
7958 8536 38
39198 41085 38
9487 13727 38
3214 17551 38
39573 48309 38
39572 46642 38
9052 47514 38
13519 44106 38
3283 39190 38
13703 26563 38
38839 42071 38
3215 12966 38
13944 34950 38
15 387 38
39830 48346 38
9341 11218 38
11287 25395 38
24957 43708 38
48084 49750 38
9045 30640 38
11253 16530 38
24074 32867 38
27198 45492 38
39736 48392 38
406 5713 38
28862 32841 38
458 25903 38
39609 44005 38
39602 46218 38
25354 43497 38
14277 31193 38
3174 31420 38
9365 17833 38
3335 14653 38
364 15902 38
471 15397 38
14291 14912 38
152 2619 38
8414 34517 38
15235 16019 38
10389 18380 38
10377 42375 38
10882 43363 38
43162 45550 38
151 44254 38
26786 27965 38
37606 48058 38
67 245 38
37091 40051 38
45351 45950 38
3514 15028 38
24522 25758 38
653 781 38
131 428 38
3533 13140 38
12327 39106 38
8207 22097 38
2886 6169 38
8444 23466 38
8398 12959 38
27437 38865 38
2533 33095 38
12366 49002 38
11880 13505 38
14940 27821 38
14939 29343 38
171 5447 38
10263 33289 38
10259 12399 38
662 926 38
12571 39550 38
12582 14084 38
10931 48211 38
10942 48460 38
12604 16492 38
45669 46343 38
14791 28199 38
12626 37894 38
11794 12264 38
12649 28711 38
3608 20976 38
8466 38647 38
10906 28053 38
43010 43058 38
8452 16454 38
27689 35503 38
43007 48629 38
10312 41154 38
10310 21067 38
12509 37487 38
26455 40011 38
3502 5556 38
12518 23207 38
12528 41388 38
169 49182 38
26829 29226 38
28618 32913 38
11967 34433 38
2576 16687 38
24343 30011 38
11975 36541 38
2826 5274 38
2222 14513 38
15147 15918 38
27518 29082 38
8312 16102 38
15056 37819 38
11979 17959 38
15053 44257 38
12118 27029 38
2210 12020 38
8322 16646 38
37392 48943 38
8235 45176 38
12127 27887 38
8324 41148 38
44333 45173 38
2806 7943 38
636 2158 38
12020 30142 38
10755 42835 38
10760 24619 38
15091 37499 38
27502 41090 38
44579 44985 38
102 3924 38
44586 46827 38
12072 35326 38
8252 47087 38
12214 25692 38
37493 46747 38
45011 49252 38
28673 34135 38
14992 20086 38
43611 46003 38
12200 39890 38
43549 46809 38
14978 15129 38
2584 5911 38
15211 26959 38
10506 19127 38
10506 16690 38
15214 44468 38
621 2849 38
10638 10672 38
44783 47483 38
10625 28507 38
27529 34032 38
8229 16200 38
12159 38701 38
569 4091 38
15180 24015 38
10617 27536 38
12176 20892 38
12188 24745 38
10593 44012 38
24181 44420 38
11101 22316 38
2189 49699 38
8751 34211 38
14485 17172 38
25755 32510 38
25750 39674 38
24809 31354 38
9768 24262 38
25769 43020 38
46670 49845 38
9753 9877 38
8776 10978 38
46711 48152 38
15422 29207 38
3392 49069 38
279 30959 38
31 3794 38
13008 33470 38
13011 28188 38
41666 49471 38
11631 44724 38
41636 42177 38
2284 29663 38
25815 46295 38
3103 49845 38
13064 47025 38
13095 15819 38
9824 17928 38
9804 12453 38
11614 17809 38
13121 28376 38
25592 45640 38
13354 30872 38
27324 43313 38
13356 17998 38
14372 32363 38
25604 44676 38
13365 17519 38
13374 34461 38
9600 10246 38
2413 30655 38
9590 33164 38
8836 45341 38
3638 19925 38
11176 36860 38
2409 44924 38
3121 38510 38
2426 17470 38
8058 16322 38
11580 13590 38
13300 31236 38
13305 31663 38
9659 34158 38
13308 46882 38
8094 17857 38
46870 48149 38
36825 39400 38
9643 11573 38
36812 37435 38
695 13991 38
12779 24402 38
12745 42760 38
2484 11479 38
11741 47583 38
42372 45664 38
26931 35174 38
207 17209 38
10053 37563 38
10046 19495 38
8600 16766 38
12819 42772 38
12820 17263 38
38073 40648 38
24219 47243 38
568 7676 38
26180 49597 38
24226 35777 38
12670 14800 38
10973 22946 38
2738 13289 38
8554 11652 38
8134 33344 38
3456 30009 38
42483 46700 38
12741 42879 38
238 296 38
36 22065 38
3026 19676 38
14605 27032 38
35 35401 38
12966 22703 38
9911 27147 38
679 46039 38
41947 45930 38
36905 45541 38
11642 33440 38
9902 26978 38
11638 28736 38
8667 48693 38
241 1005 38
3432 5134 38
38100 39906 38
11678 12378 38
8617 14860 38
26952 49727 38
12874 34340 38
11054 13351 38
2273 2283 38
24712 29815 38
225 40850 38
41966 48765 38
21495 39667 38
1545 15246 38
6770 8211 38
7789 17014 38
5401 46126 38
6064 21761 38
16978 48782 38
36251 38745 38
7275 9854 38
36246 49908 38
5559 39463 38
6773 19311 38
1735 20014 38
16979 25148 38
5980 28802 38
30004 37411 38
15840 29954 38
21668 37779 38
4404 47577 38
35724 36569 38
29884 38285 38
22889 33395 38
29223 41708 38
1482 12838 38
20170 46219 38
19656 24821 38
2033 43610 38
36257 45717 38
31474 41672 38
5845 41137 38
29507 48179 38
1943 41412 38
4365 6361 38
20608 43474 38
7414 16172 38
822 12934 38
34486 47586 38
6073 47380 38
1026 3328 38
18054 41293 38
20643 22950 38
15858 40259 38
18050 39936 38
32533 33807 38
5530 8989 38
769 25429 38
4296 26262 38
5414 44038 38
1711 23018 38
3999 10145 38
5551 9015 38
23327 45319 38
21533 48037 38
34754 46962 38
5976 11625 38
22535 45016 38
17879 27389 38
2136 20124 38
4091 44735 38
5975 16254 38
32042 36312 38
5171 31343 38
1027 1587 38
23946 35641 38
34318 47105 38
2106 20961 38
7083 16264 38
23636 45999 38
16542 32758 38
3905 11683 38
6722 10625 38
17478 29021 38
18110 26765 38
1992 6943 38
4924 42327 38
7078 21386 38
7544 27248 38
22057 28748 38
33944 38813 38
5379 7265 38
5990 16435 38
4317 32420 38
20343 23744 38
22674 35440 38
33469 33799 38
23956 42394 38
17520 43152 38
16175 41366 38
21135 39480 38
4912 34746 38
21139 27090 38
16422 22575 38
17828 23313 38
31504 33931 38
3823 21312 38
35680 41965 38
4699 6536 38
7560 8923 38
23657 32137 38
1912 19695 38
7045 37458 38
6513 38430 38
888 9475 38
32651 49092 38
16410 23363 38
7565 33553 38
23160 28620 38
17848 37250 38
17457 46499 38
20929 39704 38
18095 29198 38
31974 41316 38
29499 38640 38
6737 43612 38
20655 47662 38
7062 46958 38
3990 9132 38
7823 39497 38
16933 35650 38
7819 24945 38
20761 35053 38
7405 8756 38
17102 27819 38
5041 11805 38
1619 3715 38
34615 40369 38
16024 18101 38
33747 42784 38
17187 29884 38
6110 7717 38
29567 33909 38
7704 11731 38
18639 24627 38
17092 45468 38
20234 49856 38
19754 31043 38
7248 45901 38
5033 14052 38
7639 43086 38
35362 42148 38
5454 29809 38
4723 35399 38
6457 43480 38
5028 6210 38
16008 27576 38
18015 18429 38
17129 27311 38
19780 48823 38
19781 32037 38
23488 26472 38
34652 36390 38
31781 35831 38
1867 37527 38
4494 5852 38
18407 19982 38
34658 34960 38
32108 43545 38
1461 27442 38
17182 21451 38
18280 37012 38
22558 39321 38
17086 48063 38
3780 26330 38
1457 27476 38
5015 9439 38
18277 46073 38
16011 43023 38
5261 8943 38
20749 45983 38
5054 34011 38
30540 39969 38
34734 44712 38
6986 10797 38
15894 36377 38
4271 37349 38
36106 43409 38
5519 38046 38
22983 22990 38
1766 16271 38
23130 49446 38
6842 25930 38
18257 32960 38
1371 44492 38
19869 24368 38
6812 45115 38
772 25301 38
23827 30416 38
1526 25734 38
926 20995 38
6822 46627 38
30604 36616 38
23817 46625 38
19710 29518 38
3877 7013 38
4975 34928 38
17038 25526 38
23091 47395 38
30321 35433 38
19282 33311 38
1528 5375 38
32558 45230 38
32093 40781 38
35838 49550 38
6225 23959 38
19844 48554 38
17251 32892 38
17243 20974 38
32150 46448 38
5046 6931 38
19277 49312 38
35866 42088 38
22156 35721 38
33522 43024 38
19742 25234 38
1335 13207 38
22052 23485 38
35103 45850 38
1616 3022 38
5516 39632 38
32775 48533 38
1012 2728 38
1299 3056 38
17421 19326 38
21754 31174 38
18658 32433 38
31286 41803 38
4017 25669 38
6418 29116 38
17943 42954 38
18829 32698 38
20995 49211 38
19457 37596 38
19551 26539 38
2154 3277 38
32423 37336 38
4545 21375 38
22692 48630 38
4244 4702 38
5318 6203 38
22693 44054 38
31070 45588 38
5811 41835 38
35204 45374 38
5914 41742 38
16824 29320 38
19465 22395 38
1494 44953 38
17573 48330 38
5669 6570 38
22408 27924 38
21335 21373 38
28919 36849 38
1581 45839 38
31689 32206 38
5667 28242 38
1422 32849 38
15709 23351 38
1686 40521 38
29720 34860 38
32754 39747 38
5359 45122 38
34235 44595 38
16517 32209 38
15702 38776 38
18999 47758 38
23432 33056 38
23276 37429 38
5618 49043 38
6668 12354 38
4146 24404 38
18447 32800 38
16246 33815 38
16804 35560 38
18166 24422 38
19141 27119 38
1882 42889 38
18429 42627 38
31879 37677 38
23998 43897 38
32997 38706 38
16227 41544 38
32840 36705 38
22708 29284 38
5330 44381 38
7146 12982 38
5333 41080 38
29209 31631 38
3959 7048 38
4709 30455 38
851 13380 38
7914 40493 38
29184 43965 38
34037 39874 38
32739 41055 38
17747 30351 38
20998 32760 38
28932 30516 38
16442 20563 38
19481 23715 38
19147 29554 38
1691 23240 38
6588 19385 38
36470 41940 38
18144 23398 38
6214 15854 38
17662 17968 38
7483 16460 38
15631 19669 38
22491 38636 38
7153 37911 38
20481 30472 38
1106 31719 38
4431 30195 38
31577 48921 38
6590 18334 38
5808 21762 38
23442 24102 38
22726 24188 38
18981 42855 38
22061 41255 38
2163 2412 38
1403 5743 38
32471 39933 38
7194 25538 38
889 15617 38
23410 34579 38
1330 4904 38
22364 29434 38
3940 32168 38
19427 43195 38
6598 7369 38
5600 32016 38
22489 22817 38
20538 41238 38
29394 44114 38
21370 31011 38
7515 30550 38
22515 35024 38
4179 25875 38
23296 45055 38
22184 34587 38
4179 10393 38
1063 27590 38
18485 20039 38
36554 37253 38
16524 34019 38
7463 37043 38
5907 21979 38
15601 19161 38
34241 46161 38
5615 12693 38
6361 49655 38
14512 32717 39
21359 22038 39
24523 33271 39
26686 39884 39
37253 45925 39
31407 38366 39
19870 34794 39
24765 30165 39
27940 32159 39
44539 45626 39
24946 35680 39
1176 30513 39
11973 43528 39
25503 39244 39
35006 49494 39
2058 44885 39
23260 32333 39
44590 46797 39
26748 33757 39
23290 42712 39
8951 42913 39
19084 45201 39
28665 48879 39
6120 8232 39
7219 10886 39
7217 25974 39
14889 25054 39
23286 25811 39
7179 15512 39
27029 39842 39
31583 45663 39
3788 14597 39
473 7832 39
21351 38255 39
1503 9306 39
7142 11991 39
3431 3540 39
22496 24520 39
26684 29193 39
11608 21516 39
9796 44763 39
818 28711 39
2709 26636 39
331 33403 39
5433 35634 39
21232 42875 39
12169 32460 39
35986 36195 39
20138 38807 39
10215 20645 39
16058 30911 39
12164 20680 39
13371 36581 39
29412 41287 39
27334 38558 39
18413 35418 39
35427 38648 39
38258 39014 39
31620 47320 39
7614 41941 39
16624 20021 39
32061 33823 39
818 1414 39
35518 38563 39
11127 31617 39
7637 27320 39
467 4283 39
5907 17859 39
4784 13290 39
6953 25222 39
5031 33214 39
4782 13461 39
21522 27656 39
4031 8346 39
8929 29459 39
10983 46069 39
7470 9974 39
5940 28744 39
3346 48837 39
18602 28248 39
23548 41341 39
2235 29065 39
18558 48881 39
4337 26903 39
26915 36744 39
13104 33105 39
3343 5058 39
10776 45246 39
14258 16948 39
23721 44940 39
26555 48700 39
11587 23581 39
4030 5897 39
20480 40670 39
6970 10954 39
38957 41170 39
1345 6903 39
5854 33138 39
29947 35455 39
935 30902 39
7178 36337 39
6976 11484 39
35968 47249 39
3429 11461 39
19127 44252 39
3418 4682 39
3780 34903 39
11112 40042 39
472 8270 39
3449 33898 39
932 18053 39
23714 24179 39
2048 31439 39
6114 27508 39
21520 27290 39
14623 37477 39
33237 40529 39
4256 10819 39
4631 4951 39
12642 32238 39
15051 32872 39
4631 11105 39
26641 30726 39
46321 49371 39
27821 36086 39
8654 18705 39
2820 8471 39
24729 25963 39
16317 24670 39
2969 4483 39
1310 31952 39
16204 45735 39
8320 23052 39
46195 49890 39
2818 7436 39
4632 31850 39
14402 22579 39
1916 17292 39
26063 43708 39
5810 32995 39
5081 37383 39
35558 47086 39
18534 27443 39
2435 40672 39
38652 39328 39
12038 17617 39
3151 38976 39
27353 34767 39
31997 36840 39
31987 39192 39
12073 40564 39
4211 16729 39
1873 5110 39
4734 40903 39
35398 44390 39
14591 45174 39
6308 12245 39
7047 20014 39
8353 17350 39
22511 41459 39
12040 19001 39
14428 42424 39
268 32260 39
4319 21905 39
28644 33236 39
7086 31310 39
37413 46825 39
35613 42610 39
11955 26802 39
14427 28562 39
7534 41031 39
2579 26933 39
35597 45366 39
2104 22231 39
24403 37905 39
5803 25253 39
33643 40343 39
2436 5990 39
26891 41962 39
33315 34632 39
4475 8562 39
29485 32749 39
23517 38513 39
8322 32016 39
3553 16691 39
11766 29486 39
27967 43136 39
5802 16854 39
34866 45314 39
22517 45210 39
15040 39202 39
16853 42249 39
2986 8455 39
14450 41718 39
20595 48509 39
10709 27752 39
270 1577 39
7098 19450 39
13349 45976 39
620 4195 39
46268 46378 39
2279 5135 39
11055 13523 39
34932 42090 39
28464 37860 39
24509 29040 39
11017 41030 39
2031 25496 39
599 24930 39
8855 39089 39
16342 24991 39
7211 26940 39
24362 27277 39
2307 39760 39
15104 33437 39
3938 16528 39
24806 39289 39
1576 10388 39
44823 46617 39
327 14282 39
1791 36862 39
23684 39322 39
5928 7301 39
42581 45458 39
6197 10938 39
19198 46310 39
5841 16141 39
14307 45501 39
31428 49448 39
7412 13248 39
4652 24118 39
5430 5686 39
38228 48972 39
1938 22980 39
4310 15679 39
10964 14521 39
31435 40598 39
2311 7979 39
24720 39214 39
24720 46272 39
3359 38457 39
34749 35529 39
23697 36257 39
32050 38885 39
7605 28860 39
7001 15969 39
9590 40791 39
3135 4103 39
26609 45251 39
30809 43989 39
13157 13663 39
8648 12760 39
5925 13634 39
10737 42976 39
2729 30455 39
29227 44407 39
33286 38536 39
26988 41241 39
22136 44384 39
12633 29688 39
7583 8162 39
5078 11629 39
30616 37150 39
32021 37023 39
14930 49378 39
484 10738 39
16304 25213 39
9576 13260 39
6158 46950 39
12080 40410 39
5352 46153 39
969 16234 39
7111 17742 39
485 23396 39
5073 10373 39
824 35628 39
6149 6895 39
1170 1734 39
10208 17337 39
5926 20756 39
41366 43734 39
35029 46679 39
33275 47988 39
12097 13511 39
2742 19104 39
13336 32870 39
33720 34309 39
14482 16463 39
22025 36583 39
14481 15266 39
7587 24129 39
44699 47480 39
40822 45789 39
593 48781 39
12027 17303 39
7022 13728 39
40508 47609 39
45251 49739 39
24164 43243 39
19600 19854 39
5708 28491 39
1991 4301 39
17832 33595 39
23409 25591 39
11436 44852 39
1270 5192 39
23448 49444 39
22673 28145 39
27260 28650 39
21133 43867 39
6723 31936 39
18729 40408 39
6529 29263 39
31183 31723 39
357 15192 39
17473 43028 39
16547 41598 39
41769 43153 39
5206 46436 39
2146 18798 39
4509 25517 39
15748 24797 39
10304 19573 39
22840 26438 39
13653 24100 39
2488 35912 39
19572 25923 39
24623 38925 39
19571 19933 39
10429 11204 39
11418 46803 39
9204 30327 39
3203 4374 39
6675 15987 39
27692 30010 39
7870 15816 39
19060 26228 39
6698 30658 39
9667 26286 39
3901 25756 39
30136 32152 39
17527 35402 39
2891 6086 39
1680 28603 39
10103 27464 39
19588 20115 39
6545 38542 39
12356 42094 39
15723 28280 39
32482 37724 39
2342 28623 39
41705 43393 39
12536 37233 39
28986 46494 39
19640 47636 39
6512 36597 39
23895 44927 39
8486 25688 39
2385 21546 39
2453 39818 39
4826 25419 39
17872 28614 39
1670 21965 39
16410 25444 39
558 6629 39
10869 22835 39
13601 14461 39
32219 33882 39
20906 46333 39
11245 38323 39
12303 38700 39
7800 9971 39
4506 35435 39
5731 27914 39
3728 11017 39
4821 22333 39
24644 32512 39
23403 27217 39
13958 41801 39
19347 21966 39
10871 29112 39
32246 33654 39
9157 27316 39
6241 16259 39
14823 18508 39
9163 48869 39
25856 32485 39
4366 12006 39
21150 29153 39
42029 49749 39
31033 42991 39
5243 46180 39
25225 37320 39
36292 43036 39
32960 48979 39
6743 7434 39
32244 33254 39
19339 19977 39
31694 46824 39
9349 16368 39
9675 28927 39
40994 43841 39
5659 24240 39
17742 49632 39
1086 16864 39
2924 20398 39
2375 49583 39
6617 10668 39
12923 18671 39
25293 37834 39
23438 34274 39
367 46370 39
4533 9502 39
3656 37670 39
28936 43674 39
29733 37944 39
37902 44185 39
287 30494 39
36452 49549 39
15535 47375 39
24592 46992 39
33014 41422 39
13753 20362 39
39911 43890 39
16468 47848 39
13748 30353 39
30416 45312 39
7942 12388 39
10356 29908 39
22730 35449 39
4863 32368 39
19432 29696 39
10349 27083 39
11355 30896 39
21070 40759 39
4161 12904 39
36549 36649 39
6612 25359 39
24071 36192 39
2371 3188 39
2587 34845 39
11365 16517 39
27237 41086 39
11361 49446 39
1094 32023 39
3671 4802 39
32449 49774 39
6607 10601 39
4175 5824 39
2645 23386 39
30140 32978 39
15694 31497 39
19546 28199 39
18331 44628 39
32329 44986 39
25380 48715 39
10406 23931 39
15676 43334 39
2378 9744 39
13837 44940 39
22698 30378 39
42994 48490 39
4899 18845 39
36387 49222 39
28856 41352 39
36742 39534 39
28200 28803 39
33073 36821 39
30399 30559 39
13865 32624 39
10880 38209 39
5999 25680 39
1686 4292 39
25942 35815 39
31054 37592 39
31060 33751 39
2377 30732 39
5226 33645 39
25934 35553 39
9956 29416 39
13805 31133 39
4534 31469 39
3212 19581 39
12489 35774 39
16508 41167 39
41796 45981 39
2907 30697 39
8545 10312 39
1393 21892 39
1689 12821 39
33446 37485 39
3242 35249 39
22051 48553 39
9030 25514 39
20393 23748 39
782 34208 39
7719 35248 39
7715 12602 39
781 4550 39
17264 33281 39
14098 26826 39
9848 40094 39
11189 19791 39
4354 28185 39
27847 28654 39
22602 31271 39
16383 21401 39
20824 37590 39
5754 37548 39
20836 45592 39
2012 46076 39
41474 42157 39
6903 17604 39
23479 26476 39
29995 34421 39
447 599 39
18905 39551 39
10588 45480 39
25997 36865 39
9053 23923 39
15884 18085 39
3334 43329 39
14677 29610 39
19774 48103 39
41600 41635 39
19721 33826 39
19073 34572 39
5517 36671 39
23475 33814 39
14087 20450 39
1374 20578 39
5509 6286 39
18909 36369 39
37724 38606 39
28332 36692 39
17988 39703 39
15 29321 39
1446 31055 39
27328 30999 39
12707 23824 39
17205 41503 39
12209 23599 39
9479 45214 39
1301 31757 39
15254 33418 39
26234 45621 39
11805 27473 39
6886 8088 39
16611 20541 39
31337 32719 39
15964 31442 39
30716 36158 39
47034 49171 39
4415 23817 39
5760 30044 39
2447 25862 39
16379 40941 39
8186 19299 39
3595 39581 39
8458 12261 39
9832 24063 39
8995 9703 39
14155 16121 39
11162 15171 39
8612 13842 39
7707 21272 39
5505 23850 39
20231 24119 39
9014 13020 39
29272 49251 39
21962 34200 39
2629 27935 39
5958 28971 39
35098 49177 39
1300 1639 39
32151 42914 39
13087 39406 39
5491 15364 39
14129 27305 39
11539 34242 39
18283 39416 39
5502 8774 39
29074 33086 39
14163 43968 39
12580 49116 39
14118 39747 39
4288 6837 39
12194 31793 39
15343 18321 39
458 2552 39
14694 21226 39
39301 39348 39
31239 46191 39
17158 20337 39
19782 26648 39
1760 23330 39
4949 40725 39
13593 16129 39
10508 39882 39
14844 19296 39
2544 39362 39
8589 14505 39
42048 42862 39
2204 24415 39
9657 10553 39
26021 35617 39
10519 30117 39
17159 28398 39
18686 47002 39
17350 38358 39
39281 41076 39
22929 49994 39
39005 46390 39
6773 28794 39
2746 35966 39
41097 46102 39
7369 21971 39
27147 30299 39
3465 19072 39
9107 17321 39
2388 17154 39
14843 29284 39
5976 25226 39
19672 39695 39
34656 37044 39
9104 33946 39
5733 10217 39
6778 9094 39
4597 11070 39
5548 15287 39
2847 3245 39
9873 36940 39
31630 44718 39
6812 20543 39
12197 27188 39
27123 44893 39
10602 31365 39
43609 49839 39
17330 45739 39
17990 34797 39
9450 28517 39
4200 45606 39
5187 42587 39
18672 49980 39
15875 35761 39
6816 18714 39
14069 48195 39
16587 24970 39
5014 29260 39
20385 48256 39
8594 32961 39
14076 17649 39
13999 36925 39
41632 43173 39
39365 41252 39
10845 48885 39
27295 44183 39
39257 46548 39
20868 24556 39
11501 27522 39
29586 41745 39
7675 40155 39
32942 43586 39
14682 17307 39
682 9117 39
2468 19764 39
10526 35005 39
425 6348 39
10787 36277 40
20304 42411 40
35219 41047 40
3467 9098 40
18234 22952 40
13322 15299 40
5221 32443 40
7328 34832 40
10136 43098 40
40859 45998 40
25610 30489 40
24743 33626 40
29382 37874 40
8619 30106 40
31692 33663 40
16710 27161 40
13361 18156 40
37877 46739 40
26789 49505 40
7321 27526 40
28530 41375 40
540 8486 40
16580 38930 40
18244 44424 40
16584 30376 40
910 38803 40
3934 4637 40
25643 29429 40
8593 21560 40
28570 46620 40
14683 31391 40
40833 45117 40
38026 40059 40
7289 29238 40
5243 15890 40
3903 4539 40
80 2690 40
20270 35303 40
10813 23739 40
40941 49829 40
28560 32919 40
2264 41807 40
35160 42330 40
1340 2226 40
6307 47275 40
35161 43168 40
37992 48397 40
10797 17061 40
5301 19427 40
37936 42495 40
4666 20853 40
14751 34879 40
8553 47649 40
11861 12808 40
5301 34100 40
13319 37606 40
919 1515 40
18025 27722 40
24684 43423 40
1529 10495 40
2259 27127 40
195 20926 40
18256 41197 40
7299 40677 40
1519 27519 40
23312 41018 40
9653 25472 40
20140 24525 40
37940 45629 40
8639 40028 40
2773 48166 40
33460 34072 40
35015 45517 40
5860 21677 40
14740 32451 40
13351 14724 40
32213 44134 40
12311 46808 40
10287 11992 40
21801 40211 40
34422 40325 40
3188 21212 40
10490 18398 40
12302 39008 40
6766 31125 40
9135 41558 40
13994 21494 40
19663 22488 40
17396 32302 40
169 21565 40
14000 36706 40
27583 39129 40
5558 49862 40
43528 48339 40
6775 33993 40
5720 7025 40
43393 48690 40
3196 5025 40
1431 36998 40
9406 28769 40
2884 7647 40
19362 42163 40
40144 48991 40
13948 20362 40
6735 12363 40
4568 15019 40
33927 44343 40
17857 17928 40
25160 39254 40
33901 40949 40
1121 2456 40
10289 23930 40
5572 27809 40
17939 36579 40
17308 30413 40
25475 45909 40
5521 18245 40
17291 25054 40
25070 43782 40
22988 24745 40
32168 40956 40
6475 25108 40
12228 42850 40
9467 38553 40
10560 46619 40
1955 28263 40
4585 47810 40
6876 45109 40
34484 49932 40
34456 40314 40
25452 43865 40
1807 42887 40
22913 34337 40
19312 29009 40
6535 43891 40
14041 25742 40
17910 28954 40
22627 22792 40
22943 28233 40
2547 13129 40
5526 15452 40
6641 8505 40
12475 14047 40
12475 16270 40
10383 19962 40
17659 21196 40
10384 30012 40
17654 29438 40
17753 37428 40
12476 44441 40
30409 31058 40
19401 21164 40
12436 26690 40
13805 16540 40
5640 17010 40
25277 29977 40
9360 41324 40
43229 47898 40
9260 12630 40
6655 42434 40
3207 37067 40
5635 7292 40
10340 10376 40
17710 34049 40
28154 29750 40
43056 44682 40
3222 22218 40
9326 27360 40
9338 14565 40
26303 36458 40
25340 34490 40
6611 11835 40
1088 18216 40
9250 49218 40
1825 39738 40
22749 37069 40
3230 19728 40
34085 44189 40
43036 48431 40
39984 42235 40
5659 12952 40
13781 35941 40
1408 29521 40
6698 29149 40
9204 30672 40
19581 40718 40
1429 26359 40
17525 26900 40
9190 29857 40
28126 36787 40
1991 9922 40
17835 26621 40
19521 35942 40
17798 24464 40
13843 44482 40
13847 15263 40
12377 35811 40
1071 44169 40
10317 23033 40
32139 46294 40
12371 19219 40
19560 20519 40
2896 13256 40
2356 31941 40
163 4335 40
402 3361 40
12651 18631 40
33692 49682 40
16944 49645 40
16941 23498 40
19173 30586 40
12068 39175 40
23163 41247 40
8807 11923 40
7063 32568 40
38514 38950 40
1162 4643 40
19999 39737 40
33646 46800 40
6371 12291 40
3983 10288 40
6368 48350 40
9565 28518 40
28048 35183 40
23212 39470 40
18063 26459 40
19918 48667 40
21673 48198 40
38708 47975 40
105 2866 40
12093 45231 40
21670 23084 40
30615 46041 40
44086 48761 40
44121 48214 40
7021 46817 40
953 9122 40
34767 44834 40
3370 39269 40
484 2311 40
33695 49271 40
7035 26330 40
10690 41995 40
34971 36173 40
20087 26183 40
5826 39637 40
5827 10264 40
31864 37644 40
30678 38133 40
6325 27473 40
5317 23304 40
9589 43844 40
23285 43499 40
4657 26894 40
13368 17344 40
310 6113 40
5311 16917 40
16721 19987 40
31833 43533 40
38447 39268 40
15573 20065 40
16853 22306 40
952 30496 40
14452 15859 40
3399 36284 40
20045 24594 40
2042 4170 40
23148 37335 40
26670 35054 40
317 44439 40
34924 38394 40
40661 45846 40
38409 44276 40
2806 34299 40
1347 34548 40
17145 44426 40
26518 41352 40
4592 4872 40
8982 30513 40
10590 25523 40
4216 48568 40
8981 14989 40
17156 44447 40
8970 13507 40
9490 36102 40
5473 9961 40
456 19122 40
12185 12502 40
17141 17261 40
12600 39968 40
26220 46368 40
24988 31505 40
22565 25272 40
6939 37163 40
43722 44397 40
33813 35705 40
2943 44534 40
2854 20066 40
29847 31944 40
9001 15324 40
33803 40840 40
332 32306 40
8996 44325 40
28358 41408 40
26501 48226 40
10582 41418 40
25031 49772 40
8990 49011 40
39033 39391 40
14169 29102 40
42774 43358 40
17056 23831 40
1150 5580 40
5436 46139 40
8887 37761 40
29865 30440 40
8870 10116 40
12111 28376 40
976 10904 40
5423 17172 40
14321 40256 40
4481 6818 40
7006 15012 40
4480 22033 40
5465 8154 40
4492 9844 40
17114 26755 40
17104 43029 40
19233 31892 40
17103 47690 40
9505 16113 40
1282 40424 40
14260 23223 40
989 1149 40
11970 32359 40
24965 40693 40
19838 27957 40
10227 28774 40
30324 31119 40
21709 38665 40
12148 33956 40
14284 30723 40
5778 38565 40
11316 17029 40
597 26202 40
4847 36271 40
24478 38782 40
15136 16596 40
18780 45194 40
706 10521 40
1921 10569 40
18840 29851 40
7627 13288 40
23524 26047 40
19011 41480 40
3733 7411 40
27862 41058 40
4950 13534 40
22092 22373 40
811 2701 40
36674 37450 40
9725 28565 40
23718 43294 40
8248 16102 40
36431 43449 40
46 2715 40
3034 18153 40
24127 46002 40
20994 28985 40
7806 29980 40
33360 44312 40
23896 46089 40
8267 16650 40
46709 49181 40
16290 39145 40
18842 22831 40
46024 49062 40
20914 24283 40
18840 39479 40
11311 19153 40
21258 40085 40
2092 18185 40
20682 33485 40
276 47509 40
6227 32540 40
3691 43077 40
41833 45644 40
25794 32343 40
2700 2745 40
20893 23211 40
2120 42191 40
6113 32238 40
27248 32906 40
25906 48534 40
4849 17433 40
15193 45718 40
4789 36925 40
24302 27954 40
2748 17969 40
24296 26590 40
13245 44409 40
11494 31324 40
12949 47594 40
6113 12207 40
28761 44840 40
4439 6813 40
22274 27024 40
24090 40973 40
4959 24314 40
4437 49889 40
46863 49884 40
20405 49931 40
31403 31850 40
14895 38658 40
8230 11597 40
33371 47290 40
23724 41638 40
7417 17268 40
20696 22328 40
35904 48188 40
26908 46094 40
805 47423 40
9989 11373 40
10026 19957 40
48742 49606 40
11784 46890 40
22089 32013 40
3864 45700 40
5175 35009 40
15054 43121 40
6056 19354 40
3819 17383 40
2145 41518 40
4838 16587 40
4914 47871 40
21336 34461 40
23940 42841 40
834 48682 40
12782 37622 40
7825 42564 40
15767 43038 40
11020 16859 40
16134 32220 40
15058 41738 40
22352 44796 40
11269 39813 40
21130 42147 40
3086 28516 40
15730 45322 40
18753 21284 40
11441 17619 40
16163 39382 40
11056 33900 40
23626 27165 40
23630 37690 40
22180 25269 40
10058 41639 40
1891 19496 40
11671 24667 40
20953 32988 40
32965 39308 40
7844 19752 40
616 9054 40
2608 2765 40
30120 44274 40
35647 44089 40
6181 36063 40
12785 13023 40
33267 38087 40
8076 41545 40
4331 23077 40
18963 47327 40
30878 30883 40
26927 30342 40
13216 45156 40
12881 39006 40
23678 34634 40
3840 18770 40
9784 38520 40
2432 6652 40
7811 18212 40
36373 43866 40
6209 8707 40
4304 24565 40
41217 41564 40
2213 5415 40
18439 28322 40
11726 13132 40
27961 39181 40
21349 48514 40
16129 47724 40
24176 31837 40
36864 47677 40
738 6734 40
33295 36572 40
8036 34798 40
21125 37092 40
11428 31344 40
19053 22014 40
1308 6326 40
2991 15963 40
3564 27187 40
11421 24174 40
15720 22702 40
16239 43732 40
26050 36650 40
8031 25666 40
8030 32985 40
29987 38134 40
15286 33783 40
30156 34494 40
6016 15189 40
8498 47772 40
5002 44469 40
7680 16721 40
22205 36682 40
11151 18317 40
14837 21452 40
11497 37185 40
15621 32079 40
11152 44818 40
7373 47713 40
1762 28143 40
20755 47796 40
3000 17501 40
36992 48498 40
42408 42857 40
33023 41417 40
32931 48622 40
4417 9980 40
18634 24580 40
9707 9808 40
1722 19368 40
15967 49951 40
42381 49155 40
24579 49980 40
9834 41569 40
11828 28441 40
22207 39495 40
42063 49827 40
24579 44873 40
18660 40969 40
15876 21810 40
18887 47786 40
15888 19538 40
15562 23810 40
11359 18496 40
28923 37887 40
27928 33860 40
33210 49380 40
11845 18709 40
37831 40530 40
16410 31777 40
47641 48987 40
13042 36019 40
13061 16444 40
15270 46431 40
7672 29507 40
7964 16285 40
28771 49212 40
3745 18207 40
8207 13739 40
14780 30087 40
5972 11117 40
16389 26537 40
1204 18120 40
11146 31956 40
20343 26013 40
30081 36864 40
5184 39470 40
27811 29322 40
11192 46358 40
13061 21489 40
37735 39542 40
12939 41550 40
11852 18720 40
29302 32355 40
24063 41263 40
20371 21550 40
10097 18095 40
9851 23015 40
4347 25028 40
8519 15361 40
6014 7882 40
18669 25135 40
26117 29896 40
16414 21625 40
26003 39139 40
10006 27007 40
15612 33394 40
33200 38626 40
22164 43906 40
1371 24063 41
6057 35469 41
14107 18965 41
12254 13805 41
3762 6616 41
21281 36839 41
5795 32944 41
9023 27610 41
2539 16744 41
4989 6045 41
2495 35528 41
20824 43613 41
14109 16160 41
32013 32149 41
6159 47321 41
12799 41441 41
11081 30305 41
18539 23229 41
2215 5300 41
9017 31727 41
15092 34663 41
16099 36379 41
19192 29204 41
10209 28682 41
12100 32737 41
21269 24846 41
12315 27318 41
19301 41093 41
5575 7304 41
6873 10056 41
8858 34752 41
20803 41872 41
43474 44859 41
12315 18561 41
7603 12770 41
418 11164 41
28413 39499 41
26048 29953 41
1231 35264 41
19747 48617 41
16108 38182 41
36873 38317 41
9887 13428 41
4805 35082 41
9020 22621 41
10266 12053 41
6865 32663 41
1477 5278 41
5726 48512 41
6748 29876 41
27586 48258 41
9887 24693 41
38695 47650 41
19933 34225 41
37321 48608 41
4328 15681 41
26190 47759 41
1230 1649 41
14334 30391 41
17426 47933 41
19707 49467 41
34345 40421 41
33675 47178 41
15296 42379 41
31491 40071 41
24858 47062 41
30304 33312 41
5587 9947 41
496 1933 41
31968 33870 41
25858 43380 41
4980 18367 41
2506 48125 41
4758 6298 41
43631 48664 41
13007 31576 41
5382 26272 41
1913 26241 41
445 10315 41
960 1631 41
3989 5402 41
3819 18365 41
18109 46427 41
6052 9621 41
13566 31404 41
16166 34965 41
10709 45066 41
40313 48956 41
7728 26603 41
10261 45530 41
1447 36462 41
5520 24419 41
2298 15855 41
4111 8533 41
7078 8355 41
14089 46237 41
1812 32769 41
6085 13344 41
22179 38858 41
34515 44677 41
13009 21412 41
25160 43579 41
7044 30231 41
6167 40076 41
749 46120 41
6093 7851 41
6391 44720 41
23937 36973 41
17415 30971 41
28432 43510 41
5796 16113 41
13958 28162 41
26256 28602 41
25546 35971 41
10468 42172 41
15418 33064 41
29504 35181 41
8304 24548 41
5082 5890 41
15919 25904 41
16934 30507 41
20831 35715 41
222 28781 41
20569 33429 41
17465 27384 41
32921 42101 41
19977 23093 41
4930 22530 41
7052 18531 41
22523 26593 41
18092 41421 41
41545 46116 41
30546 48353 41
1849 9359 41
46381 48835 41
7557 17477 41
5919 27004 41
7558 25666 41
175 1813 41
17108 39807 41
8936 15133 41
4568 10790 41
30325 46829 41
13110 29715 41
17896 41746 41
18685 28389 41
12169 39815 41
25027 25223 41
23760 46290 41
11124 19247 41
34698 45766 41
1897 4338 41
17982 28060 41
23865 32059 41
2622 18260 41
2135 38759 41
28370 49880 41
11585 33837 41
12170 22439 41
26566 32920 41
29850 45050 41
37197 47341 41
805 1997 41
24280 35297 41
7781 23736 41
22894 34956 41
10227 28792 41
39275 46628 41
3348 21005 41
31220 43790 41
26569 39384 41
30201 41517 41
14163 16289 41
15169 35299 41
11558 26130 41
2507 24884 41
1465 7970 41
27918 34297 41
21178 48379 41
6774 8741 41
8926 9412 41
38893 39092 41
39053 40490 41
15212 39867 41
30358 41407 41
23052 37916 41
25499 41296 41
20737 32160 41
3066 9669 41
6914 9950 41
21935 48340 41
19789 22680 41
3050 44810 41
21232 23242 41
29670 43326 41
6785 37934 41
7674 25652 41
14184 29720 41
6446 33049 41
22575 26442 41
14187 38071 41
25453 38987 41
1258 19479 41
19784 40531 41
333 9372 41
39319 42214 41
6793 23889 41
8202 13657 41
17127 48475 41
15195 40958 41
23065 30808 41
1379 12253 41
12543 13984 41
30583 48086 41
9495 44619 41
9991 21639 41
14207 38562 41
2544 31994 41
8213 39723 41
127 14563 41
31218 43695 41
19794 30830 41
17363 21902 41
24989 25712 41
39100 42543 41
10480 12411 41
34607 45235 41
17411 24322 41
17412 37602 41
2028 3303 41
25443 43829 41
20671 34290 41
21264 43436 41
38798 48818 41
4421 6910 41
17047 25528 41
10646 25970 41
7801 14504 41
2211 7890 41
29101 46395 41
8885 40719 41
3295 25104 41
11615 33533 41
32534 34828 41
4406 4542 41
20916 28370 41
18625 28773 41
42105 43666 41
22545 41004 41
5932 33500 41
20657 39327 41
5426 30166 41
10660 15810 41
14 26687 41
30505 35452 41
18927 39779 41
13547 28064 41
2343 6386 41
30531 47712 41
18931 49559 41
36046 46045 41
15958 42835 41
22547 40968 41
5000 32617 41
12535 32784 41
31440 45308 41
28268 46823 41
13991 41444 41
12611 34133 41
6063 8090 41
15375 37549 41
43988 47246 41
5563 27588 41
13086 45243 41
13539 22403 41
12142 14447 41
38851 40119 41
22139 41836 41
6970 22969 41
25125 29683 41
34719 38948 41
11115 36236 41
2444 23058 41
18705 34916 41
6769 10465 41
10219 29356 41
2317 46098 41
23878 35525 41
28120 46025 41
1438 43238 41
6415 24671 41
4483 44733 41
1358 2008 41
18953 44870 41
25800 35170 41
17203 43363 41
21692 31398 41
6982 26717 41
17912 34360 41
6761 43764 41
19643 46785 41
32619 35939 41
4943 7063 41
15864 48107 41
34730 46140 41
11162 35116 41
2024 22037 41
4016 34761 41
28357 36320 41
6814 38843 41
17912 22612 41
6887 23867 41
6802 35118 41
16046 36212 41
6505 34774 41
12537 20906 41
9253 10358 41
3435 21409 41
14832 24441 41
29920 39844 41
29392 40394 41
4731 25563 41
17791 31899 41
8656 14836 41
2426 6204 41
2279 35990 41
24477 32174 41
13261 39642 41
1761 4302 41
7965 48912 41
14711 47056 41
32356 38602 41
9252 27826 41
30698 36108 41
927 45151 41
3519 4086 41
4164 15173 41
9632 34042 41
2584 46266 41
19457 36591 41
25276 47523 41
4670 5488 41
2916 47004 41
13820 46205 41
20428 35933 41
20365 47823 41
29726 43645 41
25679 41937 41
4382 10132 41
20368 25040 41
17786 46717 41
7356 37504 41
6016 28003 41
2794 33448 41
1315 13134 41
25358 34486 41
7295 40516 41
5885 15600 41
44654 49499 41
39712 40594 41
23303 25191 41
8679 20038 41
26154 49134 41
7355 16730 41
11729 12582 41
30282 39368 41
16278 37879 41
3258 44443 41
11730 24393 41
31713 43460 41
41077 48434 41
34028 38232 41
2792 18752 41
9961 20785 41
6661 27514 41
11400 20669 41
16551 22887 41
144 31372 41
7360 17131 41
394 5023 41
21373 26296 41
7889 45599 41
25612 28976 41
3886 8718 41
31591 45318 41
7440 47112 41
24126 24382 41
16293 23104 41
1547 15664 41
15606 47187 41
21565 46022 41
1088 2963 41
10985 29533 41
17592 36155 41
20225 27640 41
8594 24538 41
279 42847 41
547 12389 41
31773 44978 41
10951 34863 41
3877 40646 41
1691 16365 41
19486 44341 41
4852 10825 41
5860 29816 41
26855 32405 41
31106 34387 41
875 32386 41
7374 19193 41
4876 7862 41
31781 43502 41
15645 19082 41
8449 18763 41
234 17228 41
9715 35687 41
1208 33988 41
16369 44452 41
23366 41987 41
10857 36420 41
7381 48062 41
42513 48936 41
8607 14361 41
24085 45282 41
22712 49353 41
2159 27241 41
4879 9053 41
29948 43849 41
8602 14085 41
29342 36016 41
586 756 41
8613 10308 41
14867 47257 41
14652 33589 41
28001 41547 41
23385 39676 41
14657 46037 41
16608 31342 41
30798 31593 41
9922 35474 41
10824 19421 41
16579 21034 41
24716 44323 41
30799 37651 41
19501 28313 41
2771 22667 41
19066 21499 41
45881 46497 41
32450 34570 41
3211 11942 41
1338 28347 41
729 799 41
13254 46043 41
2058 37368 41
7971 9833 41
25650 29084 41
14610 19113 41
24652 28915 41
4453 32968 41
6226 31839 41
10386 11744 41
24707 29668 41
1859 2029 41
14849 41058 41
5268 38466 41
19072 48507 41
2086 4061 41
1337 13769 41
3654 26051 41
35049 40089 41
16347 39713 41
20193 38744 41
29419 29716 41
1287 41356 41
33526 43982 41
6020 28086 41
29731 42396 41
29152 38701 41
2808 18040 41
6190 30133 41
22730 38756 41
44456 47178 41
3223 6350 41
31913 32050 41
38439 47778 41
28907 40857 41
46135 48597 41
29698 37042 41
14791 22226 41
20053 44453 41
26801 34337 41
8762 35808 41
184 590 41
6701 16835 41
29459 42743 41
33628 45772 41
36796 38621 41
6188 47600 41
17535 20812 41
13387 46686 41
4512 43747 41
8366 20654 41
37520 40118 41
11864 37795 41
1172 1367 41
9390 20821 41
34928 37657 41
14793 35420 41
38428 39065 41
11020 15510 41
31902 32040 41
13743 25053 41
1353 4507 41
21453 38767 41
24421 44114 41
19588 30812 41
31942 37669 41
29796 47981 41
6597 17971 41
42614 42989 41
9762 41496 41
32671 46062 41
2479 25537 41
10714 37781 41
24588 32151 41
14439 44666 41
21144 31626 41
3635 8425 41
16880 17140 41
14778 46870 41
34886 44170 41
3483 19003 41
7089 47534 41
40549 48346 41
28601 31789 41
13936 47027 41
8339 34758 41
6256 26131 41
20531 37347 41
11437 18427 41
7106 37006 41
3971 41606 41
9685 14637 41
7513 8313 41
17513 34259 41
7340 14448 41
18984 42078 41
33631 44614 41
893 7957 41
4244 4697 41
3546 27609 41
27499 48762 41
37470 41875 41
7337 41839 41
44396 47185 41
18815 36500 41
3702 18616 41
37886 45673 41
358 1387 41
10448 46781 41
37537 45673 41
18994 38036 41
13375 23356 41
33996 38775 41
18453 23746 41
34249 45993 41
312 3695 41
10354 28339 41
17819 33929 41
7953 14941 41
578 40435 41
28470 32995 41
29176 43203 41
10764 11668 41
3218 9819 41
20100 45247 41
10762 15231 41
3265 34724 41
7870 10839 41
39651 43920 41
9605 20909 41
8708 20396 41
15592 32822 41
16779 40827 41
33589 41761 41
9599 33140 41
8028 28904 41
163 749 41
10312 32036 41
9203 37106 41
4155 5475 41
850 43544 41
22678 41385 41
2480 5575 41
7961 24872 41
1683 46925 41
6250 37585 41
22183 44004 41
18176 36643 41
20986 32370 41
288 3119 41
18462 43827 41
5999 11198 41
23416 40277 41
43374 45847 41
2509 24696 41
19391 41150 41
1778 43838 41
14982 23423 41
5317 26464 41
7865 25034 41
4902 10738 41
9064 36820 42
18832 19041 42
12274 37486 42
6819 18456 42
5659 14375 42
33182 39375 42
13045 24408 42
19410 27381 42
28292 35458 42
13716 40513 42
11339 46224 42
36491 38781 42
17920 49620 42
17352 34825 42
11352 34139 42
375 14388 42
32540 36907 42
6489 12503 42
26307 39603 42
17744 29919 42
23848 31956 42
6590 10885 42
4966 7146 42
4084 11033 42
5745 45831 42
4810 5206 42
15554 45636 42
716 11969 42
10000 38882 42
5533 28047 42
341 48075 42
27923 38636 42
47651 48097 42
28328 31113 42
17682 30771 42
2863 8618 42
21071 47373 42
370 13519 42
12262 47292 42
31102 39204 42
8120 18159 42
19305 36532 42
25077 26417 42
36136 39931 42
13776 36237 42
34141 40161 42
9862 41562 42
11375 43081 42
24040 30851 42
18900 43753 42
19461 42500 42
9330 42310 42
13763 37431 42
348 654 42
5529 7999 42
21182 49640 42
32920 37781 42
12866 17948 42
39283 49074 42
8132 25996 42
21898 26508 42
12270 12861 42
19713 23064 42
22960 24984 42
19391 43812 42
18878 20941 42
2178 14175 42
15471 45245 42
24185 32456 42
31197 32278 42
28204 31813 42
1391 23195 42
12501 48101 42
23909 33884 42
2665 42414 42
15465 27891 42
20922 42215 42
28264 34528 42
18765 28161 42
5701 16284 42
6035 22315 42
6683 21804 42
25146 36189 42
41980 46768 42
2360 14197 42
32514 38885 42
6031 9544 42
243 16174 42
25883 44122 42
34016 49774 42
11307 13672 42
13859 33033 42
22794 24811 42
22647 26899 42
6757 14573 42
6671 12873 42
23977 33487 42
13864 43611 42
25228 30620 42
21117 30249 42
22257 43850 42
30174 38903 42
3199 3446 42
21149 29562 42
28839 44637 42
12343 35978 42
408 35293 42
39580 47853 42
4557 5096 42
3194 12789 42
11439 12204 42
2148 16926 42
12338 41943 42
40144 48357 42
11440 31053 42
26407 33496 42
1891 41829 42
5587 45719 42
17842 25540 42
21149 25534 42
11444 16997 42
2186 39500 42
13651 40421 42
3718 28127 42
28218 48567 42
17445 26652 42
9152 31851 42
10438 17414 42
10439 20467 42
1672 3256 42
17534 43584 42
10295 21684 42
15457 31780 42
8082 41269 42
19616 38299 42
4123 14720 42
17530 47066 42
6695 40742 42
5991 21602 42
17526 37787 42
691 2375 42
13911 21564 42
15452 19777 42
740 41702 42
15523 18775 42
34456 36182 42
34448 48336 42
3738 5465 42
11488 14437 42
40241 40573 42
9280 30712 42
150 2679 42
21097 39600 42
1897 17509 42
31000 44145 42
15522 31289 42
42842 46441 42
2671 18278 42
21905 44159 42
29730 42072 42
34193 41111 42
7994 48478 42
34064 39325 42
7762 34815 42
1397 16837 42
12437 22426 42
25310 48937 42
10515 27039 42
17666 21347 42
5542 22104 42
12284 44593 42
11339 22553 42
12285 25980 42
22712 31363 42
1394 21839 42
21874 22203 42
5736 8762 42
3691 25996 42
2171 2919 42
3692 33551 42
8110 47208 42
17653 27712 42
17366 19064 42
3698 7521 42
36254 38459 42
2191 34585 42
39394 48284 42
6505 20268 42
9430 23061 42
9123 10068 42
15684 32472 42
9427 13831 42
1126 2746 42
15509 45497 42
27890 42352 42
2541 3843 42
17801 19796 42
13681 21568 42
1077 3707 42
30447 33183 42
5638 14323 42
17773 34167 42
17778 38428 42
10394 41711 42
731 1517 42
9984 40287 42
40046 46835 42
19663 45987 42
26341 38364 42
34437 44366 42
4948 5675 42
48592 49836 42
7896 11421 42
22892 28050 42
846 4255 42
31736 48279 42
38470 39424 42
35112 38197 42
33329 43190 42
23223 39732 42
37486 44628 42
42 1499 42
950 31481 42
6355 24539 42
14672 39075 42
6363 43675 42
9565 32513 42
10716 20027 42
22125 31080 42
6180 47306 42
501 30427 42
2295 39014 42
41297 49642 42
23471 44036 42
28044 45018 42
12041 36229 42
11679 27186 42
20041 47458 42
15013 40779 42
10725 30960 42
23221 25011 42
31523 31954 42
7108 15298 42
19143 46354 42
12020 20108 42
10172 22731 42
14664 48342 42
2291 38634 42
31627 33953 42
6343 49954 42
14864 35120 42
31626 49341 42
40663 42899 42
38078 44902 42
23589 35151 42
28466 31806 42
13320 16826 42
14868 36166 42
3503 43817 42
40637 45939 42
9748 22079 42
10942 47805 42
11050 23419 42
7126 20250 42
3964 18657 42
16219 31687 42
32679 35376 42
44496 44714 42
12669 41848 42
13393 31863 42
24388 28646 42
2438 8629 42
30627 48343 42
5389 12108 42
2720 43617 42
7273 25325 42
13307 49641 42
1226 31914 42
16936 19572 42
492 10307 42
13434 35322 42
5196 25525 42
7569 10751 42
5397 12220 42
18536 27474 42
23667 42625 42
6159 36399 42
9540 33452 42
2081 3118 42
6160 42173 42
24552 30766 42
9542 18873 42
26965 37660 42
11889 21455 42
38638 42807 42
46412 48622 42
35 1072 42
4628 8678 42
1743 2749 42
3390 19932 42
38496 38846 42
8330 18614 42
12049 27911 42
5105 18775 42
16900 18526 42
14680 48413 42
14677 32156 42
33644 39603 42
7536 11345 42
2721 37602 42
35652 44520 42
19168 21041 42
10702 20813 42
19165 45603 42
14498 45291 42
18103 48855 42
23467 26908 42
1489 3451 42
3147 45449 42
20263 30160 42
25741 38384 42
35014 36606 42
19121 47434 42
16703 26853 42
2604 27004 42
541 6684 42
35013 49006 42
23526 30324 42
31588 43049 42
7446 24039 42
7449 11299 42
19115 28454 42
33378 39105 42
21376 24567 42
13223 46400 42
2783 42267 42
10826 12596 42
35053 47823 42
18229 41644 42
2783 25729 42
20462 21466 42
925 2856 42
18230 44741 42
35459 49434 42
9617 25027 42
37588 43666 42
24749 30277 42
2239 10179 42
22486 40589 42
4737 28057 42
307 26685 42
26140 49970 42
27814 28728 42
12760 47717 42
3101 23447 42
16316 48985 42
7429 46247 42
35020 40658 42
4298 24680 42
7423 38776 42
24499 38871 42
25620 48078 42
37681 49578 42
7438 21156 42
38218 43351 42
14892 35532 42
21386 26392 42
8658 48382 42
2743 48682 42
13334 26624 42
12763 32477 42
26891 36088 42
26075 36186 42
5295 40346 42
13347 42415 42
7203 24672 42
27442 39875 42
5327 44588 42
5825 43482 42
16779 44791 42
18990 38115 42
25600 46852 42
29444 38632 42
31570 36009 42
9739 44206 42
2420 26201 42
45709 47942 42
10844 25642 42
11994 22283 42
512 20094 42
10752 43575 42
10069 35993 42
2101 43191 42
5332 10546 42
1321 46284 42
8380 32743 42
14647 34072 42
7490 16181 42
6337 22473 42
35072 41230 42
18278 36660 42
7146 15337 42
31767 42605 42
14546 17196 42
7171 48855 42
18224 27804 42
23286 32618 42
2050 26643 42
14886 37292 42
7462 46994 42
8392 44647 42
1751 27155 42
858 12439 42
35056 48672 42
14547 30933 42
30680 46221 42
26731 44609 42
46040 48797 42
20194 47166 42
14518 16810 42
10768 31402 42
18214 18398 42
44 45097 42
5828 9610 42
7161 10372 42
11722 36582 42
35062 39732 42
3509 39893 42
1507 35207 42
14881 26514 42
35474 44511 42
3776 23997 42
13531 26531 42
17172 45821 42
335 5755 42
33217 39247 42
40392 42256 42
13528 27343 42
11563 45962 42
5479 21501 42
257 6588 42
8976 34722 42
3337 15808 42
24607 49887 42
9670 40062 42
19247 20505 42
15236 19724 42
37103 42897 42
453 4101 42
5946 47425 42
5764 27922 42
32902 37193 42
30332 39042 42
4344 5955 42
456 1057 42
30765 33555 42
27054 27498 42
36019 36304 42
19770 20304 42
1633 19938 42
18017 21680 42
28580 32251 42
6936 37371 42
2423 40445 42
4600 14683 42
28757 41121 42
19240 28984 42
7305 19896 42
23439 39372 42
38940 39260 42
33459 34101 42
35954 48659 42
14188 21674 42
23048 29410 42
1333 34662 42
20739 49854 42
35996 37866 42
21218 29589 42
31378 40740 42
29860 49574 42
12599 47776 42
26550 43218 42
11868 42726 42
14211 35594 42
31676 46125 42
14102 22633 42
6856 30481 42
18349 23354 42
39129 46212 42
14785 19234 42
5755 9345 42
6861 21543 42
18345 19720 42
19744 28190 42
7713 8995 42
9019 31335 42
10010 15408 42
6087 45580 42
3759 41611 42
21957 32551 42
1202 4294 42
4980 15751 42
17279 48914 42
6478 37600 42
32916 43173 42
17953 34158 42
27556 31948 42
3760 12240 42
12233 41742 42
34577 47253 42
895 971 42
47302 49943 42
2015 49774 42
42432 46775 42
17206 47804 42
566 40897 42
12207 32616 42
7694 12070 42
11553 19328 42
1557 34138 42
20301 31641 42
7344 18792 42
900 3005 42
3063 30320 42
6892 40260 42
41516 41689 42
1135 9488 42
34596 42563 42
39120 46144 42
36050 37338 42
11176 19737 42
14763 37203 42
7702 30965 42
7318 12116 42
43715 44602 42
2199 11683 42
27928 40723 42
14134 29911 42
1332 1418 42
4453 5614 42
26194 48916 42
17035 24893 42
637 28844 42
42702 45230 42
4231 31054 42
6138 39374 42
583 7073 42
11096 37810 42
8874 20233 42
21489 35901 42
21686 24741 42
17017 22622 42
38758 44484 42
35826 37905 42
20689 35177 42
40464 45298 42
6981 43946 42
19874 49824 42
18955 32108 42
6140 45506 42
38809 48538 42
5206 45468 42
8937 30087 42
5435 6568 42
475 839 42
24906 26452 42
33704 43317 42
38693 41205 42
24370 39356 42
29109 45024 42
6403 8031 42
8292 9601 42
3565 32676 42
23673 23879 42
15077 30161 42
19949 27593 42
21656 28445 42
38754 45026 42
22545 34468 42
46535 48282 42
19194 49766 42
10924 16508 42
887 6265 42
38728 41165 42
18967 32234 42
41365 46346 42
32033 48163 42
14714 47491 42
195 23432 42
7636 19532 42
34713 47434 42
4445 33430 42
26573 29295 42
18026 42095 42
18951 20456 42
7633 44651 42
7633 19615 42
32092 42261 42
905 9275 42
10626 10896 42
13494 33278 42
13275 27143 42
38920 47107 42
12825 14297 42
10105 39190 42
13500 34172 42
32758 40925 42
32890 33759 42
35889 46360 42
5938 15933 42
2259 33750 42
23119 48418 42
8565 47366 42
8566 32026 42
4486 23561 42
19215 25088 42
2023 49008 42
1467 19327 42
983 4155 42
16044 28541 42
27339 31549 42
5442 21207 42
22045 22092 43
33006 37478 43
27873 38026 43
12564 30867 43
11357 18758 43
3029 43975 43
4443 20278 43
6249 37215 43
18265 26565 43
10093 10689 43
43023 43991 43
13733 22020 43
1924 43878 43
1195 36191 43
22421 28170 43
28153 44155 43
22395 27331 43
33017 39758 43
33047 41811 43
12713 29470 43
19053 47321 43
10344 46297 43
12953 29070 43
30235 45555 43
3030 9402 43
18807 42722 43
18256 37082 43
33243 39289 43
2995 42235 43
40218 43550 43
5732 25711 43
18033 30601 43
19220 40844 43
19231 45050 43
9510 14544 43
10032 33390 43
32882 44758 43
22312 38747 43
1238 32191 43
12540 21727 43
12609 17311 43
13599 33686 43
2467 3848 43
1294 8767 43
17896 44550 43
42841 44807 43
22327 23646 43
6161 7524 43
4236 43925 43
18969 21059 43
180 9244 43
26048 43996 43
10213 18971 43
17879 33846 43
6412 43297 43
13606 25557 43
12879 18211 43
342 25942 43
40285 43321 43
2446 24628 43
9477 12071 43
40361 47859 43
1368 1441 43
25809 35651 43
17918 49777 43
3058 7348 43
1131 4270 43
9455 45933 43
26016 45578 43
17944 25382 43
28096 30156 43
17943 45927 43
18670 30909 43
33837 48140 43
12570 34304 43
13569 27083 43
19284 45747 43
25478 26769 43
13587 22129 43
29862 31971 43
22306 36494 43
18004 43645 43
1141 2582 43
17901 28980 43
12554 36667 43
17858 21058 43
13533 17862 43
3063 44807 43
17979 40980 43
5948 45105 43
22148 45906 43
19306 22140 43
25801 40353 43
18893 23205 43
1136 36177 43
173 1110 43
5831 38473 43
1392 38449 43
9915 45186 43
33576 49892 43
25389 26979 43
22682 40055 43
40734 49681 43
12678 46946 43
33592 35255 43
22360 42952 43
21915 47315 43
27694 35955 43
6333 17524 43
22100 27956 43
33532 49995 43
4395 11733 43
3126 12486 43
1275 20980 43
18242 32372 43
19114 20059 43
12491 49811 43
1883 5429 43
27767 38510 43
25698 25924 43
12683 15020 43
9766 32531 43
5810 49946 43
42615 48573 43
6370 43501 43
322 348 43
6049 36935 43
18739 19186 43
17842 29345 43
318 2581 43
10192 20383 43
13173 24843 43
9547 46588 43
33692 35171 43
3193 18282 43
3094 30739 43
26162 48237 43
313 325 43
6198 27453 43
6338 32554 43
4247 18451 43
32840 39107 43
6567 7174 43
18760 43318 43
6037 19824 43
5994 39697 43
19144 22955 43
1169 1248 43
22019 48008 43
28810 42691 43
19879 35234 43
17032 43394 43
21689 45051 43
4613 14237 43
8095 31921 43
8415 31638 43
24925 48019 43
7002 20078 43
16292 45391 43
24918 39000 43
4615 16935 43
11764 23162 43
20428 46591 43
20426 22868 43
10973 13348 43
19916 26097 43
21672 35447 43
21394 24300 43
975 6704 43
3648 30897 43
23111 41512 43
15692 20017 43
19854 35429 43
680 806 43
1751 33028 43
14288 47063 43
14290 46449 43
24200 30607 43
34758 48907 43
10634 13509 43
24465 40099 43
14962 26188 43
10635 30232 43
5441 42313 43
14295 28418 43
1470 4154 43
4014 12746 43
16946 25342 43
26637 33025 43
3865 46284 43
24865 35658 43
23495 38669 43
19964 40025 43
2152 9110 43
36897 42292 43
19980 24980 43
26645 31958 43
20405 34667 43
19986 49362 43
15712 44943 43
2817 5680 43
12053 22760 43
34760 44518 43
483 29887 43
11412 38849 43
32029 38689 43
7421 32943 43
28992 32882 43
10627 13236 43
24887 31604 43
4729 26177 43
7034 35553 43
15483 48586 43
7875 14661 43
8436 36159 43
9011 28657 43
12 340 43
2554 3863 43
8342 13172 43
12213 25494 43
3548 8939 43
24110 29366 43
3325 5696 43
17200 22994 43
14119 26513 43
11681 37141 43
26504 29615 43
34631 42381 43
35563 44666 43
2849 6630 43
30841 39380 43
39155 42312 43
30858 40007 43
15519 29197 43
14089 37593 43
5517 13920 43
16137 21922 43
22992 24386 43
24390 27571 43
11063 46739 43
4043 4839 43
9026 23806 43
767 1534 43
14110 38234 43
6868 46739 43
19745 19907 43
4956 5435 43
47686 48446 43
26495 27668 43
448 40841 43
17115 18069 43
6946 31765 43
29173 40659 43
15688 27617 43
1750 22535 43
8933 13078 43
24976 28170 43
38944 42699 43
8102 8117 43
23568 39322 43
8927 21430 43
26572 33038 43
46070 49374 43
37509 37603 43
16220 27395 43
29497 30621 43
11704 16781 43
12183 14104 43
7896 14487 43
994 38031 43
15672 25866 43
10609 37399 43
38247 44428 43
20134 48502 43
83 30039 43
24738 28099 43
4666 10918 43
15759 22157 43
45287 47723 43
16513 21258 43
8663 40686 43
21562 22194 43
2257 5822 43
10881 25122 43
11954 30950 43
3946 9788 43
45337 48338 43
16480 34945 43
11259 24816 43
7822 23933 43
34998 44424 43
35212 47399 43
24598 26816 43
24752 33178 43
48242 49425 43
16580 23936 43
16560 28266 43
556 17382 43
20932 21948 43
27440 45822 43
11895 38218 43
8617 41396 43
3918 18144 43
8617 9800 43
16614 24211 43
21506 42763 43
7241 40682 43
31732 40793 43
3915 23226 43
20235 40388 43
45051 46116 43
911 44166 43
551 715 43
14603 15389 43
37948 38545 43
30695 43186 43
31712 37336 43
3471 7319 43
31811 45844 43
5286 6757 43
14602 40192 43
11878 12483 43
14605 49634 43
3446 24867 43
5278 22335 43
16662 17537 43
14712 24120 43
8055 42052 43
2080 27650 43
1667 38638 43
24548 31538 43
8033 48665 43
2294 13639 43
23458 46425 43
10923 21337 43
7808 7959 43
38460 46271 43
4643 41902 43
12043 19610 43
24819 32885 43
16416 45851 43
23450 38412 43
44429 44773 43
2665 25363 43
2042 24187 43
26674 47592 43
23185 41990 43
31629 38549 43
28446 32067 43
5376 34276 43
34885 40714 43
29282 31926 43
44341 46197 43
11812 20912 43
11297 18326 43
2813 43103 43
8031 26576 43
8472 37410 43
38479 42164 43
23439 31735 43
15728 19046 43
16442 26909 43
12002 47398 43
15453 15608 43
3415 17168 43
90 22356 43
31872 46654 43
7854 30580 43
15450 21138 43
3720 18679 43
38328 41364 43
10767 16101 43
8704 43412 43
579 21442 43
11425 21385 43
38420 42595 43
24803 44889 43
7504 17200 43
5211 37236 43
31886 47232 43
7135 40615 43
44517 49468 43
29452 41858 43
15966 16152 43
39429 42654 43
39426 43487 43
5641 9693 43
11097 21904 43
43306 49164 43
2877 9007 43
13985 34702 43
30497 34119 43
12426 15910 43
2171 34010 43
23724 36751 43
19548 42431 43
15248 17686 43
7675 48589 43
37260 45259 43
30944 48906 43
13977 44308 43
17520 31291 43
25135 44300 43
19551 30329 43
6759 11409 43
30508 32625 43
639 8959 43
1056 30583 43
20857 41105 43
21091 40817 43
21243 49095 43
3678 18258 43
15101 41100 43
15954 32180 43
17391 29654 43
15104 18340 43
1441 48483 43
6629 7343 43
1636 47560 43
10487 42478 43
1036 20269 43
2614 7744 43
46721 49219 43
37083 42895 43
17406 23402 43
3581 29829 43
13854 20754 43
1726 43682 43
22765 47833 43
10449 38894 43
3577 36841 43
3771 6928 43
32342 45062 43
13947 17720 43
31413 35471 43
9181 20556 43
24015 41738 43
21033 42699 43
4970 10028 43
17462 22532 43
7685 32421 43
10461 18486 43
17454 19576 43
3250 21439 43
13929 48289 43
22841 42803 43
15226 41612 43
37231 45732 43
7922 25920 43
643 13670 43
15225 16145 43
5015 16235 43
37225 46639 43
25257 29632 43
4539 32683 43
6744 49130 43
7908 22523 43
12340 42505 43
17445 23410 43
31095 46445 43
390 41793 43
25143 43111 43
20764 37439 43
39444 49353 43
2529 10133 43
11554 12778 43
11110 12092 43
11380 26889 43
32256 38815 43
28910 45412 43
8123 14474 43
22784 46776 43
19718 47024 43
5050 18975 43
24335 48842 43
19443 43278 43
19425 39346 43
37168 38263 43
23672 47622 43
15202 28409 43
1649 47985 43
21084 28942 43
21772 40316 43
10362 26194 43
28714 46195 43
47311 49838 43
36199 42583 43
22938 30381 43
16111 47625 43
28719 48492 43
1087 2024 43
24302 36551 43
20724 26057 43
10424 25192 43
25075 47606 43
22953 29310 43
20838 26515 43
11213 27325 43
39212 46604 43
2650 39280 43
21183 21650 43
37014 39848 43
12258 18091 43
1090 23021 43
28710 37615 43
21193 41113 43
3812 14137 43
31074 34953 43
9063 33954 43
5608 17114 43
3313 17945 43
13865 15195 43
21822 36107 43
17669 30788 43
19714 38659 43
31094 47259 43
21832 26539 43
12247 25567 43
5601 47640 43
7709 42092 43
23679 26549 43
24246 31308 43
15279 36596 43
5074 7655 43
11209 19563 43
19590 30638 43
29677 46722 43
13785 18081 43
21294 48757 43
7647 45407 43
37077 43661 43
14026 49021 43
11177 29201 43
429 4939 43
23784 34981 43
30919 33564 43
6779 11549 43
2892 19462 43
47561 48185 43
17544 44448 43
4580 37201 43
19563 42990 43
22928 44648 43
14034 39179 43
27309 46468 43
3613 3723 43
1404 43900 43
19698 45342 43
16107 33707 43
10519 20258 43
20626 39976 43
26462 45177 43
2369 22901 43
37318 38325 43
2683 4808 43
2156 6262 43
15063 22430 43
1026 49381 43
3887 36325 44
7680 11501 44
22312 35041 44
9980 13587 44
7673 30504 44
7351 41583 44
8204 25653 44
8501 10284 44
687 9493 44
4285 6344 44
36004 41739 44
1761 21257 44
14812 28208 44
12742 31425 44
4794 10484 44
16426 49801 44
6245 19717 44
5025 35703 44
20331 32465 44
4695 8002 44
7278 12505 44
3760 5735 44
5866 44993 44
7286 17828 44
9663 11158 44
14709 49721 44
14710 15849 44
6057 6200 44
42096 48910 44
10874 35860 44
18318 48319 44
10877 15856 44
15909 33363 44
22061 35049 44
12850 42580 44
9842 44219 44
7733 36300 44
7260 39623 44
30081 45470 44
20253 43650 44
31736 37297 44
36992 40395 44
553 735 44
23387 48879 44
6278 15342 44
18309 39400 44
1300 5742 44
23803 46916 44
27782 45134 44
10863 28670 44
20852 42388 44
14696 15636 44
11556 24609 44
10898 11083 44
791 10681 44
16467 40629 44
1554 47473 44
9685 13492 44
15966 43834 44
20760 36578 44
9830 19364 44
14796 15172 44
26019 32814 44
28789 35202 44
5945 46567 44
31258 35319 44
25996 31479 44
11872 40505 44
15941 40582 44
18926 19506 44
11538 16584 44
1638 9604 44
22415 22518 44
10012 31128 44
16441 20897 44
26784 48924 44
4347 5516 44
23423 47113 44
16486 30205 44
15965 27413 44
2145 2867 44
24438 43489 44
1219 36949 44
3079 32078 44
8283 21817 44
24369 24849 44
10069 10169 44
11693 16140 44
1229 48583 44
5976 19025 44
15013 20182 44
42283 47977 44
7518 33646 44
8273 10630 44
33257 43091 44
18563 25494 44
8378 11403 44
28728 49686 44
8118 22569 44
30227 31197 44
21352 27857 44
22137 35267 44
25718 42188 44
6199 16774 44
46098 46780 44
20641 41281 44
37302 39030 44
11066 19350 44
3553 10460 44
16157 40306 44
35727 42482 44
16129 26433 44
35714 41828 44
15056 21609 44
9772 45672 44
22132 45862 44
37365 47891 44
4814 5000 44
27133 33217 44
20881 39743 44
8114 48054 44
5920 31514 44
27955 40020 44
844 13437 44
3563 19056 44
2727 3249 44
36216 44206 44
37456 41136 44
16193 19518 44
28688 45285 44
5112 5139 44
7771 28095 44
11633 30983 44
40 5060 44
11675 13834 44
20540 26847 44
24377 44308 44
1737 41390 44
16116 47198 44
3823 13226 44
8299 13268 44
15037 32700 44
18396 26545 44
2620 34552 44
4406 10238 44
21247 35862 44
45606 49406 44
4785 42305 44
13246 13610 44
15386 43046 44
31624 40735 44
45697 48204 44
13113 38369 44
5895 17970 44
5938 25345 44
26826 41546 44
4417 14260 44
16412 35746 44
2701 5943 44
8492 9777 44
23 45785 44
8079 30768 44
3628 15624 44
27397 29392 44
23729 47495 44
31388 34545 44
11817 13142 44
25993 46188 44
25680 36250 44
35285 38971 44
30910 35540 44
1316 20392 44
18956 28193 44
3073 4153 44
5905 42943 44
7456 33009 44
4738 6408 44
37581 48184 44
1214 7114 44
20660 47394 44
18960 31174 44
2212 43033 44
35481 37925 44
30067 30129 44
21166 38941 44
1215 47421 44
2095 45154 44
3515 4357 44
1238 21769 44
31419 48714 44
11780 20683 44
27 467 44
1261 2424 44
2985 32688 44
4335 45284 44
10083 33452 44
2706 47890 44
27012 48241 44
15138 42199 44
29022 41258 44
5161 34001 44
33246 43995 44
23838 38522 44
25099 31360 44
6789 39586 44
22919 48646 44
39259 47826 44
39314 39612 44
17372 17383 44
14013 49374 44
18794 23785 44
12559 42730 44
9957 10491 44
6817 27613 44
1130 12814 44
6773 23978 44
25461 46558 44
22940 27383 44
12265 37424 44
436 14830 44
22631 22848 44
6804 7559 44
2386 17096 44
1700 5994 44
40216 46331 44
33893 48300 44
5569 21962 44
34405 36040 44
29807 29871 44
9416 37894 44
41842 45423 44
12302 25561 44
12295 14147 44
22638 48429 44
4566 18469 44
4098 46874 44
39414 48142 44
36664 46734 44
25448 41887 44
19332 20733 44
9124 30574 44
29627 37821 44
5495 42317 44
3326 29221 44
39097 41591 44
4588 39087 44
173 20461 44
13544 14551 44
32574 37183 44
26496 31513 44
28087 31229 44
5766 33192 44
21740 49268 44
4217 4592 44
39027 39935 44
29597 39780 44
17175 44919 44
19251 37844 44
24116 47613 44
11907 30817 44
10584 33528 44
6848 21771 44
708 25388 44
25480 25644 44
27726 28973 44
39172 49581 44
42795 46388 44
9457 38924 44
28096 47081 44
1445 8115 44
2014 5656 44
1135 2207 44
5509 19478 44
32984 39190 44
9470 24770 44
13552 19705 44
6860 30026 44
17248 27346 44
13553 31870 44
17251 29189 44
43191 43640 44
17649 27007 44
5651 14283 44
12476 39840 44
1414 15075 44
21901 34668 44
368 24768 44
12472 22512 44
9290 32731 44
28166 47634 44
12406 33872 44
10321 40656 44
40053 46694 44
1076 3081 44
4138 5367 44
13686 39571 44
3670 18859 44
3249 13084 44
9260 24675 44
34069 45528 44
4515 36156 44
3208 37245 44
1983 23795 44
6648 7853 44
32366 44632 44
43216 44904 44
3218 44273 44
4157 5329 44
25356 26458 44
1398 49875 44
25346 43607 44
27870 28008 44
9327 11052 44
19431 49741 44
27677 36848 44
27678 34751 44
17675 19710 44
28142 46380 44
28900 40726 44
15581 20666 44
9345 40088 44
13709 23314 44
1974 19771 44
17734 22109 44
32432 38384 44
17694 36418 44
5591 46879 44
22836 34624 44
5709 24735 44
17499 40177 44
3027 29033 44
9398 37234 44
12341 27187 44
233 35521 44
33004 49285 44
28928 29890 44
6547 20913 44
5720 24394 44
17855 22087 44
13951 44879 44
36622 39611 44
9167 31533 44
4185 12131 44
5702 27780 44
28250 31059 44
12947 34832 44
3254 23248 44
10422 34316 44
28191 32822 44
29785 32050 44
6671 44329 44
7932 39510 44
5695 27731 44
9372 18507 44
30448 45792 44
2379 26558 44
2355 22964 44
33989 39182 44
36606 49956 44
29711 40743 44
5609 11321 44
28205 38413 44
49124 49749 44
9216 27240 44
401 41423 44
1 12372 44
22805 43005 44
1814 2414 44
17817 20901 44
23259 33593 44
23257 39404 44
2573 2669 44
18161 38461 44
14492 40494 44
23950 29780 44
27765 43163 44
2964 41642 44
2807 17007 44
12679 16770 44
28031 38943 44
3638 18148 44
23265 48306 44
33593 35516 44
13381 25551 44
21623 25538 44
1365 37710 44
14453 31760 44
7104 29390 44
8032 23871 44
22018 31853 44
4904 29398 44
10185 44157 44
34895 48719 44
16866 32052 44
23211 30304 44
30655 31414 44
16876 36772 44
11417 12190 44
18137 44495 44
14488 17932 44
32677 47929 44
14483 29242 44
29462 40695 44
6324 39122 44
14468 23457 44
22508 33995 44
10730 25348 44
29382 38762 44
10838 23771 44
2779 31983 44
14628 45193 44
7223 11872 44
36830 37969 44
30713 31297 44
925 12616 44
26724 33458 44
15434 30146 44
14656 30297 44
23378 45350 44
10850 12248 44
14659 43712 44
42014 47288 44
16610 40989 44
40877 49494 44
20226 46043 44
26757 29541 44
8056 40535 44
30685 31650 44
3940 20120 44
14558 48629 44
3430 7320 44
5834 17417 44
2793 10715 44
8046 42818 44
10160 23810 44
12682 23128 44
16731 40515 44
35024 38426 44
31813 44481 44
4672 7118 44
13409 49742 44
35017 44250 44
11960 27977 44
3938 5988 44
14300 17040 44
10635 48452 44
4484 26257 44
22554 41099 44
8888 47121 44
12150 28016 44
17086 42585 44
19890 37560 44
11411 11506 44
3158 20502 44
4380 32284 44
38761 44133 44
6430 22999 44
8016 17165 44
12125 24861 44
19875 30661 44
33762 38115 44
19794 21622 44
42756 44974 44
5471 7228 44
4038 41973 44
27734 36138 44
459 8792 44
995 35196 44
3338 32680 44
19246 35830 44
8973 18101 44
6915 48030 44
5767 21117 44
3346 10273 44
4228 5191 44
18021 46418 44
43942 49584 44
7891 9597 44
29568 30891 44
14239 20287 44
29579 33446 44
3032 22726 44
13512 19092 44
3382 18992 44
7873 9229 44
1484 43938 44
18092 35480 44
19173 22823 44
11414 38613 44
966 1145 44
5800 7031 44
7045 26961 44
23161 24753 44
16954 39689 44
27198 49676 44
31964 48555 44
34869 45271 44
9558 29114 44
7077 11206 44
19164 32475 44
36380 41888 44
19991 33464 44
10192 39621 44
29890 49428 44
12647 35064 44
5403 39542 44
8854 25960 44
27759 37686 44
10670 12366 44
2176 20970 44
13453 25255 44
44151 47498 44
38680 39508 44
26625 46186 44
1943 35451 44
33697 45026 44
22218 49728 44
1699 18127 45
31035 32980 45
4916 21262 45
21127 36760 45
48562 49723 45
4911 10990 45
4967 20800 45
1703 3239 45
222 4737 45
18850 18928 45
31261 35401 45
1295 38748 45
18881 27624 45
11492 39830 45
18900 49421 45
21149 44684 45
11461 16700 45
25959 36442 45
27212 34078 45
20897 44771 45
9947 10118 45
21098 23202 45
40605 42271 45
2659 7574 45
11397 21122 45
31180 36179 45
4406 6548 45
9957 34630 45
1294 16544 45
22169 38045 45
11214 17181 45
4873 34642 45
10642 10993 45
10647 44133 45
30608 36229 45
10627 17998 45
5790 22012 45
12632 17730 45
22000 45561 45
5467 31831 45
12583 28093 45
2854 12176 45
30337 36162 45
2850 33565 45
26230 31115 45
4600 6109 45
12174 13483 45
42749 46218 45
10616 28549 45
5772 16025 45
21723 24855 45
12151 49245 45
5824 21398 45
21612 40536 45
5818 9099 45
19146 34494 45
10752 20777 45
90 41064 45
5824 18681 45
4645 38211 45
31874 34638 45
1505 7052 45
32687 34834 45
30283 46732 45
10775 22906 45
4467 11006 45
10188 13982 45
10696 43338 45
1488 29456 45
10708 41144 45
5804 9064 45
21963 48643 45
44389 47752 45
26664 40706 45
12363 43953 45
145 12612 45
21848 24317 45
1814 30361 45
26375 35454 45
27625 35396 45
4553 34775 45
21824 31255 45
26268 36399 45
5707 49742 45
1386 2354 45
1826 20490 45
19423 31873 45
21895 27962 45
10366 12716 45
153 28079 45
19485 27423 45
2911 35601 45
27687 40977 45
10268 37840 45
19328 27500 45
4578 11282 45
5745 35282 45
2940 21663 45
43662 49305 45
10560 33876 45
12512 46773 45
1382 13131 45
86 2550 45
2540 8918 45
12309 35441 45
5086 28661 45
11671 14598 45
31502 34592 45
21313 41122 45
4761 14186 45
20574 26653 45
42268 44138 45
11074 37983 45
21288 35771 45
20642 23742 45
1581 49891 45
11718 19303 45
11718 16883 45
10071 25244 45
4744 29117 45
12779 27381 45
27372 32227 45
11687 20809 45
20537 26308 45
30225 40736 45
21205 29866 45
5945 17270 45
11165 31369 45
19 804 45
1637 4598 45
2473 29125 45
18931 36595 45
2688 22321 45
20837 39948 45
26031 27992 45
10033 16845 45
27017 40805 45
20706 38692 45
11582 38007 45
5028 23582 45
22 22348 45
2623 43323 45
5019 9300 45
21515 37750 45
1336 8739 45
20262 27695 45
1859 2114 45
30731 48725 45
20212 22888 45
20293 46556 45
5231 7881 45
10886 17760 45
11858 35353 45
1763 35595 45
21464 36774 45
10891 18135 45
31857 38161 45
10160 17511 45
30277 43300 45
27461 29922 45
10142 19753 45
44788 49416 45
4457 16373 45
27420 41948 45
11793 19337 45
26880 46164 45
21397 22790 45
45956 48041 45
20443 23492 45
20311 46873 45
10113 14136 45
42406 48571 45
5881 19318 45
20333 22495 45
11516 31278 45
42392 42765 45
1560 35158 45
45534 48739 45
11822 18003 45
1323 34380 45
18139 45656 45
33599 37471 45
16594 31084 45
8600 45471 45
16599 36142 45
38050 48725 45
22491 40013 45
14633 20655 45
8630 29892 45
2060 3117 45
542 25349 45
6355 29783 45
6356 42691 45
18131 23553 45
3445 3632 45
16666 30601 45
13416 29330 45
14729 24310 45
6306 20086 45
7319 25614 45
23420 42960 45
37938 42101 45
3900 45726 45
16531 40865 45
3933 19226 45
14721 30377 45
6319 43019 45
7287 41919 45
7287 30637 45
16561 20499 45
2066 28494 45
9603 44930 45
13477 31185 45
25537 42104 45
14514 15932 45
38366 38703 45
7136 22103 45
3410 20891 45
7135 37308 45
28080 49470 45
23227 32499 45
28460 35506 45
4229 33267 45
3973 46263 45
8782 26118 45
24840 27140 45
14416 26864 45
8786 29770 45
3150 18244 45
4242 30450 45
38198 42991 45
18108 35324 45
25558 41196 45
3148 44251 45
7188 42234 45
14561 27137 45
8686 20496 45
7173 37499 45
16735 18621 45
8696 19398 45
3422 7270 45
23280 46714 45
23276 35306 45
34960 48170 45
24446 28718 45
4294 44811 45
24447 25505 45
41114 45256 45
14969 31416 45
8393 12479 45
37578 40836 45
41102 49913 45
1924 8145 45
16287 32005 45
22397 27860 45
8402 28307 45
29207 38296 45
4286 22931 45
18383 42645 45
600 20292 45
13270 30523 45
37595 41454 45
24415 28451 45
33359 48616 45
28692 49657 45
41202 43337 45
8346 34476 45
4299 46603 45
13223 49673 45
8356 42187 45
37487 43980 45
13280 32435 45
8362 19050 45
35550 42660 45
2229 48470 45
7495 44690 45
3104 28135 45
7388 10048 45
23478 23843 45
8465 17494 45
16399 49564 45
6280 46443 45
7364 21575 45
18278 39656 45
13328 19847 45
40876 49827 45
2080 30967 45
7356 9617 45
35233 43069 45
2250 19655 45
25668 49363 45
33412 42531 45
41040 44679 45
18366 25852 45
13282 19690 45
18358 42939 45
3520 24201 45
23505 48645 45
23505 28145 45
871 1835 45
4280 11302 45
3866 37000 45
18321 46075 45
7393 30488 45
3505 3575 45
14027 46192 45
6784 12241 45
14011 18831 45
22908 48673 45
6776 15933 45
28278 43855 45
17390 47341 45
9121 28150 45
17401 46580 45
39425 49479 45
9127 33864 45
17760 28836 45
22880 37124 45
34071 49480 45
13960 27596 45
17841 39589 45
14091 27282 45
22666 44520 45
1109 11844 45
9388 23666 45
361 1360 45
6800 7767 45
6795 12296 45
25239 31013 45
34222 43052 45
13821 18336 45
1078 4349 45
39789 40261 45
1080 3439 45
13785 22942 45
383 48077 45
383 12840 45
9331 13567 45
17451 41875 45
17491 20500 45
34305 45324 45
3275 45653 45
1059 20870 45
9196 23779 45
25211 30005 45
17555 33401 45
17699 23990 45
39659 47123 45
6669 45616 45
4007 13153 45
8873 38308 45
4010 34674 45
1134 11933 45
2026 5484 45
6969 13054 45
9476 15464 45
17071 45550 45
3176 14242 45
40303 44577 45
23080 30913 45
16966 18624 45
33743 49815 45
14403 20516 45
964 2054 45
7050 22134 45
3375 5199 45
13515 41981 45
3997 8579 45
38721 45088 45
8853 36726 45
3364 25807 45
17979 32718 45
17014 24669 45
17189 27094 45
34620 48956 45
17192 20376 45
6890 10492 45
9418 13597 45
29811 38955 45
39083 43134 45
17866 23249 45
9007 27537 45
9009 20726 45
6522 32171 45
25066 33007 45
25424 27455 45
34577 44287 45
2010 24756 45
22626 43018 45
14226 27913 45
462 19216 45
17141 46435 45
14207 28966 45
29583 41186 45
23415 33118 45
40237 47289 45
998 40986 45
14173 43296 45
6903 39243 45
7797 18122 45
7638 18878 45
12979 29370 45
23719 46977 45
2450 32648 45
3765 16449 45
3078 19369 45
22296 35852 45
13085 40978 45
16050 48820 45
7881 19497 45
8103 14446 45
25802 26316 45
37231 40237 45
15718 21480 45
256 42273 45
8081 9177 45
36285 42628 45
36365 42975 45
18569 31552 45
13040 45542 45
24204 27195 45
13075 34781 45
9921 25176 45
24203 33767 45
35802 41044 45
8002 32361 45
36209 46757 45
15668 28300 45
23725 27319 45
15689 43868 45
16084 36629 45
16079 44860 45
36921 41172 45
36730 37627 45
8160 36122 45
3589 35413 45
3718 21678 45
36041 49648 45
25778 29333 45
15408 33487 45
3767 32685 45
243 6236 45
36329 49061 45
6061 8319 45
22251 45383 45
7668 47747 45
3776 26305 45
1262 19773 45
13012 46545 45
15991 18533 45
7858 40937 45
16026 42946 45
6067 45544 45
18761 26570 45
7698 10060 45
4377 30334 45
3706 10127 45
7700 17965 45
28748 44310 45
15573 27120 45
24158 30834 45
8226 26081 45
3711 42100 45
28749 37363 45
8223 42783 45
15442 33159 45
15199 26308 45
688 3765 45
626 12623 45
4315 13366 45
36179 44340 45
12947 30264 45
36990 40825 45
2161 3735 45
3744 19079 45
12954 23186 45
2194 8783 45
2224 5289 45
41588 43450 45
9847 33449 45
6189 47534 45
8306 38551 45
7755 10606 45
28876 40047 45
33328 42796 45
36114 48463 45
36978 45889 45
36954 38648 45
3055 40405 45
16137 46099 45
28729 40158 45
15654 31933 45
24395 47668 45
3751 21260 45
15094 16456 45
6171 41665 45
7906 16638 45
23693 42064 45
23650 31788 45
23999 27325 45
8279 13556 45
12956 38921 45
2214 27826 45
9772 47731 45
1247 37284 45
15582 23845 45
9927 20204 45
12096 33383 46
15427 15995 46
5506 12926 46
43740 46645 46
28405 39221 46
7725 30069 46
19898 22877 46
20861 38324 46
20861 48470 46
8865 19198 46
10574 40842 46
17214 23129 46
3326 4791 46
4001 6397 46
3616 15683 46
15770 27866 46
3721 33392 46
27142 29086 46
6965 11541 46
17133 27482 46
23106 24766 46
12177 24336 46
36253 40028 46
17143 20954 46
36936 38024 46
6955 24017 46
24967 27718 46
5458 6976 46
114 171 46
27289 49478 46
14244 19627 46
23839 40285 46
4045 38672 46
2027 3366 46
2640 33167 46
28400 31636 46
19768 45076 46
5431 20268 46
477 1928 46
2025 3364 46
19784 22280 46
11222 14923 46
3337 11157 46
4812 33498 46
30564 41074 46
25010 36110 46
23846 37977 46
12196 22966 46
20873 48931 46
28207 29002 46
27213 34736 46
15651 33920 46
5610 18175 46
34248 46595 46
10426 18494 46
6673 25612 46
25224 36069 46
400 9663 46
15531 26458 46
15643 47932 46
1811 19069 46
15503 45645 46
28256 33960 46
17457 29172 46
6724 22096 46
11315 17479 46
6709 49651 46
28952 35343 46
6704 23615 46
2655 4385 46
25194 47239 46
406 3688 46
5644 11860 46
27625 43492 46
27232 30099 46
39753 40637 46
36591 49525 46
13807 23585 46
19520 32157 46
1079 3714 46
11364 39582 46
24041 47272 46
17646 29565 46
32392 39891 46
36553 49549 46
12430 45643 46
17586 36903 46
17588 39555 46
3661 36976 46
394 21189 46
19625 27667 46
7975 17310 46
36619 40081 46
32334 38230 46
13838 42513 46
5629 9592 46
4082 24931 46
2862 3935 46
11279 14332 46
15738 45077 46
14070 19582 46
9065 31644 46
34514 38237 46
25086 44057 46
39261 47824 46
3637 13955 46
12269 22998 46
8040 47022 46
25091 33649 46
9085 11599 46
9087 42514 46
34545 48322 46
6854 41729 46
10556 24077 46
8061 20189 46
17275 39784 46
11268 25245 46
15752 47129 46
36814 37943 46
9044 45409 46
9047 34760 46
17303 38617 46
2548 27478 46
24164 41184 46
39203 46220 46
4896 23884 46
10482 14931 46
4844 38495 46
34420 37095 46
19639 42623 46
25144 37359 46
28260 28786 46
24128 38297 46
10498 47037 46
5544 9266 46
1027 7190 46
19680 27543 46
25116 41448 46
130 12115 46
700 802 46
2180 18423 46
4096 15420 46
34438 48093 46
19658 24104 46
23968 33725 46
20374 22990 46
28622 38291 46
8467 22930 46
29293 29681 46
15127 25258 46
24347 36137 46
3793 24088 46
21443 45866 46
5201 5910 46
37248 45842 46
642 3554 46
14835 19529 46
45701 48053 46
5061 8508 46
11783 42295 46
24521 46171 46
37711 49067 46
7609 41439 46
3872 21605 46
28578 45553 46
15178 33885 46
2075 11641 46
11591 31026 46
35180 48938 46
21465 23532 46
16509 27835 46
35172 43786 46
30753 49169 46
31708 37367 46
8229 10024 46
1624 7277 46
4699 20814 46
30776 40701 46
7338 42084 46
15107 18048 46
20310 26617 46
569 33013 46
10894 32336 46
37882 41202 46
7322 19711 46
3896 15487 46
2732 10128 46
30853 42624 46
16133 16577 46
28669 40709 46
20588 30623 46
1739 22691 46
3818 6359 46
5082 24049 46
27375 41984 46
44 15465 46
26920 47277 46
7474 36365 46
14969 17179 46
5114 26608 46
619 1901 46
16175 17814 46
1594 7989 46
40 39152 46
16197 23641 46
11038 44227 46
11692 26385 46
46167 46551 46
3819 20047 46
7505 38592 46
11020 46208 46
20568 31266 46
16323 24494 46
21388 26688 46
7435 25467 46
29106 46632 46
16304 47916 46
2713 6579 46
11771 31215 46
28636 42339 46
16343 49098 46
5174 26614 46
29122 41059 46
16282 28614 46
4738 47852 46
20465 27374 46
11078 11337 46
16288 32603 46
7451 31114 46
35741 46519 46
8293 34240 46
14938 24015 46
20629 31710 46
38426 41864 46
5344 40433 46
38443 38647 46
12030 23330 46
2125 15579 46
31284 31352 46
3403 45726 46
16840 19452 46
20046 35556 46
8767 29075 46
21627 35347 46
7104 37508 46
502 37534 46
7102 20046 46
15294 34535 46
4653 13771 46
8703 15583 46
23783 25949 46
20106 23498 46
24791 47700 46
24792 44837 46
15926 31570 46
20825 49514 46
3603 22308 46
3409 10853 46
38410 46632 46
2565 6647 46
3992 24633 46
10690 36135 46
24883 41512 46
3373 12892 46
4626 31320 46
34770 39927 46
28789 33855 46
16976 26695 46
7026 15395 46
24904 27357 46
38692 42220 46
12056 31343 46
2039 16538 46
38483 44091 46
7091 40549 46
20014 28218 46
11518 29600 46
31965 43481 46
23184 38787 46
19987 34738 46
24768 25096 46
38532 38601 46
4810 30912 46
7229 26379 46
7247 16073 46
7241 23861 46
14645 43050 46
7665 34123 46
23755 35217 46
23363 35428 46
28529 48145 46
2580 35646 46
28528 34391 46
3922 49882 46
15236 16847 46
7285 29999 46
7280 18905 46
20266 43905 46
26775 31191 46
20192 21860 46
31728 48142 46
24662 29698 46
16592 45223 46
1540 37583 46
7701 45102 46
790 19152 46
7192 12827 46
7698 10265 46
3433 48341 46
1637 28071 46
15966 28701 46
16724 29389 46
14546 38970 46
23293 33037 46
36049 45074 46
789 9058 46
2277 4006 46
20179 27181 46
8184 32982 46
972 3340 46
47071 47257 46
31817 45156 46
47111 48227 46
8182 9074 46
41673 49249 46
41276 47242 46
32472 36564 46
25844 48006 46
34002 44864 46
1389 46241 46
3048 22613 46
26177 46531 46
18708 23554 46
33139 42785 46
3203 10883 46
41739 47783 46
9414 43720 46
5722 16666 46
1161 22444 46
6525 34553 46
13036 23141 46
5801 41088 46
33162 39325 46
4321 16263 46
17848 42757 46
22665 33285 46
9405 46378 46
19364 32068 46
22338 49439 46
10059 29786 46
9989 40972 46
33969 47328 46
13033 38211 46
9725 13377 46
22181 49371 46
3040 8378 46
4377 11279 46
13697 22527 46
1182 3102 46
22224 29995 46
25608 49325 46
17748 41436 46
43010 43363 46
1340 28329 46
13714 17430 46
33537 41198 46
1094 15729 46
12696 17640 46
13389 27766 46
12671 14611 46
12884 27903 46
29777 41736 46
13691 15889 46
5692 29386 46
12640 18935 46
1393 47245 46
1177 7695 46
12484 33778 46
40734 47486 46
41168 42289 46
41762 43487 46
42335 43989 46
17765 44633 46
5754 8246 46
13501 32578 46
1877 13962 46
30215 46369 46
18953 34151 46
28082 42958 46
4345 30459 46
32612 49073 46
33747 41102 46
1903 8475 46
17944 33962 46
1845 29781 46
12844 31512 46
341 6686 46
26230 42138 46
2445 33348 46
9492 41140 46
3168 20532 46
18003 28150 46
26220 37154 46
18936 34329 46
9824 18586 46
40366 41859 46
12580 36800 46
40357 44605 46
17959 37794 46
18901 26452 46
9441 10266 46
9529 43290 46
13599 49127 46
28120 34040 46
10281 26137 46
27719 30385 46
33870 35963 46
27847 32424 46
9426 12753 46
1379 15518 46
2958 46854 46
19176 25452 46
25439 31979 46
3175 30629 46
1233 4180 46
30345 44157 46
12560 47818 46
9842 31761 46
6415 14584 46
4388 9892 46
18041 27273 46
6490 31860 46
6493 10322 46
9528 24451 46
5929 38582 46
21946 32594 46
13738 42079 46
19429 36316 46
22206 22434 46
34116 48813 46
6622 8930 46
290 4803 46
10135 35886 46
2427 20550 46
12461 14127 46
12701 17169 46
33048 37627 46
12935 36963 46
2419 25576 46
39855 47689 46
12755 21914 46
9304 39040 46
19442 42794 46
42484 47788 46
4391 37469 46
41087 47545 46
12957 42526 46
2975 43686 46
1194 20782 46
12944 25883 46
12945 13176 46
43082 44838 46
9940 47013 46
19016 19974 46
12755 39993 46
9718 22620 46
22727 30094 46
4162 16439 46
285 14301 46
18260 24841 46
10243 14281 47
4332 23327 47
23720 49204 47
14495 35058 47
264 20126 47
19950 40175 47
20697 42347 47
8239 13237 47
2478 16665 47
15973 18074 47
5864 12552 47
23715 48056 47
11799 14869 47
12084 30664 47
6271 28729 47
19208 33154 47
16832 29671 47
7686 30822 47
13302 42009 47
10040 48611 47
21608 47808 47
38439 45652 47
22568 39674 47
14356 28188 47
25499 48580 47
14491 33875 47
13528 25654 47
18540 39335 47
16079 20139 47
16762 29247 47
27510 39065 47
14347 32796 47
23270 44030 47
20102 46796 47
7168 15591 47
37575 40080 47
11728 13353 47
4479 30517 47
30904 33275 47
20389 38294 47
30672 48916 47
18388 37451 47
12009 36855 47
6407 9352 47
29874 42453 47
35834 46843 47
8726 34264 47
14509 49603 47
194 1521 47
588 15077 47
516 27186 47
3954 7207 47
37252 48652 47
3387 7353 47
8795 43209 47
3515 45035 47
16899 18756 47
14896 15738 47
3862 49572 47
16002 44602 47
24292 48218 47
3165 6757 47
5872 15351 47
11574 23845 47
23738 27190 47
20756 27089 47
14942 21620 47
16890 16958 47
23207 25771 47
10235 41593 47
7059 9393 47
33419 40038 47
3164 30923 47
20743 46102 47
34825 47757 47
14382 32193 47
1630 5584 47
797 4973 47
44235 47182 47
31973 46322 47
19984 28257 47
21990 24213 47
14453 49405 47
16013 26875 47
504 22411 47
20051 30313 47
11746 16530 47
7041 30928 47
7110 14351 47
29976 31283 47
11589 27579 47
10980 39167 47
23224 35166 47
31598 49812 47
37212 45311 47
6136 32907 47
3116 39775 47
8782 43133 47
7046 8632 47
954 22706 47
21984 34249 47
18327 27043 47
6425 28560 47
6416 22562 47
16859 44369 47
20422 20485 47
20036 30201 47
12618 49304 47
5135 49361 47
24302 24970 47
15191 27698 47
11902 42793 47
7488 19074 47
3493 40257 47
33519 42777 47
22493 30602 47
16182 17578 47
20539 39024 47
35598 40677 47
2065 42003 47
37805 39559 47
7357 29705 47
14810 37547 47
31725 38107 47
23391 49690 47
3547 42221 47
16228 17080 47
8343 33777 47
7538 21488 47
32697 45939 47
11705 41225 47
6299 16439 47
7489 37205 47
9737 12193 47
16618 19763 47
18150 33021 47
31490 36135 47
33348 39869 47
3454 7779 47
29901 42291 47
20481 35921 47
9582 14337 47
1348 1479 47
31743 36371 47
4469 7482 47
12672 45670 47
2582 30474 47
1179 10276 47
28666 29739 47
35635 43434 47
19092 22094 47
893 37161 47
5120 30899 47
7506 17021 47
7310 28766 47
4262 6507 47
31686 49280 47
22467 31364 47
5847 29655 47
25687 26557 47
1211 8981 47
26793 36241 47
12686 33108 47
19104 19506 47
18418 24242 47
20306 20394 47
25614 40360 47
18427 30406 47
37829 49190 47
29997 38189 47
8572 43774 47
31556 39281 47
33528 45734 47
42330 43040 47
18413 40063 47
6313 19959 47
42515 48004 47
20527 37488 47
24584 47222 47
7497 34339 47
30278 39769 47
1587 1822 47
10082 12724 47
19126 45823 47
32654 45379 47
25747 38817 47
33502 43419 47
11963 18443 47
324 41529 47
11963 22026 47
1941 44114 47
8668 47484 47
24738 36516 47
18492 39091 47
21433 38421 47
46516 47049 47
30781 47158 47
26711 38878 47
14576 18218 47
33695 43310 47
4454 11555 47
37280 43306 47
2712 41237 47
8672 47309 47
31829 49137 47
9653 49856 47
7185 34939 47
30687 35593 47
7586 24899 47
11094 21690 47
84 17398 47
16650 42998 47
10921 38293 47
4680 6968 47
3448 24978 47
21444 29391 47
30291 42770 47
2606 17162 47
38115 41572 47
3450 21407 47
35059 40216 47
18274 43013 47
30017 30184 47
1598 7443 47
11953 33384 47
33382 48604 47
14587 16846 47
11081 13609 47
46475 49867 47
2716 10337 47
606 33701 47
7201 48321 47
8291 27947 47
37774 45661 47
13246 34169 47
26719 35050 47
7366 47854 47
35712 47691 47
3121 34543 47
8478 33376 47
5080 7776 47
21442 29778 47
15821 28243 47
17852 32941 47
17271 42579 47
15815 49851 47
10545 25486 47
10299 15432 47
5503 12000 47
6521 13637 47
7893 18517 47
2192 38246 47
5510 30865 47
32155 42728 47
9391 31680 47
4511 15114 47
1109 6395 47
11402 22757 47
6708 45015 47
125 28672 47
33152 44587 47
15503 38884 47
14063 30971 47
755 36791 47
5701 8311 47
7887 43802 47
3219 18590 47
17307 25956 47
3274 8492 47
36424 41387 47
21107 38993 47
443 25476 47
25352 29399 47
7759 15682 47
19563 20704 47
13879 37397 47
11225 23371 47
9860 29218 47
1127 29775 47
26525 40632 47
24098 43259 47
2172 14933 47
28943 45846 47
13871 39938 47
8122 31022 47
18673 33886 47
12198 41344 47
28872 47000 47
43796 47990 47
15351 41625 47
15348 48782 47
39109 42577 47
11233 48427 47
13040 34112 47
1711 26549 47
2384 34547 47
17551 40494 47
10296 25261 47
3652 23082 47
5496 15088 47
9922 40220 47
6514 24573 47
26377 44774 47
26253 42485 47
141 3421 47
6891 26500 47
5971 46968 47
27195 29311 47
11437 36356 47
5564 49491 47
1101 1922 47
43458 45234 47
19665 23310 47
10501 30819 47
39478 49031 47
34049 34177 47
702 41356 47
23962 39130 47
15466 19795 47
4832 36620 47
13710 26651 47
36367 37848 47
36811 38190 47
28268 44005 47
4908 7990 47
17419 37406 47
12308 35664 47
12905 23522 47
9903 33971 47
28266 49140 47
1098 13229 47
13970 39439 47
12326 16514 47
1680 7183 47
4517 33504 47
15461 25488 47
21130 33596 47
15452 48624 47
18853 26595 47
22889 36946 47
48434 49263 47
7848 16824 47
9124 20269 47
10521 31212 47
42959 49180 47
8072 39472 47
15781 41983 47
9180 16806 47
10515 32744 47
36410 46456 47
21915 37803 47
19597 43397 47
9384 30719 47
17341 25860 47
12266 38690 47
32948 33441 47
6809 27355 47
39226 40583 47
34445 36621 47
4110 4410 47
9168 13433 47
13948 39488 47
5695 48494 47
18869 43699 47
31182 48100 47
237 33857 47
13002 22725 47
5685 44550 47
4494 38996 47
6726 12971 47
7 16185 47
12882 36172 47
17811 37361 47
25169 33542 47
23089 36819 47
22616 33867 47
2526 31808 47
4413 38808 47
12153 46503 47
31264 49806 47
38857 40153 47
9841 44474 47
12395 33913 47
379 23337 47
1467 1948 47
15547 18965 47
41911 49064 47
11197 20775 47
11359 28076 47
39731 49350 47
15263 17929 47
8860 13462 47
8138 19108 47
4003 44463 47
39779 46311 47
18621 19081 47
21691 37256 47
28397 36929 47
4989 18115 47
17614 18670 47
21863 47254 47
44034 45646 47
18620 20229 47
31303 40062 47
8169 12614 47
6647 35599 47
17962 46913 47
2561 13545 47
21705 36509 47
11367 35536 47
1697 7198 47
30598 43076 47
22303 37788 47
19864 27185 47
21197 36000 47
12575 15940 47
32072 47065 47
30569 46474 47
6918 20079 47
19786 21445 47
13786 31568 47
14195 46409 47
3339 17808 47
23060 34425 47
41557 46714 47
6929 49746 47
39810 48066 47
34173 46585 47
18665 25840 47
12551 24002 47
15634 18059 47
33042 36188 47
30990 33893 47
4155 4969 47
14341 37019 47
393 27856 47
27124 27505 47
1695 19882 47
32128 35240 47
19485 21507 47
7012 40521 47
12588 39824 47
12455 17389 47
12099 25599 47
11380 35120 47
14245 32714 47
20850 35759 47
2557 38880 47
4975 46334 47
6949 49185 47
712 7486 47
32912 36282 47
17105 32141 47
10671 14232 47
27118 38086 47
29721 36133 47
19445 39111 47
5665 48786 47
15476 49934 48
35421 35797 48
5 49821 48
41073 43789 48
1289 1799 48
21055 34695 48
283 41278 48
20524 31982 48
3853 24777 48
4860 9784 48
15580 42108 48
21121 46288 48
11023 38092 48
15479 36657 48
11688 42130 48
9923 19723 48
4891 10999 48
6233 16021 48
35517 36024 48
7894 35777 48
4385 10142 48
16282 25059 48
31132 40207 48
22214 28688 48
36697 43813 48
7916 23296 48
25891 47182 48
29993 30321 48
21015 25237 48
25906 33430 48
16260 43246 48
7901 37445 48
1582 32726 48
1699 25946 48
12752 37343 48
23580 41402 48
1691 4476 48
30823 45832 48
20473 29319 48
8388 44062 48
1281 47771 48
26902 41732 48
6015 42854 48
30173 34024 48
2092 7760 48
21054 39237 48
6010 45073 48
32795 41344 48
37533 47787 48
2646 27448 48
21040 23338 48
18407 27669 48
12912 48038 48
11732 13470 48
3027 19718 48
13242 48138 48
3651 43871 48
37527 49565 48
24117 38431 48
3837 33816 48
37583 46803 48
14957 40353 48
37221 49682 48
4976 46763 48
41527 43836 48
1619 22789 48
5963 17633 48
11508 21470 48
21187 39396 48
4784 24295 48
4413 44717 48
26041 39696 48
15898 17334 48
22156 28930 48
24326 39107 48
1718 4644 48
3585 4486 48
21243 32028 48
12813 18854 48
20712 29971 48
37202 45890 48
13051 21444 48
5046 38892 48
46582 46995 48
5048 42085 48
18968 38469 48
9853 43386 48
27125 40887 48
35819 42526 48
30911 38535 48
8234 8633 48
3580 21380 48
7747 23210 48
15871 37676 48
3615 41194 48
15148 44408 48
3578 30259 48
46611 47688 48
29066 29282 48
47174 48258 48
7698 18270 48
41411 46888 48
30071 31682 48
3070 9901 48
29075 47939 48
2445 22130 48
15248 36208 48
33225 45260 48
47179 48809 48
20780 47357 48
15257 31666 48
20734 28642 48
30925 33072 48
27837 34077 48
15911 16972 48
30192 45348 48
3063 3956 48
651 6680 48
23796 49179 48
5953 7673 48
30950 32938 48
7704 36823 48
37141 39410 48
41459 49139 48
32901 36254 48
18946 47290 48
33235 42666 48
3002 43305 48
9803 34022 48
11666 16849 48
11265 13474 48
36312 41586 48
18876 32945 48
18870 21403 48
15428 29617 48
3041 37536 48
23641 41682 48
21327 34618 48
5104 22925 48
16141 24173 48
35689 37880 48
4760 40396 48
10068 24205 48
20923 27849 48
33147 46108 48
30096 42979 48
29127 33856 48
36294 36719 48
5113 6240 48
2227 27195 48
22096 30717 48
11682 38441 48
23604 42945 48
3640 6223 48
2106 14939 48
275 19340 48
41209 48670 48
2431 21825 48
9894 30479 48
3100 22840 48
742 8770 48
30054 44922 48
23859 38866 48
18971 44914 48
635 11518 48
33165 49862 48
36932 43196 48
677 44936 48
8101 12866 48
15862 33883 48
2478 47771 48
6083 37174 48
16081 30470 48
7607 37707 48
11228 19434 48
675 47070 48
6159 42641 48
47656 48225 48
828 27579 48
31022 33587 48
20596 49047 48
4769 18172 48
7569 13854 48
9874 31078 48
6187 29552 48
28704 29127 48
27972 38831 48
7789 31522 48
6072 16105 48
22338 45888 48
8085 33342 48
8083 49695 48
16113 40556 48
31205 47585 48
31933 43805 48
14451 32197 48
9113 16010 48
14466 26645 48
17783 18320 48
364 14359 48
2398 5321 48
13684 45021 48
4484 12029 48
16822 36368 48
32211 40917 48
26672 47232 48
14467 26613 48
42748 46822 48
30329 39681 48
161 24156 48
3381 28537 48
43541 48302 48
490 44008 48
5388 43531 48
38594 46578 48
966 8063 48
3375 36010 48
19668 41648 48
10225 34552 48
39341 43476 48
5775 6995 48
8796 18350 48
2292 9535 48
1998 7632 48
9369 48095 48
40438 48976 48
8801 29666 48
29883 36106 48
26699 46527 48
11981 49763 48
8697 9586 48
4479 14802 48
21579 42062 48
180 30536 48
21575 43733 48
5574 43111 48
1037 48423 48
34415 44581 48
10206 46917 48
419 600 48
8683 21863 48
12319 24854 48
1776 22148 48
2959 6984 48
10776 25605 48
42636 42639 48
30667 45359 48
42701 45187 48
20086 42317 48
19647 29735 48
8733 21693 48
8726 39074 48
1439 2350 48
21794 38059 48
26286 35559 48
10327 34087 48
40503 47061 48
26693 44979 48
29877 46951 48
9130 30663 48
3955 6188 48
29449 38850 48
12480 41696 48
12307 45220 48
5330 6345 48
20090 41911 48
30407 49449 48
3296 5396 48
43498 48371 48
6525 37953 48
30348 32893 48
4063 22088 48
6945 34623 48
8930 37022 48
6865 29018 48
14115 33001 48
17116 33665 48
21949 33408 48
6492 47226 48
6936 38490 48
30595 42520 48
8905 40893 48
12149 21073 48
1384 29800 48
17906 18110 48
17274 35872 48
1384 17532 48
467 48184 48
1012 3138 48
19739 23323 48
6909 39976 48
457 2406 48
5487 30643 48
17212 20448 48
9427 41707 48
21934 40399 48
17170 24243 48
19337 29175 48
28358 42763 48
1962 27269 48
19334 46926 48
4053 42286 48
23059 48870 48
14214 44224 48
38979 45801 48
17220 31241 48
12183 13444 48
9010 14651 48
25000 39677 48
21927 45582 48
1841 8368 48
14335 21698 48
25084 37035 48
17963 44833 48
27726 39249 48
24937 25143 48
2546 7626 48
22921 30079 48
10516 27531 48
1952 33145 48
19943 40086 48
8840 46942 48
8844 44895 48
6971 47456 48
23127 30498 48
34731 47745 48
14297 36418 48
19867 43861 48
12573 16789 48
5444 30272 48
39169 41787 48
2023 19621 48
6839 27111 48
6989 24414 48
30389 47288 48
1110 2596 48
6831 15461 48
22968 31996 48
10204 13424 48
2383 39332 48
25484 49711 48
26478 44041 48
10158 36700 48
10152 40072 48
7388 25134 48
29912 43126 48
10156 11172 48
28178 47743 48
293 33671 48
28567 46535 48
28566 40448 48
9261 24598 48
4462 33986 48
305 38916 48
10396 30442 48
16524 25765 48
5671 37551 48
13884 34483 48
40709 42661 48
2774 11682 48
11792 14423 48
9323 34252 48
913 48476 48
33617 46764 48
22809 45671 48
16379 30212 48
10867 14779 48
3875 25832 48
71 41092 48
1938 7347 48
3267 17764 48
7348 33249 48
6298 17665 48
10911 14377 48
19073 29846 48
13837 31534 48
19534 26070 48
24582 27072 48
2490 20440 48
2899 48122 48
35279 44399 48
7374 34213 48
31642 47619 48
10368 29460 48
1406 12854 48
29296 40451 48
10914 20939 48
31658 43865 48
11839 46428 48
20385 48286 48
35202 48374 48
33535 33924 48
34224 39909 48
7315 17086 48
9236 25525 48
5228 45404 48
188 12005 48
25323 47799 48
13770 24089 48
23469 41070 48
10401 19541 48
29928 38545 48
21417 43263 48
30449 44803 48
13381 33037 48
5221 27693 48
13826 22114 48
43084 46594 48
33641 44595 48
13801 16546 48
23505 32990 48
5586 15327 48
12729 25330 48
23499 33140 48
1756 15368 48
16664 45078 48
34250 49976 48
16665 31392 48
6367 8748 48
20177 47215 48
3232 43245 48
26713 40466 48
16311 37534 48
18097 40039 48
29760 34633 48
13709 20249 48
4240 6894 48
8419 11588 48
11762 40558 48
13791 39734 48
32268 47204 48
3518 43945 48
3438 3480 48
6365 31876 48
24492 31459 48
4241 35425 48
19613 47595 48
38186 43507 48
6351 17326 48
39777 45711 48
28629 29975 48
3930 10823 48
16639 27842 48
5815 8521 48
13733 34142 48
39941 46410 48
1169 15829 48
9668 23357 48
31759 44270 48
21510 48010 48
32288 48662 48
2778 39655 48
28175 33185 48
6698 11831 48
8629 40223 48
35035 44259 48
26728 34587 48
34306 44004 48
20189 21303 48
26730 40705 48
30411 33521 48
16647 46618 48
39630 41138 48
33904 49442 49
17636 26278 49
30181 43084 49
36536 39182 49
26498 33344 49
11487 31573 49
17854 34251 49
33912 35766 49
22761 42393 49
14090 48359 49
15599 32330 49
21045 27760 49
27208 42917 49
21815 33186 49
11397 40090 49
21820 32029 49
22891 45455 49
41993 47925 49
19586 20045 49
17535 33760 49
33104 44201 49
15741 27832 49
36332 38053 49
14005 22429 49
31181 49435 49
39825 44256 49
25952 38859 49
15718 28390 49
17450 39894 49
13713 18308 49
32453 45722 49
36404 43061 49
34364 45858 49
24151 31598 49
34407 47076 49
25142 38175 49
27892 29670 49
21813 43301 49
12465 31831 49
32981 33181 49
21814 27990 49
27188 44316 49
33000 46931 49
34001 38189 49
21160 33480 49
33151 40067 49
42038 44799 49
34205 39937 49
19533 48961 49
43284 45493 49
19529 42931 49
18804 25829 49
27879 46445 49
26376 46091 49
12365 30846 49
22739 39097 49
20938 44436 49
41734 44964 49
25106 35742 49
15648 40960 49
27154 45556 49
48210 49437 49
27907 39740 49
25100 36171 49
15530 21682 49
31062 32367 49
16628 17339 49
20563 24248 49
14643 25423 49
18463 22715 49
11653 32689 49
23333 33299 49
28520 44657 49
13370 15589 49
33581 45992 49
35134 35964 49
31508 42258 49
23625 24817 49
13222 18404 49
21535 42443 49
35632 47177 49
38088 43775 49
30848 32315 49
20224 33499 49
11628 48694 49
11957 40255 49
19165 20786 49
23305 26249 49
20648 21683 49
16732 36088 49
18540 29836 49
38166 38476 49
22514 36541 49
14601 49500 49
32657 42936 49
13416 40767 49
28714 41574 49
16670 35821 49
13188 27434 49
18112 20839 49
31466 39729 49
29114 42469 49
11954 12576 49
24728 42410 49
13425 47153 49
28663 41285 49
12746 18872 49
33477 46367 49
33483 42230 49
14967 19419 49
16380 41337 49
24463 36826 49
26906 27273 49
40907 48920 49
20375 49655 49
29956 36080 49
16401 18780 49
12744 32797 49
33408 41919 49
13284 17600 49
30804 37074 49
26887 36366 49
25675 31190 49
13270 41554 49
26827 44362 49
29976 45056 49
21402 25567 49
28007 46914 49
45792 48479 49
40958 46215 49
18385 24679 49
21408 43563 49
21344 23942 49
20309 29987 49
40832 47920 49
23427 30886 49
11696 21837 49
11695 44070 49
21466 36475 49
12761 26029 49
18236 43043 49
14726 18521 49
11881 37789 49
20334 24479 49
35259 49118 49
13244 40327 49
11827 13960 49
20346 44660 49
40864 44976 49
11835 27290 49
20488 36360 49
28612 43798 49
35239 38737 49
16431 27407 49
24576 27250 49
23438 48080 49
47195 49102 49
15935 28335 49
30193 49539 49
12842 17030 49
29551 34389 49
22612 23484 49
20836 46478 49
17937 19902 49
23798 24827 49
23102 30703 49
21660 39278 49
47141 49950 49
21211 36430 49
34756 44920 49
19923 22244 49
17004 23989 49
17969 26226 49
29528 34194 49
27538 44620 49
36957 45025 49
19791 39717 49
22278 36097 49
14187 30885 49
19330 23190 49
12202 12763 49
13605 38195 49
17881 46840 49
21933 49522 49
19761 43353 49
19840 32515 49
40314 47119 49
23081 34990 49
41447 45814 49
32110 44661 49
29032 37266 49
38939 41882 49
29818 36374 49
28108 43942 49
29456 46219 49
33726 40036 49
12025 37860 49
12013 40461 49
46743 48806 49
38440 48485 49
31394 38492 49
42200 44191 49
35944 39774 49
26190 38636 49
14524 23138 49
29435 31476 49
42243 43155 49
33714 48604 49
12036 46277 49
11603 12052 49
16785 24263 49
13140 20604 49
16797 21643 49
20087 32126 49
32886 38587 49
28763 48255 49
27051 48370 49
31360 35902 49
27506 38408 49
28438 38887 49
26636 27863 49
32598 46504 49
36034 38140 49
32595 40718 49
18002 45191 49
29067 32871 49
44182 49324 49
22578 38279 49
27032 27976 49
24836 36451 49
20019 30806 49
12206 13014 49
13498 36695 49
44262 46389 49
18586 27540 49
25508 48656 49
8259 29281 49
3128 30995 49
1041 35489 49
2493 11290 49
10865 36054 49
7036 25162 49
3618 43819 49
522 30595 49
7205 49427 49
10863 20157 49
10129 33786 49
621 45787 49
7619 23743 49
2637 22173 49
2410 27517 49
8009 19273 49
8836 18539 49
8472 14776 49
3166 15654 49
7050 9056 49
4488 37620 49
2727 27959 49
9732 46485 49
5023 22776 49
935 5998 49
340 42833 49
2723 26832 49
8093 27961 49
2722 6294 49
7181 10628 49
4996 12244 49
10833 19785 49
2229 16097 49
5338 47969 49
7252 11191 49
8715 10591 49
5104 40905 49
1112 33688 49
6093 28710 49
4755 13717 49
3857 26733 49
5871 32755 49
1746 14987 49
1236 18934 49
10499 28449 49
10851 27406 49
2218 44535 49
8228 45631 49
10494 47828 49
1786 2463 49
4424 24714 49
9130 39752 49
3663 34697 49
4425 4882 49
302 48772 49
10150 33814 49
386 14108 49
11144 14148 49
4200 16686 49
3658 42437 49
3231 9140 49
8625 9643 49
8503 16749 49
5595 48774 49
9417 49472 49
4806 35031 49
8633 28304 49
611 22584 49
3295 6040 49
648 46591 49
1836 42643 49
8023 37919 49
10933 22570 49
5068 45421 49
221 8191 49
136 378 49
6342 20037 49
7600 32601 49
8244 37039 49
903 17329 49
5283 13439 49
7160 36909 49
6687 30921 49
7696 15283 49
239 41709 49
3745 46292 49
5674 17935 49
6224 43611 49
8180 38375 49
9051 28272 49
8522 14274 49
183 8538 49
1092 25231 49
7053 11765 49
6171 21932 49
598 17109 49
7522 28929 49
11171 21426 49
6363 14953 49
7734 17958 49
6355 24476 49
7138 28194 49
10628 17914 49
3720 35701 49
1069 34788 49
8965 19559 49
7128 49433 49
46 1216 49
8088 44116 49
9559 46889 49
1970 49265 49
5557 34127 49
9185 47199 49
8780 16305 49
2950 13897 49
5800 20564 49
2827 3702 49
7787 24855 49
5797 18577 49
6055 44515 49
6903 42655 49
5164 44850 49
298 1053 49
3950 45266 49
9921 38661 49
10717 30621 49
7940 8190 49
1379 8819 49
4780 31303 49
2522 4254 49
1308 41485 49
763 9962 49
8172 27637 49
2977 25968 49
1921 46904 49
1126 7490 49
4758 18895 49
1684 30226 49
3944 15886 49
2033 2819 49
119 12463 49
480 667 49
5155 26398 49
2 541 49
6500 17222 49
8379 44356 49
10318 48486 49
10382 15956 49
5157 31927 49
2857 37854 49
1532 15425 49
4654 4692 49
847 36413 49
6916 38040 49
8567 32729 49
9491 38968 49
2925 18154 49
567 11103 49
143 46833 49
2304 45798 49
1463 16509 49
10727 23181 49
8581 8997 49
807 16778 49
4073 42789 49
2138 10596 49
204 1157 49
686 24722 49
4006 36139 49
6517 27279 49
8203 17590 49
8273 28975 49
2264 6553 49
3897 16741 49
9994 29325 49
9851 31622 49
2347 30760 49
8755 31548 49
1724 18089 49
8344 24860 49
9696 49670 49
4869 15268 49
7981 15103 49
10472 33611 49
185 30670 49
7275 11213 49
1015 36216 49
2609 41674 49
10823 18886 49
712 20730 49
1967 36525 49
11065 48452 49
7992 47358 49
9938 19562 49
853 5050 49
5653 9654 49
1163 5455 49
2991 11327 49
6441 25437 49
4957 16790 49
9636 19498 49
1162 38222 49
29824 37850 50
9981 46033 50
22422 23326 50
8298 29447 50
18187 47503 50
9879 24027 50
18305 35444 50
14298 26350 50
10982 49522 50
21275 35005 50
775 2083 50
4791 47383 50
6334 29272 50
4799 24615 50
24286 29870 50
11785 24925 50
14300 46902 50
1162 37243 50
8073 37419 50
1824 7908 50
3517 10616 50
22345 43898 50
14299 42290 50
24201 28411 50
27537 43478 50
6842 43818 50
3671 17104 50
27651 46559 50
15418 46082 50
31514 47428 50
6856 42793 50
27812 46578 50
24256 31430 50
7551 15514 50
8522 49988 50
8560 36095 50
912 13793 50
3645 28212 50
24422 49143 50
13490 21148 50
6289 18267 50
41996 43035 50
3634 5272 50
17219 43205 50
6878 29332 50
17210 34166 50
44935 48649 50
31528 49071 50
11736 26325 50
17393 39951 50
4253 49668 50
45237 47763 50
27632 36298 50
24109 40849 50
4254 13605 50
33570 49601 50
2477 4589 50
27681 48636 50
17183 43913 50
12147 42266 50
5665 9199 50
2524 21594 50
3631 28482 50
33629 43446 50
36136 39229 50
22863 23112 50
885 5809 50
17794 27932 50
4101 6584 50
22874 35737 50
10697 23164 50
1311 13952 50
19202 36381 50
17767 41874 50
22850 41885 50
32829 39080 50
9936 23841 50
8427 37842 50
2337 10526 50
32868 37403 50
5840 33539 50
3929 9861 50
20898 35060 50
28602 45628 50
19109 33112 50
6559 20627 50
14927 32937 50
4097 36709 50
8415 24944 50
2246 28584 50
20815 43724 50
17709 29906 50
31817 37793 50
28663 48356 50
33166 42759 50
9218 11656 50
28197 32301 50
23476 45598 50
22788 24471 50
13893 44291 50
2368 6143 50
44334 48634 50
19068 27285 50
8341 32654 50
22821 28504 50
18042 27792 50
1879 3854 50
17718 33220 50
1928 39762 50
12011 17178 50
8119 9799 50
20968 27319 50
23155 25022 50
1914 33076 50
13295 30016 50
1298 33773 50
3989 16410 50
14966 20499 50
28492 40262 50
4038 46316 50
35300 49881 50
118 8514 50
357 11326 50
32972 35269 50
4901 9379 50
23258 30211 50
10712 40581 50
33035 49379 50
40091 45684 50
14947 45614 50
40087 41907 50
10311 14168 50
17949 38907 50
36907 42514 50
30087 35047 50
28392 42578 50
30096 49595 50
13292 27400 50
10257 19467 50
23872 35613 50
1573 49514 50
42440 47114 50
20684 28380 50
9558 20945 50
23908 32781 50
23913 43596 50
18140 39167 50
19372 19641 50
9202 21082 50
9570 16687 50
767 48376 50
23829 47208 50
5890 5997 50
17547 40779 50
33329 48499 50
12922 14933 50
27979 33980 50
27972 48049 50
10638 44836 50
17456 40320 50
21194 34912 50
5072 40266 50
6739 15768 50
27877 28689 50
4216 12074 50
27893 31612 50
1201 3353 50
6339 48692 50
10924 33188 50
5900 39580 50
27856 42293 50
12139 24254 50
18154 20393 50
6720 44536 50
19382 37467 50
11870 21806 50
40929 49193 50
20648 22586 50
9550 11850 50
23989 43511 50
10365 24805 50
8136 37777 50
30247 46960 50
9708 17901 50
44517 48262 50
6622 49098 50
20796 23555 50
40231 47050 50
5767 12152 50
95 5416 50
1224 29463 50
6670 30928 50
15373 21611 50
4816 36299 50
2425 12957 50
31631 39235 50
12555 45098 50
11891 23835 50
23712 48041 50
3785 23887 50
3785 19380 50
11887 37736 50
4514 27003 50
37948 47459 50
16682 24319 50
9374 42493 50
8694 23605 50
16271 33894 50
3117 13677 50
34423 43417 50
3116 3993 50
7469 30770 50
4716 24362 50
46880 47345 50
16709 20687 50
3137 13786 50
21429 24436 50
7483 14699 50
21896 26704 50
21929 48366 50
6139 44249 50
7755 7813 50
8822 25651 50
21845 29382 50
1024 11289 50
4710 15065 50
16588 42339 50
16586 42707 50
26789 47893 50
26788 35090 50
1432 16257 50
5523 42030 50
2723 3933 50
9799 13468 50
432 22075 50
3083 23317 50
25756 26421 50
19656 43102 50
25375 40501 50
12403 17740 50
5275 10834 50
4466 19390 50
32396 39564 50
181 4885 50
22070 31585 50
5572 40173 50
5572 34414 50
8015 29327 50
25310 40188 50
4450 14645 50
260 28092 50
4484 16618 50
16736 41084 50
2718 8106 50
5970 42427 50
3166 31493 50
37625 44103 50
4498 14510 50
3162 7268 50
25521 40288 50
2706 19516 50
9783 43266 50
25410 29917 50
25411 25545 50
9785 19230 50
5283 8870 50
30789 33040 50
2710 41497 50
15499 35436 50
2940 34740 50
15597 46806 50
37861 42572 50
9307 35185 50
35550 37047 50
31006 34200 50
967 30394 50
12787 46896 50
10426 11934 50
34804 40668 50
10059 13158 50
12796 16922 50
37907 38998 50
37829 43766 50
1685 44886 50
13068 27700 50
15237 20733 50
6042 6489 50
4640 31172 50
11348 19634 50
19864 25379 50
16335 23729 50
21587 37340 50
26416 47672 50
6048 24627 50
18744 34460 50
2925 8071 50
16374 20369 50
2923 11131 50
26321 44722 50
7779 26752 50
1694 2936 50
19918 41449 50
25927 37034 50
16548 27911 50
2785 16330 50
2786 13716 50
25953 28424 50
32013 33907 50
21511 46110 50
32155 49270 50
3010 18449 50
3038 7743 50
11459 47456 50
29679 31594 50
25878 27572 50
945 15879 50
26762 47695 50
6000 31038 50
9341 22439 50
729 752 50
15199 27196 50
4593 25152 50
37806 48197 50
10098 22111 50
2979 24454 50
34907 49904 50
19779 42136 50
9178 11034 50
7322 17634 50
995 13003 50
15604 21805 50
37914 47907 50
20009 38062 50
2994 4561 50
6061 47621 50
12324 14759 50
36459 37232 50
15936 25092 50
18339 21167 50
9067 25023 50
7715 11707 50
24660 44676 50
22164 26822 50
8029 18241 50
37459 38637 50
30566 40799 50
14325 38016 50
30576 33766 50
3453 42017 50
15647 32797 50
15126 17762 50
41898 42314 50
34055 49175 50
45993 48316 50
9873 30875 50
27265 46480 50
3344 48728 50
45641 47135 50
11615 45152 50
5940 34602 50
21304 34890 50
528 3630 50
15130 20491 50
4412 14226 50
17116 28798 50
17027 35432 50
13180 27755 50
7007 7947 50
38841 46682 50
8862 45935 50
30630 37998 50
15453 17349 50
27374 28799 50
10579 31309 50
11650 16016 50
14687 24730 50
9465 28519 50
2120 3581 50
1792 18400 50
5934 18360 50
16959 33980 50
2124 31225 50
20391 41240 50
34043 41235 50
38253 46787 50
10195 18592 50
13198 23521 50
32468 32756 50
24865 40105 50
45716 48011 50
15119 31047 50
3438 18644 50
31928 46506 50
22321 30397 50
1081 7409 50
20279 46859 50
25109 40547 50
25073 30185 50
11116 30513 50
12412 18240 50
15481 36794 50
718 45499 50
20452 27806 50
5626 42705 50
10009 12960 50
2664 8018 50
40378 44396 50
13025 13287 50
17139 33771 50
22084 47510 50
25038 46453 50
2569 4382 50
3480 44702 50
1971 2120 50
27534 48277 50
5232 9975 50
11011 26865 50
31903 39060 50
20425 47344 50
1776 38940 50
6269 9846 50
19624 48343 50
9417 10936 50
33815 37060 50
38761 39077 51
19104 27714 51
23038 43627 51
18276 29571 51
9721 10444 51
9834 44476 51
28900 30515 51
22243 31111 51
10699 18949 51
4272 13216 51
21575 42905 51
29821 48854 51
12184 28666 51
40726 47209 51
21587 29658 51
28908 48769 51
6063 16697 51
707 40206 51
9881 19638 51
43660 49216 51
18292 30713 51
21679 34919 51
2013 3232 51
28575 33586 51
15936 26691 51
21551 42697 51
4076 23647 51
6262 11655 51
9875 44623 51
21658 29440 51
21660 38802 51
22967 45925 51
2255 37334 51
1472 8372 51
4325 13761 51
12189 18515 51
7779 44909 51
4677 5733 51
2255 31301 51
21637 31087 51
10454 11827 51
1503 12590 51
12334 31130 51
2270 15323 51
8170 10345 51
21529 23611 51
22416 30952 51
40776 45567 51
35429 35702 51
31872 34306 51
6166 38465 51
15752 20227 51
18192 20430 51
1980 11029 51
18124 25463 51
21352 28209 51
36494 46664 51
12463 12678 51
18580 35517 51
22130 30464 51
35425 43603 51
22140 33377 51
1984 25672 51
12254 23594 51
12245 17437 51
15159 39557 51
5900 34485 51
13001 44231 51
29202 33340 51
7801 13138 51
18461 24371 51
29881 41274 51
43104 49458 51
10643 45356 51
32403 33938 51
21387 28781 51
32354 33347 51
21995 49726 51
12413 43857 51
21999 23345 51
15144 16751 51
43404 49230 51
29147 30476 51
28819 35205 51
32694 37772 51
22658 34723 51
9185 33763 51
35453 43320 51
36722 47756 51
14196 39620 51
4258 37686 51
8185 13143 51
12084 26967 51
21487 40081 51
29685 30974 51
18650 46059 51
28669 37340 51
21827 33064 51
8261 10842 51
18397 48178 51
8327 34023 51
306 10637 51
877 7068 51
4381 22590 51
148 8984 51
40328 46856 51
18674 20297 51
15862 22371 51
29363 33968 51
32743 48129 51
12098 20884 51
12153 43554 51
184 3736 51
18238 21580 51
32734 39195 51
12219 25297 51
32583 45858 51
8142 22566 51
15873 42913 51
22717 23815 51
29948 40008 51
349 16752 51
19058 26395 51
6102 12132 51
8185 11631 51
296 9257 51
13053 42425 51
4845 8542 51
7764 12557 51
28686 39811 51
1328 16975 51
9767 40792 51
28689 35532 51
18249 19885 51
8028 33853 51
11097 40617 51
9257 37617 51
36070 43429 51
5228 27982 51
16206 28036 51
14640 39484 51
20293 42671 51
34134 36348 51
11111 43180 51
16893 28759 51
3380 4419 51
13825 24073 51
9445 19521 51
24918 35603 51
27305 29845 51
8631 46267 51
13586 16098 51
27292 37866 51
24967 34699 51
555 14094 51
34245 37229 51
25365 45573 51
34258 44535 51
20191 27586 51
25411 46587 51
7100 41280 51
5248 18669 51
417 4506 51
8636 35531 51
7099 32257 51
46216 47276 51
25226 49426 51
25240 26509 51
27105 48510 51
8568 29607 51
5135 38760 51
1611 21886 51
17151 23481 51
19521 31729 51
778 13574 51
3494 28473 51
11019 41176 51
9251 13712 51
407 633 51
14067 28773 51
39680 39719 51
20522 47121 51
17210 22602 51
13506 42291 51
6905 36028 51
19499 45535 51
1812 21701 51
12627 14899 51
11061 32275 51
38054 40847 51
20375 31821 51
55 21526 51
8867 14258 51
5617 27607 51
9460 46082 51
8863 35111 51
7011 11329 51
2584 13370 51
24614 46236 51
2580 16527 51
9477 35458 51
17113 43803 51
35793 38381 51
31422 39908 51
8587 43856 51
3455 5422 51
19982 34197 51
437 551 51
20000 37213 51
39226 42195 51
41509 47638 51
26097 42858 51
9327 47072 51
5468 11886 51
26635 49949 51
26632 41927 51
2969 23633 51
19976 29398 51
16518 42926 51
3030 17952 51
12737 33228 51
7294 12181 51
41658 42223 51
19768 46492 51
26674 27178 51
7397 29299 51
250 10812 51
34848 43819 51
19910 20719 51
448 1255 51
5438 47960 51
1701 14338 51
26412 41335 51
31066 35024 51
7353 44487 51
41532 46974 51
16321 24855 51
8815 12058 51
13772 40053 51
19938 27699 51
11332 34898 51
11335 12135 51
9297 12421 51
30804 42887 51
3153 13081 51
14545 14761 51
26929 41951 51
13665 22517 51
36037 39745 51
8688 48707 51
26916 29616 51
1040 40610 51
16693 24749 51
8697 42039 51
19697 40625 51
19697 42382 51
7204 13679 51
25482 34024 51
16245 20298 51
16755 22938 51
16742 26290 51
26976 28281 51
8677 39020 51
20163 34764 51
7179 9093 51
3070 5480 51
19730 37919 51
5343 41866 51
15515 46113 51
10035 20971 51
8740 42054 51
3049 27520 51
564 1973 51
41676 44985 51
16558 35744 51
3032 22702 51
16663 49630 51
5527 33421 51
25693 47289 51
11226 40330 51
5834 40627 51
9361 12638 51
25730 26115 51
26830 41037 51
31219 34571 51
34460 45693 51
7457 29771 51
23326 31786 51
28049 32590 51
13882 43786 51
13404 29422 51
9925 26972 51
14840 35283 51
9574 19814 51
17812 27555 51
9586 11401 51
23350 25695 51
14859 16414 51
41058 49789 51
28319 49238 51
28360 36530 51
6704 33733 51
19174 29904 51
5798 20576 51
33379 38763 51
17838 43672 51
6726 14003 51
27963 35968 51
3731 23857 51
6694 24323 51
36188 46802 51
41211 41644 51
19355 27427 51
31677 36877 51
13363 28481 51
2341 16842 51
9617 21626 51
664 15163 51
17765 47914 51
4994 15421 51
15346 15733 51
9626 21271 51
9620 35020 51
28238 35735 51
14264 14644 51
4974 12936 51
1263 7576 51
23473 28009 51
4974 12763 51
371 43262 51
8446 10244 51
28159 29173 51
23392 25044 51
28291 40106 51
4967 32740 51
10842 11643 51
17778 47164 51
10844 30518 51
6696 30506 51
17652 23303 51
23610 41603 51
39953 46175 51
13463 38028 51
28452 47160 51
27787 48419 51
1285 1320 51
44986 48819 51
12974 14106 51
7585 11300 51
13846 35685 51
11802 21065 51
9917 49569 51
24095 24182 51
14073 48932 51
8516 27457 51
24103 29765 51
20605 27717 51
20599 42410 51
5083 20848 51
20581 47371 51
10949 13025 51
23093 47172 51
12493 23015 51
11759 16910 51
3579 4336 51
12882 24273 51
878 31551 51
5654 15756 51
33541 44771 51
2497 49730 51
20987 37868 51
19449 23869 51
17319 30742 51
6829 19819 51
17310 18727 51
24278 32745 51
1531 20050 51
37184 43236 51
13435 41017 51
1543 29274 51
20616 49864 51
1836 35810 51
7887 14987 51
3984 37797 51
4922 38191 51
27864 32507 51
1283 22857 51
31745 34429 51
3986 46490 51
3688 11048 51
14969 29124 51
12009 17861 51
5698 19012 51
12009 16399 51
14074 44943 51
6761 10534 51
20641 37192 51
19121 41123 52
15311 18677 52
29625 34909 52
4969 32494 52
287 14540 52
35571 47316 52
5381 36877 52
41581 44661 52
15542 31545 52
5803 25775 52
30059 47665 52
19213 49700 52
488 8073 52
19909 47466 52
32064 49947 52
807 5043 52
247 41443 52
7984 20959 52
15324 26287 52
12745 15230 52
4882 32294 52
1534 23469 52
5453 9697 52
12377 15265 52
12526 34802 52
4669 12979 52
20861 36731 52
21037 30988 52
4939 34856 52
20056 31413 52
19155 30463 52
10324 16121 52
35695 36982 52
515 2181 52
14077 24163 52
5212 34879 52
7904 16426 52
1622 24770 52
29787 41259 52
9069 19489 52
20623 43788 52
5199 30759 52
5197 7247 52
31865 48747 52
31418 32400 52
20313 24416 52
15785 29534 52
31609 41961 52
1511 45386 52
5219 10850 52
12666 23621 52
20649 26169 52
1783 18808 52
5604 46939 52
12607 16011 52
8060 29922 52
9160 22940 52
481 18083 52
42005 48875 52
1820 38489 52
5652 19179 52
1816 9900 52
12881 49764 52
10221 22886 52
41322 47986 52
31874 33525 52
5930 44797 52
21298 34929 52
30534 35120 52
12393 13629 52
21423 31677 52
5977 11987 52
10280 39525 52
9150 43595 52
30800 35837 52
482 20915 52
9017 14674 52
41427 47993 52
842 44213 52
21122 35277 52
20840 33762 52
36392 44853 52
7920 48005 52
7839 44687 52
19233 31650 52
4850 6126 52
5577 20018 52
5742 5996 52
38442 44638 52
10263 48383 52
1856 9874 52
1635 45845 52
1633 30864 52
13993 44497 52
21393 41330 52
31256 39527 52
14038 32878 52
40831 47482 52
21395 39138 52
21078 40772 52
4829 49807 52
1641 8397 52
19291 30547 52
20745 38720 52
21390 26544 52
5269 15537 52
1056 43659 52
8918 36694 52
13869 35663 52
37044 49538 52
25417 49720 52
3199 9642 52
34996 36396 52
373 4435 52
37088 48399 52
9584 20363 52
11885 30203 52
3848 34862 52
34326 35169 52
465 34652 52
28138 29422 52
1245 14530 52
7631 45829 52
9390 11205 52
17655 46990 52
33231 46999 52
14344 16003 52
17536 42140 52
3227 42404 52
23885 36752 52
7608 8201 52
17519 46865 52
11143 27199 52
6673 11980 52
6662 17064 52
23742 26173 52
3777 21339 52
23775 32381 52
7616 36634 52
10880 23026 52
23843 25236 52
10883 18341 52
11497 17393 52
2302 3127 52
23161 31785 52
13315 30267 52
11500 30373 52
8398 16924 52
6540 14962 52
3953 9529 52
9658 21043 52
3096 39408 52
6494 11694 52
4024 10382 52
4021 24298 52
1039 42384 52
6508 14112 52
6511 13553 52
13885 44028 52
23122 36011 52
23123 42160 52
28442 46302 52
26877 34691 52
3110 19405 52
26959 39493 52
36981 46787 52
33123 47263 52
3897 13218 52
538 36454 52
11946 31379 52
16729 27682 52
8926 45549 52
14354 19086 52
39350 43663 52
26900 29355 52
2335 5136 52
28315 34613 52
594 23382 52
44086 45723 52
6556 48651 52
13336 14124 52
36964 40136 52
6565 19090 52
33799 38445 52
13520 19564 52
33821 48613 52
14702 42997 52
24976 48791 52
2537 3383 52
34125 49320 52
27624 46526 52
6883 25143 52
17179 49901 52
33970 45547 52
7528 13452 52
14687 35757 52
17025 29762 52
34009 42685 52
13828 20348 52
923 5934 52
17005 26977 52
27345 39747 52
17000 37324 52
7013 8371 52
45588 47892 52
6945 11281 52
16939 20851 52
11045 25420 52
24727 25852 52
17048 20518 52
27315 38488 52
17419 29361 52
16851 20411 52
33455 48221 52
27834 30335 52
24096 36279 52
24111 35719 52
24140 38172 52
46179 47750 52
17363 30838 52
35008 49653 52
23974 29912 52
34216 46944 52
930 10271 52
8506 29095 52
2486 11809 52
46290 48669 52
2463 18875 52
7116 47893 52
24324 25979 52
2653 27988 52
14335 27219 52
17263 44782 52
45215 48072 52
3570 6130 52
17250 25749 52
461 13759 52
3564 28944 52
9510 26082 52
24192 42192 52
1188 12458 52
17349 42786 52
45011 48089 52
16880 38154 52
37270 43234 52
11767 44536 52
46165 49292 52
12235 48858 52
950 38739 52
29173 34256 52
22107 22212 52
8247 31770 52
11314 17524 52
34900 46622 52
26218 49369 52
32437 34247 52
4426 29099 52
43169 43744 52
15138 24003 52
26573 47214 52
29256 35427 52
32349 32806 52
29225 37156 52
7342 30823 52
14431 20799 52
18447 21527 52
18445 23166 52
22076 46875 52
22080 47661 52
2134 3406 52
22329 24780 52
1377 6589 52
40374 46029 52
13198 32277 52
8275 12497 52
15942 48396 52
14455 23912 52
22187 49598 52
2824 25704 52
13184 22287 52
22239 32297 52
8811 16150 52
6258 23566 52
18342 30938 52
22272 48999 52
2031 8251 52
4608 31969 52
40664 47067 52
48929 49850 52
2894 42042 52
21741 36382 52
18686 37058 52
11374 16170 52
32161 34109 52
6030 12125 52
26449 40879 52
4645 27471 52
18750 43810 52
32098 42639 52
2021 12910 52
26514 28808 52
34857 44118 52
15217 47838 52
42996 44081 52
21882 24035 52
14144 14937 52
13137 30825 52
21978 48133 52
26328 27694 52
10475 40900 52
13112 29493 52
21798 43037 52
964 6780 52
29427 37217 52
6094 13759 52
9356 18692 52
2918 31079 52
2054 25141 52
15184 20134 52
35498 43251 52
3 43026 52
6110 45491 52
10677 15877 52
13716 44737 52
4157 9268 52
15972 21289 52
6406 34542 52
28683 44216 52
18051 46483 52
32774 36692 52
25829 43477 52
25820 48264 52
13241 41721 52
2780 5926 52
6365 36266 52
12108 46433 52
8960 21621 52
4171 14556 52
9709 26708 52
43566 44730 52
16553 16647 52
34483 47836 52
32881 33050 52
17970 48908 52
34945 35098 52
14999 35310 52
17996 39791 52
11234 12756 52
4040 6596 52
17910 39222 52
36774 47147 52
14209 32163 52
7450 47010 52
4122 38027 52
36779 49747 52
36794 41378 52
28636 35221 52
6381 24702 52
12070 16416 52
10694 12794 52
47368 49529 52
4096 46221 52
9200 37401 52
28828 38266 52
12145 24176 52
26695 44346 52
12140 38305 52
13801 32274 52
28811 34437 52
28810 46813 52
4205 27997 52
2194 29893 52
6347 31814 52
43332 43624 52
28916 41411 52
15086 15943 52
10620 10932 52
18251 19622 52
9727 35749 52
12121 27875 52
3019 13107 52
4196 38482 52
32669 41768 52
25965 45629 52
15064 38498 52
1674 15939 53
5602 46597 53
5516 36511 53
12856 34007 53
7090 47589 53
5515 44959 53
7150 31282 53
16464 27352 53
39322 48287 53
41459 46028 53
439 22126 53
31346 41360 53
31226 38045 53
31140 45459 53
34221 34271 53
16641 23177 53
16236 33193 53
7364 23963 53
7131 10469 53
34681 44213 53
15591 45893 53
266 25095 53
9364 32084 53
19784 29280 53
41385 46399 53
13668 27918 53
13796 23578 53
10026 34591 53
7436 34748 53
7511 33381 53
1659 3618 53
7393 43491 53
39496 47884 53
16892 44845 53
13644 41770 53
16897 48556 53
7430 23116 53
18158 34384 53
5897 19788 53
1353 17733 53
9894 47030 53
9891 31690 53
5877 48409 53
12993 44135 53
31818 35656 53
32596 41930 53
38722 42675 53
7705 38506 53
18994 40940 53
40981 41305 53
18214 28991 53
9886 32279 53
18167 26949 53
18161 23241 53
5832 30953 53
5828 31880 53
33003 43943 53
1298 2643 53
6520 46061 53
40110 47102 53
361 26091 53
6537 18861 53
35289 42607 53
19095 22927 53
15742 27171 53
32838 49518 53
17984 28147 53
17951 42645 53
18692 24963 53
1479 48269 53
6076 48838 53
1482 21556 53
9182 9284 53
18561 25981 53
18548 30790 53
18803 23969 53
1475 2076 53
6057 26790 53
9822 14641 53
9820 25193 53
849 34060 53
6007 9378 53
6064 16209 53
18380 41893 53
32480 40858 53
18370 38566 53
18359 27058 53
13196 31597 53
6267 29752 53
18316 20005 53
6277 48810 53
18500 18897 53
31954 37316 53
7800 47116 53
18926 48378 53
32428 39563 53
15726 20239 53
6217 31436 53
18415 34117 53
5662 45411 53
1192 4441 53
6789 12784 53
31512 31997 53
7581 48078 53
31495 48505 53
19431 24122 53
5661 6450 53
17267 43794 53
6853 7390 53
6745 31200 53
38945 45847 53
31552 49548 53
19403 32167 53
6749 20109 53
15686 40726 53
6770 13744 53
6777 16753 53
6991 10437 53
33862 41495 53
19541 36520 53
6984 40107 53
7900 45766 53
39557 40500 53
17035 48602 53
12866 15615 53
17006 19007 53
9250 43055 53
17230 45988 53
15674 22172 53
33768 35717 53
19526 40967 53
12905 16990 53
7540 35375 53
1134 3376 53
33150 40867 53
5774 30132 53
12939 29769 53
40080 47074 53
5788 14505 53
33083 45589 53
33096 33251 53
1550 29206 53
35269 40041 53
9569 11610 53
17540 43746 53
379 11455 53
17512 42264 53
31579 42729 53
7601 8482 53
9127 32104 53
17641 17784 53
6654 49094 53
9946 23203 53
372 44538 53
31391 41865 53
1230 11318 53
15698 17757 53
23934 43949 53
2456 7580 53
12450 12669 53
1950 9437 53
27928 43907 53
38107 41735 53
29858 33640 53
3695 7995 53
23922 27961 53
23920 49374 53
23870 38776 53
21129 35816 53
10948 35730 53
24148 35864 53
11813 13291 53
24068 31989 53
3672 39487 53
15296 37242 53
29874 30726 53
29759 36301 53
2411 30836 53
37109 38717 53
3781 41188 53
11893 48722 53
21404 43188 53
23776 31746 53
10861 13460 53
28106 42287 53
180 27875 53
37118 38152 53
29792 40145 53
14101 47411 53
21348 42683 53
2428 24184 53
37113 45998 53
29768 39368 53
21361 27839 53
15258 17498 53
8472 44236 53
20757 46932 53
5010 41609 53
2611 13274 53
1864 19433 53
2577 32243 53
30183 36983 53
20681 26223 53
27272 39199 53
27324 41020 53
24856 49923 53
5029 9465 53
20948 30169 53
8562 20035 53
2517 3248 53
2515 14021 53
42377 49956 53
11765 29563 53
21079 26210 53
24537 31531 53
45476 46332 53
27537 35460 53
15345 25070 53
24510 35389 53
2548 40358 53
3524 8431 53
2537 40041 53
11730 19140 53
68 11775 53
12116 17479 53
22650 32392 53
29261 41673 53
22573 44263 53
36707 39749 53
29195 40114 53
8958 46048 53
29364 42020 53
4514 12587 53
22771 45537 53
22767 45609 53
10669 16376 53
4507 48218 53
29300 43929 53
4179 8066 53
4336 27663 53
150 1155 53
10608 46856 53
4303 12948 53
10576 19877 53
36630 38389 53
2120 16481 53
10594 18299 53
36640 48173 53
36636 39465 53
12202 41511 53
22270 25921 53
15114 22655 53
12237 16110 53
4240 38615 53
525 1465 53
719 4909 53
12154 14401 53
22102 30369 53
2103 24530 53
36688 46616 53
43348 46201 53
28911 48013 53
22167 23094 53
2019 6018 53
3903 27649 53
21578 36161 53
38155 38607 53
3919 18471 53
104 198 53
29590 47107 53
4647 39433 53
21567 44307 53
3942 24734 53
10443 30322 53
96 18851 53
8921 35883 53
97 36159 53
29670 46084 53
3865 20584 53
28206 45504 53
23477 26662 53
28224 38911 53
38149 39677 53
10745 10795 53
4039 10402 53
23021 46507 53
4056 46365 53
4543 33080 53
21854 22361 53
29376 46613 53
3968 18937 53
14233 17879 53
12005 23006 53
15206 15223 53
8218 42340 53
23119 45600 53
12320 48580 53
26654 41886 53
26078 46674 53
30567 40353 53
20040 23929 53
26627 42229 53
11289 33913 53
25626 45461 53
20090 22234 53
26057 27390 53
11203 16265 53
26921 42733 53
10187 28501 53
14431 28768 53
48222 48669 53
11542 26524 53
37971 42953 53
2705 36449 53
26784 27189 53
41748 49398 53
11460 45345 53
26769 35824 53
3021 38501 53
5274 12310 53
3061 19735 53
20229 32149 53
12694 47036 53
20207 38713 53
20310 46631 53
10121 48381 53
2740 4099 53
47834 48372 53
25637 30553 53
20142 39916 53
19919 32951 53
12596 16745 53
5414 40497 53
35972 39258 53
3264 37786 53
14015 35479 53
27131 32993 53
15574 19733 53
20645 33973 53
19906 40734 53
30342 45392 53
2835 45368 53
26363 46589 53
11125 36291 53
27084 27889 53
31000 46129 53
44003 46461 54
16533 38178 54
13203 19030 54
4194 16712 54
2138 30592 54
48446 48544 54
3967 4836 54
33026 46182 54
47789 49905 54
38178 43913 54
32651 36510 54
4312 9234 54
2327 26216 54
4323 45149 54
13242 45623 54
36885 38233 54
7397 13883 54
2307 18628 54
16299 35568 54
28955 46158 54
680 10504 54
4297 43198 54
22646 25480 54
7657 23875 54
2204 5791 54
11463 28967 54
16348 25456 54
6264 27768 54
23406 39276 54
15067 27639 54
23406 43200 54
2944 22044 54
13191 19392 54
32661 48857 54
25889 32087 54
4201 29362 54
36714 38415 54
33072 37326 54
17810 32850 54
13802 34695 54
4216 21156 54
34857 41641 54
13337 25617 54
3919 9944 54
17788 46489 54
4244 13521 54
48463 48897 54
28623 34666 54
22507 37144 54
9321 40212 54
877 43362 54
17985 30034 54
32750 43527 54
7343 24138 54
26613 46778 54
16314 17966 54
37871 48412 54
8772 10336 54
28638 42773 54
13268 43765 54
9598 15447 54
10734 32140 54
2812 22077 54
4176 4208 54
23106 45806 54
11402 20277 54
10746 37436 54
11285 11448 54
9212 13191 54
22462 45733 54
22964 26689 54
354 19949 54
28578 44490 54
12044 12585 54
991 3605 54
4068 39828 54
17941 39778 54
2941 45864 54
1340 6860 54
4172 43514 54
16472 34888 54
27055 47335 54
33743 44754 54
16154 37699 54
34251 35994 54
33714 43685 54
24391 45779 54
25376 38075 54
11741 27589 54
16805 43358 54
14308 27863 54
27114 39669 54
6920 17379 54
16819 21092 54
11010 26554 54
7132 8128 54
6912 40415 54
6832 47885 54
14765 15336 54
14568 32606 54
24235 37047 54
27764 31686 54
27773 40233 54
38068 47196 54
8546 31567 54
2706 17756 54
1174 27598 54
24303 38662 54
7525 9989 54
24894 25518 54
24872 38572 54
7033 9262 54
24866 34279 54
3358 7288 54
11637 32990 54
25018 35332 54
16899 37497 54
13598 31985 54
8618 48465 54
9435 11527 54
11096 18800 54
9444 45376 54
17111 21216 54
8583 20735 54
17121 23832 54
11037 28953 54
27484 34083 54
7118 12725 54
27508 42598 54
3409 37611 54
17036 25891 54
8590 35886 54
17080 32378 54
6954 22965 54
3093 48637 54
28079 39342 54
37087 40352 54
10861 40588 54
3801 40492 54
25719 43271 54
6654 23429 54
2391 36062 54
17616 41622 54
3117 46395 54
25659 30240 54
34435 46356 54
35216 42632 54
7228 36546 54
2366 44611 54
34504 36223 54
14254 44513 54
7459 14418 54
14877 28871 54
23606 33316 54
7241 46774 54
24059 40316 54
23 6624 54
39794 40237 54
26975 39143 54
13448 20904 54
10934 38305 54
11184 47285 54
24020 40989 54
24204 49165 54
24168 44563 54
44929 48847 54
24167 28098 54
11506 23753 54
23908 32711 54
8904 43006 54
7480 45980 54
25642 29420 54
3712 19143 54
1049 32134 54
7187 9679 54
34963 40400 54
23958 33476 54
39263 40297 54
33377 39072 54
9381 13116 54
13857 19062 54
509 2164 54
8065 40428 54
21653 37422 54
9062 42068 54
30446 48111 54
18716 22330 54
21207 34376 54
726 34543 54
10222 25431 54
5688 14166 54
12437 32597 54
5078 26678 54
20821 46604 54
4787 9660 54
15417 24628 54
31118 34455 54
40923 45689 54
15191 48150 54
42454 44598 54
19544 35937 54
5188 6091 54
21826 42858 54
5622 24036 54
5622 21050 54
41088 42525 54
15678 25355 54
19221 34441 54
29454 49284 54
30454 40553 54
19483 41213 54
1815 6603 54
36124 40224 54
29452 30556 54
225 1609 54
10475 37198 54
2047 47172 54
42899 48047 54
41967 42061 54
1989 15813 54
4708 43180 54
253 33800 54
15610 40371 54
30304 36609 54
7989 43411 54
10405 49071 54
41200 42419 54
21498 48624 54
15369 35042 54
5744 9564 54
15372 23331 54
12930 23145 54
21378 22031 54
21440 41060 54
20717 28045 54
5948 15913 54
1853 48325 54
35627 46730 54
35561 41767 54
19378 42119 54
21572 42158 54
6023 14604 54
19255 32685 54
15231 23132 54
20796 30989 54
20072 21382 54
4993 44385 54
1468 24590 54
21606 32258 54
10245 40129 54
35568 47524 54
31591 42185 54
18828 47049 54
5714 8249 54
21545 22176 54
29432 46383 54
29797 47780 54
12912 43971 54
29814 37903 54
15490 23138 54
36517 46798 54
20995 41504 54
5577 13876 54
22023 45377 54
4469 31731 54
14040 31918 54
12489 44787 54
10304 19194 54
19785 23702 54
6242 15773 54
4492 21957 54
35688 40604 54
10516 22417 54
12848 30707 54
13149 19283 54
15141 38121 54
5806 11186 54
32428 41679 54
36039 46606 54
29985 48899 54
8249 36904 54
15627 23397 54
12234 32555 54
36561 44966 54
4422 40245 54
4452 35871 54
21020 41090 54
4445 43771 54
1541 28152 54
1410 20286 54
206 14679 54
32247 47765 54
10181 45414 54
5308 12668 54
21875 40505 54
20132 29138 54
5528 17984 54
15582 18767 54
12867 17696 54
15299 23465 54
18350 21861 54
42244 44311 54
15183 22573 54
286 11927 54
20980 41869 54
29379 31164 54
1549 7363 54
12993 33046 54
1890 15924 54
41735 46115 54
6153 15175 54
42997 44627 54
12799 45601 54
41062 41233 54
5219 25203 54
8230 42484 54
4838 15559 54
9509 11481 55
14690 48462 55
19143 25527 55
24369 41678 55
1561 3915 55
16165 43498 55
6913 42502 55
11714 46050 55
2566 3348 55
15716 16507 55
1553 6247 55
20023 48569 55
37347 38554 55
3504 36676 55
15714 39491 55
37332 48655 55
1137 13852 55
20825 49113 55
9931 25460 55
16168 22151 55
3493 14813 55
20792 26414 55
14725 16014 55
10998 42316 55
1675 5382 55
10996 49747 55
13968 15176 55
5491 32147 55
1556 20148 55
16149 40311 55
20904 26870 55
26136 27108 55
3470 10517 55
1894 24134 55
17191 23490 55
33735 48658 55
24450 33570 55
2740 4553 55
16269 41568 55
25651 28325 55
14049 43962 55
34662 39396 55
9069 49363 55
8706 34293 55
16620 42646 55
36054 46395 55
26683 35673 55
26849 41522 55
9377 23152 55
7226 21270 55
25690 31350 55
1036 21924 55
19556 47671 55
25554 49281 55
12651 20817 55
20087 26506 55
13987 47679 55
13652 35740 55
11204 41959 55
47020 48840 55
25619 26217 55
25586 27053 55
14381 17039 55
25921 26009 55
30810 42422 55
16495 36065 55
7304 16511 55
5535 13787 55
2785 28978 55
26817 27010 55
9350 19742 55
7245 11179 55
2753 3616 55
16616 20617 55
25758 41199 55
13705 19639 55
5271 19155 55
1019 4472 55
10136 31004 55
19675 26120 55
12911 32020 55
16903 34341 55
14329 27233 55
35734 40080 55
11613 16286 55
7884 45338 55
27274 49656 55
7055 31503 55
3322 29393 55
30330 35637 55
5500 30634 55
15389 48127 55
9953 18856 55
5026 43762 55
30260 46459 55
9460 16519 55
14076 30941 55
1853 30055 55
34039 42415 55
35054 39171 55
1573 6115 55
24928 48967 55
27295 40268 55
3354 5288 55
276 445 55
5342 8598 55
41982 48006 55
46465 47920 55
19494 47338 55
3213 4024 55
3219 41970 55
11537 11735 55
30552 31060 55
5148 6678 55
7511 39272 55
15407 31995 55
13607 27011 55
30356 43310 55
39458 41216 55
3252 7385 55
608 34529 55
7494 45618 55
3241 41043 55
30423 45117 55
38328 39403 55
22953 39013 55
3 1104 55
42929 44133 55
4555 16667 55
1306 48729 55
9687 19633 55
4564 40488 55
1448 27803 55
14007 44760 55
21803 32429 55
9806 17967 55
29386 44410 55
22847 43157 55
877 15014 55
13266 49497 55
1313 12879 55
21899 48047 55
2852 3943 55
18589 38056 55
4139 24967 55
43598 44166 55
22914 31287 55
28597 39428 55
28598 46655 55
37871 49025 55
29386 48406 55
21634 28827 55
10058 34202 55
848 2419 55
14948 40560 55
3948 33782 55
535 46450 55
15220 24767 55
2324 24321 55
40679 49903 55
32115 35913 55
28304 29175 55
6559 8335 55
11970 39887 55
252 9563 55
23348 43110 55
5394 48416 55
17819 26104 55
17875 41549 55
21766 34894 55
1454 2838 55
6067 7505 55
32149 40422 55
28407 37415 55
1461 1621 55
4606 4648 55
4001 41616 55
1690 15547 55
9767 38570 55
40344 43262 55
150 40562 55
22410 28534 55
28957 47479 55
31077 35485 55
5427 6993 55
28858 44186 55
6309 16061 55
18429 32097 55
36676 38644 55
28887 38784 55
9768 39115 55
10566 21807 55
14182 39276 55
19897 21552 55
6262 29621 55
10583 21011 55
22231 27591 55
32497 33416 55
147 13502 55
6257 46556 55
22324 34554 55
2141 17521 55
18306 45538 55
10602 15156 55
10596 15560 55
22306 22646 55
18559 47347 55
18559 37036 55
8321 15806 55
15054 18121 55
4185 9852 55
43585 44166 55
15569 39170 55
4186 11664 55
1428 3885 55
28713 37856 55
32630 36496 55
22565 44705 55
10535 35115 55
22529 45876 55
11354 27057 55
5434 9139 55
9785 46584 55
11325 24599 55
12134 25954 55
4454 20400 55
13232 20209 55
27850 43208 55
24059 49118 55
6746 40245 55
11826 28866 55
17435 20895 55
1679 11645 55
10105 26353 55
23989 35888 55
8519 39128 55
2477 20565 55
10355 39177 55
7819 42975 55
21259 48754 55
10895 21307 55
23972 32735 55
14785 23292 55
900 28247 55
8542 13997 55
45086 48710 55
21036 39502 55
16437 32550 55
2509 15036 55
30014 31527 55
8525 35335 55
37246 45614 55
1189 24389 55
29961 48943 55
33481 42357 55
21131 23928 55
4830 28078 55
19092 29080 55
29658 37344 55
17715 41131 55
17715 46500 55
4713 41989 55
6565 48971 55
21583 29376 55
44180 45431 55
15230 25109 55
3913 10317 55
44248 46225 55
13877 26217 55
23437 40052 55
17744 32184 55
13352 23010 55
4735 34720 55
13043 17475 55
6661 41312 55
1230 21619 55
11870 31578 55
11874 16649 55
16413 32971 55
15785 35750 55
10094 26919 55
13948 26562 55
661 29441 55
15549 22540 55
13870 29941 55
23628 40362 55
23627 40244 55
23625 38934 55
21419 24898 55
373 2094 55
17613 40416 55
9856 49077 55
3814 10988 55
7624 24002 55
15534 16805 56
7965 24044 56
7944 23002 56
8783 16503 56
15234 21714 56
14911 43658 56
38349 48018 56
36913 44027 56
8947 37009 56
38332 38355 56
8949 38622 56
8476 16493 56
15259 47692 56
35216 39318 56
16049 37408 56
13945 15435 56
15043 43561 56
36748 49792 56
15171 34416 56
14199 27949 56
9196 24456 56
15914 17460 56
9195 42572 56
15997 48945 56
14985 27567 56
38888 45779 56
8954 11388 56
36765 41620 56
8671 25641 56
37567 42747 56
37995 39217 56
16203 49390 56
7453 27820 56
8014 31041 56
15497 38416 56
8823 11801 56
35816 48989 56
36074 36720 56
8544 45597 56
15743 21875 56
9143 24398 56
14793 21195 56
35171 36717 56
7826 31846 56
922 19917 56
36208 45530 56
15356 19848 56
9038 18806 56
14307 26276 56
8112 34982 56
5386 44214 56
2478 20188 56
20023 33535 56
3698 22917 56
20101 22538 56
30829 45978 56
31173 47537 56
31142 47339 56
31135 36477 56
3620 4005 56
5457 13694 56
10065 33052 56
24160 42051 56
19910 27370 56
12758 31115 56
23816 24727 56
2426 17236 56
30624 46433 56
1792 33396 56
3761 20534 56
12649 32394 56
11876 32518 56
28071 37158 56
3796 25649 56
3799 24115 56
30824 35610 56
3723 5512 56
5284 35063 56
5519 42076 56
10154 38772 56
30724 39116 56
20247 33123 56
41833 49076 56
1772 15768 56
20281 33298 56
5795 14986 56
31775 34867 56
24665 46440 56
24662 31830 56
12963 26774 56
19178 37447 56
11040 24432 56
27445 48363 56
19193 41260 56
12948 46422 56
11695 16268 56
24573 26807 56
19042 21531 56
5923 16250 56
24796 32412 56
24787 35471 56
1507 4977 56
5896 47454 56
19030 26678 56
5877 13309 56
1519 32704 56
27414 42029 56
27430 49721 56
5851 49789 56
287 31169 56
31394 45388 56
10002 22918 56
2513 13538 56
5592 26197 56
11753 29929 56
31409 48403 56
24345 29428 56
1640 31911 56
10981 30736 56
24303 38700 56
10977 17818 56
19380 48892 56
24550 32778 56
31560 33424 56
19404 20259 56
273 2438 56
19422 20140 56
28106 34902 56
19484 34868 56
5646 21825 56
5628 13028 56
19536 46081 56
5624 34498 56
10512 22119 56
12051 29653 56
12051 39442 56
21984 35897 56
12271 19503 56
22871 30659 56
22871 24035 56
22838 48856 56
2097 22091 56
21776 28384 56
4605 17800 56
23053 33413 56
29465 47490 56
29453 38569 56
2052 42803 56
4542 32979 56
10723 29766 56
21880 42650 56
29344 44462 56
29335 40265 56
12113 13473 56
4305 34072 56
22451 45426 56
10644 12952 56
22127 46381 56
151 6933 56
22821 27271 56
2233 20636 56
22157 27489 56
10562 15678 56
22802 35619 56
2111 13795 56
22165 28430 56
4399 32621 56
10746 33582 56
2228 14230 56
22210 41724 56
29026 30626 56
23429 29680 56
20784 31249 56
28212 33804 56
1876 37727 56
20830 23500 56
4946 10510 56
44190 48477 56
11958 46173 56
3906 11331 56
4906 7276 56
10326 11565 56
28302 45886 56
12610 37255 56
10233 39675 56
10236 22459 56
30398 35010 56
20599 31200 56
30374 46015 56
20612 34987 56
3822 28483 56
30346 38043 56
23603 37459 56
3836 47539 56
23580 47360 56
5025 45052 56
42663 47644 56
1980 34850 56
1981 3462 56
4718 28275 56
21449 38205 56
43978 44317 56
4676 18980 56
12369 38252 56
4652 17807 56
12016 44703 56
21609 41521 56
21637 21878 56
4852 28183 56
28304 47938 56
21135 39356 56
2337 20341 56
197 963 56
10354 23935 56
4808 26792 56
23333 45936 56
12437 41381 56
12426 41573 56
29777 34379 56
17413 20119 56
3083 4856 56
11487 40475 56
26716 42228 56
17194 20068 56
6890 35974 56
33660 45485 56
39872 47515 56
25806 36346 56
17328 18697 56
3061 38619 56
11244 27157 56
11546 15454 56
33114 47943 56
1271 10724 56
13335 31472 56
6552 30690 56
9651 28021 56
9664 23192 56
6491 10195 56
1297 6393 56
32915 38104 56
31 2415 56
33256 39578 56
6647 22195 56
25540 45916 56
33215 44229 56
4 59 56
34467 36025 56
1030 3403 56
2939 8725 56
39309 43779 56
34558 35097 56
34402 46590 56
13669 39518 56
26224 36998 56
1049 40909 56
34331 40324 56
26199 45041 56
13789 40014 56
7388 32889 56
7348 24578 56
16753 32788 56
16460 44203 56
7335 46532 56
16474 27367 56
7305 16750 56
7289 24503 56
26551 34525 56
16963 32544 56
26663 27688 56
1109 19024 56
26040 35153 56
33845 43838 56
2800 41008 56
17133 27823 56
13528 41849 56
3012 48987 56
16833 28015 56
424 4649 56
16770 28508 56
16796 26271 56
11308 22170 56
26168 40352 56
16825 25976 56
26152 47552 56
16846 41155 56
2978 7520 56
34102 42830 56
3267 49481 56
13188 18181 56
40662 49003 56
6059 14948 56
18693 34787 56
24987 36542 56
3282 30755 56
32478 47404 56
40653 41139 56
2661 3666 56
27308 43972 56
27110 32645 56
18805 21463 56
40428 44168 56
1470 7187 56
32547 41658 56
337 30671 56
9747 18562 56
32521 33664 56
18513 49014 56
6194 9264 56
3314 33608 56
3316 37832 56
13125 28379 56
32336 46578 56
6100 37844 56
18529 18899 56
40550 44232 56
32292 42431 56
6234 14878 56
2660 18208 56
27218 35301 56
6218 24047 56
6214 9398 56
6209 16686 56
5943 19184 56
32825 49247 56
11643 27223 56
3388 27791 56
31956 35406 56
1347 9011 56
18125 35140 56
18930 36288 56
46434 48491 56
6297 9243 56
1370 13006 56
18873 41066 56
3210 5155 56
6315 46054 56
22666 32063 57
2267 24405 57
14417 43299 57
23136 29086 57
2205 48671 57
26428 33824 57
26435 39496 57
26099 42926 57
37322 44825 57
8790 26053 57
23088 44949 57
4027 21235 57
24776 26403 57
26457 33760 57
4119 14534 57
28336 36966 57
24917 49453 57
2633 36224 57
2639 23445 57
26234 48850 57
8603 42973 57
27310 33453 57
26265 28895 57
24891 38180 57
26345 27035 57
24900 43475 57
8576 21362 57
4178 45242 57
2964 9161 57
14424 44674 57
2599 27878 57
27283 33336 57
2829 14348 57
15011 20408 57
3817 21759 57
23701 26318 57
23655 30631 57
23791 27707 57
26970 41413 57
8691 38595 57
3634 46026 57
23640 42194 57
3224 19734 57
8491 18690 57
25403 35475 57
23879 40933 57
2444 21712 57
23821 33612 57
27995 45528 57
23561 39790 57
2471 10648 57
27989 46999 57
23860 37757 57
37568 39892 57
36919 41726 57
26761 39533 57
23315 32347 57
23315 38489 57
28306 31437 57
25796 33724 57
24317 36286 57
25793 41483 57
28401 46301 57
3590 18822 57
25889 43163 57
8432 11402 57
665 35625 57
25630 36985 57
2672 2693 57
23552 23931 57
24281 34255 57
28296 48172 57
4002 7188 57
24265 30235 57
26851 37921 57
639 15153 57
18489 29424 57
15894 28076 57
32101 32727 57
6052 16218 57
18731 48954 57
18725 30437 57
32498 43265 57
32173 45715 57
32185 49383 57
18608 27720 57
6155 12871 57
17940 49911 57
15983 49067 57
35320 39695 57
17899 48595 57
1283 13549 57
7712 32055 57
6284 29524 57
6379 25324 57
18094 21835 57
1322 11544 57
5768 5798 57
19235 24657 57
5804 15112 57
19526 33596 57
825 31820 57
31526 31672 57
19089 19448 57
31599 35045 57
31606 33827 57
5949 43572 57
840 36911 57
842 33250 57
5945 10332 57
18795 32031 57
1466 36391 57
18747 41814 57
19007 49615 57
15750 23586 57
16945 22751 57
7073 28591 57
16895 18600 57
16797 24149 57
33772 42553 57
17145 28417 57
33822 48046 57
1111 1839 57
7528 10418 57
7306 25926 57
988 4115 57
16576 18659 57
1026 2017 57
16701 21360 57
34303 37423 57
16240 26698 57
17614 20483 57
16061 49150 57
35207 40724 57
7613 22260 57
16075 28100 57
6556 21240 57
33174 35114 57
17671 26429 57
16050 29462 57
6647 39506 57
7579 11654 57
33610 42864 57
1168 34395 57
1166 26479 57
6869 38374 57
17206 48426 57
7594 39700 57
1205 27468 57
33368 47101 57
17503 35027 57
1998 8377 57
21428 21797 57
36387 47528 57
15252 48554 57
4625 19270 57
21309 32895 57
4636 28724 57
4649 37207 57
4877 48487 57
20994 30072 57
1905 28498 57
30134 34328 57
15345 36982 57
30200 31679 57
4576 48647 57
36339 49734 57
21286 36745 57
29077 38547 57
8271 12280 57
22331 25834 57
15109 30972 57
22267 44230 57
22259 36803 57
22198 33014 57
15130 30688 57
22532 49028 57
22618 47150 57
4218 48989 57
4221 15446 57
22576 34168 57
28842 31243 57
29134 33835 57
22441 39408 57
21915 23109 57
21936 33122 57
21935 43571 57
2085 48332 57
8228 33653 57
21985 32070 57
29239 31351 57
22058 46135 57
22069 48277 57
29180 46411 57
5370 42575 57
1712 10232 57
31031 46715 57
30794 34473 57
8011 10801 57
20151 44947 57
19672 26493 57
5570 39336 57
5523 43970 57
15642 26291 57
5612 31041 57
15623 19960 57
5452 40276 57
19853 39720 57
5441 37263 57
20573 21467 57
20562 28598 57
5114 29017 57
15359 42278 57
4997 17286 57
20689 22647 57
30314 45313 57
782 1194 57
20319 24585 57
30708 47936 57
20256 38401 57
36112 40422 57
5139 10223 57
20501 47277 57
39552 42285 57
8985 42196 57
10944 47581 57
388 39590 57
10395 39619 57
14250 32583 57
43883 44685 57
13863 42836 57
13314 40302 57
10724 29859 57
13992 18130 57
12800 35721 57
47940 48223 57
39232 44198 57
41490 43436 57
8989 11865 57
8926 44162 57
42972 44107 57
40192 42809 57
11495 49701 57
41384 48935 57
38236 39624 57
9273 40538 57
11575 28173 57
10025 34235 57
8859 32045 57
13156 18168 57
13615 34559 57
13302 24285 57
47157 47587 57
9585 21373 57
9779 12242 57
8821 25426 57
10605 45894 57
44571 49114 57
41360 48527 57
12729 13465 57
9998 24755 57
13263 29283 57
13766 15024 57
40145 47229 57
10518 17455 57
9405 20611 57
43677 43828 57
8902 24641 57
10226 30492 57
9348 10662 57
9730 22636 57
12348 40889 57
10442 49146 57
41811 44199 57
127 16267 57
38121 43628 57
39706 47157 57
9007 28532 57
38683 49960 57
13340 23520 57
41580 42592 57
12703 17027 57
10920 44707 57
12786 22352 57
13497 25768 57
9819 18061 57
14399 39910 57
10554 47767 57
12926 41825 57
41055 43860 57
179 1420 57
11066 21162 57
9026 18993 57
13209 34104 57
10407 19641 57
9527 47540 57
43910 44212 57
479 3385 57
11646 26193 57
10095 49763 58
14142 41841 58
1712 12673 58
32340 37057 58
32161 35461 58
30957 45206 58
18662 20829 58
2408 15670 58
13617 18243 58
28059 31116 58
25707 35074 58
23736 26833 58
42335 46984 58
12218 29498 58
1040 16176 58
26932 39274 58
14159 47574 58
1918 8020 58
16711 24704 58
34032 40691 58
7168 27466 58
31007 45042 58
15105 25911 58
39323 46296 58
2729 18221 58
14185 37872 58
14173 24458 58
18642 21159 58
43209 49419 58
18250 32353 58
22452 25948 58
6934 15205 58
8462 10836 58
33802 40618 58
33782 35777 58
3897 27541 58
22494 23390 58
14883 26519 58
25865 42022 58
2773 44580 58
28198 37798 58
28922 30384 58
8439 38183 58
6953 28513 58
12708 46414 58
47573 49924 58
11962 47213 58
17223 42059 58
20810 40681 58
14777 19490 58
17273 29300 58
9629 33838 58
17066 33029 58
13224 35314 58
14285 20298 58
47679 49151 58
28841 42358 58
3824 9194 58
29012 44639 58
39509 40132 58
20055 47355 58
39453 40052 58
3795 12001 58
7093 13205 58
23690 35060 58
32373 47597 58
25723 30837 58
36780 46009 58
25734 38869 58
23670 36649 58
7075 27504 58
8398 47354 58
39549 44783 58
6256 17575 58
14941 42269 58
10837 16000 58
17041 35999 58
9754 14435 58
23510 24400 58
10299 42658 58
10610 23836 58
4931 42557 58
22340 47324 58
28994 49000 58
1389 25656 58
36888 38434 58
7017 45534 58
5345 10552 58
3502 7821 58
7633 8842 58
19487 48791 58
21770 45887 58
31798 49297 58
19090 41223 58
35806 48069 58
4720 29952 58
15666 17697 58
7897 10803 58
13988 39135 58
19467 39154 58
27267 49384 58
13881 41654 58
41002 45144 58
3494 7051 58
27517 48746 58
27521 39232 58
4549 22319 58
4767 47224 58
16212 45479 58
7497 41894 58
16102 33964 58
7946 29307 58
21799 44202 58
25085 37368 58
19035 42612 58
25091 34466 58
9995 43044 58
21597 39146 58
10434 48721 58
35487 43854 58
15755 27996 58
5741 9402 58
27354 35426 58
41152 46770 58
21574 28030 58
13939 19185 58
7814 42125 58
24809 27796 58
19294 33030 58
24635 38735 58
21448 34038 58
12337 20460 58
15978 41621 58
9125 43408 58
15991 23200 58
24604 49235 58
31556 49599 58
19197 25418 58
2584 39584 58
35706 45959 58
19426 35057 58
36283 45368 58
10940 32905 58
36294 49015 58
27028 29964 58
10936 42108 58
436 33585 58
27008 46611 58
10035 39863 58
24158 40244 58
32054 49404 58
2483 22720 58
27006 30212 58
6023 11101 58
736 2008 58
32145 42321 58
12242 37827 58
8210 38277 58
10531 36505 58
7285 40570 58
16554 29645 58
4847 6331 58
9015 36539 58
34926 47043 58
27708 27833 58
12443 42812 58
18910 49232 58
1653 23028 58
12832 19517 58
4798 6400 58
303 44741 58
27682 47998 58
29366 35340 58
3276 12015 58
16357 25632 58
38498 38780 58
13037 44396 58
25332 30390 58
7363 12048 58
38439 42929 58
18818 20508 58
16427 30041 58
16429 21051 58
3223 33583 58
11150 18064 58
5543 14731 58
12281 13893 58
27746 48431 58
5988 11777 58
36166 49784 58
3244 46586 58
25287 26044 58
40783 46845 58
12820 36637 58
9054 11781 58
15372 25892 58
22705 34690 58
5158 9356 58
5246 23762 58
548 1935 58
32963 38576 58
6496 30893 58
5012 25388 58
5162 32945 58
8643 16648 58
23281 43456 58
8768 39381 58
6715 13202 58
8778 34930 58
26673 34735 58
14370 23530 58
42173 47279 58
6727 27691 58
30441 42883 58
23255 40478 58
26636 29592 58
6481 29483 58
33502 47968 58
8 19440 58
14702 18183 58
20293 34066 58
48654 49661 58
28454 47228 58
4168 33066 58
33476 43758 58
2889 28989 58
17911 18097 58
37956 38624 58
17379 45167 58
6698 43485 58
11317 12105 58
6844 10539 58
597 40820 58
2215 16515 58
23106 25387 58
8589 32083 58
28605 43448 58
5143 17041 58
2965 34162 58
361 20964 58
10761 25687 58
18120 41236 58
26027 28636 58
8736 20677 58
6742 17659 58
20738 29847 58
10150 18296 58
48460 49863 59
423 14107 59
2019 12872 59
11508 43822 59
37530 42315 59
2104 7912 59
8617 47965 59
14583 21158 59
12387 30135 59
14115 41502 59
24030 41867 59
36626 49516 59
20695 41891 59
12788 48151 59
13637 36178 59
436 598 59
11221 13900 59
4892 41142 59
12022 34256 59
21004 21157 59
31157 36126 59
7880 34087 59
3668 45880 59
16522 38818 59
33343 44780 59
40528 43075 59
3192 47908 59
3761 28509 59
21128 31374 59
16543 19257 59
7293 37461 59
2890 19528 59
14394 42498 59
12382 34074 59
9363 35275 59
41920 44279 59
29973 33617 59
4425 7485 59
26189 33822 59
3712 6255 59
7172 47060 59
11085 12913 59
20527 29688 59
29115 43533 59
30278 45648 59
14161 17545 59
20359 24611 59
3993 31279 59
17472 47872 59
46899 48031 59
17458 46891 59
29132 44130 59
24867 28705 59
14333 42334 59
37500 40666 59
8196 37645 59
24688 25466 59
80 126 59
20699 46602 59
8628 41691 59
34475 44491 59
21084 22608 59
318 602 59
16615 37565 59
34491 46262 59
17452 42175 59
6071 23632 59
37478 37523 59
7245 14405 59
46202 48110 59
27195 32067 59
41 14176 59
14507 31838 59
792 15310 59
2274 31370 59
4550 32896 59
21835 28070 59
3487 10530 59
6637 29071 59
16187 25913 59
21841 43068 59
19577 27412 59
30518 46675 59
2566 15006 59
23027 49629 59
25178 33332 59
6649 13740 59
10459 13275 59
7897 38349 59
20446 40213 59
20445 36324 59
1255 5719 59
6648 15671 59
8016 26963 59
12034 49602 59
34994 37210 59
3571 42548 59
10984 27998 59
7486 18205 59
29440 35588 59
19074 30561 59
12071 45615 59
225 25278 59
9648 43079 59
9232 10059 59
39988 41499 59
27545 32691 59
4575 7155 59
29427 36164 59
6631 16577 59
15552 40325 59
33215 41582 59
40092 42757 59
268 3096 59
19482 45878 59
21749 46602 59
1517 48283 59
16119 32283 59
1616 46636 59
20484 47900 59
42920 43320 59
13065 34575 59
10254 36845 59
25339 45620 59
23071 49556 59
975 2651 59
34740 39821 59
44933 47675 59
11559 13109 59
4038 42877 59
9303 48558 59
3233 26888 59
21198 39788 59
4818 44392 59
469 3925 59
13738 19102 59
1220 6362 59
36266 37360 59
2288 10759 59
9573 32991 59
3644 28193 59
10256 15753 59
29710 30892 59
2893 6797 59
31200 44140 59
9838 29555 59
24624 30876 59
43078 49137 59
3584 16660 59
15440 20432 59
21906 29349 59
7893 29506 59
37659 42667 59
17903 42431 59
16277 40639 59
17706 35190 59
30375 39711 59
25200 36942 59
11341 36456 59
40140 46609 59
19634 45059 59
28511 34150 59
28511 29514 59
16370 45908 59
34833 34855 59
18870 33229 59
2080 14167 59
39170 45495 59
19695 33060 59
13391 17738 59
12447 21941 59
20427 29697 59
20600 21589 59
16362 41391 59
6331 15468 59
17012 43154 59
24773 49400 59
9432 12482 59
14702 15206 59
6284 30940 59
36817 40774 59
42248 45668 59
16918 33253 59
32727 37414 59
5014 38302 59
12194 43524 59
3944 25473 59
30237 32900 59
1183 28589 59
415 45133 59
26708 38589 59
4353 26383 59
8568 9493 59
7087 13573 59
6283 7780 59
14406 32055 59
6386 15407 59
36785 37982 59
12151 46298 59
10289 14533 59
23675 40929 59
44509 47273 59
3074 45603 59
23311 45205 59
14865 23732 59
12732 45971 59
14859 21074 59
32578 37007 59
20931 34521 59
13478 32254 59
3883 40784 59
7055 8250 59
28981 39076 59
14748 23694 59
9438 45978 59
14958 32866 59
21516 23270 59
39532 39594 59
16926 41530 59
37156 41191 59
16949 37706 59
48104 49933 59
18098 18390 59
9959 40585 59
854 39147 59
8483 13927 59
16939 18198 59
33425 34952 59
12005 28700 59
32727 49808 59
6573 31050 59
21544 38253 59
43410 43752 59
21540 28813 59
6263 42900 59
35535 49042 59
6169 7405 59
18313 25703 59
14662 20360 59
9714 45830 59
23520 39012 59
26774 36017 59
2361 19790 59
17807 27548 59
44133 48755 59
34215 38335 59
13193 38511 59
39680 47398 59
20002 38901 59
6182 13239 59
13199 45309 59
20279 23913 59
6182 33435 59
3797 5002 59
1885 5578 59
33859 39337 59
5386 29522 59
30113 44158 59
25717 39059 59
1354 42373 59
343 8406 59
7476 21633 60
11777 29154 60
23297 45525 60
16294 21425 60
6924 40948 60
29844 44599 60
16277 37747 60
3887 18219 60
15461 29761 60
24225 39179 60
72 9324 60
1882 42756 60
33557 42091 60
8794 15554 60
7419 31715 60
7401 29224 60
10019 40194 60
41953 48094 60
8057 20773 60
6284 32674 60
952 1762 60
32555 42653 60
33046 45768 60
13052 27714 60
31974 41094 60
5977 44718 60
9531 26828 60
2872 10354 60
11093 48628 60
10772 33116 60
3881 26092 60
6274 26434 60
13548 38181 60
28926 33862 60
8051 21724 60
11983 14463 60
19047 23365 60
17853 26546 60
28562 45321 60
12075 22039 60
13849 24114 60
12974 35865 60
9166 10450 60
6608 14215 60
5252 48212 60
9245 30449 60
31844 32048 60
42 38194 60
14285 33708 60
22807 40518 60
28840 37924 60
25973 28314 60
14756 37306 60
13496 42135 60
4726 25941 60
42923 46324 60
1978 8509 60
12986 19645 60
138 8821 60
19100 40053 60
8527 27740 60
16068 43552 60
7627 14588 60
4117 37392 60
44120 49547 60
33615 37486 60
7925 9298 60
38737 43582 60
31810 35466 60
40042 45005 60
27235 48868 60
644 5826 60
22831 31988 60
1530 7552 60
12539 13320 60
43368 48744 60
15826 31933 60
27674 42302 60
2662 40385 60
9524 12054 60
6326 26205 60
24381 41047 60
10620 11136 60
24350 29130 60
30177 41115 60
8470 13379 60
1494 33848 60
9950 14902 60
2061 33781 60
17831 37290 60
10983 36057 60
17205 19801 60
12859 32317 60
17302 46446 60
9248 30055 60
6635 31453 60
25963 33445 60
24979 41403 60
17881 33995 60
14825 14907 60
882 1004 60
11098 28285 60
5277 15841 60
3371 30534 60
24721 27047 60
36485 41852 60
4348 24380 60
7067 7917 60
34103 38746 60
5082 30587 60
16667 25764 60
3093 46799 60
5784 21575 60
18633 41036 60
15163 40484 60
4866 31288 60
22126 34744 60
9553 27145 60
36787 42093 60
5430 39423 60
5430 20064 60
49485 49945 60
1035 6762 60
19845 41783 60
6064 46377 60
23273 36055 60
5710 38516 60
1693 42309 60
14117 40250 60
38051 42245 60
2830 14288 60
22859 44719 60
11838 47230 60
1407 45228 60
2833 16663 60
22084 28134 60
13956 21512 60
26893 42202 60
1205 18518 60
1996 14038 60
12062 16149 60
33133 39561 60
22245 30086 60
35660 44660 60
11219 48745 60
3765 27769 60
21005 42274 60
38230 46415 60
8627 45442 60
26928 31824 60
34358 47122 60
10261 20464 60
8327 24415 60
37495 40688 60
14158 49224 60
17994 40371 60
3799 6678 60
29572 49920 60
13911 46210 60
15885 31992 60
8605 45076 60
30956 46025 60
11863 42323 60
12485 18984 60
7103 38600 60
38836 47404 60
11512 44174 60
4289 21279 60
40752 42088 60
15325 20874 60
10198 24176 60
27822 28000 60
2894 27503 60
15975 48839 60
24146 42377 60
17716 18936 60
6683 13088 60
2373 29861 60
8583 38955 60
7008 12162 60
2703 12473 60
11167 17452 60
17545 26177 60
7327 21406 60
7326 8356 60
6255 26754 60
4820 20639 60
26570 33922 60
20092 38048 60
19287 21840 60
18819 36646 60
14561 37799 60
12131 14478 60
1803 13230 60
22408 45028 60
3044 16655 60
15344 22028 60
1942 15005 60
8669 14816 60
2695 8481 60
987 45527 60
6263 21483 60
10032 11262 60
32940 43027 60
15853 36078 60
6673 17843 60
13298 23928 60
7346 46980 60
22932 43175 60
11173 11658 60
22729 32532 60
9621 35876 60
2383 3224 60
7705 45988 60
38398 44951 60
1010 30615 60
21524 23319 60
15257 41427 60
315 3279 60
17724 20855 60
13357 31729 60
33496 39628 60
11469 25677 60
28991 39953 60
10607 11875 60
13418 14852 60
21581 38632 60
11922 13144 60
31163 32152 60
16990 32904 60
2601 4274 60
19307 35798 61
7747 10034 61
22953 24282 61
41042 46213 61
9196 47017 61
19195 47570 61
7687 13327 61
11665 45161 61
9637 10879 61
13347 49920 61
15934 32597 61
473 12560 61
15915 18112 61
15995 31506 61
10467 15690 61
7714 45509 61
5834 47014 61
17720 25264 61
16807 24058 61
29060 39945 61
6176 12129 61
6750 32431 61
9414 19180 61
3780 33805 61
12204 20559 61
18537 24050 61
34251 38994 61
28390 45362 61
13591 26377 61
3968 30538 61
32397 47956 61
40487 48773 61
18621 39489 61
16683 30581 61
1032 18327 61
34446 44708 61
2452 21273 61
33410 34859 61
33409 42242 61
17457 43583 61
2439 12166 61
4241 42239 61
32592 37966 61
28333 41548 61
6924 49504 61
28918 47078 61
13204 45756 61
17282 47979 61
11976 19038 61
10793 25103 61
33673 45249 61
23336 44533 61
11958 16698 61
13459 24940 61
12126 13644 61
3840 10849 61
40232 45310 61
7026 48202 61
10603 15948 61
29006 47680 61
1322 13563 61
28371 37506 61
34074 40461 61
3824 10424 61
1128 5952 61
28945 39927 61
6453 12112 61
6986 34772 61
17038 48200 61
18335 21468 61
1380 10675 61
10646 35211 61
7002 23834 61
11751 29690 61
7500 25288 61
5915 44321 61
13819 30457 61
4542 43487 61
3557 11640 61
12303 26725 61
18911 44950 61
7425 26591 61
12033 46684 61
6652 23900 61
7479 16858 61
5936 8509 61
24353 35083 61
35186 38963 61
16050 38678 61
5841 19779 61
21838 23085 61
4548 48328 61
35079 48990 61
16161 16213 61
17606 41256 61
2535 45918 61
27598 47160 61
21807 43858 61
28553 38012 61
35137 42206 61
5882 30756 61
34576 36431 61
34577 39987 61
11817 38063 61
7305 24010 61
18755 27286 61
29227 48998 61
999 23830 61
34635 45142 61
32084 43486 61
43896 47620 61
29242 44981 61
6467 28038 61
1456 27491 61
6711 44855 61
17501 30487 61
32875 41542 61
16579 38382 61
6708 8517 61
24026 49573 61
9684 13884 61
43919 48518 61
16564 20542 61
32120 36472 61
43102 48164 61
967 11978 61
32949 37806 61
22769 39180 61
24251 37085 61
34847 39475 61
16355 39142 61
7410 38485 61
18889 48074 61
5974 34956 61
27728 32827 61
24127 37231 61
4480 15951 61
24138 38239 61
35237 43575 61
34741 44756 61
4152 5669 61
18823 25265 61
36667 39780 61
41728 49112 61
5545 31814 61
5389 40375 61
11404 33738 61
26756 34284 61
41915 47570 61
7900 39635 61
21012 32588 61
15652 33740 61
12672 27750 61
27142 30880 61
20759 34199 61
14001 26239 61
30488 45087 61
3260 44470 61
1808 18114 61
1831 3765 61
20290 31082 61
19966 49418 61
41426 47142 61
26189 37453 61
31524 38306 61
2925 37963 61
20843 39623 61
31049 41957 61
14839 33431 61
8848 33400 61
29992 32592 61
29708 44285 61
1942 16159 61
14278 17910 61
27063 48171 61
8100 18955 61
3128 5481 61
15120 19352 61
5201 40425 61
1663 40921 61
46356 47941 61
5018 46353 61
8385 41543 61
5594 21771 61
1617 3686 61
12727 18060 61
35960 48231 61
9077 37744 61
48150 48459 61
30077 44981 61
14999 30061 61
8597 18944 61
36855 47915 61
14032 45280 61
19593 41049 61
21319 27922 61
12870 21739 61
10246 14904 61
5227 38310 61
46157 49020 61
41668 41925 61
12595 21315 61
2899 23782 61
675 2423 61
12746 14191 61
4941 45833 61
25017 29282 61
27245 46324 61
4903 42457 61
12552 32670 61
12441 45711 61
8047 9211 61
11307 21124 61
20105 39565 61
12726 34387 61
27176 43140 61
2913 20364 61
11491 48183 61
12511 32026 61
37782 48050 61
15039 27739 61
30070 35430 61
12593 23199 61
30209 45496 61
10 40753 61
12614 17705 61
19393 21065 61
8214 11267 61
31571 43457 61
218 16225 61
19844 44728 61
19376 48120 61
10412 18732 61
46753 47041 61
30751 31895 61
25545 34073 61
8508 43754 61
3165 39187 61
21540 32725 61
9953 42736 61
31108 49845 61
25939 42438 61
30590 49929 61
41792 47925 61
4835 31290 61
2792 20955 61
5439 46261 61
24893 40124 61
10052 20689 61
2619 27208 61
5254 31894 61
10280 21217 61
37543 44161 61
5098 14542 61
29649 40751 61
15804 22684 61
8183 29931 61
11288 47299 61
42035 47115 61
26568 46929 61
10246 41005 62
24355 45931 62
25199 33390 62
37702 45753 62
16272 20162 62
4783 21824 62
3582 14196 62
12781 44388 62
27906 37570 62
13043 41766 62
20723 44958 62
2277 36066 62
26861 36724 62
41526 41747 62
23023 29566 62
16606 27713 62
6049 24334 62
4521 7718 62
23716 41929 62
8011 8381 62
27651 39223 62
18985 25633 62
24371 43385 62
18718 41126 62
3681 5753 62
791 21106 62
25753 44548 62
13448 48959 62
18713 34611 62
8361 26490 62
7040 26116 62
5909 17130 62
30593 38835 62
14591 32752 62
3294 21794 62
1794 13810 62
29177 43968 62
26331 32357 62
3279 36584 62
2912 42934 62
7254 8454 62
24051 49104 62
8728 29057 62
18731 46341 62
20971 27754 62
6470 25844 62
1243 13077 62
3285 7953 62
3984 7069 62
26245 31811 62
29373 33084 62
39799 41981 62
1285 8496 62
3570 3762 62
13133 46325 62
8839 40898 62
37528 39492 62
41610 48600 62
6488 44621 62
13686 44945 62
21027 29945 62
13077 33790 62
21067 46596 62
10570 35827 62
12235 40193 62
7319 22718 62
1309 8588 62
37628 38586 62
2446 12322 62
20424 24934 62
31030 31470 62
4862 26858 62
34718 43036 62
4486 33667 62
27815 33740 62
33373 39172 62
1211 11083 62
11795 35683 62
15356 16440 62
22002 40922 62
17484 28094 62
10329 48109 62
10736 17791 62
16725 36398 62
7348 8484 62
11788 37247 62
36231 43131 62
29913 42342 62
4893 16173 62
4153 10176 62
8621 41094 62
46849 49795 62
30969 31393 62
1647 12027 62
8051 40852 62
37686 49593 62
23730 48299 62
28066 41492 62
3587 13928 62
9064 12869 62
27144 42281 62
22712 46744 62
25674 48639 62
25280 35696 62
34642 47700 62
5991 6981 62
12581 13452 62
9056 10090 62
997 40514 62
11508 26167 62
7317 30169 62
29307 34514 62
37485 41748 62
37484 38350 62
32885 37193 62
15413 40920 62
11137 46342 62
25422 45803 62
26267 34399 62
32934 41099 62
16506 24986 62
28273 30741 62
5699 6558 62
39671 44089 62
19386 37373 62
31764 43680 62
17826 35787 62
37859 38496 62
18301 47568 62
17714 30815 62
16011 49239 62
3453 49079 62
8874 48804 62
881 32397 62
38111 48940 62
7651 36615 62
35853 42459 62
18325 30191 62
1813 4742 62
5314 40165 62
33679 36169 62
9183 10661 62
29455 40181 62
15610 28678 62
11366 30801 62
5840 15215 62
17757 34353 62
24995 32399 62
2258 8861 62
3909 36834 62
13550 49906 62
17823 42932 62
7835 20623 62
17188 46393 62
11685 35781 62
2782 4257 62
5119 17793 62
22475 43377 62
9487 32969 62
5288 38646 62
2786 12843 62
22495 36815 62
9729 36818 62
29537 35442 62
38856 48246 62
4704 7344 62
8474 28656 62
41046 44491 62
13 5539 62
21630 22389 62
19159 42669 62
23274 29252 62
28855 43187 62
11360 44831 62
30706 43603 62
6594 30577 62
42685 45007 62
20171 23017 62
10453 32807 62
37098 48384 62
23275 27493 62
2243 48574 62
5245 17862 62
4204 23353 62
24879 42529 62
9608 19666 62
5746 21828 62
24453 25587 62
14970 40875 62
21815 42026 62
5105 5538 62
7809 47704 62
28566 30471 62
28311 38228 62
29620 48231 62
6349 40760 62
13186 45698 62
4655 48923 62
4227 38960 62
12147 16907 62
35139 42105 62
37292 38372 62
14681 32686 62
5883 12452 62
4187 19703 62
2996 39634 62
11283 25965 62
11649 47768 62
13372 22696 62
8370 36244 62
29007 41697 62
16956 37435 62
5612 48477 62
8897 42429 62
38205 46554 62
916 35709 62
21821 46306 62
124 5774 62
23525 48964 62
11646 42819 62
1267 10665 62
2136 2981 62
17290 39954 62
2600 23976 62
20784 23579 62
14241 16580 62
1264 16107 62
41139 44446 62
9991 23220 62
5634 10111 62
24493 30092 62
6991 24643 62
12057 49038 62
17683 20012 62
21537 41879 62
45857 49445 62
39698 40674 62
15857 29894 62
32663 45435 62
23339 39236 63
26667 35341 63
39677 46329 63
8536 15378 63
11453 34640 63
37121 45681 63
3945 17091 63
9498 28358 63
17234 27399 63
36544 37843 63
8217 33303 63
23911 28807 63
12651 49596 63
9523 42154 63
12474 28434 63
23903 37433 63
14589 18788 63
9520 16607 63
16598 19271 63
2178 2425 63
319 25701 63
14821 26283 63
6349 13224 63
23403 30401 63
8491 37873 63
30747 40520 63
32678 38018 63
39741 46372 63
37155 42186 63
25986 26278 63
32218 34282 63
8203 16104 63
429 17717 63
8905 43923 63
28725 38278 63
3165 20247 63
39665 44049 63
3713 9856 63
14242 48974 63
36757 36765 63
34173 34789 63
11250 43165 63
4914 17540 63
23562 38038 63
32368 38909 63
20110 29569 63
12492 17446 63
17052 29818 63
14918 45504 63
17448 31819 63
3844 33292 63
3966 30855 63
22647 25184 63
23719 38052 63
7057 39613 63
16979 47293 63
14998 20152 63
22327 39166 63
44434 47951 63
23220 46514 63
25764 37388 63
41893 47781 63
1729 25058 63
4318 46996 63
9429 12518 63
26840 33355 63
3986 32747 63
22374 31440 63
39474 49155 63
2820 26175 63
7067 11283 63
1725 15986 63
18326 28587 63
9457 18636 63
27986 31177 63
18589 38006 63
34335 38963 63
22476 42337 63
9732 40377 63
1369 33035 63
6136 12429 63
1136 44371 63
12527 31544 63
4971 48128 63
659 46862 63
30001 37589 63
8249 37220 63
4011 7880 63
17152 42978 63
23430 30572 63
25926 43626 63
36560 44296 63
7133 28427 63
2980 6183 63
8279 27824 63
26885 44355 63
18067 45428 63
17073 39151 63
10825 33649 63
12124 31699 63
9408 40057 63
18523 33133 63
16771 22305 63
33393 37274 63
1866 3977 63
37345 44050 63
9479 12981 63
32559 43613 63
28000 42300 63
32288 35484 63
13254 13455 63
2419 11900 63
28212 37666 63
34859 38095 63
5970 14950 63
16332 17931 63
5986 41756 63
28674 44767 63
8697 33171 63
5812 47546 63
21221 47082 63
18930 22262 63
1289 4491 63
35258 36673 63
6648 25782 63
22951 33935 63
24547 36951 63
2258 8665 63
9646 30596 63
38620 43889 63
7426 12448 63
11692 21310 63
20451 32888 63
4787 26102 63
2490 7167 63
1476 1820 63
4620 23320 63
13063 28056 63
34769 43626 63
16441 17152 63
15726 25366 63
18815 20898 63
4501 9091 63
29297 48257 63
3243 29714 63
24953 29119 63
9205 19366 63
7377 9810 63
6661 43964 63
20649 37733 63
15383 25373 63
15563 31411 63
6515 8871 63
7511 34684 63
15570 28351 63
42582 46299 63
5078 9180 63
908 36844 63
7507 48438 63
10003 19791 63
24430 48915 63
16186 30982 63
25108 48526 63
19567 25531 63
14343 48213 63
2536 3217 63
2261 12290 63
12590 40286 63
20470 45975 63
11736 15428 63
11604 27200 63
14048 25990 63
5581 33864 63
4736 13053 63
1525 4362 63
10981 14030 63
17879 47829 63
5124 16022 63
25196 40223 63
8722 13139 63
21277 28959 63
15491 25878 63
30512 42625 63
8761 9031 63
8020 24429 63
3280 20558 63
42071 44969 63
5492 23686 63
24044 28468 63
2469 37502 63
21997 27140 63
1011 23682 63
15838 42170 63
15305 43291 63
8658 29473 63
29630 47744 63
30304 47044 63
10339 39009 63
35525 46347 63
156 8500 63
27003 40365 63
38764 40061 63
12374 23951 63
3190 5765 63
33080 36519 63
15876 23859 63
19758 30978 63
24761 30264 63
839 19924 63
28483 42008 63
26272 32237 63
9342 37718 63
22021 34917 63
31549 40269 63
1799 22406 63
17924 44365 63
31617 40596 63
36310 40851 63
2610 11526 63
30456 47935 63
13333 45928 63
31621 32909 63
5479 13423 63
46575 49661 63
6568 10669 63
9834 14025 63
7720 44821 63
2589 44134 63
18710 30194 63
27322 28436 63
14289 26884 64
30494 31778 64
4733 22123 64
7604 32600 64
3325 47565 64
895 39988 64
35887 40569 64
28762 34265 64
22882 49698 64
45727 48461 64
13485 44598 64
33197 38133 64
11725 21634 64
684 2284 64
30100 36948 64
7970 20698 64
10278 25459 64
9096 20618 64
2205 31516 64
18120 37013 64
12369 33194 64
13945 24505 64
22583 27930 64
29419 29437 64
26491 37550 64
24491 45861 64
13560 43008 64
7562 8563 64
3311 7903 64
7567 16123 64
2653 27159 64
24468 39901 64
11004 15362 64
2590 18509 64
20520 40539 64
8569 34965 64
22471 49696 64
15684 36501 64
22851 26855 64
5290 16476 64
18197 46996 64
17154 26138 64
7676 19433 64
20515 36119 64
35770 44137 64
8773 47351 64
27285 39605 64
6300 42344 64
23403 35022 64
4972 9396 64
9704 23288 64
40242 48274 64
17332 20180 64
4624 15610 64
41761 49226 64
9972 30746 64
28344 43637 64
29572 30069 64
44207 45534 64
3469 6889 64
3466 27267 64
12898 22440 64
24994 32176 64
29471 44789 64
28191 39215 64
20290 36165 64
20883 21858 64
4114 19642 64
14790 34189 64
6270 10937 64
571 13909 64
3958 17170 64
17317 24713 64
31787 40721 64
38074 44086 64
4233 31029 64
882 1016 64
16006 27211 64
11366 12035 64
7663 18115 64
3909 22155 64
20205 20650 64
2000 24060 64
28629 31346 64
14883 14961 64
10297 12318 64
33847 37462 64
11018 49732 64
32548 45730 64
24568 39452 64
3942 4433 64
23471 32323 64
18833 36608 64
13062 47693 64
6123 18868 64
18827 29248 64
22172 46663 64
3132 12526 64
23859 27775 64
5419 46048 64
25577 32420 64
2488 19266 64
13655 47269 64
26925 30204 64
12567 37107 64
5408 5859 64
4009 24526 64
21041 31348 64
21218 38214 64
20351 23222 64
2675 35523 64
7152 22227 64
16346 45372 64
2080 16861 64
16385 48240 64
30021 36340 64
44574 48102 64
23045 34317 64
258 31082 64
3761 8177 64
3760 30734 64
18563 42046 64
3607 4235 64
4502 28108 64
8667 45429 64
43085 49229 64
14341 28847 64
6461 16201 64
27012 46943 64
43558 48092 64
6049 17593 64
40688 46232 64
7296 42068 64
29923 40768 64
4457 5602 64
11390 47201 64
2933 27719 64
13114 33955 64
9352 30803 64
737 19543 64
40164 42617 64
3682 22201 64
25495 32322 64
7290 31262 64
19797 39376 64
42391 44975 64
14568 33812 64
10533 15493 64
31131 35165 64
16556 19929 64
9376 17279 64
36539 36555 64
43060 45595 64
12227 43573 64
6709 26384 64
22710 28346 64
11547 11774 64
3154 6142 64
6479 7512 64
15171 17645 64
3653 35604 64
12017 25212 64
22752 33441 64
34434 43045 64
7469 30251 64
35042 37520 64
44440 49588 64
2912 7088 64
15002 42866 64
29370 41745 64
5372 41010 64
19988 34590 64
2666 8685 64
32813 36141 64
45270 45566 64
4767 38366 64
14207 47298 64
13029 20593 64
38540 43288 64
5362 22475 64
41645 47605 64
11231 13321 64
12037 28267 64
16248 17215 64
4185 40602 64
33428 45267 64
1623 27005 64
14675 34362 64
17870 26642 64
7068 40964 64
38565 39644 64
3814 22873 64
18035 28066 64
1901 35423 64
7069 45940 64
798 6442 64
10311 15952 64
22781 26917 64
13152 19828 64
23722 24125 64
13168 37694 64
16223 48007 64
5954 13874 64
1646 4617 64
34112 45195 64
28104 33128 64
36107 40913 64
29008 32108 64
12493 33884 64
9077 39462 64
10191 35684 65
17566 33066 65
30711 48699 65
2854 43272 65
2316 32276 65
33095 49326 65
26573 37852 65
13417 38433 65
10634 45248 65
2992 18259 65
32789 40363 65
26634 39141 65
17943 18402 65
30668 46384 65
23106 23322 65
23259 39161 65
33491 38025 65
30543 44899 65
22931 36707 65
14626 47921 65
20338 20942 65
3949 15887 65
28747 29185 65
42111 48843 65
2327 27272 65
2847 5292 65
37483 42470 65
43588 46668 65
33390 39295 65
23273 44629 65
32720 49953 65
37621 41468 65
13286 34913 65
26120 46883 65
2977 49825 65
28635 34836 65
37625 45720 65
5081 39022 65
6719 41664 65
6742 39417 65
37853 48420 65
30459 44345 65
14552 38300 65
8123 18420 65
16470 16759 65
9312 31117 65
11815 49186 65
16511 19077 65
31165 31242 65
7319 28685 65
29240 39064 65
21162 31600 65
10045 18446 65
994 22464 65
7330 20584 65
24263 32732 65
24271 37532 65
39115 43749 65
19654 45013 65
973 3979 65
45010 46528 65
32030 39467 65
7392 14482 65
4800 7113 65
25257 33696 65
10556 24230 65
12231 13858 65
39329 48872 65
521 45863 65
8220 43730 65
15136 19804 65
5416 7785 65
25522 33639 65
18607 33043 65
29118 43001 65
10564 16371 65
25569 34247 65
15249 33671 65
3175 25309 65
3683 3693 65
21131 34669 65
11823 25700 65
15278 39576 65
7301 29925 65
10912 12431 65
1027 4455 65
4850 34937 65
32139 47418 65
36401 42096 65
27876 32488 65
13983 17911 65
2580 33943 65
19182 32255 65
3346 44952 65
35365 36481 65
7709 25588 65
4625 5312 65
9908 49733 65
31479 41265 65
31773 45199 65
11613 32479 65
24730 49624 65
1562 8244 65
10426 30023 65
1994 5632 65
12380 18940 65
35456 37618 65
11669 17825 65
834 35173 65
21604 48266 65
35642 38162 65
35636 43988 65
18988 24674 65
18994 49654 65
36008 43668 65
21309 46985 65
5574 23504 65
34938 38665 65
29349 31586 65
9271 44004 65
31924 47891 65
4774 9225 65
45189 48960 65
16234 42839 65
4771 19704 65
21860 22424 65
39050 41918 65
35932 39302 65
12417 28119 65
25060 48995 65
908 8867 65
15598 31510 65
21785 21871 65
9899 31019 65
3533 41214 65
15556 21722 65
11596 17612 65
12310 46373 65
3312 49892 65
19046 19682 65
13580 20837 65
32606 34181 65
14826 22628 65
20935 32519 65
23620 41109 65
9442 17643 65
20921 49154 65
1108 1289 65
4244 23953 65
399 7462 65
17186 21545 65
22513 23578 65
20018 35188 65
20203 35214 65
22537 24135 65
3015 11857 65
23649 48012 65
8500 41567 65
39590 48620 65
14253 48118 65
14913 22922 65
13551 36937 65
5298 38447 65
12710 13990 65
20155 36999 65
28950 30930 65
30846 40385 65
30177 42462 65
10617 28328 65
39420 49892 65
30045 43874 65
14291 22879 65
14181 45250 65
1353 42510 65
3108 47343 65
34216 34321 65
18518 26548 65
31019 46480 65
12542 15619 65
11869 16400 65
323 3551 65
19941 20597 65
32678 39363 65
11968 17310 65
3123 36941 65
20825 29073 65
2338 31532 65
1081 33209 65
36723 49364 65
30167 44026 66
5875 20647 66
4655 28487 66
43676 46423 66
12606 38509 66
42710 49036 66
9997 39016 66
20150 41034 66
5618 25268 66
20863 28068 66
5780 32222 66
30400 44102 66
21755 49134 66
32665 42052 66
19164 30859 66
1826 33061 66
20574 29482 66
21504 40337 66
6330 35869 66
18239 44518 66
20612 34436 66
5078 26840 66
10405 11073 66
9908 19519 66
40991 41026 66
21766 45610 66
33071 38168 66
22744 35258 66
18484 43736 66
10103 45466 66
30567 41788 66
4446 19356 66
10059 14971 66
18715 22001 66
18022 28395 66
4446 23504 66
10588 11514 66
22302 24597 66
29897 42678 66
22308 39267 66
10180 10543 66
43085 45479 66
20338 48252 66
40149 42471 66
21042 32761 66
29990 37848 66
22160 48535 66
4173 40291 66
5397 38629 66
1428 31945 66
30638 36746 66
2216 29805 66
6065 48167 66
5440 42749 66
6458 49927 66
12208 12357 66
41375 45475 66
12718 44932 66
10247 17907 66
12838 14023 66
21900 24515 66
21896 31925 66
41714 46836 66
20879 23106 66
4772 47485 66
40886 46676 66
1479 14754 66
41450 43998 66
17907 35507 66
10173 30522 66
29894 32565 66
20652 47883 66
2075 34726 66
2077 22984 66
12120 36226 66
18044 48120 66
20435 26651 66
20087 34284 66
4302 18016 66
11891 15578 66
2322 48467 66
14231 33636 66
24452 43558 66
7562 20655 66
25223 40078 66
14231 26504 66
27152 39174 66
1075 4066 66
37178 40054 66
16062 30957 66
7986 10565 66
39493 46804 66
28107 31514 66
26193 48443 66
44526 46669 66
44584 44820 66
36269 39208 66
36840 38008 66
39389 46407 66
34334 47230 66
38416 43041 66
2431 32523 66
26367 34183 66
39843 45591 66
461 2421 66
16138 47195 66
17429 47242 66
8622 20819 66
15365 40045 66
15388 23518 66
14781 41253 66
8928 36036 66
8434 19268 66
28169 33156 66
11931 40789 66
24869 31443 66
27404 30873 66
26311 40899 66
15687 44615 66
27298 38396 66
9496 42216 66
17031 17836 66
23440 31378 66
38140 42908 66
3397 36838 66
840 6058 66
6937 34586 66
11339 19197 66
15786 31766 66
15783 36395 66
38709 43632 66
7040 44438 66
24605 31277 66
7028 37394 66
25009 25424 66
14284 42659 66
14590 41334 66
24594 43427 66
11691 19474 66
7904 29245 66
26533 35296 66
23565 34096 66
9505 11252 66
35751 44968 66
15946 32524 66
15960 31172 66
38863 40021 66
26151 27292 66
39262 48708 66
10922 44752 66
2751 40641 66
7321 9085 66
7421 11639 66
25643 41643 66
16614 16834 66
17698 27616 66
1034 35294 66
990 6301 66
8205 8390 66
28537 49604 66
13741 47003 66
8263 39459 66
3676 44939 66
8609 26876 66
9339 40485 66
34549 47910 66
10906 45065 66
8150 37968 66
25570 27169 66
23995 45731 66
8279 39073 66
24189 31869 66
13707 33666 66
24196 36558 66
22891 39434 66
16726 19046 66
14672 49740 66
26881 48805 66
26111 34493 66
8286 11724 66
2250 17996 66
22961 41536 66
7481 9296 66
33299 45874 66
8 11287 66
13795 29162 66
3661 39071 66
21988 46296 67
27883 46017 67
13105 47251 67
28989 34220 67
28127 46441 67
2377 38281 67
16996 29049 67
2359 49873 67
8673 13845 67
5746 33293 67
11656 26771 67
34651 44827 67
22019 35035 67
35539 48546 67
6285 11782 67
6944 46198 67
3414 40945 67
1571 22108 67
315 10641 67
1115 38605 67
863 1196 67
7278 24656 67
3841 41277 67
1551 39189 67
9329 34974 67
29216 33486 67
27832 28301 67
35292 39399 67
17042 29892 67
14781 18177 67
25997 27496 67
20351 23652 67
10901 46560 67
12663 16983 67
38992 40235 67
9887 36132 67
10978 32501 67
5903 26069 67
9284 37955 67
13148 43034 67
16131 28389 67
23927 32498 67
30207 49485 67
10868 44303 67
2446 18760 67
23754 45106 67
24279 39416 67
26181 27724 67
37497 39567 67
34947 41605 67
7494 10291 67
18607 20750 67
21889 23627 67
13808 14181 67
8612 23369 67
11754 22534 67
38019 46579 67
29336 31296 67
16760 45900 67
10866 33778 67
13018 33105 67
16028 21364 67
12978 42468 67
3609 9594 67
10917 27630 67
42167 48221 67
27464 46471 67
37318 39287 67
29269 39461 67
2385 14715 67
39501 48312 67
23944 29264 67
16852 29595 67
3788 35482 67
23715 29262 67
2105 22660 67
26184 36278 67
13788 35346 67
20255 28279 67
4986 33709 67
3806 7357 67
3807 30551 67
6192 12553 67
18483 31169 67
11445 46389 67
15984 29644 67
32368 35510 67
23954 25122 67
12474 21096 67
27088 39107 67
5127 19335 67
10781 19174 67
379 783 67
28797 30523 67
36773 44190 67
6522 29590 67
21120 42834 67
33634 36134 67
22823 45445 67
12409 25828 67
10361 33130 67
10102 33273 67
4732 24278 67
20111 26616 67
14399 23704 67
12402 29027 67
4229 38265 67
244 9291 67
6740 48108 67
31217 38682 67
7933 30868 67
20106 47047 67
25547 48287 67
5341 21012 67
28512 32541 67
8370 28607 67
43959 49946 67
33280 33914 67
12790 25772 67
19836 21098 67
27007 43283 67
8181 45563 67
17883 19921 67
41680 43369 67
5116 18332 67
7983 42769 67
11468 33950 67
35991 47490 67
2864 29900 67
11589 45574 67
14471 30841 67
7842 37693 67
19748 45390 67
43570 44772 67
15317 38721 67
4788 23007 67
25689 47660 67
7831 14379 67
9641 32642 67
11948 16326 67
45907 47736 67
4246 16224 67
1842 42866 67
17738 38208 67
6700 12533 67
43705 47285 67
19353 36495 67
406 41420 67
2617 12023 67
28227 47616 67
25394 38000 67
29852 32106 67
29651 40890 67
11224 35783 67
19367 46145 67
14884 15844 67
2003 48697 67
41946 43894 67
9545 26258 67
31041 38105 67
14518 49918 67
5655 38789 67
35772 43953 67
33693 36081 67
19453 33121 67
24956 41507 67
11229 26601 67
6620 33509 67
5111 14470 67
21127 32114 67
37668 41432 67
36317 45262 67
28587 46010 67
254 36592 67
6683 40655 67
19451 44656 67
46501 46846 67
4816 5546 67
5487 41876 68
20245 33602 68
8154 41380 68
10341 34457 68
39099 47846 68
29996 46574 68
20774 36862 68
19932 27742 68
15128 38876 68
19891 39742 68
12476 27686 68
21062 48581 68
12476 46362 68
38279 49420 68
2090 5463 68
10273 47579 68
41623 45396 68
34626 46639 68
24084 41634 68
8298 8880 68
8575 17728 68
38067 46005 68
26898 41306 68
11178 18813 68
31112 48233 68
4850 17860 68
30078 35171 68
4512 48400 68
16333 28153 68
14138 29883 68
38350 40409 68
3169 17829 68
21093 41201 68
1930 31504 68
39161 48168 68
25507 41759 68
24238 47715 68
5443 17155 68
11041 27871 68
21654 29588 68
45633 47258 68
1978 29092 68
27442 34519 68
15957 48354 68
38823 39119 68
35738 44309 68
210 26970 68
24960 38135 68
4633 14348 68
26783 29942 68
15923 21910 68
10304 23494 68
5803 43123 68
9209 10893 68
16000 27436 68
879 12327 68
19186 46868 68
20110 44559 68
5798 26384 68
2003 3200 68
3420 6831 68
10413 42180 68
26759 47867 68
24842 32338 68
15775 43958 68
1574 35552 68
47580 48867 68
13920 24610 68
7729 12955 68
35530 43428 68
15866 35222 68
2598 7175 68
47319 49455 68
13002 33794 68
25257 37853 68
20227 26090 68
37213 49979 68
29428 49907 68
42954 48932 68
29375 40058 68
16017 37760 68
25098 32734 68
37171 46190 68
20917 36075 68
21751 37704 68
24487 25440 68
16106 26011 68
5878 20272 68
38966 46431 68
21269 24064 68
15459 18996 68
21781 29753 68
464 8147 68
24503 43419 68
21290 38900 68
24502 27292 68
27037 27074 68
12852 16190 68
4771 40222 68
1735 9763 68
11586 35979 68
29088 34647 68
2848 18379 68
6163 40984 68
28013 31559 68
10578 15102 68
20633 42270 68
8710 37008 68
23371 35748 68
28330 41501 68
6829 41007 68
418 29360 68
18115 45770 68
13264 34051 68
2124 15668 68
13659 32705 68
14654 18967 68
5125 10148 68
8763 42802 68
1045 6152 68
40179 46598 68
17991 29585 68
3994 33235 68
7199 38043 68
8766 22005 68
43913 45121 68
18624 48421 68
1213 3476 68
17419 36076 68
1318 9330 68
1313 29213 68
18011 41960 68
10655 13339 68
6341 10682 68
17446 31318 68
13651 32644 68
12117 49748 68
30318 34140 68
6958 25509 68
23600 33352 68
1846 31094 68
13576 15780 68
4274 26098 68
22446 47033 68
4267 29090 68
6988 27313 68
1797 46386 68
8840 16971 68
40376 47553 68
3903 34574 68
1151 41972 68
9432 15258 68
3818 25491 68
18173 27375 68
8647 9079 68
9771 34384 68
17127 20577 68
17172 26312 68
102 9440 68
14537 32703 68
329 6927 68
2887 5021 68
5016 31537 68
10730 27399 68
28546 29759 68
8807 40446 68
22795 23173 68
434 11183 68
5085 33591 68
6630 32818 68
37857 47871 68
32943 42740 68
9581 10390 68
23943 39085 68
22968 36508 68
32168 35752 68
7240 15423 68
22870 23891 68
32103 38582 68
17795 43285 68
16516 36228 68
155 29187 68
4075 18499 68
5107 14164 68
34565 41244 68
17716 23243 68
17731 34774 68
13122 22364 68
39852 40764 68
4686 14586 69
8113 49745 69
21509 42838 69
17975 19693 69
14538 17781 69
2876 36479 69
31603 35691 69
7817 43059 69
17712 21473 69
4153 42433 69
9486 29123 69
37669 43902 69
36522 39870 69
21457 21968 69
29713 32120 69
18201 32520 69
8230 41028 69
17501 20725 69
6708 27303 69
4812 13831 69
20673 25751 69
2872 41288 69
7761 22163 69
45658 47396 69
29581 43909 69
5054 33457 69
1115 39159 69
17539 19089 69
36684 46361 69
21605 40157 69
33918 44184 69
9939 37912 69
35584 37094 69
25693 41601 69
5740 44670 69
15120 36187 69
22446 33917 69
10038 42299 69
40371 43344 69
24760 28458 69
4155 5190 69
4018 18037 69
6704 11362 69
37614 43222 69
25170 37227 69
3961 32789 69
11129 30811 69
15244 23596 69
9055 34487 69
33469 42405 69
14490 44653 69
6655 15927 69
1632 43049 69
26987 39402 69
4800 19657 69
10017 25504 69
8167 49099 69
8949 33218 69
22673 31916 69
25747 45140 69
4844 20216 69
10649 16192 69
12842 30510 69
18156 32516 69
9005 23044 69
11368 17300 69
13998 20777 69
25726 31774 69
1975 26005 69
31090 44855 69
3919 47091 69
44165 45965 69
10687 28668 69
23404 48002 69
14431 42243 69
10793 47435 69
4858 7770 69
2183 16118 69
14517 27882 69
21093 38655 69
17315 39010 69
12595 27855 69
27210 37591 69
15289 17403 69
10393 42511 69
7940 15994 69
33314 43341 69
489 37160 69
23328 48398 69
9901 20879 69
11312 16572 69
28103 39370 69
14808 18945 69
16064 43970 69
37521 44795 69
3600 15200 69
4346 24444 69
7230 22344 69
6089 9662 69
9422 45871 69
7416 8830 69
958 19688 69
16596 43455 69
4496 14831 69
8561 11624 69
10463 35619 69
44444 46973 69
16917 22647 69
23655 28726 69
29094 47369 69
22223 34370 69
28052 28172 69
7482 29378 69
87 33191 69
24390 31383 69
20806 25056 69
10182 41319 69
1423 7259 69
7165 43191 69
7490 37052 69
24293 40801 69
31820 38367 69
27705 46484 69
34391 49737 69
22262 22654 69
1049 8078 69
11881 24367 69
12567 20571 69
13805 46315 69
45380 49384 69
34714 49410 69
34562 47522 69
24613 40266 69
13186 33124 69
18747 26391 69
13178 49979 69
13575 24488 69
9767 42397 69
7689 8964 69
8586 48394 69
24035 44164 69
35338 40342 69
1384 47325 69
7338 16164 69
555 44613 69
39510 43776 69
15911 44565 69
39251 43261 69
19194 48718 69
18735 31693 69
18783 43453 69
17016 44281 69
11297 39870 69
7679 37641 69
7468 23549 70
552 1982 70
36737 38574 70
40854 49047 70
8982 33240 70
34931 43172 70
38212 40593 70
17502 47760 70
21176 37951 70
13084 13915 70
1467 7334 70
41418 44857 70
3113 22133 70
15438 35628 70
3751 21703 70
11346 16158 70
11307 16071 70
2310 21850 70
34279 45194 70
2743 34749 70
2669 44896 70
2206 5102 70
8047 30946 70
27653 47256 70
259 2326 70
2221 3774 70
21216 26488 70
40863 47453 70
8086 13792 70
20998 37062 70
14070 23914 70
12115 36345 70
19966 47733 70
12073 39740 70
22791 46614 70
22961 24640 70
25572 39569 70
12090 15300 70
6493 47365 70
12469 29411 70
2749 17136 70
2098 4313 70
6519 31676 70
8781 32006 70
18823 20935 70
33015 40767 70
41634 49605 70
8208 36627 70
24214 46337 70
28568 29032 70
28643 43312 70
22740 44810 70
17945 44770 70
15126 41905 70
6473 28985 70
9028 11696 70
8146 18408 70
17737 19574 70
18622 33457 70
2875 35957 70
31194 45935 70
1831 13678 70
16546 47179 70
3650 5870 70
3189 33082 70
14454 15090 70
21936 24949 70
5415 21006 70
21149 25286 70
19993 45385 70
23074 49173 70
4032 39851 70
10741 34679 70
26709 32640 70
5042 5240 70
25962 45329 70
10407 22719 70
4708 26025 70
1841 25063 70
540 2168 70
9960 18638 70
40320 47502 70
23446 43782 70
22463 40408 70
2790 19252 70
27334 45038 70
10618 13406 70
30341 48572 70
32649 34041 70
35241 49513 70
7874 20308 70
14900 22026 70
12360 33571 70
15935 49034 70
37602 46708 70
13550 47131 70
18337 41052 70
12353 47521 70
2933 49547 70
11667 39829 70
18331 35161 70
25947 45744 70
22450 35333 70
15992 36599 70
9204 31120 70
18283 22360 70
27462 42032 70
19359 30845 70
9920 42910 70
2036 6874 70
2137 7143 70
1544 25279 70
22344 41821 70
27452 31587 70
2607 35369 70
10607 10771 70
12365 22212 70
9887 37444 70
12420 14759 70
18110 24400 70
801 12731 70
38583 39186 70
30873 40152 70
27234 38978 70
1193 41640 70
13846 25165 70
16119 33944 70
17376 26019 70
10381 48116 70
2197 47564 70
1068 28746 70
1337 24757 70
30507 38548 70
38168 43983 70
6376 36481 70
31860 44376 70
18098 49586 70
23294 37120 70
23364 44422 70
40971 41461 70
7604 16310 70
10788 33243 70
463 25814 70
15473 46886 70
18157 44414 70
29753 33158 70
12654 36556 70
3340 21424 70
41381 42367 70
13486 21474 70
14042 28148 70
20455 36184 70
5289 9023 71
8592 17484 71
14413 32696 71
2908 35042 71
5099 34492 71
11440 23246 71
10260 21504 71
5067 25833 71
8605 10191 71
10303 34921 71
8611 46699 71
30130 35102 71
26282 49422 71
2987 6530 71
8690 49068 71
25811 34645 71
8447 11313 71
14677 30837 71
42254 49924 71
25832 44123 71
37637 39793 71
10221 41653 71
3072 40036 71
12624 29458 71
26680 33874 71
22075 34105 71
2460 11371 71
18700 26200 71
3700 27386 71
6097 49487 71
24077 31900 71
2090 48295 71
16666 43852 71
22203 25175 71
10878 35841 71
1070 3247 71
6164 35424 71
18508 48716 71
39373 46524 71
4522 5084 71
45496 47502 71
13869 15646 71
9860 15349 71
19037 31710 71
35111 42099 71
16475 42815 71
18793 45938 71
3653 13030 71
13083 48993 71
21945 32414 71
5971 43131 71
16348 17582 71
16351 47626 71
24264 26408 71
34834 38442 71
18838 34000 71
1317 39313 71
10759 48679 71
6452 27728 71
33343 45816 71
33588 47441 71
17308 24815 71
134 33797 71
9699 40024 71
12074 27635 71
43788 44625 71
1278 11974 71
6566 36503 71
17571 45450 71
13397 36701 71
28680 31167 71
17624 28538 71
17628 48759 71
2269 49662 71
32503 48709 71
23552 38346 71
12174 25205 71
6981 21283 71
32358 32999 71
28075 36200 71
7098 12613 71
18464 43647 71
6208 47562 71
1102 3961 71
1363 2133 71
17192 49553 71
6884 14991 71
6338 12438 71
23385 24452 71
23379 44957 71
28299 28742 71
6843 20206 71
2355 14627 71
40358 49617 71
36708 37390 71
28237 46559 71
2167 25961 71
405 14362 71
11953 28763 71
21426 31385 71
45967 48451 71
15673 45296 71
21106 42403 71
5683 41910 71
15624 18488 71
29738 40507 71
24990 31978 71
45884 47958 71
26968 46932 71
2618 23189 71
5712 34901 71
837 48404 71
3157 24425 71
11531 22505 71
3365 9454 71
25507 31375 71
10065 32190 71
4800 15125 71
788 16337 71
25325 43809 71
15499 48794 71
21229 31181 71
3251 5478 71
2675 32111 71
25203 26672 71
12802 13096 71
15577 22735 71
29913 34036 71
10389 28113 71
11038 12165 71
24687 27618 71
24684 42241 71
15086 43193 71
7668 34012 71
2028 46991 71
19147 31868 71
1698 7056 71
9166 15667 71
13950 28264 71
19286 38380 71
19319 35720 71
9179 10092 71
2607 38432 71
19283 19545 71
24804 35201 71
9176 18288 71
26324 47777 72
47222 48514 72
28447 45767 72
11381 42279 72
30047 35961 72
28623 37200 72
27118 44040 72
44208 45467 72
20952 38915 72
25 57 72
10680 11030 72
10341 13646 72
3956 40116 72
11353 28154 72
37883 48888 72
11352 40613 72
10276 17849 72
10940 26861 72
2594 28563 72
20887 22834 72
23994 28067 72
1995 34573 72
20881 24457 72
11077 12833 72
25885 43292 72
2551 5313 72
4593 19945 72
4590 40326 72
4607 6602 72
11279 13823 72
2795 8681 72
2556 7734 72
3513 48172 72
4539 7125 72
3590 12652 72
24290 25799 72
29518 34870 72
24426 42816 72
23582 27975 72
25165 42843 72
4289 29036 72
4317 18726 72
12430 47367 72
21245 37079 72
21266 28550 72
22188 39271 72
23807 24917 72
3359 22833 72
20890 28017 72
11847 17277 72
3788 17439 72
27215 29432 72
20652 45565 72
3329 5716 72
25025 30886 72
13391 47530 72
9718 43792 72
6351 26542 72
34234 37296 72
5626 14488 72
12689 21125 72
7927 15401 72
7745 12286 72
33237 43711 72
1220 45624 72
13416 31905 72
9508 14736 72
9751 23479 72
34247 34880 72
19187 44369 72
18257 37748 72
37490 42878 72
13349 16773 72
6962 21300 72
7833 45137 72
39565 44610 72
19351 32091 72
36826 44561 72
16908 30149 72
848 45277 72
37555 38179 72
17136 43811 72
5646 13618 72
8307 20528 72
15064 20116 72
919 7915 72
8640 49126 72
13547 44382 72
33848 42850 72
20006 45555 72
8966 28737 72
14065 36324 72
636 1123 72
32354 41922 72
18628 23234 72
34464 46956 72
8533 14068 72
9020 24318 72
17470 34278 72
6766 21186 72
34519 47223 72
10213 41301 72
14296 19760 72
36335 38999 72
7253 11477 72
9521 45231 72
8774 23361 72
37317 47488 72
40661 45232 72
13108 40186 72
16723 44665 72
8729 40607 72
30619 48732 72
1054 3739 72
8879 34465 72
35388 48776 72
40645 48437 72
5195 8155 72
36233 36600 72
39254 39378 72
1039 29802 72
6855 46666 72
9816 35434 72
26809 36215 73
34623 43267 73
12890 29302 73
14965 16884 73
13331 48954 73
17806 26841 73
7664 13150 73
35288 38751 73
23259 46807 73
7809 48352 73
14979 26072 73
33067 42782 73
13350 35040 73
43923 45929 73
4019 39498 73
11040 47633 73
27439 49083 73
26762 46692 73
6670 18246 73
6673 23040 73
35377 38417 73
17698 41694 73
651 49986 73
17440 28853 73
15830 16603 73
4732 26864 73
6756 7885 73
3018 28977 73
15968 43097 73
8910 38041 73
23023 26413 73
15920 48537 73
14937 16131 73
5631 18857 73
26786 47839 73
35521 36990 73
13171 21298 73
40 26773 73
8020 23852 73
3280 25705 73
3259 23322 73
9020 29609 73
12286 19111 73
3162 43944 73
3141 14557 73
2148 13641 73
3157 31061 73
1439 39288 73
29124 44342 73
32095 49130 73
3197 28282 73
2127 33350 73
21940 41415 73
21992 44781 73
9787 34934 73
25264 49828 73
22739 27983 73
28722 30004 73
9669 42711 73
24961 31333 73
3095 30445 73
2637 42921 73
32985 37731 73
6515 24061 73
25759 28697 73
24848 37981 73
17926 26931 73
10673 45575 73
10679 29940 73
10415 48968 73
25603 48355 73
3318 26227 73
4227 29629 73
22502 22716 73
27226 29260 73
4196 17235 73
15648 23612 73
1550 46391 73
33060 44856 73
32716 44572 73
19944 35073 73
5341 14549 73
11885 18912 73
30228 49775 73
7598 33288 73
17046 28220 73
10197 49103 73
8817 46593 73
37448 47729 73
5422 9888 73
37598 46826 73
34932 41706 73
1704 8448 73
42356 46348 73
5069 49356 73
1130 14033 73
6945 12681 73
14678 38014 73
34257 49736 73
28028 31434 73
20031 21898 73
34263 45975 73
1905 37404 73
14704 30078 73
2538 47356 73
35137 42947 73
7181 16562 73
4891 11627 73
1710 28640 73
4922 39511 73
20987 42829 73
11776 46633 73
5356 23926 73
37246 46364 73
574 39574 73
23347 24305 73
20897 22733 73
41564 42869 73
44063 47847 73
19843 44074 73
2385 26626 73
4841 8927 73
16886 36840 73
20467 43922 73
10980 43688 73
14332 28274 73
7306 11342 73
31081 36448 73
23289 43113 73
11749 14311 73
7338 49017 73
34234 44265 74
2732 19036 74
2743 18026 74
18215 22962 74
20859 23833 74
20298 21775 74
18252 29635 74
31814 42590 74
16936 49082 74
30691 44068 74
11622 15954 74
9730 44929 74
5857 17294 74
11762 16017 74
13805 45966 74
32676 39986 74
5265 28089 74
22599 35050 74
9925 15360 74
7922 26122 74
8267 15691 74
14590 22543 74
4583 46965 74
22010 28731 74
2116 17221 74
12626 37441 74
18806 47145 74
36326 48957 74
8150 14066 74
16602 40203 74
27024 32509 74
5080 19863 74
40553 44442 74
9023 40059 74
1474 26559 74
13146 32264 74
6004 39979 74
7303 44635 74
22078 44522 74
13103 23041 74
10542 28493 74
36217 43466 74
37841 39548 74
26404 27257 74
11163 13755 74
2477 3884 74
13716 30585 74
34322 49024 74
21845 32857 74
9886 47020 74
8013 37353 74
2660 49580 74
12296 14248 74
41933 49919 74
1792 28987 74
22380 45505 74
41900 46664 74
3297 31067 74
34423 44787 74
5974 37273 74
6205 33862 74
13686 38512 74
26521 39808 74
6239 39283 74
38510 44589 74
34347 36440 74
22369 35855 74
18416 42580 74
12572 17692 74
12752 26751 74
15871 17371 74
2347 29464 74
14909 44182 74
6657 44244 74
26098 38738 74
10799 36043 74
25888 36270 74
1920 9743 74
23089 35164 74
10077 24152 74
4762 10777 74
19569 39450 74
17588 20947 74
19945 23853 74
13848 14885 74
17082 29244 74
10116 15358 74
7819 35493 74
9613 11757 74
40004 48320 74
1611 27550 74
1248 24455 74
42662 44608 74
1601 36482 74
17732 40024 74
36925 45184 74
5647 14506 74
6950 27750 74
4814 33137 74
7671 12043 74
29907 36141 74
38929 46972 74
8515 19681 74
12787 45269 74
11989 38714 74
1936 43230 74
3486 27492 74
14797 31791 74
4781 16170 74
6705 28300 74
10333 18940 74
1164 19177 74
3458 36270 74
10027 15439 74
39801 48173 74
27455 36070 74
35209 39331 74
26602 27376 74
20134 37370 74
17929 26561 74
8318 46550 74
32991 47599 74
31639 35603 74
13299 37141 74
6471 43512 74
8619 46967 74
27315 36262 74
24898 25533 74
28655 38289 74
27655 39856 74
2523 9906 74
24876 49568 74
28136 47427 74
6538 19091 74
3569 16649 74
28622 40420 74
27624 46004 74
13883 43047 75
9439 16177 75
25274 35203 75
2330 15083 75
15399 34115 75
17240 38254 75
3516 31237 75
10589 25720 75
9316 36436 75
39748 40640 75
6792 21268 75
6165 17079 75
17249 26461 75
7663 45689 75
16916 36151 75
16045 38002 75
34580 38452 75
6833 8898 75
18611 20336 75
46399 46893 75
4421 27895 75
3968 13671 75
38887 40027 75
23645 26516 75
25316 35645 75
16526 45763 75
38870 47284 75
13139 36355 75
33545 48663 75
3986 40170 75
18025 32647 75
35781 48347 75
2635 31034 75
12220 26958 75
32898 37088 75
4162 38290 75
17702 24580 75
33834 49928 75
38699 46101 75
16146 21100 75
2235 9705 75
2524 39759 75
35120 38667 75
6626 24252 75
27984 48174 75
18330 35066 75
13194 31564 75
38588 48705 75
44564 48957 75
2250 41969 75
2613 41192 75
1071 20355 75
9643 18285 75
16782 26868 75
7983 16269 75
28908 38860 75
1072 19946 75
24802 40005 75
6583 20447 75
25219 41477 75
944 14747 75
1398 21641 75
34401 47179 75
34144 40554 75
17227 35422 75
865 48504 75
28089 36766 75
11848 12562 75
13856 46640 75
14061 20636 75
17892 18584 75
14063 46652 75
16842 17559 75
6241 22487 75
12181 42376 75
23724 35175 75
3433 22963 75
3330 21954 75
15475 40012 75
40433 41819 75
22802 39924 75
24312 29842 75
7576 31098 75
18387 29177 75
12523 17260 75
12894 38527 75
5996 9614 75
36367 40209 75
12713 43912 75
8666 38451 75
14876 22191 75
25650 49056 75
8651 30350 75
31530 45914 75
5685 42142 75
19968 48430 75
14929 25927 75
1715 7269 75
183 1372 75
14697 25635 75
31023 48733 75
11290 37827 75
21022 46926 75
29784 39400 75
47962 47979 75
8400 43931 75
2724 46928 75
26168 46577 75
12858 13393 75
10108 21091 75
42969 49476 75
11420 16390 75
5361 29932 75
25955 45262 75
38233 40816 75
12582 39662 75
26380 36728 75
8755 19702 75
36301 43215 75
3101 45252 75
42019 47099 75
47602 49542 75
29172 47309 75
37836 42620 75
20314 43118 75
2922 2944 75
20317 37945 75
21660 33941 75
12375 31980 75
30293 38139 75
12645 41389 75
8234 47512 75
11453 13815 75
28475 29445 76
4778 33119 76
23124 39701 76
23070 37104 76
24701 27806 76
9194 22843 76
17479 47322 76
17483 18107 76
12014 34555 76
25892 32311 76
14878 35538 76
31280 32820 76
22808 33926 76
31563 44189 76
32989 43829 76
7845 26527 76
17861 36548 76
40165 42703 76
6486 35254 76
174 14500 76
5745 17684 76
42609 49041 76
12401 33438 76
27368 45948 76
11656 46570 76
672 6373 76
3405 8395 76
7820 15210 76
43665 48091 76
15766 19512 76
9984 26787 76
45777 49342 76
13350 37417 76
7131 10952 76
3778 29279 76
26550 45099 76
34263 36207 76
10879 41780 76
10876 39352 76
28111 39186 76
7076 17161 76
16905 21491 76
26581 40218 76
23644 23911 76
16835 29582 76
28074 35081 76
20236 48768 76
3789 49142 76
39458 44837 76
3580 42644 76
14441 32819 76
37828 41187 76
433 38067 76
9352 33345 76
24157 42441 76
1009 2598 76
3662 6389 76
16526 31144 76
5113 26035 76
14435 39654 76
30405 48387 76
27774 32584 76
7177 8148 76
7381 38400 76
13650 28784 76
3607 45272 76
11847 31772 76
20670 33283 76
5178 27172 76
6840 45350 76
16064 39946 76
37256 42263 76
3002 43587 76
21111 45313 76
17233 21558 76
5420 13493 76
38900 40423 76
21029 30207 76
9538 11510 76
17403 36836 76
12733 48825 76
7012 17342 76
45284 48134 76
30961 46268 76
406 24289 76
38969 47198 76
1140 2686 76
16098 47344 76
916 7309 76
28186 33979 76
6733 46699 76
24443 39978 76
1130 12972 76
26642 28112 76
29063 38245 76
3123 23460 76
22582 44281 76
25636 43628 76
18142 38251 76
15119 34180 76
25035 34385 76
6113 8118 76
2036 23751 76
4503 7341 76
38527 41755 76
18473 49393 76
3187 8651 76
11128 45805 76
731 1047 76
7975 37381 76
4241 5200 76
341 14857 76
36157 49597 76
28910 34130 76
10526 14265 76
27009 47082 76
2041 4653 76
524 17651 76
15595 33961 76
40993 43384 76
11119 44445 76
5879 38033 76
10479 46361 76
3142 5531 76
15290 26430 76
32630 47773 76
32198 34039 76
4431 20067 76
32433 35945 76
38477 46713 76
14125 41723 76
15462 45367 76
4347 23881 76
19210 48398 76
11579 12742 76
8038 40608 77
3777 34003 77
3982 44354 77
15982 37783 77
30709 41860 77
1192 12548 77
23248 42153 77
23236 24486 77
3584 48454 77
7432 40224 77
11385 25583 77
6984 10313 77
21993 46564 77
26154 47930 77
7145 42011 77
14664 29623 77
21228 39904 77
12833 36871 77
15550 43281 77
13554 30462 77
3848 42253 77
19633 28343 77
43367 48410 77
12440 20802 77
113 42647 77
16333 28366 77
24281 29584 77
9204 21936 77
25437 30693 77
33902 40775 77
27159 47235 77
1655 34671 77
15452 40496 77
12165 27240 77
19054 24260 77
20773 36801 77
3890 21659 77
13495 38437 77
2338 32821 77
239 20665 77
32392 48874 77
22384 34538 77
5307 48405 77
7605 33047 77
34027 42456 77
3909 41069 77
8169 9276 77
7574 46653 77
31036 31345 77
7456 8306 77
9750 13213 77
13547 47533 77
28922 40834 77
16025 46149 77
17347 27828 77
18504 39898 77
2077 47069 77
9223 32015 77
14293 47092 77
24544 46867 77
25496 31199 77
23929 25284 77
32952 40192 77
20411 23468 77
32954 41641 77
15922 49490 77
8286 22709 77
33101 38681 77
24778 47014 77
41036 48364 77
8752 33212 77
42077 44630 77
20397 23409 77
807 16856 77
10466 30234 77
12143 42111 77
24105 48902 77
17922 30721 77
6599 39538 77
5708 25282 77
1025 42750 77
697 49135 77
19401 20804 77
4693 34075 77
18065 48447 77
2741 47191 77
17851 36118 77
11841 35060 77
1439 38967 77
41054 49883 77
18047 23344 77
40057 43120 77
20630 27646 77
5605 39439 77
27755 42571 77
8925 9182 77
4756 6414 77
4047 22341 77
8929 17180 77
43908 47567 77
9789 11473 77
22190 30083 77
2293 45647 77
28478 32018 77
32073 35880 77
5209 15663 77
30409 36328 77
1612 15139 77
2601 8206 77
19527 28074 77
11549 40643 77
14935 48576 77
19279 44379 77
16478 43233 78
4942 46455 78
33997 34569 78
1412 26712 78
4933 33756 78
3679 34244 78
30877 47402 78
25332 32108 78
8794 26984 78
458 22812 78
17001 49868 78
20238 31624 78
29266 39447 78
4376 8924 78
20692 22060 78
2844 33304 78
2434 13002 78
9376 21808 78
34167 47188 78
26258 44994 78
16845 31405 78
13666 28906 78
7145 48224 78
20739 42680 78
14536 26808 78
229 14735 78
30607 43199 78
24223 42672 78
15400 17647 78
30756 32869 78
11867 12646 78
28121 39483 78
14459 22247 78
26588 48350 78
13103 16982 78
16619 34843 78
34491 36091 78
12197 29230 78
14392 29196 78
5059 44498 78
4988 19253 78
2484 39816 78
21675 39361 78
2197 37569 78
9565 39296 78
36537 42224 78
12840 39730 78
22512 28743 78
4035 45119 78
42715 47668 78
12433 20469 78
19598 20620 78
3014 37468 78
18056 47137 78
3476 9259 78
44003 48941 78
25737 39960 78
4267 8666 78
23226 49529 78
17404 19131 78
2628 25357 78
11213 17101 78
9198 40581 78
12821 35218 78
15968 32142 78
42467 45593 78
35622 40032 78
17683 43322 78
14169 45508 78
25041 41342 78
4210 42531 78
22906 24916 78
21442 35807 78
1342 33892 78
11655 19926 78
840 47048 78
47431 49744 78
4751 14798 78
25608 25850 78
15761 39224 78
9972 15938 78
3036 26604 78
24836 42002 78
15875 30187 78
22549 34030 78
32662 36789 78
10408 11548 78
32650 38886 78
5628 39185 78
11641 20601 78
6906 31498 78
5383 8176 78
19970 48350 78
9487 31452 78
1559 47536 78
15072 39601 78
23393 28561 78
3344 40689 78
37386 49317 78
23507 41172 78
30060 46970 78
35129 47786 78
48068 48351 78
38059 46898 78
22711 46317 78
634 29294 78
17332 39318 78
13200 34442 78
8288 41311 78
8536 35844 78
23316 29330 78
7635 19510 78
33530 40351 78
17922 29132 78
391 16188 78
7655 41539 78
5897 16436 78
3486 30053 78
23344 35863 78
15497 40871 78
5436 30471 78
44101 45683 78
19844 33282 78
34701 37808 79
15348 33315 79
8374 44104 79
3354 30842 79
3355 4022 79
14179 33958 79
47262 49277 79
26428 43768 79
8766 29265 79
16031 39822 79
37990 40733 79
15499 24692 79
26229 30025 79
2729 38120 79
2573 34777 79
16076 35642 79
11692 37691 79
36031 46240 79
37228 37722 79
15516 40310 79
15263 37093 79
7516 20724 79
27604 40060 79
2973 8974 79
48384 48440 79
14615 21702 79
3526 42333 79
11168 31406 79
11786 43228 79
7772 17365 79
36980 43442 79
7944 28935 79
24225 36988 79
13760 23696 79
24781 44136 79
27793 31735 79
3058 38418 79
34755 35956 79
3054 3879 79
25919 38130 79
11055 47596 79
2494 49411 79
27744 42820 79
26752 30924 79
21786 34951 79
21795 23951 79
6830 29965 79
43050 48345 79
44055 46592 79
33523 41531 79
39709 48913 79
5969 38645 79
5972 13015 79
5639 29593 79
41306 41815 79
19514 49982 79
12392 34704 79
5597 13484 79
7074 19566 79
23651 38464 79
21369 37815 79
19260 47811 79
5770 6315 79
31723 33527 79
9964 41292 79
5701 14083 79
19288 43051 79
41140 48176 79
2193 36956 79
10645 18132 79
4075 9936 79
6412 10212 79
13239 37557 79
12091 36792 79
2233 17909 79
6544 46244 79
6451 23092 79
6321 30696 79
28708 30773 79
2119 25564 79
40493 48029 79
18476 38146 79
28425 39925 79
22399 36802 79
18270 42966 79
1366 4880 79
28869 31959 79
6726 41751 79
6213 10796 79
7308 44299 79
17509 27368 79
10342 32142 79
41663 48109 79
30370 34268 79
5142 7284 79
1810 17257 79
12632 49101 79
21069 32543 79
23835 45103 79
23788 30341 79
23795 41289 79
20960 29384 79
4868 49472 79
4917 38573 79
209 2078 79
41995 49452 79
12703 45356 79
1824 40739 79
5516 37017 79
11814 32312 79
4981 28730 79
5322 13175 79
21178 47284 79
5579 24266 79
19718 42047 79
2463 47100 79
2873 49528 80
22404 34712 80
4360 19683 80
501 45757 80
6206 42656 80
40476 48575 80
18482 41570 80
6240 26248 80
27183 41837 80
10280 41067 80
6171 35678 80
15411 24351 80
22688 38954 80
30492 37189 80
15696 19397 80
9702 16984 80
3344 9258 80
820 20875 80
14458 37048 80
4184 23411 80
9694 16963 80
30367 35568 80
14448 39468 80
35685 45572 80
17874 48512 80
35684 44315 80
10687 21250 80
28660 30432 80
33030 44099 80
8787 22492 80
15765 49075 80
12085 27475 80
12154 22651 80
18217 26575 80
2182 4750 80
26304 42896 80
800 16787 80
3305 7711 80
26488 41656 80
6354 6819 80
20685 25530 80
42158 47816 80
810 41523 80
5477 16825 80
14789 27432 80
279 47146 80
21628 33264 80
4630 42184 80
36783 46439 80
19333 46008 80
21117 28691 80
634 13463 80
12955 49432 80
42392 44798 80
41322 42318 80
26717 48453 80
21301 41249 80
19555 25732 80
14 30085 80
5696 33058 80
9970 11114 80
36789 43181 80
12393 45282 80
686 31670 80
12816 22541 80
8147 8580 80
207 4016 80
18834 22268 80
2115 25074 80
15356 34184 80
2830 10645 80
20160 27060 80
4455 23917 80
36551 47973 80
720 11024 80
36527 43418 80
26941 42621 80
8587 47507 80
18920 39555 80
30927 33527 80
5404 11328 80
15212 15416 80
40861 48887 80
26646 39593 80
39379 39558 80
23877 36233 80
3751 17015 80
28159 48788 80
17021 39505 80
2490 6122 80
11852 26499 80
13674 39034 80
15820 22208 80
9310 29397 80
7353 18452 80
16890 18538 80
16408 32610 80
1126 6305 80
28411 37730 80
28168 38099 80
23752 46121 80
13386 29019 80
34227 44744 80
28033 37989 80
24233 48460 80
16748 36721 80
13643 34604 80
28497 44228 80
22996 48299 80
2578 34126 80
35215 37826 80
16066 27761 80
23119 23637 80
13735 24997 80
16239 26037 80
9639 30888 80
16930 38064 80
3490 37382 80
16440 25447 80
39504 46935 80
3943 29545 80
11922 43864 80
17743 46163 80
39047 42390 81
19456 36079 81
31548 38691 81
12376 32339 81
5693 25401 81
1109 40204 81
1572 34966 81
19306 24420 81
16186 42430 81
307 17780 81
44052 47762 81
18801 28428 81
1489 5831 81
8179 8942 81
21738 36646 81
9244 10084 81
7535 29069 81
11224 33317 81
38259 41510 81
38962 38986 81
20191 46933 81
23920 27915 81
26546 31768 81
8679 38727 81
3714 35711 81
4934 30294 81
20057 32158 81
30151 40552 81
3678 10397 81
20529 33090 81
9346 12890 81
24098 29776 81
30615 49611 81
8698 27136 81
30084 40079 81
14488 40755 81
2400 12522 81
14860 32210 81
14872 35457 81
21284 24772 81
23732 29179 81
26065 38454 81
39390 41283 81
1933 40349 81
10068 39595 81
5440 34593 81
18576 31009 81
23118 36037 81
9788 12894 81
13174 28022 81
23056 48517 81
27103 37959 81
40586 44193 81
40135 49357 81
4074 33087 81
13255 39241 81
9534 38805 81
33109 47354 81
43177 44892 81
2218 7700 81
17637 28374 81
24812 43333 81
2601 27050 81
6219 24595 81
4373 47006 81
15976 26906 81
12140 37209 81
29203 37422 81
3209 25163 81
24785 27410 81
1184 7589 81
4465 7122 81
38423 39079 81
22932 29527 81
4457 45514 81
11026 24106 81
22780 47732 81
6563 27304 81
1261 23114 81
9644 44556 81
17704 37048 81
846 24177 81
32892 43424 81
40360 41101 81
36031 46028 81
21261 40773 82
23753 31257 82
18221 18978 82
37694 38902 82
4801 23964 82
19705 25229 82
37729 38156 82
14020 14839 82
1225 19468 82
11269 15904 82
10359 16520 82
13798 17266 82
18053 33135 82
11856 25319 82
20833 21623 82
354 11068 82
2215 35337 82
26561 35159 82
23897 28776 82
20869 49086 82
34757 41320 82
10277 30554 82
19889 20525 82
45928 48538 82
14729 46538 82
10058 49048 82
18169 22556 82
22734 29271 82
26123 30537 82
17662 47800 82
1912 27026 82
24239 39701 82
5388 32200 82
5829 41404 82
15135 26380 82
21735 47679 82
18574 33158 82
16487 43279 82
17438 34286 82
22252 22468 82
19217 31675 82
48928 49023 82
3536 11706 82
18532 30950 82
4521 22905 82
9155 12101 82
17244 45557 82
29199 31484 82
6843 26862 82
16002 47151 82
7632 34693 82
29127 45819 82
13121 26812 82
26941 40440 82
33484 49423 82
2340 3481 82
2105 21324 82
13118 15379 82
3908 22072 82
32176 45958 82
14956 28580 82
18393 45436 82
2660 43060 82
9755 14296 82
8144 9839 82
25708 38119 82
6736 11700 82
15048 28385 82
8319 20434 82
21607 25450 82
6741 22885 82
25754 49707 82
26824 44131 82
9460 37979 82
9960 23144 82
1993 7281 82
2898 18307 82
18807 26267 82
9777 15095 82
22876 47698 82
2562 38340 82
20447 39062 82
27871 49187 83
33099 49703 83
37848 42080 83
28161 37524 83
2018 19507 83
42819 47681 83
27187 42341 83
2391 24105 83
1586 37534 83
497 3317 83
26992 38625 83
46434 48844 83
1161 42694 83
899 22483 83
33476 41596 83
33736 35211 83
2646 35546 83
27296 47563 83
353 23188 83
38013 42827 83
28758 29013 83
29828 45451 83
26682 36967 83
43360 47742 83
41495 47610 83
21648 36735 83
17471 18759 83
8241 34801 83
3605 36899 83
11738 20374 83
11742 33172 83
4609 14444 83
15022 23781 83
5213 41470 83
4677 38379 83
17595 31321 83
6646 10632 83
4695 6380 83
5934 35125 83
19977 42626 83
17275 39875 83
9797 10414 83
17297 44640 83
4565 15027 83
18861 26612 83
21917 32453 83
10615 26277 83
3629 37513 83
18217 20439 83
18218 23182 83
10705 45365 83
10710 30218 83
20947 43089 83
25508 33107 83
13630 33426 83
11693 33367 83
9624 20849 83
6424 35653 83
14841 41513 83
14908 34794 83
4058 33752 83
19605 47326 83
16312 47281 83
16338 43416 83
26180 29015 83
4090 42709 83
3362 20237 83
23676 44710 83
23681 29648 83
12408 38656 83
12360 15982 83
14147 42364 83
15855 36267 83
16202 22095 83
7150 40868 83
19836 39304 83
12937 48314 83
5889 21389 83
15471 18599 83
4295 43483 83
25193 41098 83
8087 47851 83
23999 31554 83
4317 7313 83
2993 39577 83
19896 38660 83
5492 13451 83
22618 32257 83
24810 29530 84
1624 26882 84
20376 22479 84
3455 28288 84
24687 43054 84
1771 46702 84
13815 36683 84
11917 24193 84
9343 37751 84
31387 49052 84
9219 10832 84
10066 23811 84
28756 34508 84
22790 42630 84
2122 26671 84
204 26703 84
233 20463 84
235 38959 84
22880 23495 84
9648 43125 84
1950 47754 84
13606 29635 84
20773 37769 84
30250 32389 84
143 37122 84
21485 37724 84
1982 32303 84
10629 39903 84
4582 40019 84
6381 7786 84
16630 42632 84
7975 45419 84
17985 42174 84
34262 45843 84
16799 23011 84
7309 10650 84
45517 46219 84
32304 48059 84
35784 47513 84
14763 19603 84
18376 40483 84
8538 18617 84
6287 46866 84
15616 43514 84
17178 17693 84
17143 20334 84
15394 46771 84
8359 29171 84
14934 49969 84
674 21123 84
36289 41386 84
6713 23348 84
31817 35409 84
15870 27093 84
15883 37479 84
7739 40252 84
1521 4246 84
14472 25821 84
18924 29379 84
18883 47990 84
585 18748 84
10980 20273 84
16274 16688 84
14346 19782 84
6074 13414 84
35631 43678 84
2837 48121 84
7892 32364 84
28515 31896 85
36219 38097 85
28523 48368 85
3872 30220 85
3830 12255 85
7691 25619 85
7312 45943 85
15291 19661 85
8149 28476 85
29118 36610 85
263 25337 85
216 25469 85
34904 43710 85
16652 28934 85
23147 37171 85
7171 15641 85
811 21514 85
34090 38842 85
12623 43755 85
7553 32527 85
4289 29543 85
16877 30879 85
1440 22762 85
18797 40049 85
6114 48308 85
8616 8805 85
9040 32055 85
31753 33244 85
5608 40747 85
19305 49794 85
5908 19831 85
1494 24870 85
5475 34250 85
4672 42492 85
8282 45903 85
17449 21996 85
6568 45439 85
9702 30610 85
21479 33699 85
17645 34410 85
4538 42935 85
29441 44493 85
13160 28377 85
1279 1546 85
20926 42115 85
32659 46038 85
21014 27809 85
32520 44877 85
14754 45204 85
18228 24890 85
8429 25951 85
6478 44173 85
6501 11200 85
13333 25014 85
29998 34073 85
29934 46940 85
17971 35250 85
11537 34323 85
10661 22679 85
24362 34124 85
3743 17816 85
26723 39972 85
3397 22594 85
11635 43004 85
2922 32426 85
26168 41589 85
11111 47181 85
45868 48250 85
25101 25214 85
26423 32122 85
28113 45694 85
3084 25068 85
25011 33216 85
27036 30763 85
10440 12067 85
11917 46801 85
24914 39445 85
27594 34084 85
11833 44023 85
11825 27676 85
24827 26883 85
43231 49313 86
3049 6047 86
3497 25520 86
21947 49254 86
8301 10039 86
3499 30501 86
27819 38080 86
418 48048 86
561 34512 86
12200 14392 86
29260 46929 86
29264 34706 86
534 36499 86
10054 29214 86
6988 47937 86
16872 49706 86
26658 36930 86
2584 13449 86
25108 34822 86
46648 49780 86
3042 9958 86
24031 26424 86
1556 11025 86
43623 47736 86
37298 42009 86
40213 42297 86
3173 10063 86
6329 35032 86
14794 18792 86
1943 45923 86
2708 9990 86
628 29287 86
9626 13736 86
4837 36764 86
18453 34108 86
21157 30405 86
5038 9072 86
43331 48619 86
8776 29170 86
17726 31160 86
26941 41974 86
2737 7571 86
27137 35276 86
38326 39850 86
23386 29764 86
4082 47219 86
38338 45098 86
26611 34785 86
42861 43134 86
919 30705 86
19551 43372 86
30729 31356 86
23826 42755 86
2245 2272 86
220 9982 86
15788 46720 86
163 49622 86
7899 25631 86
44483 46954 86
15938 16551 86
38631 41393 86
35295 49288 86
4159 13932 86
12407 19673 86
16759 41908 86
26451 30903 86
13920 23587 87
19716 42215 87
7394 44080 87
30258 42144 87
27039 45303 87
27546 34967 87
14652 20011 87
11402 32379 87
18491 30485 87
8662 40559 87
2691 46821 87
3105 6187 87
7732 14658 87
7665 14710 87
3273 36364 87
42146 48039 87
12548 37314 87
8359 30794 87
40571 45804 87
36850 46848 87
10441 49354 87
21196 24698 87
10652 46502 87
45561 49286 87
13490 14238 87
37151 44762 87
27692 40576 87
35517 45799 87
32369 34233 87
1369 16405 87
14882 26000 87
9720 16889 87
14679 32877 87
14593 45270 87
12889 41257 87
30537 34904 87
5257 5607 87
3700 25780 87
1613 25697 87
19280 40066 87
16680 36602 87
26 27174 87
1624 48712 87
39297 49220 87
41038 48815 87
9927 48590 87
4323 24448 87
36421 46681 87
22938 28181 87
27936 48049 87
10785 25723 87
15435 19544 87
10110 24080 87
14219 47741 87
8032 19537 87
36030 38840 87
22472 30333 87
16696 25378 87
8104 33734 87
25979 40469 87
17455 33981 87
13631 17902 87
513 43892 87
1010 42166 87
20652 30074 87
6647 40065 87
15677 35575 87
21926 36905 87
17574 31500 87
3089 25402 87
36677 41426 87
5577 6281 87
2084 7339 87
34511 36959 87
33597 48395 87
9255 13271 88
31447 36447 88
43922 46251 88
44951 46573 88
5267 41764 88
19910 44177 88
19575 32039 88
24902 26406 88
37992 45962 88
19986 20363 88
31139 47130 88
9100 21493 88
30155 44319 88
20764 29346 88
31822 47449 88
3520 18008 88
27424 29539 88
10762 13780 88
4371 36586 88
1159 10527 88
17238 40219 88
29313 46488 88
40725 43430 88
15098 34160 88
21900 46074 88
40710 44217 88
7 28289 88
716 739 88
4428 44267 88
36635 49781 88
12689 29285 88
36165 46134 88
16736 26114 88
34335 40600 88
1040 41104 88
4113 47923 88
34266 43275 88
15556 19264 88
3021 16195 88
1129 28391 88
42950 47952 88
7012 24332 88
11375 33234 88
27623 42664 88
8484 40517 88
28152 36243 88
14855 29924 88
13341 33684 88
12517 25374 88
32287 48481 88
10617 21519 88
928 7847 88
25379 40935 88
665 37511 88
15581 34605 89
1037 12915 89
16417 24511 89
34971 49930 89
16242 33668 89
9055 24497 89
5488 30467 89
31202 49608 89
7919 43192 89
34558 45691 89
34551 37552 89
11363 16791 89
852 37037 89
34620 48401 89
8410 30127 89
32344 44913 89
27040 38112 89
14689 40429 89
37568 40457 89
32695 46982 89
14516 18341 89
25538 38356 89
34001 46997 89
16969 24783 89
26746 47419 89
36347 43232 89
15303 36808 89
19116 26918 89
26819 41143 89
11534 44941 89
10768 33462 89
41347 47104 89
10252 42501 89
24470 38879 89
2405 20790 89
259 1312 89
21533 25670 89
5292 8702 89
21742 26338 89
13885 19239 89
11993 36265 89
3524 32310 89
20544 26062 89
2323 7254 89
12321 42303 89
4752 20722 89
5195 12532 89
29945 43185 89
24416 47887 89
39148 43065 89
27665 37946 89
24435 49085 89
29237 43590 89
20807 31354 89
10580 11149 89
22169 37157 89
4327 17546 89
40910 45240 89
41197 48873 89
1850 36002 89
37812 40176 90
34236 40022 90
39502 40105 90
6105 44290 90
394 405 90
4115 5532 90
22834 27149 90
26630 33690 90
34297 38341 90
11461 13277 90
1871 43966 90
16621 26873 90
3621 17722 90
21782 41024 90
24046 34155 90
6519 19741 90
22013 49332 90
17665 20967 90
17576 28696 90
1968 41551 90
6338 10784 90
21318 41397 90
16852 23819 90
9736 21857 90
21577 32361 90
32902 49820 90
4274 21456 90
17045 38082 90
47071 49319 90
1348 25685 90
18141 25233 90
6417 41552 90
10798 42123 90
31225 40732 90
20529 24041 90
11367 21311 90
39112 42496 90
11303 27022 90
19748 22552 90
14305 46232 90
19617 32628 90
16370 35400 90
13802 36563 90
5230 27861 90
26419 31400 90
42615 48939 90
2887 13581 90
31035 47436 90
183 46643 90
19889 30033 90
24639 45169 90
13244 22147 91
2005 16462 91
31442 40225 91
9237 11830 91
12247 32148 91
9733 13313 91
15935 27725 91
38560 48849 91
3843 38235 91
11578 18466 91
24075 30236 91
40763 44056 91
15926 35200 91
10580 30040 91
44302 46154 91
7652 38568 91
7696 43553 91
15127 38873 91
17447 45188 91
1636 32922 91
1144 23252 91
38387 42957 91
3300 3459 91
2298 42667 91
19149 38538 91
6085 28558 91
4123 19238 91
14316 39088 91
4876 42986 91
26244 40510 91
30335 40997 91
15593 28569 91
11428 42613 91
24534 34481 91
7978 35356 91
8809 24614 91
2945 23668 91
19067 44663 91
5169 9178 91
639 12243 91
15337 16261 91
15403 31580 91
13317 15817 91
16354 41949 91
5183 48045 91
43552 49315 91
12534 27361 91
5753 15494 91
26023 34599 91
11439 22619 92
840 44458 92
23619 47615 92
23287 46723 92
11230 15218 92
2280 40199 92
22898 31823 92
22576 26026 92
17126 47266 92
11530 43662 92
42202 42359 92
7504 25502 92
28441 34458 92
25868 46413 92
29024 48367 92
12950 21383 92
28450 32017 92
5183 49612 92
5146 26362 92
1955 15137 92
38341 47928 92
18051 38705 92
1336 2427 92
1852 48886 92
6032 20291 92
14512 25062 92
20754 44750 92
8856 10829 92
9348 34107 92
20525 48730 92
30037 40031 92
5856 47085 92
27050 34523 92
18539 20438 92
24863 44560 92
320 4570 92
475 4661 92
9141 13697 92
38781 40885 92
87 13479 92
14926 20248 92
4055 7739 93
1842 14845 93
20027 49842 93
13664 17078 93
38986 42881 93
10441 17296 93
19054 46599 93
1648 17122 93
5611 10955 93
23002 37784 93
12024 36898 93
7754 18918 93
14313 34823 93
3894 6228 93
30589 32089 93
10465 11458 93
7366 30453 93
39146 42698 93
452 47258 93
3852 18410 93
5112 44064 93
31776 31999 93
1636 12941 93
28045 32998 93
27482 31518 93
5779 33514 93
19620 28891 93
15695 40228 93
1362 4041 93
26871 30613 93
7000 9086 93
15310 46430 93
22302 23144 93
24349 35723 93
18164 19324 93
14722 34544 93
8226 13635 93
32497 44098 93
25929 28869 93
41243 47814 93
24272 30164 93
6958 32851 93
11264 15449 93
24482 38363 93
47354 47719 93
8595 23321 93
4833 46130 93
11027 21165 93
25713 49029 93
311 42817 93
2444 26736 93
14103 39026 94
12389 44898 94
9215 11397 94
15069 31429 94
11584 43505 94
11583 46442 94
8041 42021 94
8711 34495 94
12643 14036 94
11181 20758 94
22038 29888 94
1426 47262 94
21137 24434 94
1699 31231 94
28417 44697 94
22113 42506 94
18778 33932 94
18801 35370 94
20127 39316 94
17103 37418 94
24363 44738 94
6985 9429 94
1637 46421 94
24073 32996 94
7116 20728 94
24057 48468 94
4710 8608 94
31449 38811 94
7269 17754 94
19151 28363 94
20719 27321 94
6454 21725 94
20465 27747 94
26320 46011 94
16158 20931 94
5061 7144 94
16092 44246 94
1364 10293 94
4296 43100 94
23279 41585 94
2155 7169 94
3966 11890 94
5796 18921 94
31826 44181 94
15140 24822 95
29389 34188 95
37219 48445 95
19044 34198 95
5628 9401 95
6783 48407 95
36988 43468 95
32926 45318 95
4451 37248 95
12873 18537 95
8434 38455 95
8338 46949 95
36900 49683 95
1289 46910 95
29242 32835 95
17560 45447 95
21961 24719 95
4359 38057 95
15698 38694 95
11090 30603 95
34535 49510 95
20096 49368 95
4878 5697 95
27061 47562 95
381 14318 95
45696 46064 95
611 29882 95
5308 46168 95
15915 46031 95
16042 34159 95
26605 29950 95
35365 36392 95
13556 16920 95
30644 33997 95
9303 29113 95
7517 40614 95
10816 21994 95
8734 10194 95
21383 22050 95
9103 14194 95
6174 27685 95
13294 27730 95
7047 20793 95
6917 43985 95
24498 37004 95
5557 23422 95
8608 13976 95
9727 13272 95
7989 47730 95
5419 34091 95
22986 25863 95
16689 21601 95
16862 35675 95
25277 37765 95
4201 29405 96
12771 44357 96
13474 23506 96
21344 21870 96
9381 26477 96
20514 20524 96
39364 40532 96
13504 16147 96
40934 41923 96
9861 35509 96
12956 38957 96
5857 33051 96
41248 44749 96
9062 28605 96
3400 22518 96
17074 37147 96
34382 36590 96
17434 38898 96
6791 39688 96
17340 18687 96
17169 19589 96
8181 10910 96
6828 12973 96
7762 33268 96
2761 6810 96
48951 49264 96
11456 31341 96
7590 22199 96
11290 30107 96
15606 39994 96
7337 36895 96
34807 40642 96
28437 42852 96
23098 29011 96
22885 36962 96
14765 36423 96
23502 32027 96
23752 43400 96
3172 15796 97
13479 34725 97
26400 34799 97
4959 7954 97
26176 43210 97
2961 31124 97
5064 49195 97
11274 31105 97
2973 49327 97
23695 26145 97
29478 49242 97
12057 37179 97
42757 43706 97
42996 47722 97
9847 14390 97
157 21603 97
40739 47874 97
26437 48252 97
45285 48561 97
3272 40966 97
2596 16432 97
3455 31449 97
4741 8961 97
21347 44241 97
33904 45405 97
642 2073 97
19850 40826 97
16733 24748 97
16750 40146 97
5302 31228 97
8892 13499 97
33305 45502 97
19657 30579 97
1229 6917 97
17949 40650 97
19420 29290 97
5649 17769 97
14344 46534 97
20281 47911 97
31943 38547 97
15701 24892 97
20365 42933 97
1457 27382 97
834 27711 97
30459 35745 97
7895 16204 97
14992 20145 98
3773 49466 98
6538 49282 98
37376 44658 98
18459 36190 98
28627 47600 98
41893 42731 98
28501 32235 98
14525 43808 98
11681 37780 98
2748 42918 98
34738 37559 98
1060 37049 98
1037 41453 98
7201 29801 98
11456 27991 98
2920 37584 98
34844 44188 98
26723 48141 98
3021 4696 98
27586 45343 98
10572 35280 98
23925 32008 98
34043 48852 98
7035 15003 98
7077 24591 98
17090 32481 98
10812 41466 98
15324 30396 98
15314 36029 98
27446 42473 98
31637 39246 98
5755 34061 98
30823 49779 98
14325 23763 98
9735 11825 98
5638 46963 98
9788 23046 98
40117 40713 98
21283 29314 98
13068 29605 98
8955 22472 98
19436 40942 98
5121 28396 98
22262 41118 98
30398 32041 98
13782 33088 98
30535 31640 98
8841 31433 98
5898 48415 98
24126 39331 99
14120 37696 99
13201 23656 99
3558 38463 99
11707 14345 99
15566 32169 99
3170 42354 99
13855 27160 99
2987 41958 99
44199 45991 99
8725 26135 99
1448 18948 99
28758 33182 99
28981 33810 99
31648 49667 99
6209 46555 99
29080 48079 100
39735 46745 100
9215 11743 100
13843 34090 100
16497 30261 100
16592 27396 100
22144 49541 100
22153 29081 100
26586 42121 100
2963 39007 100
9367 39926 100
18728 22629 100
8835 22457 100
16347 40882 100
564 14654 100
2804 29369 100
29681 47053 100
6841 33817 100
21355 41014 100
3483 15526 100
734 19663 100
492 42780 100
24026 28777 100
17412 21246 100
12370 24056 100
29980 46086 100
42132 49959 100
15451 44742 100
1105 36612 100
5695 45728 100
753 45139 100
9854 37675 100
9607 11304 100

Total MST weight: 1458700

Execution Time: 48.551 ms
