Algorithm: Prim's MST

MST edges:
0 18026 8
0 11 13
11 37042 13
37042 18131 8
0 707 24
707 21594 8
21594 33417 9
33417 4665 1
33417 424 4
424 31167 4
424 26965 6
26965 30600 1
31167 42832 6
30600 28602 14
28602 34540 3
28602 1275 9
1275 41323 9
41323 39103 3
39103 38808 11
42832 9091 14
9091 34173 3
34173 25409 15
25409 35824 5
35824 2105 7
25409 14461 8
14461 2200 9
2200 1302 6
1302 32126 10
1302 31076 11
14461 37373 11
37373 5255 5
5255 10727 5
5255 6572 10
32126 33504 11
2105 1792 15
1792 18453 2
18453 10120 13
10120 1553 3
10120 37313 4
10120 17431 5
17431 7358 3
10120 44016 8
37313 25876 14
25876 21542 2
21542 28049 10
28049 29069 4
21542 39811 11
39811 11144 9
2200 41150 15
41150 13029 15
13029 434 5
434 7309 4
13029 9842 6
434 564 15
564 4884 2
564 10346 14
10346 31092 7
31092 943 15
943 41890 6
943 2245 13
424 35129 16
35129 35675 13
35129 49347 15
49347 31861 5
31861 48574 10
49347 3343 10
31861 12430 12
3343 15177 15
15177 16536 8
5255 24544 16
24544 223 4
223 613 9
613 15371 4
15371 37942 2
613 5569 7
5569 17385 7
15371 7871 9
7871 10237 3
7871 27456 3
7871 49541 3
49541 14479 2
14479 21472 2
49541 25721 2
25721 43648 2
14479 2596 3
49541 46288 7
2596 10969 8
49541 24667 8
17385 26901 10
26901 17309 8
17309 34969 1
17309 2593 2
17309 43986 2
43986 8025 2
2593 42751 11
21472 10488 11
26901 10436 11
10436 680 10
680 42375 2
680 7412 7
7412 44059 7
223 582 12
7871 10104 12
10104 14563 11
43986 37927 12
37927 2750 7
2750 12945 10
24667 2567 13
2567 37474 9
2567 23847 14
10436 43478 14
43478 30012 13
30012 6501 6
6501 7431 1
7431 31917 1
7431 7781 3
30012 19661 8
19661 23459 4
19661 45029 5
45029 2100 5
2100 7876 4
2100 27611 5
23459 46181 6
19661 32155 7
46181 2138 7
2138 6 8
6 16 1
7431 10935 9
10935 1374 3
46181 24968 9
24968 653 3
653 456 8
456 41477 3
456 374 5
41477 12415 5
12415 12965 1
12965 18296 2
374 34660 8
456 28062 8
28062 4946 2
4946 1328 1
4946 19696 1
28062 38539 3
4946 13191 5
1328 39240 6
39240 7395 4
19696 39539 6
39539 13522 7
7395 36783 9
374 129 10
31917 39935 10
39935 36943 1
32155 26582 10
26582 34391 8
39240 15290 10
15290 28530 1
28530 41922 6
456 10230 11
19661 16195 11
34391 28316 11
28316 33240 2
12415 5543 12
5543 27122 8
27122 29124 1
5543 6514 10
6514 31233 7
31233 748 3
748 41047 4
31233 49386 4
49386 8728 3
41047 12875 4
8728 3263 5
3263 4382 2
4382 9760 1
3263 29598 4
12875 29826 5
4382 49664 6
31233 45705 9
45705 1174 2
5543 34243 10
34243 4329 7
748 563 11
8728 9542 11
29124 2248 11
4329 33520 12
39539 21127 12
21127 18873 6
49386 4258 12
4258 21749 9
374 30913 13
30913 8150 12
8150 24435 12
1374 1868 13
5543 33814 13
27122 1418 13
1418 49054 10
49054 13570 10
13570 22377 4
22377 3386 12
3386 24675 2
24675 25208 6
25208 33603 2
33603 19752 10
19752 49396 8
3386 37093 13
13570 35519 13
36783 11020 13
11020 44308 6
11020 136 8
136 21231 1
21231 10226 9
10226 59 8
44308 36441 10
36441 2159 2
36441 21696 8
21696 44272 5
44272 48935 9
48935 42816 12
48935 29683 13
6 197 14
197 3257 7
3257 16222 3
3257 45629 8
45629 31612 5
31612 3818 7
3818 26252 11
26252 24019 1
24019 32986 3
32986 14603 3
16222 24937 11
26252 13620 12
13620 15663 5
13620 29676 10
29676 41269 7
3818 34001 13
14603 36431 13
36431 29623 6
36431 11536 11
11536 15692 4
15692 39201 7
39201 8835 3
8835 34374 5
39201 6663 6
6663 9635 6
39201 49748 8
8835 30812 9
49748 18420 9
18420 25494 3
25494 24479 3
24479 48062 3
25494 48100 9
49748 19893 9
9635 8174 11
8174 165 1
8174 48750 10
15692 36862 11
36862 47543 3
47543 6271 1
6271 16444 1
16444 40649 6
40649 46629 6
6271 22255 7
22255 13493 11
13493 36337 6
24479 49650 11
49650 22196 8
30812 43272 12
43272 25259 10
25259 41309 2
41309 48128 5
25259 17350 11
17350 43078 9
43078 15196 5
15196 7083 4
43078 20752 8
20752 44737 7
44737 49896 1
44737 12433 10
12433 19385 2
12433 41498 8
20752 23524 12
34374 1753 12
1753 34694 5
1753 1130 9
1130 13722 5
8835 6086 13
6086 35080 11
12433 29990 13
29990 8593 10
8593 21813 1
8593 18932 9
13493 18382 13
15692 29601 13
26252 38782 13
31612 42036 13
42036 42970 2
563 12510 14
12510 11379 4
11379 11260 10
12510 49553 11
49553 18355 3
49553 28215 6
18355 8391 7
8391 1897 3
1897 16926 3
16926 40496 2
40496 19307 1
8391 10832 4
19307 22077 4
1897 42339 5
1897 43740 5
8391 22359 5
22359 34218 3
43740 39076 5
39076 5949 2
1897 26029 6
26029 17727 6
17727 39432 7
28215 32979 8
34218 30951 8
22077 19403 9
19403 40854 3
19403 7326 9
7326 9854 3
7326 9607 5
9607 19394 2
9607 33695 3
7326 5366 6
5366 14759 6
14759 38206 5
7326 8288 7
5366 26692 9
26692 42768 2
7326 25532 9
25532 37588 6
37588 25216 5
49553 10996 9
9854 32277 10
18355 21976 10
18355 19408 11
19408 7140 6
7140 46801 8
18355 27708 11
7140 9666 12
9666 7497 8
7497 3666 2
7497 22540 9
22540 14592 6
7497 16074 12
26029 18536 12
34218 29789 12
29789 20662 8
20662 23334 9
23334 8139 5
29789 44231 10
20662 27606 11
5366 10403 13
10403 20542 9
20542 47707 3
18355 10680 13
10680 35479 8
35479 9852 2
20542 24625 13
24625 49585 9
22359 11645 13
42339 33798 13
33798 19158 1
33798 34455 12
49553 44240 13
1328 13388 14
13388 5286 1
13388 7012 1
5286 39588 13
2100 31460 14
31460 41743 8
41743 26904 2
26904 43376 13
43376 25837 7
25837 40463 3
25837 7774 7
7774 5213 4
5213 24673 2
25837 26459 9
26459 42459 5
26459 8665 10
8665 44317 6
5949 20253 14
20253 111 5
111 749 8
749 38580 2
38580 31833 5
31833 42400 2
42400 30654 7
30654 21669 7
21669 44346 5
111 14438 10
111 79 11
79 532 3
79 24925 4
24925 5739 5
79 20911 9
20911 22845 8
22845 41239 7
41239 31733 7
31733 45829 1
31733 22806 9
22806 16187 5
22806 35012 7
22806 24390 8
31733 28908 9
45829 32990 10
32990 36446 11
30654 1238 12
1238 10022 6
1238 20364 11
1238 314 12
314 35041 9
35041 44585 12
44585 17424 11
17424 27762 3
17424 16306 5
16306 32240 3
17424 24974 8
24974 27148 8
27148 28783 3
28783 9529 6
9529 5967 4
9529 42684 6
9529 42531 8
5967 31168 9
27762 40560 9
40560 25428 8
24974 15912 10
15912 3820 2
15912 5318 4
5318 18797 2
5318 34142 2
27148 21323 10
21323 9651 4
21323 46032 4
42684 43138 10
43138 19991 3
19991 43651 10
9651 14747 11
16306 12335 11
12335 43180 2
12335 17004 6
16306 41995 11
41995 34530 4
31168 44912 11
44912 44044 1
44044 9486 11
15912 16874 12
44044 6878 12
14438 3877 13
3877 5344 11
5344 9491 8
9491 30433 2
30433 11216 7
30433 37877 8
37877 20965 9
20965 9856 3
20965 29434 9
29434 3302 4
11216 22543 13
32990 42796 13
42796 2032 2
2032 4000 1
4000 27221 3
2032 10640 4
2032 35030 4
35030 36894 6
2032 4016 7
2032 14944 9
14944 29111 3
14944 41012 7
14944 33569 8
33569 23099 7
23099 39601 5
23099 32794 6
35030 28818 9
14944 26951 11
26951 15918 11
15918 37513 6
15918 28994 9
28994 47732 5
36894 8684 11
28994 11461 12
28994 22084 12
22084 16898 5
16898 24585 5
22084 7397 11
7397 49470 1
49470 9243 1
7397 28785 5
28785 2220 3
49470 10429 6
9243 44330 8
44330 1955 2
1955 2188 4
2188 249 2
1955 10143 5
44330 10966 5
44330 35540 8
2188 3138 9
3138 6523 2
7397 581 9
581 5283 7
2220 9005 11
9005 6481 1
9005 30847 2
9005 2130 7
2130 11253 1
6481 4971 10
4971 34638 11
34638 29128 9
34638 993 10
993 49374 2
993 24908 11
4971 43283 11
43283 43585 7
43585 44901 6
43585 16437 8
16437 28187 7
28187 5679 7
5679 25651 10
43283 49255 10
1955 48758 12
48758 18903 3
18903 23119 2
48758 3469 5
3469 44225 9
44225 5185 5
23119 19282 9
19282 4267 1
4267 3284 8
3284 8829 7
3284 41280 9
8829 15282 11
15282 32761 1
15282 39613 2
32761 43251 4
32761 28321 8
28321 32666 3
32666 36299 2
28321 49393 7
36299 14304 10
14304 313 1
313 40599 8
40599 43719 2
40599 41120 6
39613 5764 10
5764 43275 2
43275 17963 2
17963 21141 3
21141 4557 8
43719 30893 10
30893 12211 1
12211 38621 2
38621 31720 3
31720 36750 4
49393 8662 10
313 23002 11
12211 3693 11
3284 44196 12
5185 5373 12
24585 11976 12
11976 25603 4
25603 6646 4
25603 41568 5
41568 25051 8
25051 12235 1
25051 17829 3
17829 26157 2
26157 33096 2
33096 12527 4
25051 29833 5
12235 10651 8
10651 21340 7
6646 9464 9
17829 21736 9
21736 1046 6
1046 39273 5
1046 49982 10
25603 38986 10
38986 16761 8
10651 16378 12
17829 44696 12
44696 41859 6
44696 38930 7
38930 6091 9
28187 28304 12
28785 2697 12
2697 34711 9
34711 30312 5
2697 5863 10
5863 49791 4
30312 1025 11
1025 22172 11
1025 24129 11
24129 30801 1
30801 7674 12
43283 25753 12
25753 40907 7
25753 38895 8
40907 3894 8
49374 35384 12
35384 20764 11
2188 36567 13
36567 41123 1
36567 27041 10
27041 27603 11
4971 46533 13
5764 33367 13
33367 45330 8
45330 49047 3
6091 12789 13
12789 6474 2
6474 3315 3
12789 11933 8
6481 1082 13
1082 14748 13
25051 2998 13
2998 47983 2
2998 5751 6
5751 13698 1
5751 48235 1
13698 28932 1
5751 23559 3
48235 19091 4
5751 30763 5
47983 20009 8
20009 29130 2
29130 7076 2
7076 905 7
23559 1089 9
28932 5161 9
5161 3226 5
5161 1600 6
1600 24178 2
24178 12831 7
1600 19472 9
5161 7988 9
7988 45735 3
45735 12443 2
45735 46443 9
12443 6762 10
6762 34249 7
34249 40350 3
34249 18654 9
19472 3383 10
6762 8412 11
7076 1513 11
1513 42050 2
1513 3520 4
1513 14902 10
3520 2172 11
2172 5019 3
5019 34740 2
5019 47957 9
47957 24560 7
3520 38250 11
19091 39589 11
39589 18304 1
39589 10467 3
10467 43594 5
43594 40959 7
40959 34421 6
34421 9398 4
9398 12398 8
12398 46482 2
46482 29646 8
12398 30443 9
23559 22813 11
22813 11191 3
22813 15703 3
15703 18375 3
18375 42093 7
18375 48397 10
48397 42887 9
42887 4227 10
29646 17170 11
17170 6714 1
17170 22750 7
22750 2552 6
2552 40366 5
40366 27495 3
40366 11886 4
11886 44326 3
40366 48396 5
48396 45388 3
48396 33616 8
44326 9013 10
9013 3697 8
47957 32172 11
1089 34971 12
34971 6561 3
6561 14752 2
6561 25302 4
25302 40416 10
40416 12723 4
12723 5236 1
40416 38441 9
5019 20749 12
20749 45647 1
45647 47564 4
20749 13676 6
20749 3648 11
5751 33556 12
33556 9303 7
9303 21005 1
21005 9986 7
9303 22799 8
21005 21124 9
21124 35847 3
35847 16038 3
16038 8180 6
21124 43273 6
21005 45635 9
21124 5029 9
8180 69 10
9986 27750 11
27750 11977 4
11977 22700 8
22700 46483 7
12723 1928 12
1928 49804 5
49804 38107 8
38107 38396 3
38107 35466 5
35466 30407 3
30407 28230 1
30407 44653 1
28230 11255 5
44653 6880 5
6880 4405 1
4405 5197 5
6880 1367 9
1367 7920 7
7920 36153 4
36153 6450 8
6450 28391 10
28391 26359 2
26359 19931 3
19931 10667 2
10667 43222 6
6880 13459 10
13459 7481 5
7481 34991 6
34991 1433 2
34991 42096 2
42096 20531 1
34991 22619 6
22619 37721 3
1433 2037 7
2037 3559 4
3559 18785 1
20531 4488 8
18785 22941 10
30407 15523 10
15523 28236 1
15523 6412 6
30407 28903 10
30407 32349 10
32349 26581 9
26581 4673 2
4673 47004 1
4673 30832 8
26581 14784 9
14784 14856 1
14856 45850 2
42096 43055 10
47004 17182 10
6450 11044 11
11044 39546 1
11044 26444 2
11044 18757 6
39546 13020 8
26444 23803 9
23803 33131 7
33131 35313 5
35313 8515 6
8515 34314 3
26444 28582 10
35313 44068 10
6450 12194 11
12194 49842 6
11255 10531 11
10531 33003 2
33003 11326 5
11326 8215 5
8215 10328 3
11326 8402 8
8402 32867 7
30407 34857 11
34857 46552 8
46552 40157 2
40157 9256 5
46552 34015 6
34857 5137 10
5137 4599 6
4599 21589 5
4599 8574 10
5137 20514 10
21589 5570 10
5570 39489 9
21589 32792 10
32792 36992 8
36992 27236 3
4599 14962 11
14962 3506 8
3506 37448 3
35466 29755 11
44068 27407 11
27407 46962 11
46962 12143 4
12143 46749 5
46749 12331 9
4673 6767 12
6767 23686 1
6767 17555 3
17555 21380 1
21380 28996 11
28996 22959 8
22959 362 9
362 3840 7
28996 12230 9
5197 3288 12
6412 29099 12
12194 17982 12
17982 29105 7
17982 27363 10
27363 36654 5
29105 216 10
29105 16491 10
16491 46183 7
16491 49074 9
49074 13131 6
13131 6747 6
27363 36320 11
49074 2358 11
2358 3195 2
2358 47915 6
3195 43064 12
43064 39074 3
43064 30110 4
39074 28283 5
43064 29505 9
43064 26972 11
26972 12615 5
30832 24040 12
24040 45150 4
45150 7795 4
24040 15857 10
15857 8783 2
15857 32032 8
15857 43929 8
45150 42421 10
32032 49508 11
32867 4681 12
34971 43600 12
43600 23760 9
23760 46238 12
38250 16857 12
16857 23067 9
23067 33447 9
33447 36799 9
36799 37356 1
49804 33379 12
6561 20215 13
20215 6685 5
6685 4154 7
4154 7476 5
7476 29163 6
6685 35833 11
35833 32934 5
7476 17377 12
32934 29734 12
7481 16460 13
16460 16123 4
16460 30418 9
30418 27592 2
27592 16706 2
30418 10584 6
10584 10125 2
10125 40065 3
10125 881 8
881 1309 2
1309 42522 1
881 44956 8
10125 46960 9
46960 38672 8
38672 31540 9
31540 11121 2
11121 36465 4
16706 4239 11
4239 31864 4
31864 33325 4
30418 19117 11
42522 20386 12
20386 4736 8
4736 3490 11
3490 6830 5
1309 1833 13
1309 36054 13
10531 46144 13
11977 7333 13
7333 20653 8
20653 38060 7
38060 11510 4
7333 44808 9
44808 44914 3
44914 35128 9
12230 17207 13
17207 7761 3
7761 5055 3
5055 12085 3
17207 12661 6
5055 4831 8
12085 8028 8
8028 46761 3
4831 32210 12
17207 16610 12
19931 9076 13
9076 6439 1
6439 3210 3
3210 4022 6
4022 39831 1
39831 2493 2
2493 40828 12
40828 29462 11
29462 4761 7
4761 31903 3
4761 10055 5
6439 4381 12
4381 23162 3
4381 24610 3
4381 26659 4
24610 3358 5
3358 24986 2
23162 62 6
62 477 3
62 21945 9
21945 23949 6
23949 34673 9
34673 4934 6
4934 13610 5
34673 40626 6
34673 1986 8
1986 45706 9
13610 15542 10
15542 26160 2
24986 19364 10
26659 23700 10
26659 33174 10
33174 10376 1
10376 25305 1
25305 41599 3
10376 5225 4
45706 1109 11
25305 32684 12
3210 2311 13
2311 33816 5
3210 23484 13
23484 3114 6
3114 24644 5
24644 39524 1
39524 30358 6
30358 22590 4
30358 29555 8
3114 39778 12
13610 6341 13
6341 27518 12
27518 46434 9
46434 6582 4
6341 5817 13
5817 29907 11
23067 42202 13
42202 20156 3
20156 7258 4
7258 5718 4
5718 24454 3
24454 21755 5
21755 38907 2
42202 43928 6
43928 49751 6
7258 14769 10
14769 42755 2
14769 25263 3
25263 39185 1
25263 35119 10
20156 30992 11
14769 14630 13
14630 32805 3
32805 22631 7
22631 48792 4
29833 21406 13
30312 15633 13
15633 46060 4
46060 15903 5
15903 20037 3
46060 9442 7
9442 4725 2
4725 9120 2
9120 22264 1
22264 34953 4
15633 5535 8
5535 45434 5
45434 19804 1
19804 17082 2
17082 10448 2
45434 4511 2
10448 12046 7
12046 19409 7
19409 31286 1
4725 9188 10
9188 34101 3
9188 47507 7
34101 4543 8
9188 15327 9
47507 26993 9
26993 46741 5
46741 10490 5
10490 4720 5
46741 7614 6
10490 32493 9
15903 45478 10
4543 2080 11
2080 26196 7
17082 24594 11
5535 48853 12
48853 34340 1
48853 36341 11
48853 38705 11
38705 2112 7
2112 3294 2
3294 48850 1
2112 21519 4
21519 10248 2
48850 37292 4
3294 35467 9
2112 32558 10
21519 37393 10
37393 31412 10
31412 46842 3
46842 16930 3
31412 41159 5
41159 42432 2
41159 42725 6
42432 40198 8
40198 15233 1
40198 15770 2
41159 3690 9
3690 22139 7
22139 18371 1
18371 33347 8
33347 38056 1
15233 8419 10
15770 42645 10
16930 13178 10
18371 3242 10
38056 25101 10
25101 27177 10
8419 8184 11
25101 36259 11
36259 46516 4
46516 1230 4
1230 15717 1
15717 29995 1
1230 2980 4
46516 17882 4
29995 37856 5
36259 5488 5
5488 25422 1
25422 37515 7
5488 33674 8
15717 1253 8
1253 34725 3
34725 4383 4
34725 15412 5
1253 16193 6
16193 43805 8
4383 42315 10
5488 7098 10
2980 28181 11
28181 40539 4
40539 15537 3
15537 15854 9
15537 10791 10
10791 22366 7
15854 22912 10
37515 28678 11
15633 1684 12
1684 4159 2
1684 45155 5
45155 48133 8
48133 20568 1
1684 3501 13
3501 32050 7
32050 49151 5
49151 10561 4
49151 20471 6
3501 4427 10
49151 3169 10
10561 43171 11
43171 38578 5
32050 34045 11
32050 15992 12
34045 44236 12
44236 30016 4
44236 17923 12
17923 9300 2
17923 48009 10
48009 17413 4
17413 30550 1
30550 35271 1
35271 11341 4
11341 31115 3
31115 16511 3
17413 30079 7
30550 25606 7
16511 34048 9
25606 6739 11
49151 18973 12
18973 27116 7
27116 13976 10
5535 43571 13
13976 12243 13
12243 32328 10
15412 32406 13
30550 27872 13
30832 20028 13
20028 21329 7
21329 23428 5
23428 18327 9
18327 40354 3
18327 19580 10
40354 44854 12
44854 18758 1
18758 2880 3
2880 41783 1
2880 4410 2
41783 15295 6
15295 2776 4
18758 10642 7
44854 10289 9
10289 6018 3
10289 36004 10
36004 35687 3
35687 27664 7
27664 48063 1
27664 19001 7
44854 7592 10
7592 3032 10
3032 5710 4
3032 28594 11
28594 40701 8
19001 30005 11
30005 39962 7
39962 45575 9
45575 18211 1
18211 28620 9
28620 21772 6
2776 6438 12
2880 37623 12
6438 40671 12
40671 30090 3
30090 45139 9
5710 30493 13
30493 21358 4
21358 9193 1
21358 25312 1
9193 17229 8
17229 31900 1
17229 21634 8
30493 15426 10
15426 29085 3
29085 38761 6
29085 15666 10
31900 24606 10
17229 2578 11
38761 15303 11
2578 1303 13
23428 36492 13
30493 10241 13
33556 17977 13
34971 37825 13
37856 41767 13
41767 11436 6
40198 29707 13
29707 1850 13
29707 33750 13
33750 29118 3
29118 33439 6
33439 3496 5
3496 27657 1
3496 3531 7
33750 14151 10
3496 32476 11
32476 46988 4
3496 35874 11
3496 10681 13
10681 22632 5
22632 40400 6
10681 3416 10
3416 12152 8
12152 25280 4
25280 37261 4
37261 6039 10
6039 12450 10
25280 39696 11
39696 17685 2
17685 15595 1
17685 47231 5
39696 5529 8
5529 7289 4
5529 14674 4
5529 24293 6
24293 31965 2
31965 4017 9
14674 44123 10
24293 14837 10
14837 41557 3
14674 3899 11
3416 9591 12
9591 20384 4
20384 2992 5
20384 16973 5
20384 43271 6
9591 45486 11
39696 7261 12
7261 4272 12
40198 41525 13
40366 38022 13
41012 22436 13
41995 4763 13
42531 19391 13
19391 28333 9
42755 47124 13
42887 19162 13
43222 48373 13
48373 34468 7
34468 12619 10
43273 12446 13
12446 19848 12
19848 25471 2
19848 46661 6
25471 6422 11
43283 767 13
767 12524 5
12524 14260 3
43585 46437 13
46437 31352 9
43600 33560 13
44068 13423 13
13423 20316 5
20316 48539 6
13423 16035 8
16035 41362 5
20316 3707 10
3707 499 2
499 44215 5
499 16892 9
16892 15266 9
15266 21576 4
21576 32565 4
15266 41270 10
41270 413 1
413 45411 7
41362 26889 10
26889 4651 6
4651 42320 5
42320 15753 3
4651 28942 7
413 21260 11
21260 28341 7
28341 9975 11
41270 35222 11
35222 27378 5
499 45654 12
4651 4218 12
4218 16056 7
16056 13691 7
13691 40548 11
16056 3503 11
3503 2187 4
2187 28329 5
4218 11983 12
11983 1103 10
35222 2295 12
2295 19637 9
19637 6792 6
6792 14591 2
6792 228 3
14591 22129 4
14591 46423 7
22129 6097 12
6097 38505 10
4651 3029 13
21260 38547 13
38547 18782 1
38547 15820 8
15820 27397 7
18782 28487 10
44653 36443 13
36443 3016 13
45150 1957 13
1957 44890 7
1957 15036 9
15036 12591 1
45434 27913 13
45850 27014 13
27014 10781 2
10781 10408 5
10781 9752 12
46741 43999 13
43999 30283 4
48063 17337 13
48850 48389 13
49791 21349 13
228 24876 14
24876 45189 4
499 6415 14
6415 39282 3
6415 871 4
871 25581 2
39282 13628 11
13628 22819 1
13628 29241 3
29241 8542 3
8542 13601 6
13601 37906 1
37906 43572 4
43572 47363 1
13601 24799 5
22819 43377 8
29241 36260 8
43377 33753 10
33753 2490 4
2490 27087 8
2490 2348 9
2348 10499 6
2490 14878 10
14878 35968 5
35968 46198 4
24799 1438 12
1438 1772 2
1772 1149 7
1149 45755 8
45755 9337 8
9337 49230 2
1772 49072 9
1149 22767 10
22767 32351 8
49072 5954 10
5954 35720 2
35720 31309 3
22767 40341 11
46198 34267 12
34267 33911 8
33911 8543 8
8543 11797 5
8543 3545 7
3545 27285 10
27285 27078 9
27078 8456 3
8456 12699 10
33911 48465 12
48465 25638 1
25638 40225 4
47363 26938 12
47363 39474 12
27078 26806 13
26806 17276 3
26806 37186 4
37186 30067 10
30067 3445 5
30067 37077 8
37077 10641 7
10641 7447 9
37186 41461 10
41461 21862 7
26806 40798 11
30067 37378 11
37378 25030 4
37378 33134 9
37378 48704 10
48704 17233 1
10641 30201 13
26806 18846 13
30201 40025 13
40025 26178 1
26178 337 2
26178 37579 2
337 13966 3
37579 43181 3
37579 7231 5
26178 29237 6
29237 36296 3
36296 1071 3
1071 11966 4
29237 18308 4
26178 34995 6
34995 46954 5
26178 9153 7
9153 21599 3
21599 48913 7
48913 11522 4
46954 22774 8
22774 13506 4
1071 25046 9
21599 5635 10
337 14865 12
9153 2526 12
2526 22304 4
22304 31176 4
2526 15509 7
15509 6331 11
22774 1132 12
1132 20117 2
1132 35084 7
20117 3628 7
3628 1906 2
1906 24444 4
1132 35048 8
20117 23993 8
23993 11367 4
35048 35237 9
35237 7230 3
35237 42189 9
42189 44876 2
1906 33809 10
1906 40014 11
44876 31880 12
337 361 13
361 46243 3
46243 21058 1
6331 2912 13
2912 241 2
7230 2658 13
13506 42268 13
26178 17819 13
17819 17813 10
17813 40553 12
36260 45026 13
48704 33168 13
905 48438 14
1025 6251 14
1071 41079 14
41079 36759 1
36759 14830 3
1438 34334 14
34334 46642 12
1772 38335 14
38335 11482 1
38335 43638 5
43638 16521 4
16521 9512 3
9512 42193 9
42193 41605 1
11482 48616 13
48616 26718 6
2032 42905 14
2080 3198 14
3198 10442 12
10442 46216 3
10442 47721 9
47721 32265 13
32265 34183 13
2348 11656 14
11656 30608 10
2552 2401 14
2401 11652 11
11652 41293 4
11652 14146 10
14146 18948 6
41293 45458 10
45458 25775 6
25775 31517 1
31517 42732 2
25775 27475 11
27475 28196 11
28196 35993 5
28196 14273 9
14273 10027 5
10027 1122 3
1122 22458 4
22458 429 1
22458 17444 1
1122 13009 5
13009 21773 6
13009 47999 6
17444 12472 6
47999 7255 8
7255 10124 1
10124 12083 9
12472 38915 10
7255 10990 11
10990 25549 4
10990 16304 6
16304 21877 2
16304 11811 10
11811 46128 2
11811 4951 3
46128 39426 3
39426 19197 1
19197 47754 2
47754 46618 1
19197 39130 7
39130 16114 7
16114 23626 2
39130 46096 9
47754 5524 9
5524 3306 5
5524 36949 6
16304 8986 11
16304 16732 11
17444 21125 11
13009 36731 12
21877 16789 12
10027 18849 13
18849 10807 5
18849 47206 5
47206 22616 1
10807 7388 7
7388 10419 6
18849 41591 8
47206 27716 8
10419 22792 9
22792 2867 7
2867 5568 10
10419 16077 13
13009 22380 13
22380 46598 7
46598 9220 11
9220 35692 5
22380 40806 12
16114 11796 13
11796 44152 13
22616 5851 13
5851 25968 5
25968 21221 2
21221 33566 8
5851 8874 9
8874 35795 11
25968 32428 12
32428 17652 10
17652 43153 5
17652 38300 8
23626 45882 13
47754 3980 13
3980 19810 6
2552 17673 14
17673 17684 10
17684 25974 10
17673 41760 13
2992 1818 14
3138 11683 14
11683 4823 11
4823 2420 12
2420 14532 1
14532 25854 4
25854 24445 2
2420 14513 6
14513 44930 5
14532 908 6
908 4785 6
24445 18348 6
18348 30343 1
908 7805 7
2420 2491 7
4785 10340 7
18348 5677 7
2491 808 8
18348 29074 9
24445 6441 10
7805 37157 11
37157 18402 11
2491 3455 14
3455 47670 8
47670 9466 4
9466 9546 5
9546 35561 2
9546 39078 3
9466 21217 8
39078 12660 10
12660 146 10
146 14097 1
146 45031 9
45031 2816 7
2816 16805 2
16805 11175 10
3195 10742 14
10742 26310 2
3226 30492 14
4016 36554 14
36554 23287 1
23287 7659 4
7659 20294 9
20294 36775 4
20294 2668 8
36775 16778 10
2668 25616 12
25616 47689 3
4022 45843 14
45843 48979 13
48979 20966 8
48979 16818 9
16818 12863 4
12863 4208 11
4208 12261 5
4208 43749 8
16818 20494 12
5568 2377 14
2377 4524 13
4524 36882 1
36882 6129 4
6129 1194 7
5718 19546 14
19546 37327 6
37327 34909 10
34909 27080 6
34909 16750 9
5739 47257 14
5817 28253 14
28253 12189 4
12189 7049 13
5851 16937 14
16937 8700 6
8700 26352 7
26352 39967 4
16937 27127 10
39967 6159 12
6159 13452 7
6159 32768 8
13452 4039 11
4039 11554 8
11554 13069 8
13069 5975 4
5975 4426 3
5975 23306 7
4039 37907 10
4426 41892 10
41892 22660 5
5975 8589 12
23306 5506 12
5506 10276 1
41892 14100 12
14100 46029 2
46029 18628 1
18628 31908 9
31908 14650 2
14650 33014 3
46029 4598 10
10276 39680 13
39680 40902 3
40902 5490 5
39680 7906 11
7906 35889 13
35889 17043 1
6018 3270 14
3270 33197 5
33197 46129 12
46129 18432 1
18432 2915 8
2915 30509 4
30509 22098 11
2915 18461 12
6663 35004 14
35004 24259 1
24259 46102 6
46102 27543 1
46102 31146 1
24259 1028 11
1028 26843 11
26843 5242 1
5242 40695 6
26843 13129 9
13129 24058 5
24058 14049 4
13129 29664 8
24058 36064 8
27543 47041 11
47041 48129 4
47041 8008 11
8008 7626 1
7626 37301 7
7626 40558 9
40558 2050 1
27543 16139 13
6762 34908 14
34908 18309 2
18309 47408 1
34908 1825 8
6767 10837 14
10837 2442 1
2442 41959 3
41959 34083 3
34083 16592 6
41959 44645 6
44645 4156 11
7230 15519 14
15519 44194 13
44194 15110 9
15110 31211 3
15110 15899 9
15899 11587 2
11587 45677 8
45677 12589 2
12589 15078 9
31211 18320 10
12589 29110 11
29110 39041 3
39041 16441 6
16441 49832 8
49832 25323 4
25323 45885 2
25323 21728 5
21728 19667 5
45885 40235 5
49832 24423 7
39041 49697 8
49697 49840 6
49840 37636 4
49840 9312 8
16441 13672 10
13672 14144 1
14144 29775 3
13672 32575 6
40235 7114 10
7114 20498 9
45885 29292 10
7114 23602 11
14144 35604 11
23602 40787 11
40787 6172 1
6172 7441 9
7441 40132 6
40132 7681 1
7681 4163 3
4163 29009 1
29009 9603 2
7681 24389 5
29009 35579 5
35579 36403 8
36403 21852 10
21852 31697 5
31697 4979 1
4979 35614 6
35614 48652 7
4979 45852 9
45852 23536 4
4163 5883 11
5883 9903 4
9903 16537 9
16537 49925 1
49925 43214 3
43214 3691 1
43214 27102 10
27102 30038 2
44194 26144 11
30038 22352 12
22352 35680 4
35680 17328 5
17328 4326 12
4326 4873 1
4873 16772 8
4873 16605 10
40132 292 12
292 7020 1
292 36693 5
15899 43394 13
43394 4913 4
4913 23397 8
4913 43436 8
16605 21795 13
21795 8051 2
25323 2418 13
2418 47435 14
47435 2636 3
2636 5528 1
5528 35836 3
2636 3011 5
3011 38193 5
38193 34362 4
2636 23214 6
23214 46680 2
23214 35118 4
34362 4530 6
4530 3923 2
2636 18047 7
34362 30380 9
30380 17921 7
3011 15191 10
17921 7176 10
3011 35335 14
7774 31635 14
31635 15985 9
15985 4802 6
15985 15982 8
15982 15946 8
15946 13942 2
13942 43624 3
13942 25379 4
13942 37371 4
43624 45387 7
8574 27345 14
27345 36982 2
36982 567 3
567 723 4
36982 8087 5
8087 13016 10
13016 19023 5
19023 547 4
547 18298 12
18298 11433 11
11433 17713 11
17713 15063 1
15063 24218 4
17713 12925 6
12925 5907 4
5907 18946 1
5907 43553 2
5907 19807 5
19807 49431 4
17713 23249 6
17713 8163 7
8163 2628 1
2628 48998 2
48998 35931 2
48998 18623 6
18623 9341 2
9341 3397 2
3397 37205 1
18623 13906 4
3397 47171 5
47171 42976 1
47171 1296 2
1296 17935 1
17935 45422 4
9341 34240 5
13906 10405 5
10405 703 4
703 13639 1
13639 16293 4
16293 38742 1
17935 48167 5
42976 898 5
17935 1877 6
1877 1742 3
8163 33932 7
19807 31365 7
31365 7552 1
31365 45821 3
35931 5268 7
5268 29624 4
703 2843 8
17713 18575 8
17935 33862 8
33862 27319 1
33862 26706 5
27319 21132 7
21132 24160 3
24160 40804 2
40804 11736 3
11736 47338 1
24160 12836 4
12836 47881 3
47338 24965 4
47881 21723 4
40804 2734 7
27319 24860 8
37205 36747 8
13906 5521 9
5521 37279 3
7552 18922 10
16293 36815 10
36815 5852 1
36815 36157 10
1742 12690 11
1877 7760 11
7760 20803 2
7760 23614 2
20803 38900 8
5268 2908 11
24160 17357 11
17357 11324 3
24860 6614 11
6614 20496 7
20496 42184 4
42184 25704 1
42184 16782 7
16782 19290 1
19290 14205 4
16782 13401 7
13401 9905 9
5852 19396 12
19396 1279 5
1279 41147 2
1279 35546 5
1279 33529 8
19396 42080 10
42080 2814 7
2814 9749 8
9749 10988 7
10988 21242 3
21242 27809 4
27809 21259 3
21242 14551 10
14551 39310 3
14551 21685 11
21685 33300 3
19396 33583 11
33583 38299 5
21259 24274 11
24274 29409 3
1279 43081 12
13639 22675 12
22675 1170 6
1170 45594 8
45594 20182 8
20182 8697 8
1170 25185 10
1170 15222 11
15222 49985 2
15222 15922 3
15922 35939 11
35939 41678 6
41678 32522 2
32522 271 6
271 1372 11
1372 28022 3
1372 28085 3
17935 4928 12
4928 49918 9
21132 11979 12
11979 23978 4
22675 3805 12
3805 16988 7
3805 17443 8
17443 8166 2
17443 19757 8
3805 25975 9
25975 31441 2
16988 15255 10
15255 5077 9
17443 44365 10
44365 23189 3
5077 3968 11
3968 11503 9
11503 5434 10
5434 6221 3
6221 39428 5
6221 34115 7
34115 32873 2
39428 24631 7
8166 49783 11
49783 6343 7
6343 31289 10
34240 13502 12
13502 43496 2
13502 47971 11
47971 21697 5
21697 29689 4
47971 13199 7
29689 45339 11
43496 27961 11
27961 26900 5
45339 18256 12
45594 39364 12
39364 43677 3
43677 13809 5
13809 46233 3
39364 17011 7
43677 30076 8
30076 19792 5
30076 3078 7
3078 25155 2
3078 2084 5
2084 39812 6
39812 45369 8
13809 26754 9
45369 1680 9
1680 8143 4
8143 19841 10
45369 37129 10
37129 49776 8
49776 19771 7
37129 23360 11
1680 1560 12
1560 14508 7
25155 11691 12
11691 2952 1
2952 16631 2
11691 2853 2
2853 39707 3
39707 14429 5
16631 9127 7
9127 49484 4
9127 42401 6
2853 3385 10
3385 46478 2
46478 18224 9
18224 30578 1
18224 36950 1
18224 42387 2
18224 23646 3
18224 24190 3
30578 38319 4
38319 27537 2
27537 7998 1
38319 33448 5
33448 33422 1
18224 44457 6
23646 22589 6
22589 790 4
38319 23981 6
22589 4124 9
4124 13211 6
13211 4672 5
4124 24870 8
4124 957 9
957 8090 7
3385 5284 10
5284 33963 2
9127 1242 10
14429 20852 10
24190 23239 11
23239 6212 5
38319 24152 11
24152 1931 7
46478 28417 11
2952 37661 12
37661 1358 7
2952 38788 12
38788 8827 7
38788 36535 9
4672 10538 12
2843 22751 13
22751 22079 3
22079 12693 2
22751 15467 11
8143 21630 13
8166 3215 13
3215 20600 10
20600 48089 9
8697 1483 13
1483 14527 8
1483 17548 9
17548 17546 5
17546 27081 12
8697 24347 13
24347 435 3
435 158 10
158 7611 1
158 649 8
649 31715 2
7611 17041 9
649 1759 11
1759 4602 7
4602 37748 2
37748 35652 2
4602 5059 7
5059 15950 7
35652 40753 10
17041 9246 11
9246 26482 9
26482 32312 1
26482 24810 8
9246 28350 9
28350 20477 7
20477 47364 2
20477 41439 12
26482 5797 12
5797 16553 5
32312 5396 12
5396 4472 8
4472 2227 3
2227 34613 3
2227 36717 6
2227 996 9
9749 36902 13
12836 35876 13
15467 3806 13
15950 39636 13
15950 42289 13
17357 33835 13
18623 49187 13
49187 45260 6
49187 35582 7
49187 42338 8
42338 48624 4
48624 23632 9
42338 13391 10
13391 34502 4
21723 5664 13
23981 2948 13
26706 37329 13
36717 38652 13
38652 32901 1
39707 22441 13
43496 9765 13
9765 43190 11
9765 8399 12
44365 6921 13
6921 6362 12
6362 41841 3
41841 7764 5
41841 33748 5
33748 10404 4
33748 19173 7
10404 169 8
169 29924 3
169 48649 4
169 3688 6
48649 47820 6
47820 1420 3
3688 19269 8
19269 15091 10
15091 21116 6
21116 14738 8
14738 8234 11
8234 48867 6
8234 3982 11
3982 23965 10
3982 42483 11
14738 46135 11
7764 18031 12
1420 36140 13
6362 6117 13
6117 17497 4
6117 25787 8
17497 7738 8
7738 37213 4
37213 31990 3
31990 47212 7
31990 2781 8
2781 20161 3
25787 7421 9
7421 2675 7
2675 48889 6
2781 8451 10
8451 15698 1
15698 42823 10
6921 31518 13
8451 22344 13
14738 20298 13
20298 9993 4
20298 28373 7
9993 33204 9
28373 35175 11
35175 12206 7
19269 31293 13
31293 22947 2
22947 44012 1
31293 18005 5
18005 11498 2
11498 7672 3
7672 2004 4
31293 21505 5
2004 8448 6
18005 28717 7
22947 1502 8
7672 25545 9
25545 24772 1
24772 13173 3
13173 28368 1
13173 15687 3
15687 36081 6
18005 26556 9
22947 11615 9
11615 16438 2
11615 21388 3
11615 30294 5
16438 34443 5
11615 45125 7
34443 25577 8
24772 32683 9
44012 1996 9
2004 1614 10
1614 1816 5
25577 41548 10
34443 24100 10
24100 2301 2
2301 12456 4
24100 8232 9
8232 33930 5
24100 45333 11
30294 38670 11
1614 834 12
8448 25986 12
25986 38888 5
1614 4070 13
1816 29501 13
29501 35016 6
2301 35906 13
24100 38814 13
42823 33702 13
44457 2134 13
2134 1443 9
44457 46273 13
46273 5526 12
46478 37660 13
37660 43935 1
37660 11145 4
47881 19186 13
19186 17514 4
19186 38518 8
547 21595 14
547 30219 14
649 3580 14
3580 4430 5
4430 6380 6
6380 43813 1
43813 22294 2
43813 24307 4
24307 30141 1
4430 12958 7
4430 21714 10
21714 46156 9
46156 30160 1
43813 40328 10
24307 40229 12
43813 24573 12
24573 32319 4
32319 13216 5
13216 20092 3
13216 1664 10
790 32145 14
1759 23373 14
23373 42318 3
23373 46985 6
42318 33149 9
33149 11161 10
11161 4929 7
4929 3582 4
3582 23504 2
11161 37151 9
4602 13908 14
6221 22082 14
8829 31508 14
31508 41522 10
9591 32358 14
32358 2676 4
2676 17254 2
2676 17774 2
2676 30128 3
2676 26128 4
2676 9311 5
9311 15630 6
9311 10731 7
10731 49835 4
26128 31843 9
31843 22535 8
10731 29076 10
10731 28866 11
28866 38656 11
38656 11735 12
38656 37046 12
37046 7218 3
37046 41067 7
7218 38483 11
38483 22125 5
17254 33999 13
33999 8678 2
8678 36947 6
36947 30542 3
33999 35292 7
10742 5930 14
11326 49356 14
11379 873 14
873 8830 10
12085 9662 14
9662 30453 13
30453 15785 4
30453 19097 6
30453 17931 10
17931 18445 2
17931 41911 6
19097 43269 12
43269 29381 1
29381 10093 8
43269 11722 9
12143 2584 14
12925 5713 14
5713 34779 14
12925 49170 14
49170 9489 9
14049 28833 14
28833 16296 4
28833 48899 10
16296 13534 12
15523 4363 14
15523 17044 14
15630 15757 14
15757 45923 2
45923 48529 2
48529 45365 5
15757 6851 8
6851 10413 1
6851 44082 10
44082 16024 4
16024 36583 5
16024 40192 7
40192 39056 1
40192 17634 5
36583 27004 10
27004 13071 7
44082 34170 10
34170 35205 3
35205 10274 6
10274 1150 8
16024 14268 13
14268 37625 10
27004 7636 13
35205 38773 13
38773 3542 3
3542 44304 10
44304 48675 1
48675 40563 7
39056 4890 13
15698 4167 14
4167 3486 3
15857 25751 14
17424 21269 14
21269 49807 3
49807 30503 8
30503 45709 5
30503 10144 8
30503 25865 9
30503 21062 10
21269 36063 12
36063 5319 2
5319 26221 2
36063 32372 3
32372 1146 1
1146 17806 2
5319 38126 5
26221 35670 8
38126 27036 8
27036 36589 7
36589 1802 7
1802 3429 4
3429 47751 3
1802 26953 7
26953 10159 1
10159 20324 4
20324 31158 1
26953 25201 8
36589 38886 9
38886 36170 10
36170 48982 6
48982 18838 6
18838 2396 1
2396 10081 6
18838 48184 7
10081 28840 8
48982 29605 8
26221 12258 11
12258 6968 9
6968 15351 9
12258 40906 9
40906 33765 9
40906 39171 9
27036 22032 11
22032 6067 9
3429 18826 12
18826 11650 11
11650 23724 9
23724 8122 4
8122 25218 7
25218 45807 8
45807 8877 10
8877 31582 7
8877 34136 8
34136 26934 2
8877 31827 9
31827 8144 3
31827 38918 8
38918 43002 3
43002 41408 1
41408 37961 3
37961 2040 5
2040 7830 5
7830 24116 5
38918 4758 6
37961 15515 8
7830 7709 9
31582 39690 9
39690 16205 3
39690 48500 10
25218 19147 11
19147 35762 2
35762 1423 7
19147 42106 11
23724 20565 12
30503 30967 12
48500 4864 12
1146 31872 13
31872 48180 9
48180 30116 4
6067 2600 13
2600 5660 2
2600 44783 3
5660 1499 3
44783 42041 7
42041 20979 4
20979 22659 1
1499 30306 9
42041 17158 9
44783 35599 9
22659 3655 11
3655 19898 1
19898 49668 12
8122 22133 13
19147 29170 13
29170 31392 6
29170 42505 11
21269 29000 13
44783 48382 13
49807 48275 13
2396 3827 14
3827 42014 4
42014 38982 9
38982 46340 11
46340 20403 1
20403 26562 5
3827 611 14
611 12815 5
611 116 8
3827 10893 14
10893 23143 7
4864 625 14
625 39822 1
625 11907 5
39822 40805 5
40805 12995 2
625 24627 8
625 36001 9
36001 36334 10
39822 15307 10
24627 25241 12
25241 49740 2
49740 8071 1
49740 21909 4
21909 10739 3
10739 39500 5
39500 21352 2
25241 47225 6
21909 8532 10
8532 30232 6
30232 4623 1
4623 4667 1
4623 20130 7
4623 13636 10
13636 4335 1
13636 39629 3
13636 10961 6
8532 34860 10
34860 48875 2
48875 10207 9
10207 33108 11
33108 18426 10
18426 33838 6
33838 34646 2
33838 39022 3
33838 30216 5
30216 23369 6
33838 9146 6
9146 4439 5
39022 6108 7
6108 9590 1
6108 33643 2
33643 3310 2
39022 6293 8
39022 26535 8
34646 47305 9
47305 16149 4
16149 14019 4
14019 25868 6
4439 14065 12
14065 24438 3
24438 27520 2
14065 38519 10
38519 19911 7
13636 25264 12
25241 35195 12
27520 25385 12
14019 8314 13
25264 42760 13
27520 26426 13
36334 42032 13
42032 3012 5
3012 21205 3
21205 19809 1
3012 46296 6
46296 23585 11
23585 5174 8
5174 36946 4
36946 46721 9
46721 14416 5
14416 37433 5
37433 37 7
37 192 3
5174 13443 10
13443 44543 2
19809 36617 13
9590 25878 14
25878 12372 9
12372 10088 4
10088 47676 3
25878 37559 13
37559 30190 3
30190 46696 4
37559 6672 5
6672 9620 1
6672 23061 4
30190 29688 8
29688 16685 7
37559 26330 8
30190 12246 9
12246 47849 2
30190 11771 10
11771 1196 1
46696 30960 10
47849 48864 10
48864 25829 7
11771 2801 12
1196 23244 13
11771 15670 13
15670 4838 9
4838 6208 2
6208 42502 2
6208 4434 7
4838 28065 9
28065 37112 5
28065 12 6
12 207 2
12 1526 4
12 3576 4
3576 22235 4
1526 15276 5
15276 44434 5
28065 46406 7
46406 10536 7
10536 37981 1
10536 35296 3
37981 47729 4
47729 17226 4
35296 41709 5
12 1678 8
1678 10820 4
10820 3394 1
10820 5409 2
5409 12584 5
5409 29556 6
29556 30559 7
1678 19808 8
46406 44192 8
44192 13995 6
13995 14984 2
13995 33229 5
10536 32952 9
10820 20376 9
20376 22949 5
15670 25446 9
28065 41575 9
41575 11404 4
41575 11213 5
41575 3734 8
3576 5969 10
5969 14098 1
5969 44857 4
4838 29905 10
10536 49387 10
13995 518 10
518 14296 6
14296 5784 3
15276 38425 10
22949 6495 10
6495 19933 10
44192 20742 10
44857 14661 10
14661 3857 4
3857 2950 8
2950 36997 5
3857 15845 9
518 5589 11
5589 14961 2
1678 37912 11
37912 17790 5
11404 14168 11
14168 17055 3
17055 43962 4
14168 44252 11
15276 31483 11
17055 8233 11
8233 27818 1
8233 46907 3
17226 15643 11
3576 17308 12
10536 42555 12
30559 25362 12
1526 29716 13
29716 4522 5
29716 12436 5
4522 48420 6
4522 7696 7
7696 2624 2
2624 6512 1
2624 14720 1
6512 14027 5
6512 123 12
12436 9170 12
5784 19443 13
23061 35462 13
27818 19258 13
19258 45670 4
45670 12574 10
44434 12209 13
12209 48203 3
12209 16934 12
16934 6120 6
16934 22575 6
16934 47400 7
47400 8285 3
16934 27153 11
27153 39430 3
27153 41189 8
22575 35771 11
22575 8512 13
1196 17326 14
6120 45547 14
10088 2473 14
2473 10240 2
10240 31960 5
31960 26825 1
31960 29762 3
29762 27666 6
31960 6918 7
6918 3360 4
3360 13352 7
13352 5841 7
13352 38269 8
38269 19559 7
19559 5626 1
19559 10763 2
5626 47100 9
47100 26133 3
47100 41229 7
26133 5693 8
5693 2249 8
5693 24929 8
41229 41774 8
41774 16021 5
5693 11664 9
29762 37485 9
6918 5591 10
5591 24511 6
5591 48910 9
48910 13051 1
13051 1446 1
13051 6509 2
6509 2225 1
13051 21535 5
2225 1562 6
1562 9416 1
13051 34796 7
2225 2275 9
2275 26596 5
10763 41210 10
41210 4788 10
4788 40041 10
40041 13626 1
40041 42726 6
42726 22736 4
13626 1495 10
41210 15751 10
15751 38061 4
1446 45169 11
4788 1469 11
1469 49449 2
40041 23678 11
23678 3995 2
3995 7597 6
7597 25711 3
23678 13064 7
2225 2231 12
2231 12357 2
12357 25597 11
3360 3327 12
3327 45521 2
45521 46714 3
3327 8496 6
8496 6247 3
45521 43413 6
6247 4904 9
4904 7653 5
7653 12769 5
12769 2586 3
7653 34557 9
7653 10433 11
10433 35500 9
3327 24853 12
24853 45979 5
45979 31465 3
45979 34643 6
12357 1814 12
13064 17542 12
16021 49404 12
49404 18004 4
18004 19959 3
19959 33805 4
49404 41769 4
41769 8932 1
8932 30410 1
18004 36509 7
30410 46099 7
46099 47018 2
47018 17728 3
47018 44858 4
17728 8558 6
44858 16494 7
16494 25931 1
8932 7923 9
7923 7904 9
19959 19952 9
19959 33298 9
33298 26251 6
25931 3015 9
3015 17101 4
8932 30050 11
30050 39628 4
46099 31862 11
49404 12833 11
12833 35777 1
18004 16459 12
16459 20378 4
24511 9690 12
9690 5620 8
5620 209 8
209 48125 11
48125 37905 2
37905 35971 4
31862 28079 12
28079 27423 8
27423 1806 7
27423 16318 11
41229 24403 12
24403 15172 5
24403 15211 11
15211 45311 2
45311 10312 3
15211 45107 5
45311 33899 6
33899 2 11
2 3261 8
3261 44970 1
3261 2906 8
10312 21882 12
2 42238 13
42238 11195 2
11195 4631 8
4631 4700 5
1495 26414 13
26414 13975 6
13975 37499 5
26414 4820 9
2473 20993 13
20993 1574 4
1574 22257 6
1574 49469 9
49469 37232 4
22257 13030 9
13030 13192 8
13030 36375 9
13192 29188 9
20993 34790 12
34790 36578 8
36578 40068 9
34790 1247 11
1247 41312 4
1247 345 5
1247 42028 6
345 9889 12
345 19283 13
1247 1396 13
1396 42340 12
3261 24185 13
3261 42149 13
42149 3775 11
8496 42419 13
42419 18140 4
42419 5044 6
5044 8497 2
5044 37700 2
5044 15838 6
5044 13360 12
42419 28157 12
42419 42053 12
42053 23880 3
23880 11293 2
11293 47850 8
47850 17854 2
47850 18568 6
18568 24850 4
24850 8753 3
18568 1280 7
1280 7281 1
17854 35683 10
35683 14681 9
14681 6386 4
14681 41187 5
6386 21540 10
1280 612 11
612 5732 3
612 10779 3
612 2696 6
2696 28191 4
28191 31145 4
612 1697 8
1697 1823 10
1823 27473 5
27473 45474 1
45474 43988 1
43988 44422 2
43988 48247 4
1823 4821 8
4821 37528 1
4821 33190 7
33190 45497 3
44422 30126 8
5732 48158 11
48158 25843 2
24850 47544 12
47544 35506 4
47544 19609 10
19609 40627 6
40627 7177 2
7177 20409 9
20409 36795 9
27473 1134 12
12833 29112 13
19283 28208 13
19559 810 13
24511 16660 13
16660 36089 2
16660 18185 4
36089 6953 8
6953 23639 5
18185 41665 10
18185 41788 10
41788 2612 9
2612 3996 9
3996 6090 8
3996 3457 9
3457 29315 5
23639 12562 12
25711 42208 13
42208 31577 9
42208 30474 10
30474 41305 8
30126 38162 13
30410 41875 13
41875 20481 6
20481 38781 3
20481 19013 9
19013 10279 8
10279 36186 7
41875 7573 11
7573 29534 10
7573 13171 11
13171 15964 5
41875 33063 11
13171 35412 12
35412 36228 6
33899 23132 13
23132 48504 4
23132 36968 6
36968 17867 6
17867 18825 1
48504 34253 6
34253 11864 7
36968 2795 10
2795 365 5
2795 47262 8
47262 27418 3
27418 31802 5
31802 13715 1
17867 14368 12
14368 35970 1
35970 6568 5
6568 10648 6
10648 10698 3
10698 26790 2
35970 4009 6
4009 16786 1
10698 19743 7
14368 11940 12
16786 24917 12
24917 3349 4
3349 21541 1
24917 44716 9
24917 37185 11
19743 26551 12
26551 44110 7
37185 38078 12
38078 49099 2
49099 19854 6
49099 8758 7
8758 16835 7
16835 29629 1
29629 37620 11
26790 23793 13
23793 36209 7
36209 46475 8
36209 39991 9
23793 34160 13
34160 31375 1
34160 26842 5
34160 12496 6
31375 7607 11
7607 3712 2
7607 4297 8
35971 11300 13
11300 35693 10
36228 20547 13
37499 12034 13
42149 9839 13
9839 9698 7
9698 33086 10
9839 10643 11
9698 18341 13
18341 15169 1
18341 412 4
15169 18262 10
42726 43103 13
43103 11593 10
11593 20152 11
20152 45763 3
20152 48268 8
20152 34409 11
34409 17040 11
17040 15818 1
15818 24804 8
24804 2833 4
2833 16529 5
11593 31850 13
31850 13970 3
13970 10638 4
47018 36027 13
49449 32996 13
2795 49210 14
3995 33020 14
33020 27651 3
27651 26393 1
26393 27702 1
26393 47792 7
47792 5772 1
26393 45751 9
45751 24745 1
24745 41014 1
24745 5715 3
24745 33181 5
24745 5607 10
27702 22034 12
22034 46059 8
46059 14824 8
33181 16765 13
16765 4953 13
4953 9434 5
9434 34371 5
4953 219 10
9434 36756 10
219 9987 13
9987 18203 2
4297 3056 14
3056 46413 1
3056 44759 14
44759 36125 8
36125 23371 8
23371 16734 11
36125 194 11
194 64 9
64 9249 12
9249 2474 5
2474 11225 12
11225 22740 11
9249 29058 12
29058 25994 10
25994 41856 2
41856 10202 8
41856 30081 8
11225 10294 13
6247 49874 14
8753 47006 14
47006 14495 3
10638 1165 14
1165 22322 1
22322 14758 2
22322 28325 12
28325 18751 2
18751 27033 12
27033 21001 7
21001 26418 3
26418 26926 9
26926 44027 7
26926 33016 10
33016 9848 13
9848 801 10
801 9807 11
9848 9212 14
9212 7102 8
7102 27479 11
27479 19878 3
19878 6003 2
14027 18172 14
18172 2623 8
2623 28093 7
14065 19348 14
14098 44311 14
44311 47991 1
44311 27441 2
44311 40008 5
40008 16356 7
47991 37710 8
16356 34546 9
44311 42564 9
42564 29366 9
40008 4537 10
4537 1669 6
1669 18458 14
18458 22378 3
22378 14833 7
14296 18060 14
18060 46405 3
46405 6345 10
6345 20585 5
20585 48119 2
6345 34815 11
34815 39555 3
39555 46350 12
6345 4251 13
46350 44834 13
44834 11824 4
44834 34920 8
15670 37692 14
37692 16996 6
16996 28499 4
28499 27110 6
27110 39934 1
28499 9268 12
9268 49692 7
49692 21640 5
9268 24298 12
24298 42147 3
24298 27546 10
27546 4516 6
42147 24349 11
17040 2616 14
2616 16090 3
16090 382 4
382 1642 8
2616 33038 13
33038 15095 4
15095 7475 6
17055 9382 14
17555 43477 14
43477 32832 2
18402 17946 14
18751 4789 14
18903 35951 14
35951 11501 13
11501 1363 7
11501 15640 7
15640 33401 3
11501 44229 7
19396 5195 14
5195 15362 8
15362 21384 3
21384 17271 5
17271 7600 5
7600 8275 5
8275 21609 4
21609 38566 3
38566 49647 2
7600 4664 6
17271 23658 6
4664 15237 7
17271 31356 7
4664 753 8
753 4536 6
4536 15074 8
7600 8405 10
23658 2345 10
2345 2934 2
2934 2012 2
2345 43696 4
43696 26193 2
43696 15038 8
26193 38508 9
38566 45030 10
45030 10259 3
49647 38442 10
38442 35333 6
35333 28887 8
2934 48147 11
48147 41118 2
21384 11196 11
11196 13403 11
21384 19007 11
4664 13501 12
15038 7778 12
7778 4885 2
4885 14914 7
14914 43690 7
14914 8629 10
8629 11623 1
8629 23451 4
23451 39343 3
23451 2356 5
8629 11039 6
8629 1606 7
11039 40314 7
40314 29240 2
40314 41926 2
29240 34287 4
29240 1507 5
1507 5941 4
1507 12169 4
40314 46109 6
46109 27215 6
29240 23277 7
23277 9443 2
9443 15349 7
41926 16928 7
16928 39535 1
16928 33389 3
23451 24886 8
27215 27555 8
46109 41715 8
5941 21067 9
21067 35798 2
35798 32641 2
21067 14022 7
14022 36384 8
36384 6863 8
6863 26045 4
26045 13382 2
15349 13292 9
13292 17491 4
39535 11411 10
11039 47693 11
13382 23841 11
34287 9081 11
9081 39102 6
39102 13363 7
39102 41038 10
41926 32475 11
32475 11011 10
11011 1268 9
1268 7241 11
7241 1953 6
16928 9686 12
9686 21321 3
21321 39429 6
39429 25599 1
17271 807 12
807 1995 4
807 23059 4
1995 26218 9
807 28790 11
1995 21296 11
21296 46141 7
46141 6636 5
21609 40703 12
40703 11866 4
40703 8907 5
8907 6538 11
6538 11747 1
6538 49680 1
49680 14566 8
8907 2417 12
2417 12491 5
2417 49423 6
49423 22200 4
2417 20929 10
20929 16298 2
16298 19062 9
19062 48568 9
2417 44778 10
44778 17584 3
17584 2313 2
17584 48430 6
48430 43414 2
48430 1700 5
43414 28541 8
28541 41251 8
41251 45168 1
17584 40202 10
41251 8247 10
8247 6967 3
48430 38179 10
16298 27230 11
27230 18130 1
27230 5774 9
5774 7034 11
1700 4787 12
4787 5397 1
17584 47000 12
19062 11303 12
21609 43104 12
23658 4912 12
4912 12957 9
12957 27083 1
27083 42735 3
27083 11806 4
42735 42668 8
42668 48739 1
11806 21538 9
12957 15780 9
42735 26464 9
11806 8729 10
8729 30415 8
30415 47756 7
47756 12730 3
12730 7719 7
7719 13963 1
7719 3314 3
3314 45383 3
7719 33512 3
47756 18609 7
7719 28190 9
45383 587 9
587 27334 4
7719 7335 11
27083 20043 11
27334 2066 11
7335 18513 12
38508 22539 12
22539 14983 9
22539 31882 10
31882 3720 3
31882 8024 5
8024 2001 3
2001 47605 6
2001 23436 7
23436 9517 11
9517 6738 2
6738 29298 9
29298 35273 5
29298 40097 6
40097 25880 5
47605 36461 11
6738 37285 12
39429 9352 12
46141 16445 12
16445 27034 12
1268 13574 13
2066 23315 13
23315 46495 2
46495 35421 4
35421 16401 6
16401 33044 3
33044 30653 1
16401 26890 11
16401 31417 12
31417 46964 6
46964 12520 7
31417 13549 8
30653 3424 12
3424 14009 6
3424 4733 8
4787 6744 13
6744 2640 1
2640 29484 7
29484 10073 9
10073 12955 2
10073 27590 8
27590 7583 3
10073 14141 9
14141 46089 4
14141 5557 5
5557 12173 1
12173 11711 4
14141 43965 5
11711 11653 10
11711 2044 11
2044 16588 4
16588 34085 7
16588 11169 8
27590 13324 11
11653 2099 12
2099 49744 2
2099 32499 4
2099 34106 7
34106 49863 1
34106 16240 5
32499 14434 8
14434 18526 7
14434 15809 10
15809 48162 11
48162 46692 7
46692 20389 2
20389 9477 6
32499 30496 11
30496 23615 5
23615 2284 7
2099 3030 13
8024 9962 13
9962 20206 1
9962 24468 1
9962 23014 3
9962 24654 4
24468 8 6
8 1321 1
8 5937 6
23014 4777 7
4777 29490 5
4777 2760 7
23014 3535 9
2760 27662 10
27662 6352 4
27662 40199 4
40199 48755 2
48755 39174 5
6352 11072 8
11072 20907 4
20907 29230 6
20907 989 8
989 46382 5
46382 4471 3
4471 37008 4
989 9967 8
989 46566 9
46566 34033 1
46566 11294 2
34033 37229 3
37229 49587 1
46566 30784 4
30784 38601 6
38601 21303 5
21303 37095 6
37095 10933 3
10933 31664 2
49587 33362 6
10933 14247 7
10933 15657 7
15657 48284 7
14247 3692 8
3692 13769 6
33362 32644 9
32644 39844 2
39844 42704 4
32644 8189 7
33362 41397 9
41397 5038 4
5038 3309 5
5038 48626 5
3309 40659 7
31664 5237 10
5237 10776 4
5237 11582 5
10776 747 5
10776 5405 6
5405 14745 2
5405 1786 3
1786 34524 4
5405 12078 8
12078 6860 3
6860 39585 3
10776 6204 8
6204 23743 5
23743 15759 2
23743 27765 6
23743 34084 7
11582 15552 8
15552 31478 5
15552 32535 7
32535 15031 3
15031 4103 6
4103 1998 1
4103 42255 5
42255 30392 1
30392 16372 2
16372 40582 4
15031 7003 6
42255 36346 6
4103 20930 7
20930 8817 4
20930 45550 4
4103 22977 7
22977 19845 3
14745 38070 8
15759 31386 8
5405 9073 9
8817 8611 9
8611 7647 8
7647 41070 1
30392 26500 9
30392 49206 9
4103 40196 10
40196 18780 7
18780 12526 8
5237 23443 10
9073 33010 10
33010 4349 5
4349 48045 1
48045 46349 2
48045 1306 3
1306 18521 7
33010 16777 8
16777 24791 6
46349 47093 8
1306 9551 9
9551 43633 7
43633 3776 7
1306 38339 9
38339 45226 8
45226 46306 4
27765 31144 10
31386 19339 10
19339 15260 3
15260 794 4
794 23855 7
794 24025 8
40582 9357 10
9357 16305 7
16305 12983 1
16305 21691 3
21691 43366 6
43366 46564 1
9357 19069 7
19069 37237 10
19069 37238 10
37238 28689 7
40659 45371 10
1998 22393 11
6352 30526 11
15260 18082 11
15759 34003 11
34003 29388 9
29388 49462 1
29388 2679 6
2679 1290 5
1290 24269 5
1290 28243 7
28243 27057 3
1290 39512 7
28243 1392 8
24269 30088 9
30088 20019 7
20019 15361 4
30088 27770 7
27057 47239 9
15361 20625 10
20625 9052 9
9052 39184 3
9052 10228 4
1392 1366 11
1366 3010 1
3010 43362 4
43362 13290 10
13290 19417 5
15759 49530 11
49530 37924 8
37924 43382 1
19339 46264 11
46264 21644 5
21644 12990 10
23743 21146 11
21146 10606 4
21146 23009 4
23009 145 1
145 269 4
269 1320 5
24791 44474 11
26500 47476 11
29388 35082 11
31386 49526 11
49526 27288 9
27288 15296 5
27288 19183 8
15296 43312 11
43633 34073 11
47239 13229 11
13229 20512 2
20512 34191 1
13229 9475 11
9475 43797 1
9475 7313 3
9475 17316 9
8 42024 12
42024 35239 1
35239 24440 1
42024 45427 2
35239 17650 6
45427 25230 7
25230 17342 2
25230 9387 8
9387 9911 5
9911 16615 1
9911 39326 4
9911 40820 4
16615 11578 5
17650 28179 9
35239 16959 9
35239 24623 9
35239 39977 9
17342 1008 10
1008 40894 8
1008 18494 9
40894 32540 10
32540 45719 1
32540 5791 2
5791 3374 9
24440 19989 11
40820 3733 11
1321 3295 12
3295 44042 2
3374 10958 12
10958 47414 3
10958 48698 3
47414 17232 3
5405 14755 12
7313 25166 12
25166 8453 1
8453 20928 8
25166 48904 11
48904 49096 2
48904 18619 5
18619 26018 2
49096 16339 5
49096 46767 5
46767 49100 5
26018 42310 7
42310 37522 1
26018 25210 9
18619 27459 11
8817 36784 12
9475 42709 12
42709 22962 8
22962 42468 11
42468 18724 7
9475 44315 12
44315 4044 9
10933 15602 12
14745 20361 12
20361 18177 3
18177 16641 1
18177 39191 1
18177 45991 3
39191 49141 5
14755 44760 12
16339 10486 12
10486 18697 1
18697 49330 8
16339 42379 12
16777 9251 12
18494 41226 12
41226 31556 8
31556 706 9
706 14106 10
706 26525 10
23009 25918 12
24025 38208 12
24025 42752 12
30526 28233 12
45427 14095 12
14095 9806 11
9806 1650 10
1650 3076 2
1650 20870 3
1650 1975 10
1650 273 12
273 660 2
1008 13194 13
13194 9471 10
9471 18831 1
9471 693 4
693 31125 3
31125 30536 6
30536 4359 2
4359 17706 3
17706 46718 1
46718 11244 7
2679 7792 13
5937 14715 13
14715 21470 2
21470 23868 1
14715 27291 3
23868 20414 10
7647 6998 13
9052 4918 13
4918 22600 1
4918 45596 2
45596 11491 3
11491 45142 7
45142 17461 1
4918 36360 9
36360 35131 8
11491 2754 9
2754 7663 4
7663 12393 12
11491 7711 12
7711 20102 8
20102 26387 2
20102 35611 4
35611 22148 8
12393 42084 12
22600 48292 12
48292 12042 2
12042 31767 1
12042 25146 2
31767 25861 6
25146 22525 7
22525 16173 8
45142 40030 12
4918 41545 13
41545 48352 8
41545 34773 11
48352 11672 11
11672 36028 1
48352 49727 11
49727 38173 4
38173 11098 3
38173 44926 4
11098 37290 5
37290 12893 5
37290 42329 7
12893 40785 10
42329 18134 10
48352 30043 12
9471 49352 13
11169 43705 13
43705 19386 10
19386 11699 2
11699 31608 2
31608 25168 4
25168 14071 4
11699 27002 5
11699 22374 8
22374 41817 9
25168 10991 11
11623 41838 13
41838 18428 8
11699 31596 13
11711 14845 13
14845 31469 2
14845 45037 2
14845 6337 3
6337 41702 5
41702 31911 7
6337 7100 8
7100 36107 8
14845 33622 10
6337 9507 11
36107 14184 11
12955 2177 13
2177 1980 1
2177 41165 5
12983 34385 13
15809 5030 13
18177 8201 13
8201 26453 3
26453 16486 8
16486 25354 10
25354 38063 6
38063 27139 4
38063 11067 7
11067 6267 1
6267 2239 2
11067 42526 6
11067 24651 7
11067 36428 7
25354 3077 10
3077 36661 4
36661 42581 5
3077 37349 6
36661 30524 8
30524 3238 6
30524 28652 8
28652 15694 6
15694 8673 5
37349 29606 10
36428 17529 11
17529 220 11
220 51 3
220 38338 8
51 36068 10
38338 36605 10
220 32 11
32 20125 11
20125 34077 1
34077 28279 10
17529 17661 11
17661 30136 4
17661 4455 10
28279 19 11
19 5480 3
19 10 11
10 15 1
10 28298 1
15 224 3
10 2168 6
2168 13785 4
13785 17481 2
2168 34840 10
15 3221 11
3221 4146 4
2168 14609 11
4146 49108 11
28298 27470 11
8673 1628 12
1628 777 8
14609 18253 12
14609 35475 12
35475 24316 7
15694 16097 12
38338 6158 12
42581 39449 12
3077 495 13
495 39518 7
39518 21412 2
21412 28706 1
39518 43 3
43 14578 11
21412 46319 11
46319 40285 5
46319 13644 8
46319 1203 9
6267 11831 13
16486 29423 13
29423 36088 1
29423 11028 9
29423 33900 12
33900 8580 2
8580 28808 7
28808 29634 1
28808 1052 6
1052 128 9
1052 47244 13
17529 7732 13
18428 6849 13
6849 40518 2
40518 2008 1
2008 2380 1
40518 42669 3
40518 33553 6
33553 33058 2
40518 42921 7
33058 43564 9
43564 15245 9
33553 44455 10
44455 39200 10
6849 23941 12
18428 32399 13
32399 12256 4
18609 8522 13
8522 35960 4
8522 4887 6
20043 28118 13
28118 47156 3
47156 17889 1
17889 28986 3
47156 47868 8
47868 10037 3
10037 3248 3
3248 28901 13
20361 34452 13
34452 46098 6
46098 9315 5
46098 6730 6
6730 36543 5
34452 32478 10
32478 48290 2
32478 20660 8
32478 774 10
6730 22406 12
22406 27205 1
9315 2660 12
20660 49800 13
23436 48054 13
23941 14004 13
14004 13739 3
13739 3977 4
3977 4738 5
14004 46780 5
3977 33196 7
33196 47537 2
33196 47337 12
24791 10903 13
24791 44688 13
44688 44362 2
44362 17919 5
17919 10748 7
44688 18746 8
18746 28011 9
17919 4081 11
4081 48532 3
4081 38760 7
4081 47205 7
47205 6504 1
6504 28657 3
28657 3336 2
28657 30348 4
48532 3171 7
3171 4184 2
3171 22663 7
22663 19912 2
3171 4165 8
3336 6912 9
6912 28886 3
6912 24717 10
24717 15512 7
24717 25348 7
6912 48256 11
48256 24846 11
24846 47950 7
47950 37024 6
24846 29093 8
29093 32113 9
28011 39479 12
39479 12498 5
3171 34640 13
24886 17619 13
25348 24476 13
27205 38577 13
27555 48531 13
27662 37397 13
37397 19814 11
28706 47998 13
47998 16263 2
47998 29710 2
16263 34525 8
30348 10365 13
10365 2495 12
2495 6233 2
10365 40817 12
31356 42131 13
42131 18998 4
18998 34007 1
34007 20591 4
20591 805 3
805 646 5
805 44446 11
44446 12840 1
12840 47846 9
47846 1044 5
1044 8121 7
8121 9646 1
8121 48361 10
34007 3675 12
48361 17513 12
20591 39466 13
20591 44878 13
44878 24774 1
44878 38438 1
38438 29081 1
38438 46949 9
46949 37483 1
37483 38271 6
37483 38820 9
24774 32750 11
38820 19949 12
19949 1660 9
31386 10758 13
10758 23408 2
10758 43637 12
32113 40800 13
40800 21152 10
21152 26662 11
32399 34250 13
34250 33873 10
34073 14166 13
35131 8382 13
8382 16868 2
8382 19405 4
19405 48408 4
48408 8808 3
8808 45937 1
19405 16104 6
16104 9347 4
9347 6165 4
16104 17061 8
6165 35233 9
16868 11090 9
17061 40343 10
40343 20692 1
8808 26681 11
26681 1993 5
26681 21061 6
1993 15185 7
21061 46170 10
40343 1093 12
1093 7377 13
1093 23072 13
8808 1137 13
19405 26205 13
26205 21314 3
21314 17073 4
26205 40601 11
35273 15415 13
15415 10802 3
10802 48784 1
10802 10221 4
36346 38713 13
38713 48331 12
48331 21401 12
21401 553 9
553 22669 5
40097 14386 13
44042 33261 13
33261 39599 3
33261 31039 13
44474 4894 13
4894 19170 3
19170 35536 3
4894 26041 5
26041 42139 2
42139 22595 4
22595 49078 2
19170 35172 5
35536 46584 5
46584 44116 5
4894 2367 6
2367 2712 6
2712 4278 1
4894 8502 6
26041 2800 7
35172 38229 7
2800 1773 8
1773 277 4
277 36251 2
277 853 4
853 23754 5
23754 37876 1
37876 20022 4
37876 47955 7
47955 31681 2
31681 48611 1
48611 47521 3
277 1107 8
1107 1735 4
1735 24765 7
24765 48883 5
853 22980 8
1735 16689 8
26041 38979 8
1107 11576 9
11576 22733 5
22733 14635 3
11576 29289 7
29289 22405 5
22405 19176 7
19176 3126 2
3126 407 1
407 7156 8
7156 10496 1
7156 39993 1
10496 31409 2
7156 46257 3
10496 40432 4
39993 3206 4
3206 15457 4
3206 24862 4
15457 19473 4
19473 27569 5
27569 68 4
68 10135 3
10135 4470 6
10496 39071 6
39071 34804 2
10496 24786 8
2367 15133 9
4470 29485 9
31409 27781 9
27781 43701 1
4278 737 10
737 1287 2
7156 35180 10
35180 25769 4
15133 7138 10
7138 40838 6
16689 44788 10
44788 28787 8
28787 27408 3
27408 37184 3
22595 29252 10
24786 6938 10
35536 16634 10
16634 30333 7
30333 33420 5
33420 7128 1
7128 656 3
656 12237 5
33420 24749 6
12237 21532 8
7128 42615 9
42615 44162 2
44162 32650 6
42615 34578 7
7128 10943 10
10943 37386 10
21532 11451 10
46257 49733 10
68 35156 11
7128 7918 11
7918 2331 2
2331 120 1
120 6229 1
16634 8327 11
27569 30825 11
30825 437 1
30825 28902 7
28902 17703 9
28787 7348 11
7348 2943 8
2943 39036 6
39036 38096 5
31681 44985 11
44985 26665 5
26665 35596 8
40838 1934 11
68 44466 12
44466 6235 1
6235 19382 5
19382 47003 9
1107 30108 12
30108 28088 4
1287 882 12
882 42485 5
42485 13140 3
882 4590 8
1287 2466 12
2466 9616 2
9616 26772 2
2466 7494 6
26772 11057 9
7494 44951 10
44951 48757 2
48757 25172 10
25172 23976 6
23976 36914 4
2466 31383 12
2712 22245 12
13140 88 12
88 255 7
255 264 3
264 10656 2
10656 9612 3
9612 10889 3
10889 5886 3
264 562 4
562 13032 4
13032 17393 4
5886 6674 5
10656 888 5
255 6596 6
6596 13007 1
10889 10232 9
255 16119 10
16119 9794 3
9794 6552 3
9794 17258 5
17258 2839 1
2839 3564 3
3564 35553 2
9794 32748 7
888 10449 10
10449 15015 1
15015 29764 8
88 44127 11
6674 26737 11
10449 8598 11
13032 21850 11
21850 18154 7
18154 20458 1
18154 41077 8
41077 15119 4
18154 23449 9
23449 15763 7
15763 30843 9
30843 22277 1
17393 23183 11
22277 30771 11
41077 46303 11
44127 7173 11
13007 48484 12
17703 3034 12
17703 7629 12
17703 38117 12
22277 1452 12
1452 1609 10
24765 17286 12
17286 11784 4
17286 31316 12
31316 4880 8
31316 40737 11
40737 32459 8
32459 30253 8
30253 9601 2
9601 41423 3
30253 31988 5
31988 49597 4
31988 45892 5
45892 7746 2
7746 28938 7
28938 46915 5
49597 26921 8
26921 49603 6
26921 27189 8
46915 13958 9
13958 17365 3
17365 16544 6
16544 40327 5
49597 22394 9
22394 17457 10
17457 28152 5
28152 38233 1
17457 36245 6
36245 21511 1
28152 17358 7
38233 40935 7
28152 9377 8
9377 6064 3
9377 40848 3
9377 23167 4
6064 45120 8
23167 1009 9
1009 4360 2
45120 11689 9
11689 32571 10
32571 3028 6
38233 36239 10
36239 35476 2
41423 45840 10
45840 31993 1
45840 11962 8
45840 44409 8
44409 25612 1
25612 16565 3
44409 26173 3
25612 23690 4
23690 33947 3
33947 28814 1
16565 38301 8
25612 24066 9
24066 11961 1
24066 37439 1
24066 9488 4
25612 43446 9
17365 39296 11
40737 39405 11
39405 7366 1
39405 23863 4
9488 833 12
833 39229 1
833 5331 4
5331 33626 1
39229 46461 7
39229 42194 9
42194 27417 9
27417 23070 1
27417 5364 2
27417 20300 2
27417 41969 3
20300 14245 5
5364 46839 7
27417 47439 8
47439 25301 1
25301 16264 6
47439 37818 7
16264 36218 9
20300 12947 9
12947 20075 1
14245 14036 10
14036 12711 2
14036 26291 2
26291 3461 1
3461 29245 4
12711 26680 6
26680 43533 1
26680 2651 2
14036 5065 7
47439 47118 10
47118 16029 6
16029 37130 9
37130 34580 11
34580 17474 4
17474 12429 1
12429 15623 5
12429 37011 7
34580 41916 8
37011 2875 8
2875 230 6
230 3124 6
25172 10886 12
10886 32410 2
10886 29467 5
29467 39548 7
32410 43807 10
43807 6939 8
6939 16492 10
16492 6598 3
6598 38816 5
6598 40694 8
6598 1821 11
1821 7106 2
7106 16241 8
32410 31056 12
32459 37812 12
37812 4502 5
4502 6703 5
33947 40360 12
40360 37015 8
35172 49237 12
38816 41871 12
38979 26037 12
26037 18861 3
18861 37071 10
37071 9825 6
9825 31283 11
31283 34046 6
34046 44755 3
44755 39375 2
39375 36036 3
44755 733 6
36036 48977 7
48977 27209 5
39375 2848 7
2848 41725 3
41725 31640 1
31640 30904 4
48977 33390 7
34046 7196 9
7196 14931 5
14931 4694 3
4694 5121 6
4694 5376 7
5376 49568 1
5376 31800 7
31800 4944 6
7196 19686 7
49568 2109 7
2109 1938 2
2109 7509 4
1938 2141 11
2141 6306 2
6306 45087 8
45087 40045 7
40045 38468 1
6306 35396 9
35396 11268 1
35396 8118 6
8118 22873 3
8118 4187 10
4187 48369 5
2109 30287 11
38468 32101 11
32101 9107 8
9107 3351 6
3351 46245 4
733 1190 12
1190 15162 4
5376 11931 12
30287 34703 12
34703 28997 2
28997 344 8
344 22173 2
34703 10018 8
10018 27183 4
10018 3765 6
3765 45981 4
3765 31022 8
28997 46868 9
45981 24287 10
344 48160 12
22173 16084 12
38979 37146 12
37146 47073 12
47073 1417 9
1417 22068 1
22068 9942 10
45981 3068 12
48369 18303 12
18303 45781 7
45781 43360 1
43360 33611 8
33611 5127 8
5127 24663 4
5127 30129 4
24663 6410 4
6410 4043 2
4043 15977 4
30129 8924 7
33611 16410 9
1609 10624 13
10624 25316 2
10624 16238 4
16238 10730 3
16238 27850 7
27850 40080 1
27850 5178 6
5178 3450 11
6229 1727 13
1727 42880 6
42880 15485 5
15485 8741 8
6598 48315 13
7509 20601 13
9107 33110 13
13958 41906 13
41906 32601 5
14635 12363 13
12363 22430 7
12363 4849 10
12363 10107 12
14635 34389 13
15457 4357 13
17286 9213 13
19176 11036 13
11036 43710 6
43710 6082 4
6082 12386 6
11036 31564 8
31564 6581 3
31564 21439 6
31564 46667 7
46667 24080 5
31564 17731 9
17731 39061 8
39061 3557 5
19176 25442 13
19686 14021 13
14021 37247 13
37247 18504 4
18504 4990 13
4990 10633 13
20458 19157 13
25301 39970 13
26173 12941 13
12941 48606 2
32650 36230 13
36230 2690 6
36230 29109 6
36218 39799 13
39799 34871 1
34871 34531 4
39799 16528 11
37130 23226 13
39036 46359 13
39036 47946 13
47946 27502 2
27502 10911 12
10911 29316 10
29316 7345 11
7345 12300 5
29316 15378 11
15378 18514 12
18514 32734 9
12300 26909 13
26909 3660 4
3660 47371 6
47371 37615 1
37615 45088 11
3660 36008 12
47371 7161 12
7161 5789 10
12300 44453 13
44453 33318 6
33318 10892 7
10892 1864 9
1864 5350 2
5350 11939 8
1864 43595 9
29316 26565 13
26565 49728 5
49728 25700 1
49728 28125 4
28125 18716 2
28125 6764 11
6764 12626 5
6764 17708 5
6764 7544 8
12626 10438 11
28125 16319 12
16319 3858 2
3858 27173 2
3858 34295 9
16319 36804 10
34295 11429 10
11429 49375 4
49375 13262 5
16319 33942 13
33942 27284 8
39071 20915 13
20915 31126 1
20915 49907 9
39375 22986 13
22986 38189 7
38189 19846 12
40935 5162 13
5162 4938 8
43446 15085 13
15085 8769 2
15085 7720 7
8769 29780 13
43533 21068 13
45781 1336 13
1336 25543 1
1336 10412 7
45781 45308 13
45308 37608 3
37608 32163 6
32163 27752 5
27752 5750 7
5750 16469 4
5750 19625 12
16469 31521 12
46692 8698 13
48054 32293 13
32293 21954 2
32293 1974 7
32293 34396 8
34396 24159 4
24159 18019 2
34396 18369 6
18019 14731 9
18369 22051 9
22051 16274 7
24159 13899 10
13899 10038 5
10038 36485 6
1974 1041 11
22051 16979 11
13899 35482 12
35482 39450 5
16274 35192 12
35192 13775 3
13775 15939 8
48315 42082 13
42082 28969 1
28969 40614 1
40614 6245 3
42082 34463 7
6245 48245 8
48430 17575 13
17575 23016 12
23016 47406 3
23016 14938 9
14938 4021 5
14938 24874 10
24874 3143 4
3143 1540 2
1540 8330 1
8330 44610 3
1540 824 5
824 25112 1
824 13169 5
3143 30179 5
8330 29964 5
24874 9960 5
24874 12885 5
12885 7606 4
13169 4806 6
4806 11095 3
4806 19528 3
9960 36368 7
24874 41033 7
41033 8365 7
8365 19860 4
824 9595 8
9595 26230 3
9595 38042 5
38042 14406 7
9595 38185 8
3143 6782 9
6782 31209 7
4806 31025 9
31025 14652 6
14652 848 8
848 22671 4
22671 3771 2
3771 32450 3
848 44427 5
32450 32100 6
32450 11471 8
848 45676 9
11095 28151 9
28151 27199 2
27199 16191 3
16191 20958 6
27199 35056 8
35056 39810 7
14406 28796 9
28796 20268 4
14652 6366 9
6366 28119 3
28119 758 2
758 8565 2
6366 1465 5
1465 38204 2
6366 9537 5
758 1258 7
1258 12680 2
19528 5166 9
5166 37835 5
37835 29365 8
29365 17637 3
19528 31547 9
31209 9813 9
9813 4799 7
4799 12416 8
12416 28563 2
32100 20085 9
1540 8459 10
17637 21670 10
20268 4607 10
4607 18305 9
22671 926 10
926 37141 10
32100 11106 10
32100 36888 10
36888 47473 2
36888 38168 4
38168 21864 7
21864 38239 4
38185 23832 10
23832 43365 4
43365 23819 2
43365 14516 9
38204 41499 10
14938 46055 11
19528 15089 11
20085 14470 11
28119 11217 11
11217 27218 4
44610 34111 11
15089 42803 12
42803 7482 4
7482 47574 3
28151 31254 12
31254 13866 4
31254 34168 5
13866 31856 8
13866 30929 9
38239 23539 12
23539 28740 4
28740 48239 10
5166 1471 13
1471 46508 13
6782 3344 13
3344 17203 6
19860 18151 13
23819 17928 13
17928 15182 11
15182 44224 3
17928 19004 12
19004 17662 10
28119 42463 13
30179 22280 13
22280 29492 12
29492 3330 2
3330 27721 3
3330 12515 10
12515 40033 6
40033 25830 3
25830 20739 5
20739 43033 5
3330 32235 10
32235 2524 3
2524 12317 3
12317 10399 3
12317 22163 3
12317 15090 5
15090 32299 3
10399 22574 9
22163 2059 9
22574 16828 10
16828 35909 2
35909 33007 5
16828 37795 6
35909 44810 9
27721 48016 10
22163 44899 12
31209 19745 13
19745 26668 9
37141 36650 13
44810 17911 13
17911 36780 3
36780 40031 6
36780 34674 7
36780 41492 9
41492 33855 8
46508 18617 13
18617 14770 5
14770 19233 5
18617 20443 7
20443 47372 4
20443 48401 6
18617 24355 8
18617 19641 13
48611 23621 13
23621 46972 10
23621 15935 13
15935 10841 2
10841 7164 4
7164 1335 13
1335 185 3
1335 5994 12
5994 25342 11
7164 35251 13
35251 28985 3
35251 10808 7
35251 15317 8
15317 37674 10
37674 13418 7
10808 20232 11
20232 49730 5
49730 2990 5
13418 49944 11
49944 15586 3
15586 6677 3
6677 45092 2
6677 3969 3
6677 37359 3
15586 20923 7
45092 4842 8
4842 49490 4
49490 46703 1
49944 37298 8
37298 13663 4
37359 21605 9
21605 39277 7
39277 37173 5
37173 31852 4
20923 17137 10
17137 572 1
572 17221 2
17221 3919 7
572 45984 11
4842 285 12
285 1042 2
285 48664 12
10808 34805 12
34805 30282 10
30282 31619 9
37359 40884 12
37674 19250 12
3919 7579 13
7579 33969 1
33969 43936 1
15317 33372 13
33372 21101 4
33372 36513 7
45984 4106 13
4106 27005 9
27005 11880 3
11880 6717 4
4106 38355 12
48611 48825 13
48825 28705 12
28705 26666 5
49206 3382 13
3382 27597 13
27597 34915 4
34915 35037 2
35037 30724 6
30724 39567 1
49375 20957 13
49423 26225 13
49462 36846 13
49730 46568 13
46568 48362 11
48362 26918 8
46568 14379 13
14379 28041 10
28041 2291 5
2291 22040 3
22040 46753 4
46753 27175 1
28041 46802 6
46802 20373 5
20373 27925 4
46802 42843 6
46753 46743 11
46743 35520 3
35520 16780 4
16780 9450 4
35520 1440 5
35520 4583 5
4583 205 2
9450 21851 9
21851 35920 7
35920 27911 6
27911 30304 9
30304 31414 9
31414 20918 7
1440 1470 10
1470 12967 3
1470 46615 5
12967 2161 5
46615 8102 6
1440 16311 10
16311 10410 2
16311 42551 2
42551 42900 6
20918 9691 12
28041 46004 12
46802 42012 12
21851 13291 13
30304 37527 13
19 20 14
20 71 2
71 534 11
534 46241 7
51 6620 14
6620 2328 4
2328 19096 2
6620 12774 4
12774 42920 4
42920 31891 2
31891 48435 1
31891 14332 3
6620 26862 6
42920 4162 9
4162 25459 4
6620 24913 11
31891 9407 13
9407 17275 6
9407 21750 10
21750 33822 5
68 2140 14
2140 49675 11
49675 45724 4
45724 19612 5
19612 47673 5
47673 32229 9
32229 34344 10
49675 40241 13
128 1006 14
1006 18441 8
18441 5280 5
5280 46588 7
46588 11080 1
11080 42117 1
18441 2263 12
2263 14615 1
14615 22537 3
2263 25140 5
14615 12673 5
12673 27366 5
12673 26635 6
26635 41089 5
41089 9770 1
9770 13518 2
2263 23869 7
9770 9384 7
13518 8426 7
23869 1192 7
1192 485 7
1192 1989 7
9384 12280 8
14615 15391 9
22537 47896 9
2263 14 10
14 1781 1
14 99 9
99 984 3
13518 17862 10
23869 31713 10
1989 24569 11
24569 15538 6
15538 10541 4
10541 12116 2
10541 36866 6
24569 41907 8
41907 12712 5
12712 25200 4
12712 28261 7
25200 2428 8
2428 22810 5
2428 26071 6
26071 7779 7
47896 7753 11
7753 6940 11
6940 3767 8
3767 31320 11
31320 41474 4
41474 47453 4
47453 8569 4
47453 22972 5
8569 26915 7
26915 35168 6
35168 48278 4
48278 414 5
414 10462 4
48278 21680 5
10462 24931 6
24931 8204 3
8204 17212 5
17212 14654 1
48278 40165 6
10462 11088 7
8204 22270 8
21680 28559 9
22972 18847 9
18847 9810 7
18847 46119 9
22972 40211 9
24931 44013 10
44013 36550 2
44013 6962 3
6962 38563 5
31320 14227 10
14227 18360 4
18360 38558 7
14654 14052 11
14052 46459 1
46459 36145 3
14052 22089 7
36145 11675 9
36145 45936 10
45936 11987 1
11987 35419 1
28559 38637 11
36550 33519 11
33519 27823 8
27823 6945 3
27823 29566 3
29566 36506 8
36506 6943 2
6943 2344 3
6943 27070 4
29566 36853 8
2344 14029 10
14029 22935 10
36853 43767 10
2344 26168 11
14029 7960 11
6943 11307 12
11307 22154 3
14029 24109 12
24109 11785 9
17212 796 12
796 23481 8
23481 46074 9
46074 15810 3
15810 44667 10
23481 5511 10
5511 31526 2
5511 17863 4
5511 31423 5
31423 47855 2
31423 32892 8
32892 38099 7
32892 21424 10
21424 22016 6
22016 24525 5
24525 43896 11
31423 1755 11
46074 9866 11
17863 28686 12
23481 17777 12
17777 11566 8
28559 18792 12
18792 12310 6
1989 4064 13
4064 39387 8
2263 33685 13
33685 42407 12
42407 17795 11
2428 7379 13
7379 28923 3
28923 12981 1
28923 28278 11
28278 30624 2
28278 45519 6
30624 19450 11
19450 40536 10
40536 20942 7
3767 16595 13
16595 18762 9
8426 30627 13
30627 31399 2
30627 9820 3
30627 42412 3
42412 37960 1
30627 44060 4
31399 7000 9
7000 36390 2
36390 3522 3
3522 3278 12
3278 13881 6
13881 1166 1
13881 25102 12
36390 20287 12
20287 34819 1
34819 2149 7
2149 22367 2
2149 37035 4
2149 11385 7
11385 9044 6
9044 26062 3
26062 28293 2
28293 49873 3
49873 17213 3
26062 36100 4
36100 9027 5
9027 2439 2
17213 14757 9
14757 3562 2
14757 1259 5
1259 4566 1
3562 49403 9
20287 31268 9
31268 9811 10
9811 16112 5
1259 850 12
850 4981 11
4981 906 3
36100 15529 12
15529 5470 10
36100 37122 12
37122 23333 1
23333 14290 1
37122 2072 3
37122 34269 9
2072 36475 10
14290 6520 12
6520 41625 1
2072 5416 13
5416 13102 4
5416 31432 5
31432 35094 6
2439 23521 13
23521 7518 11
4981 16799 13
5416 9697 13
9697 33896 5
33896 44085 6
44085 29565 5
29565 12175 9
12175 24331 8
44085 34590 12
34590 14239 1
14239 14210 3
34590 43830 7
43830 21694 7
21694 35853 1
34590 42071 8
42071 46784 2
42071 25562 4
35853 34648 8
43830 14412 9
14412 47402 1
14412 23374 5
23374 47391 11
47391 35362 3
14210 34617 12
34648 26787 12
42071 47839 12
9770 658 13
658 1311 4
1311 46590 1
1311 41789 7
41789 27082 1
41789 22743 5
22743 227 10
658 33034 11
22743 26148 11
26148 23155 6
23155 19880 10
19880 1693 3
19880 16093 3
16093 1171 1
16093 45785 3
1171 47350 7
19880 29103 9
29103 34637 5
1693 26513 10
26513 20304 8
20304 42196 3
20304 10483 4
20304 27361 5
27361 3816 3
3816 5094 7
42196 7166 8
3816 8125 9
8125 37917 2
42196 32462 9
32462 46551 6
46551 41569 2
41569 6288 3
41569 37628 3
37628 27621 6
6288 48966 7
41789 15144 11
227 31785 12
15144 15728 12
15728 44795 1
44795 3376 2
44795 32802 2
32802 1245 5
1245 4373 5
1245 1314 7
32802 7833 8
7833 13849 8
1314 16648 9
16648 13934 1
13934 7435 5
7435 48929 3
7435 42617 7
44795 13946 9
7435 35750 11
35750 9647 8
35750 15228 8
4373 11292 12
11292 38288 2
11292 18604 7
18604 18438 1
38288 8723 12
8723 20052 9
20052 16695 5
20052 15383 6
42617 39881 12
39881 18599 6
18599 26499 10
18599 41979 10
7435 20805 13
20805 8797 4
7833 13058 13
8723 48066 13
48066 44142 5
44142 35086 4
10483 37755 13
13946 22332 13
22332 49676 3
49676 11369 2
22332 33458 6
33458 16890 10
16890 29911 6
29911 44522 10
33458 48783 10
44522 7442 10
7442 48231 4
48231 13037 2
44522 48345 11
48345 399 3
11369 7976 12
7976 10597 5
7976 36601 12
36601 17922 4
14654 41584 13
15529 4936 13
4936 816 11
816 42415 1
42415 38493 6
816 1710 9
38493 2996 9
42415 8831 10
8831 42650 9
42650 2477 7
2477 41982 9
1710 18121 13
18121 26014 4
1710 25864 13
25864 32413 10
16695 38013 13
20287 6701 13
22089 18462 13
18462 4153 1
18462 1055 5
1055 21707 5
4153 9779 6
9779 31632 4
1055 25885 7
25885 13480 8
13480 9029 5
9029 42590 2
42590 43963 1
13480 26318 6
26318 12652 1
12652 36911 2
12652 46619 5
26318 6452 8
6452 46439 2
18462 33317 9
1055 2371 11
2371 45566 2
45566 18363 10
1055 24638 11
24638 45761 1
9029 7347 11
12652 22690 11
25885 34219 11
34219 43664 5
36911 20049 11
45761 4860 11
4860 47768 9
9029 17740 12
17740 31950 1
31950 45713 4
45713 31489 3
31489 20492 5
31489 35936 5
12652 4839 12
17740 48629 12
20492 14408 12
14408 692 3
692 1331 3
1331 7093 1
7093 8407 5
1331 39796 10
39796 21650 7
21650 20056 4
20056 13699 3
39796 11147 8
13699 14511 9
14511 32072 10
32072 538 5
538 9955 4
9955 25142 5
25142 15819 5
15819 21196 8
21196 21925 10
21925 6322 1
538 212 11
212 4776 1
212 41192 2
538 29033 12
29033 6463 7
13699 9309 12
9309 34305 7
34305 15503 3
9309 10566 8
10566 43894 11
14408 15556 12
15556 11673 11
25885 7956 12
43963 41500 12
2371 24037 13
4860 160 13
6322 26912 13
26912 36373 5
36373 20089 5
13699 36005 13
14408 45922 13
23333 27727 13
24109 10957 13
10957 16479 9
16479 1318 11
1318 26910 6
26910 40279 3
26910 47945 4
47945 34879 5
40279 34346 11
25885 25262 13
26071 30883 13
30883 35024 9
28278 1546 13
1546 8918 9
8918 9121 10
9121 40005 3
8918 31406 10
31406 13377 6
13377 44015 8
13377 27435 9
1546 1276 11
1276 7209 4
7209 12732 4
7209 1620 11
44015 6565 11
6565 12486 9
12486 3235 9
12732 10121 13
10121 3426 7
3426 43142 1
3426 7455 9
7455 17123 4
17123 12170 5
12170 48318 10
48318 552 6
48318 45580 8
552 2410 12
2410 47388 8
47388 26913 12
31268 17847 13
17847 41466 3
41466 41988 10
41988 7851 10
7851 40514 4
40514 10427 11
10427 11365 10
11365 10303 7
10427 47657 11
10303 14568 13
14568 35183 10
10427 1523 13
31268 24567 13
31785 29891 13
29891 21706 8
21706 43239 11
43239 31453 12
31453 2551 9
37917 4465 13
4465 29478 4
41988 4152 13
4152 10057 3
10057 38478 2
10057 20606 4
10057 4793 6
10057 28153 6
10057 29477 9
43664 21643 13
21643 7847 13
7847 39758 4
39758 29627 8
44795 34139 13
34139 2173 3
46590 23159 13
23159 23320 2
23159 46244 3
145 40118 14
40118 23039 8
23039 14068 8
14068 20392 6
14068 9468 7
9468 30714 6
30714 34553 10
34553 48727 6
34553 26855 7
26855 2094 1
26855 2329 8
2329 17618 1
17618 44169 9
44169 48661 1
44169 39819 5
39819 28531 11
185 121 14
121 49563 3
121 38180 10
224 5877 14
227 39345 14
39345 112 12
112 2726 8
2726 5440 7
2726 9966 7
2726 40640 8
112 12847 12
12847 26202 3
26202 40299 9
12847 2650 10
2650 22900 6
22900 10059 4
10059 31533 2
22900 45242 4
10059 8642 6
31533 5288 6
5288 24337 2
2650 16970 8
24337 13683 8
16970 44950 10
44950 42512 8
22900 34075 10
22900 4087 12
45242 6877 12
6877 49033 4
6877 9428 5
9428 41181 7
10059 21604 13
49033 16589 13
16589 42405 11
42405 22608 1
344 5887 14
562 32919 14
32919 48347 7
1052 28070 14
28070 30401 3
30401 46212 5
28070 33442 8
33442 8112 7
8112 806 1
8112 33979 4
33979 33294 8
33294 6927 5
33294 41828 5
41828 4983 7
4983 6895 3
46212 7546 9
33442 3578 10
3578 37164 6
6895 48185 13
8112 17910 13
1052 48150 14
48150 47639 8
47639 16210 9
16210 5544 13
1335 36679 14
1693 14360 14
1934 16951 14
16951 13871 5
16951 8296 10
1938 2548 14
2548 29985 2
2548 28622 13
2044 14730 14
14730 30142 3
30142 4316 3
4316 48972 3
30142 19277 13
19277 19815 3
2313 10048 14
2367 37644 14
37644 31213 3
31213 4155 5
4155 5938 1
4155 41083 1
4155 34255 4
34255 48997 5
5938 29486 6
48997 19275 7
4155 4012 8
31213 22158 8
29486 38494 9
4155 29872 10
29872 3656 1
29872 26651 5
3656 2621 6
2621 42473 5
37644 24948 12
41083 156 13
156 4392 3
156 19080 13
19080 3678 2
2660 2615 14
2615 16539 8
2615 2274 10
2274 49093 1
2274 1621 3
2274 28067 8
2274 6232 10
2615 26363 12
26363 46377 4
46377 37295 7
46377 31769 10
31769 27474 2
31769 15355 3
15355 49480 4
49093 47106 13
3077 1990 14
1990 10272 3
1990 16432 6
16432 36489 9
3171 13077 14
13077 4956 4
3450 43514 14
43514 16327 7
3660 4556 14
3678 47 14
47 35 14
3969 21473 14
4162 31476 14
31476 11017 6
4357 23991 14
4392 13941 14
4455 16325 14
16325 28823 7
4664 35963 14
35963 1414 10
1414 33093 9
33093 18289 7
18289 9995 4
18289 2185 5
2185 43209 5
43209 22073 1
2185 24231 7
24231 20061 5
22073 7189 7
24231 12996 8
7189 27492 11
12996 19908 11
19908 17180 7
27492 10750 11
10750 14159 2
14159 19842 1
14159 31149 8
18289 35261 12
19908 7321 12
7321 7172 7
7321 11263 12
11263 21565 1
21565 19287 1
11263 16166 9
16166 14679 6
21565 37867 11
37867 42632 7
37867 2265 8
2265 5918 5
5918 22421 2
2265 24300 8
5918 32484 12
32484 36323 2
22421 9093 12
24300 48513 12
2185 25510 13
25510 8917 3
8917 19876 5
25510 23910 9
19876 47351 10
47351 16915 2
16915 40532 8
23910 3631 10
3631 7269 6
8917 10445 12
10445 27097 3
10445 8339 5
27097 36590 6
8339 3987 7
3987 27791 4
3987 11127 6
11127 15528 7
15528 8244 8
10445 21549 9
3987 5866 13
14159 34800 13
34800 27415 3
19842 44325 13
36590 44492 13
4776 43919 14
43919 20030 7
20030 32872 7
32872 22653 5
22653 44605 3
32872 43966 5
43966 3427 6
3427 41284 6
22653 9067 10
3427 15877 12
15877 31964 12
43966 8078 13
4839 1147 14
4842 3918 14
5237 5387 14
5387 35429 13
6912 7391 14
7391 19380 5
19380 664 8
664 917 7
917 24362 7
7241 18187 14
18187 14550 5
14550 32967 1
14550 353 2
32967 18287 3
18287 35976 4
353 4719 5
18187 18043 10
18043 9774 7
9774 2757 6
18287 18601 10
9774 45834 11
45834 23992 4
23992 28527 1
45834 18137 5
18137 44306 1
18137 16723 2
18137 6469 5
6469 47150 2
47150 38598 5
6469 22703 7
16723 24194 8
24194 1397 7
24194 24001 9
18187 30032 11
22703 21168 11
21168 28864 7
21168 14556 8
14556 22007 2
14556 17642 4
17642 24042 3
24042 2557 2
14556 2601 5
24042 43372 6
14556 10431 8
14556 23367 8
2601 11894 9
11894 11285 10
22007 3481 10
3481 10133 1
10133 47835 2
3481 42785 3
10133 21906 6
42785 19219 7
19219 32991 5
3481 4762 8
4762 17719 4
4762 28226 7
10133 2414 8
10133 13746 8
13746 13796 3
13746 42743 5
42743 2979 1
2979 1889 5
2979 23206 6
23206 29161 6
29161 38456 3
13746 30615 8
30615 18044 6
18044 27962 3
42785 2064 8
13746 47684 9
47684 7238 3
7238 37258 3
7238 40353 9
40353 45312 5
45312 35863 2
35863 7632 4
45312 1930 4
1930 3080 1
1930 23620 1
1930 19174 6
19174 24180 3
24180 7530 2
1930 32141 9
23206 5301 9
5301 19192 1
47684 34544 9
3481 27790 10
27790 4131 9
4131 26485 8
26485 23273 7
23273 36609 8
36609 3279 1
36609 14297 3
14297 3622 4
3622 36533 1
4131 47978 9
47978 15625 9
13746 35673 10
42743 48555 10
18044 15644 11
24042 42345 11
42345 36638 6
36638 33953 9
33953 10684 5
27962 7685 11
34544 23270 11
47978 13776 11
48555 44099 11
4719 46510 12
46510 445 9
445 36552 6
36552 239 3
445 3113 7
445 1143 10
1143 47455 2
47455 24496 1
47455 30307 9
36552 45018 10
45018 26960 4
45018 35330 6
35330 25327 3
35330 9519 7
17642 26044 12
18601 41553 12
41553 3387 10
3387 1564 10
1564 39824 2
39824 24249 3
1564 5539 7
5539 1030 7
1030 11465 6
3387 12609 10
12609 2560 9
2560 8148 10
8148 200 5
200 162 1
162 14826 5
200 4937 6
200 48937 8
48937 5578 7
200 38865 10
38865 35828 3
8148 49394 10
49394 38334 1
38334 28968 7
48937 13387 11
162 10348 12
24001 24523 12
445 10914 13
10914 21077 9
3113 13487 13
8148 5508 13
5508 22815 1
22815 32133 5
32133 24124 12
10914 44581 13
11894 12596 13
12596 7539 1
7539 14456 11
14456 23696 7
23696 20717 8
20717 11041 4
11041 4572 9
4572 14244 5
14244 34281 1
14244 34830 4
34830 10047 4
4572 11836 6
11836 28476 1
14244 10148 7
11836 33989 8
33989 35060 4
33989 2986 7
2986 25934 8
14244 49899 9
28476 12022 9
12022 26961 1
34281 25650 9
25650 46051 2
34830 49008 9
49008 33189 7
35060 2437 9
25934 32705 10
2437 29166 11
11836 32989 11
32989 3400 9
34281 39436 11
12596 29101 12
29101 47444 4
47444 8555 10
29101 25331 12
25331 11348 2
25331 25869 10
25869 25665 3
25869 31188 11
14297 1752 13
1752 6405 3
1752 47928 10
47928 49875 3
6405 34716 13
23992 22737 13
22737 299 6
299 682 1
299 46479 3
46479 27688 6
27688 19793 1
27688 10899 11
10899 44805 10
44805 10270 4
10270 13791 1
10270 43448 3
10270 5503 4
5503 4900 3
44805 15124 4
4900 19074 7
19074 13333 3
13333 17125 5
10270 48451 7
48451 48217 1
48451 31068 3
13333 43693 9
43693 11010 6
11010 33296 3
13791 16971 10
16971 24579 10
24579 42680 2
16971 41144 11
41144 8430 2
43448 42016 11
15124 7374 13
16971 25659 13
16971 26423 13
26423 8131 9
26423 42246 10
42246 33302 1
8131 36043 11
33302 30329 11
30329 30743 7
42246 31457 12
25650 33340 13
34281 56 13
56 26690 1
26690 44681 7
56 14625 8
56 920 13
920 11890 12
11890 47990 5
47990 14505 9
14505 8992 4
56 22612 13
22612 22828 1
22612 9500 2
9500 17858 6
17858 34089 2
34089 26585 10
26585 11035 4
11035 2394 6
2394 41015 7
17858 47815 12
36552 38847 13
42743 23382 13
23382 9374 3
682 25395 14
25395 38825 6
25395 46162 8
46162 23095 5
2986 12864 14
12864 9172 7
12864 22628 8
22628 6016 6
6016 9932 12
9932 13172 11
6016 25157 12
13172 2321 12
3387 31338 14
4900 29572 14
29572 19837 4
29572 48995 8
48995 22982 12
22982 22567 1
22567 32241 9
32241 24798 1
32241 720 7
32241 27924 9
7345 36221 14
36221 14608 4
14608 11803 11
11803 24319 13
7918 486 14
486 729 1
729 17663 5
17663 17503 4
486 7473 10
17503 15699 10
15699 11924 3
11924 19178 3
11924 41484 10
486 30054 12
41484 4322 12
4322 24614 7
24614 47259 10
19178 24385 13
8024 14764 14
8522 18488 14
18488 7723 10
7723 40586 12
40586 43858 2
40586 30558 11
30558 44136 2
44136 45835 2
43858 30167 12
30167 39965 7
39965 32280 6
32280 22686 7
22686 384 3
32280 35658 7
384 2304 10
32280 44996 10
2304 20082 11
20082 5940 9
5940 14034 9
14034 2951 1
14034 43381 4
43381 13450 10
13450 9857 1
13450 29001 2
9857 12100 5
12100 19466 3
22686 8537 12
8537 665 4
665 20685 2
665 433 8
433 25462 9
25462 19377 8
20685 49410 9
665 714 10
39965 45683 12
45683 49200 6
49200 46911 1
46911 41131 5
41131 37153 7
46911 23578 7
23578 9062 8
46911 13822 10
46911 3925 12
3925 37381 7
13450 45238 13
45238 35649 6
35649 19802 7
19802 13529 8
13529 21823 1
13529 26171 8
26171 37257 7
37257 10975 3
10975 13103 4
37257 27410 4
27410 24428 5
24428 18226 3
45238 26121 12
13822 16092 13
16092 9535 8
9535 28618 6
16092 32199 8
9535 30586 12
30586 7490 1
7490 36926 5
36926 46953 4
46953 13883 2
13883 22310 7
7490 22248 9
30586 46662 9
28618 23181 12
23181 47734 10
13822 44288 13
44288 23422 3
23422 23766 12
23766 48087 6
23766 26809 7
26809 43508 1
26809 8441 2
26809 43681 7
48087 23899 9
48087 8541 10
8541 10706 5
10706 27871 1
10706 35629 1
8541 23542 8
23542 11791 5
23766 10154 11
10154 22566 4
10154 42055 10
10154 26530 12
43508 18683 12
30586 27112 13
27112 24017 5
24017 47664 10
24017 46557 11
46557 47969 8
45238 9175 13
9175 30767 3
30767 28733 1
28733 27829 6
27829 39667 2
27829 33709 7
9175 35155 8
35155 41540 1
35155 17224 2
35155 16708 6
28733 33495 11
33495 14924 6
14924 30155 1
33495 37923 9
14924 14453 11
14924 21863 13
21863 20900 1
20900 11338 2
11338 12812 8
12812 17659 1
12812 22712 1
12812 23826 7
22712 36082 7
36082 42821 2
23826 9768 12
9768 21739 5
9768 29063 6
29063 46184 12
46184 41112 10
48087 6339 13
9517 20580 14
20580 28955 1
9774 4164 14
4164 3046 3
3046 3347 5
9967 29396 14
29396 45470 5
45470 8809 12
8809 47151 8
10018 23583 14
10057 2052 14
10221 40040 14
40040 1478 5
1478 42130 7
42130 11317 7
10272 34890 14
34890 19289 6
34890 20341 11
20341 25932 6
25932 39064 9
39064 46583 10
46583 26316 7
10566 6795 14
10566 21345 14
10911 5399 14
11010 33407 14
33407 6194 8
11011 14096 14
14096 5917 2
5917 23005 5
23005 21632 11
21632 12033 1
21632 23859 7
12033 10008 8
11036 28977 14
28977 41699 5
41699 12376 3
41699 44884 4
12376 29491 9
44884 3151 10
3151 43569 1
43569 32109 1
32109 48334 1
3151 49106 4
3151 1958 7
1958 39220 2
39220 2654 6
2654 1607 5
3151 10052 8
10052 33409 8
33409 22635 3
32109 8307 8
8307 12110 3
12110 28491 4
8307 19200 5
8307 6123 7
6123 31536 4
49106 18414 8
18414 47818 5
47818 14742 4
18414 10360 8
3151 28138 9
1958 14396 11
14742 40245 11
40245 6722 2
40245 1033 3
6722 18864 4
6722 31669 7
31669 32785 5
18864 8736 7
6722 21752 10
18864 39998 10
39998 20807 5
33409 13109 11
13109 24492 8
24492 40799 3
6722 19828 12
19828 9637 6
9637 19758 2
19758 12245 10
31536 1757 12
1757 4286 3
1757 8876 9
32109 40542 12
44884 27076 12
1757 2014 13
2014 40791 5
40791 24127 11
24127 7670 9
7670 2772 12
2772 41501 2
8307 49972 13
31536 15543 13
6123 8069 14
11036 46187 14
11285 19009 14
19009 20997 5
19009 13076 9
13076 18889 6
18889 14616 12
11689 6152 14
6152 44368 5
44368 36297 5
36297 34692 2
34692 22591 1
34692 30956 1
22591 12434 2
22591 31077 4
30956 29784 6
12434 11261 8
11261 48488 4
48488 40774 2
48488 33984 4
29784 41805 8
41805 7170 2
6152 2399 9
22591 44295 9
31077 41621 9
29784 38109 10
38109 9907 2
44295 40947 10
34692 20256 11
20256 6906 3
40774 11233 11
11233 19552 1
11233 23665 1
19552 8999 2
23665 43555 8
11233 48010 10
48010 18739 2
18739 35505 9
35505 4980 1
4980 19169 7
19169 8963 9
8963 556 1
556 41407 5
556 32560 6
41407 44210 6
44210 17745 4
41407 21451 8
17745 35147 9
48010 42314 9
42314 10080 2
10080 14157 2
42314 15046 5
15046 34150 7
34150 42253 4
42253 33875 7
33875 3647 6
3647 26152 4
33875 33950 7
33950 45057 6
44210 42220 11
19169 11921 12
11921 20546 1
11921 14147 4
45057 47747 12
2399 24165 13
24165 45401 7
8963 31297 13
19169 47228 13
47228 11591 4
47228 4972 9
4972 18639 10
4972 1575 12
1575 12427 9
12427 32776 6
11591 23482 12
23482 29275 12
31077 37774 13
37774 41564 2
31297 14178 13
42314 5302 13
5302 4480 13
4480 6260 1
6260 16434 1
16434 28309 3
42314 28625 13
28625 29265 11
29265 20994 7
43555 23275 13
23275 6698 8
44368 7821 13
7821 8609 13
11866 8814 14
11962 22197 14
12652 13659 14
13659 12523 10
12730 21965 14
13659 26102 14
26102 20163 9
20163 11753 4
20163 19830 8
11753 23383 12
23383 5458 7
5458 14309 1
5458 2820 7
2820 6676 4
2820 25509 9
25509 14253 2
2820 31308 9
31308 49577 7
31308 42896 9
2820 17688 11
17688 45178 12
45178 31622 1
31622 8627 11
8627 14487 2
14487 18658 3
49577 27342 12
27342 47737 4
23383 18562 13
18562 26471 9
26471 17376 10
17376 45309 1
45309 39564 6
39564 39927 2
39927 38850 3
38850 32276 9
32276 15339 2
38850 12715 10
13663 14330 14
14245 12689 14
14731 8981 14
8981 18408 14
18408 10862 11
14770 7325 14
7325 21150 2
14983 268 14
15339 17405 14
15383 9133 14
9133 40027 5
40027 41036 11
41036 29029 11
29029 32654 11
32654 39940 10
40027 18528 13
18528 21686 3
16166 27954 14
27954 27003 10
16486 24698 14
24698 32613 10
16589 24590 14
16595 13535 14
13535 4013 7
4013 32978 3
32978 25135 4
16648 32681 14
17342 37314 14
37314 17468 6
37314 10828 7
10828 39786 1
39786 29283 6
29283 22211 1
29283 804 9
37314 32039 10
17468 4168 11
22211 8922 11
22211 42962 12
42962 22906 11
22906 44702 5
44702 17095 1
17095 47782 3
22906 26644 7
42962 11641 13
17619 6326 14
6326 14611 7
6326 25197 9
17795 11484 14
18428 29015 14
29015 19995 4
19995 15406 5
19995 14534 10
14534 36998 12
36998 37021 12
18428 30757 14
18514 17792 14
17792 20647 4
20647 11805 2
20647 46783 3
17792 30263 13
30263 29270 13
29270 47508 9
47508 32211 7
32211 7104 2
46783 766 13
18521 11519 14
11519 14354 13
18658 21927 14
21927 35570 5
35570 28497 7
28497 14129 5
21927 39516 8
39516 44151 7
44151 11817 6
11817 12158 6
28497 46644 8
35570 39404 8
35570 17907 12
39404 15861 12
15861 19607 10
19607 7500 12
7500 31147 11
31147 30697 3
31147 7250 10
7250 3293 6
7500 3454 14
3454 31474 2
19169 6550 14
19200 13413 14
19219 15040 14
15040 12322 7
12322 2469 1
2469 23555 1
2469 27928 6
27928 43724 5
12322 12087 9
12087 49407 8
49407 20636 1
49407 48958 4
48958 30563 6
30563 46573 1
46573 16426 4
16426 43188 1
30563 38095 5
43188 37824 7
2469 607 11
607 1007 8
12322 20641 11
15040 19193 11
27928 45361 11
46573 779 11
779 5117 1
20641 35189 12
35189 13328 4
38095 43953 13
43953 29884 6
49407 6128 13
6128 10267 12
10267 8952 8
779 30066 14
12087 3947 14
19472 8964 14
19745 14948 14
19807 9508 14
9508 24097 5
24097 33321 1
24097 47218 7
47218 12356 3
12356 12207 3
12207 3534 2
3534 7968 5
33321 8800 8
8800 27107 5
3534 21761 9
21761 47547 1
21761 16767 4
7968 23047 9
23047 2924 3
2924 31054 6
31054 28075 5
28075 1688 7
1688 43022 7
24097 36709 9
36709 16335 2
36709 12801 4
27107 31781 10
31781 3135 8
1688 45392 11
45392 6630 10
6630 8882 6
3135 32363 11
32363 24696 2
24696 2294 3
32363 34789 3
34789 48742 10
48742 25958 4
16767 16301 11
24696 11452 11
11452 11489 5
31054 27232 12
32363 23093 12
2924 35010 13
32363 986 13
986 980 7
980 40743 9
40743 46730 5
40743 28784 13
28784 17758 7
17758 37198 8
17758 43151 9
43151 1459 7
1459 39357 5
1459 7559 7
7559 42049 2
7559 44293 4
1459 38958 9
38958 9192 10
9192 358 3
986 1428 14
1428 17641 11
1459 1860 14
8882 11621 14
11621 34685 12
19878 9561 14
20043 175 14
175 119 9
119 12976 7
12976 43447 6
43447 44638 1
43447 16893 2
44638 28102 4
28102 15799 8
15799 29079 2
175 14023 9
175 43764 12
20161 14992 14
14992 844 10
844 22189 2
14992 47448 11
47448 36416 9
36416 15639 3
15639 33575 1
15639 14819 4
33575 28948 11
28948 12121 1
12121 23969 2
28948 48933 4
12121 48261 5
48261 32891 9
20206 41659 14
20458 22599 14
20514 14673 14
14673 42215 10
42215 3957 9
3957 21423 4
3957 3794 5
3794 2068 10
2068 13133 14
21124 42656 14
42656 26695 8
26695 44660 4
44660 6905 13
6905 33908 14
21329 23034 14
23034 7974 11
7974 13930 6
21424 19068 14
19068 10877 5
10877 41277 7
21470 43692 14
43692 11662 4
11662 5525 1
5525 9444 1
5525 9386 3
9444 2444 13
2444 49514 1
49514 44002 8
2444 42982 9
42982 39350 1
42982 5080 5
5080 26751 9
11662 36963 14
36963 33638 5
36963 37245 7
37245 34247 8
21640 11249 14
11249 32374 3
32374 18937 8
18937 34653 5
34653 21895 6
18937 6612 7
21895 20436 9
20436 28147 2
20436 17023 8
32374 45769 9
11249 19593 10
19593 7361 1
7361 40663 1
19593 45516 6
45516 3824 4
7361 49368 7
17023 10928 10
10928 18693 2
10928 26143 9
26143 17415 11
17415 25857 5
17415 43832 7
40663 41399 11
41399 31496 3
31496 8696 4
31496 40879 4
41399 27556 8
41399 15118 9
40879 34904 11
34904 42328 3
18937 30821 12
30821 8545 8
30821 22848 12
40663 29 12
29 584 2
584 44465 1
44465 16534 2
584 5128 8
5128 28929 7
28929 41895 7
41895 48206 4
41895 23958 11
49368 11957 12
11957 22217 3
22217 38446 5
22217 13944 7
11957 36077 9
36077 45578 7
22217 43721 9
43721 13444 5
36077 43834 9
13444 48434 10
6612 4691 13
18937 1421 13
1421 3790 12
32374 35714 13
35714 15592 2
35714 20534 6
20534 12488 5
12488 4125 3
20534 44574 10
44574 18179 6
18179 13833 5
13833 22550 2
13833 16849 5
22550 38369 5
16849 34222 7
44574 37460 7
37460 2938 4
44574 11109 9
2938 20060 10
16849 17160 11
35714 5447 11
38369 32653 12
32653 42425 12
44574 14186 12
14186 23046 6
23046 18742 1
18742 8427 6
23046 19829 10
14186 1198 11
23046 10398 12
10398 26672 3
10398 16757 11
2938 33693 13
33693 8460 5
49368 19972 13
19972 21048 3
19972 35742 9
4691 8145 14
5128 33049 14
8427 5997 14
5997 16679 3
16679 16362 13
10398 12668 14
12668 17171 11
17171 16992 5
16992 1156 10
1156 33662 9
17171 5645 11
5645 7888 4
7888 15137 2
15137 1078 8
1078 1389 6
1389 16086 2
1389 29639 7
29639 40370 5
1078 27001 9
16086 11224 9
33662 14827 12
14827 33934 2
40370 13669 12
13669 9963 4
9963 15042 5
13669 34763 6
9963 22234 9
22234 23380 3
23380 41687 4
23380 25481 5
23380 15403 8
15403 4356 2
15403 14864 9
11224 17118 13
17118 29429 3
17118 45963 7
45963 25783 4
45963 6641 9
17118 21978 10
29429 22199 12
6641 29682 13
10928 45020 14
45020 21189 4
21189 32263 3
21189 44830 6
45020 11062 8
11062 44081 6
45020 1536 10
44081 14999 11
14999 35483 12
1536 884 14
884 2716 9
884 406 11
18693 5348 14
5348 1278 10
20060 37908 14
21697 37346 14
37346 27686 8
27686 31479 12
21706 49256 14
21850 31219 14
22040 21333 14
22084 5792 14
5792 14666 13
22129 28043 14
28043 34609 4
28043 17730 7
17730 30734 5
22133 43592 14
22200 14734 14
14734 31750 12
22550 40372 14
22550 44174 14
44174 27158 8
22590 45903 14
45903 44460 6
45903 39175 11
22635 19663 14
22977 6372 14
6372 44051 7
44051 33076 9
33076 38122 2
44051 15163 13
15163 15479 4
15163 965 13
965 27485 8
23067 8794 14
8794 23023 9
23023 22106 12
22106 35141 6
23095 17887 14
17887 7770 8
7770 30168 4
30168 19827 8
17887 9361 12
9361 27884 9
9361 7217 10
7217 44715 3
7217 34855 4
44715 3750 4
3750 24361 2
19827 27451 12
17887 31177 13
31177 10311 12
10311 10939 5
34855 36255 13
36255 36984 7
36984 33177 2
36255 40841 9
40841 33163 9
33163 37493 4
36255 10077 10
37493 12377 11
40841 41799 13
10939 27290 14
27290 42852 3
27290 21658 4
21658 12639 3
12639 9020 1
9020 7605 2
7605 28649 1
42852 32833 6
27290 40910 7
7605 7427 8
7427 10058 5
10058 7921 4
7921 33485 6
10058 4674 8
4674 14481 3
27290 49992 8
49992 14842 7
14842 26176 7
14842 13193 8
13193 41660 7
28649 41132 8
9020 2487 9
2487 46376 6
2487 7415 8
46376 11794 8
11794 4997 5
46376 24488 8
24488 17115 1
4997 4252 9
11794 9617 9
9617 25311 2
9617 334 5
9617 18379 5
334 24045 7
24045 20064 3
20064 26962 6
9617 42274 7
42274 15155 2
25311 48938 8
48938 19464 3
26962 44222 8
17115 42122 9
18379 262 9
262 37110 4
262 21222 5
262 48823 8
21222 37338 9
37338 33314 4
33314 36996 1
33314 4668 2
36996 45860 4
45860 31064 3
31064 42333 3
42333 25010 1
37338 8048 5
33314 33793 6
33793 31771 5
31771 15815 9
4252 39231 10
7427 6891 10
6891 20088 1
7921 2243 10
11794 17690 10
17690 35653 1
35653 30442 10
37110 15797 10
15797 25062 3
25062 42802 2
42802 30305 1
30305 26220 2
42802 47352 4
25062 21365 6
21365 11700 4
11700 12321 5
21365 19970 5
19970 9505 2
9505 31718 4
31718 11807 2
19970 24360 6
21365 41633 6
24360 10920 7
10920 27322 5
11807 36079 10
36079 26811 5
26220 32018 10
32018 30205 1
32018 27640 4
27640 34881 3
30205 46215 6
46215 22268 1
46215 22821 9
22821 48609 8
48609 44265 9
26220 44533 10
2487 17196 11
17196 27425 1
9505 45220 11
17115 9584 11
9584 12737 9
20088 38046 11
38046 11701 7
11701 11388 7
11388 26815 5
34881 31565 12
40910 20528 12
20528 4515 12
42274 24047 12
24047 11166 6
24047 33164 7
33164 37857 1
33164 33492 2
33492 4447 1
33492 5743 3
37857 10400 6
5743 21655 9
24047 18366 12
18366 38085 2
18366 29051 8
29051 33530 1
29051 40006 5
40006 23243 11
29051 2501 12
42802 44467 12
44467 43682 5
43682 43875 6
43875 42850 3
42850 25513 5
25513 20773 2
43875 49648 5
43875 23600 11
23600 46631 9
46376 25662 12
6891 39249 13
39249 23416 1
39249 34560 1
23416 17100 9
10058 18770 13
18770 15129 12
18379 17633 13
22821 49936 13
49936 9457 3
49936 20207 3
9457 35246 9
26811 48457 13
48457 28664 3
28664 41541 5
28664 31348 7
27322 43748 13
43748 10246 4
44533 40037 13
40037 19936 3
19936 42214 2
40037 39108 4
39108 31018 1
39108 23342 7
31018 13641 8
31018 24543 9
24543 5623 9
5623 42824 6
42824 47227 8
47227 23012 1
13641 39192 12
31018 36352 13
262 48788 14
48788 9289 3
9289 20670 11
20670 45235 1
20670 28291 2
28291 15033 10
334 4 14
4 36185 5
2501 1463 14
1463 47429 11
47429 44186 10
44186 45790 2
44186 9196 4
9196 49768 10
49768 42305 7
9196 24817 11
24817 23616 7
23616 12648 5
24817 10134 13
10134 30606 4
45790 3051 13
3051 28383 12
3051 30356 13
10134 29611 14
12639 26863 14
26863 16347 7
16347 35615 5
35615 4666 6
4666 8332 5
35615 30564 8
4666 33940 9
33940 25170 5
35615 43843 10
4666 9944 11
8332 10824 11
9944 8671 14
20207 11181 14
23119 31648 14
31648 15902 5
15902 8446 1
8446 29321 8
29321 43870 6
8446 43440 11
43440 9394 2
8446 48395 11
48395 973 1
48395 32285 5
32285 40621 1
973 43980 10
43980 12448 4
12448 4262 6
12448 25116 8
25116 11884 1
11884 38844 1
31648 30609 12
30609 33127 4
30609 13310 8
25116 14401 13
14401 39362 11
39362 21313 5
21313 8745 2
8745 15901 4
15901 2874 14
23155 34316 14
34316 13115 5
34316 10392 7
10392 23712 6
10392 25805 6
25805 30978 4
25805 14655 5
14655 25414 2
23712 15613 10
15613 14589 1
14589 16386 1
16386 47017 10
34316 12460 12
12460 103 4
103 3525 4
3525 21298 1
103 2398 5
2398 2375 3
2398 3192 3
2398 27314 5
2375 1909 7
1909 10559 7
10559 27821 1
21298 30025 7
27314 10908 7
10908 7639 6
7639 8120 1
7639 46822 7
1909 32232 8
103 4545 10
3525 11881 10
11881 23421 4
4545 12480 11
12480 3549 9
3549 19052 7
19052 39507 8
39507 43282 2
39507 32433 5
39507 13116 6
13116 4050 3
13116 5630 3
5630 38740 10
11881 39791 11
39507 8417 11
8417 18805 8
43282 44619 11
3549 32458 12
4050 13247 13
13247 1261 10
8417 4358 13
23712 38600 13
38600 26209 6
38600 26197 7
26197 24441 13
24441 34437 11
34437 28029 6
28029 18556 2
18556 49778 9
49778 1867 2
49778 26966 2
1867 36202 4
36202 44898 5
28029 36051 11
30025 12255 13
10559 7148 14
7148 235 3
235 6001 6
6001 15565 2
6001 26058 3
15565 5184 3
15565 16503 5
5184 17649 6
235 7602 12
7602 40050 10
40050 8945 4
40050 13167 12
13167 2089 6
2089 35116 9
35116 16590 5
16590 41615 2
35116 44327 5
44327 16803 2
35116 11401 7
11401 31660 5
31660 45033 6
45033 6185 6
6185 12495 3
6185 6808 4
6808 45488 4
45488 47993 3
45033 14783 7
12495 36224 10
35116 41815 11
41815 28209 2
7602 1911 13
1911 33453 8
1911 13149 11
6808 33198 14
33198 21651 5
33198 30273 5
21651 27091 10
27091 12074 1
27091 41980 3
41980 45610 4
45610 45053 9
45053 49784 1
45053 7466 4
7466 20959 6
41980 45661 10
49784 37878 10
37878 31920 9
30273 30720 12
30720 6640 12
6640 4425 6
6640 7861 10
31920 48786 12
48786 27405 2
27405 26364 2
26364 39377 1
39377 43428 2
43428 26849 4
43428 23252 8
23252 37930 3
37930 34670 2
34670 44954 3
34670 45003 3
44954 18361 6
43428 47072 8
47072 38261 5
38261 27213 2
27213 42538 3
42538 18686 7
26849 21557 9
27405 30030 10
39377 15575 10
15575 35538 7
35538 25772 8
25772 7560 3
7560 6802 7
6802 25618 5
25618 7314 1
6802 20609 6
25772 11105 7
25618 21984 8
21984 20841 6
21984 39167 8
21984 46316 8
46316 11707 7
11707 7902 6
15575 4084 9
4084 33525 7
33525 19648 8
19648 229 1
7902 6297 10
6297 26767 5
6297 6206 7
6297 8003 9
11707 42121 10
21984 189 10
189 458 1
458 6748 3
458 23017 3
189 96 6
96 41888 7
458 2885 7
2885 10474 1
458 471 9
41888 39523 9
39523 2400 6
2400 1919 5
2400 39650 8
39650 28631 10
28631 48947 1
28631 10930 4
10930 7337 3
48947 8748 10
8748 19542 9
23252 42167 11
42167 29730 2
42167 2119 7
28631 43101 11
46316 23246 11
23246 29272 1
8748 46731 12
11105 15945 12
15945 37543 7
37543 9836 8
9836 34748 3
9836 48070 12
33198 47358 12
47358 45906 5
45906 49924 1
39523 2648 12
45003 29632 12
29632 47088 11
47088 27077 9
27077 977 3
29632 48639 11
48639 49941 10
49941 9463 3
9463 12905 2
12905 49226 1
12905 21847 9
12905 39735 9
39735 37118 6
9463 31061 10
31061 28047 5
28047 44669 9
44669 44967 1
44669 23478 3
12905 26603 11
21847 10457 12
10457 21637 1
21637 12090 5
12090 41649 2
12090 5908 6
41649 2117 9
2117 46041 8
46041 11744 10
11744 9242 1
9242 24191 1
24191 14367 2
14367 38970 3
9242 3859 4
24191 5384 7
5384 27562 8
11744 41740 11
41740 5287 4
5287 30082 1
30082 23846 2
23846 37502 4
30082 39348 5
39348 48814 1
39348 46010 3
23846 8538 6
48814 16748 8
16748 2194 4
2194 44710 4
2194 8196 5
8196 3345 6
3345 1657 3
3345 24431 12
26603 14440 12
14440 27040 2
27040 10615 2
27040 33095 2
10615 6569 7
14440 47848 8
33095 48857 10
48857 44014 2
39735 25820 12
45610 22901 12
22901 39513 11
46731 33974 12
33974 35986 8
47848 10100 12
10100 724 2
10100 36420 6
10100 482 8
482 39520 8
482 28194 11
10100 47226 12
47226 12991 11
12991 9460 3
12991 16427 8
16427 12017 2
12017 49499 2
12017 2350 10
2350 31634 6
49499 48898 11
2194 26476 13
26476 27739 12
7337 42120 13
42120 28665 7
28665 28619 2
28665 48700 2
28665 29169 4
29169 48527 4
48527 26050 10
26050 16998 2
28619 1246 11
1246 29006 10
42120 24464 11
24464 40054 3
24464 14122 5
14122 24927 3
24464 7884 6
24464 48518 10
14122 14015 11
14015 6680 4
14015 32570 6
6680 18197 7
18197 38611 2
18197 43700 4
18197 29910 9
29910 12616 2
12616 39598 3
29910 41315 8
29910 36226 10
41315 49531 10
49531 32704 5
49531 4393 8
4393 12959 8
14015 15263 11
6680 48667 12
48667 9565 1
48667 49171 3
7884 29087 12
29087 43197 5
43197 15794 5
15794 11739 2
11739 45680 6
15794 12474 9
12474 35103 4
11739 40223 11
40223 31722 10
31722 18265 6
29087 34425 11
34425 40446 5
34425 20036 10
35103 38778 11
38778 11258 2
38778 22730 2
22730 49674 2
22730 26736 4
26736 12167 10
12167 15536 2
12167 30587 4
30587 12339 6
15536 27941 9
15536 4097 12
4097 33301 6
33301 13657 7
49171 28867 12
1246 5964 13
5964 18271 3
18271 42058 1
4097 11725 13
8538 2657 13
2657 26241 5
8538 30887 13
30887 37833 6
37833 14804 6
8748 24997 13
24997 15747 5
15747 24861 9
9242 38948 13
38948 48175 9
38948 40295 10
10615 34936 13
34936 17401 3
17401 14061 5
10615 45914 13
45914 43836 12
45914 46271 12
46271 27062 7
27062 11571 2
11571 7515 7
46271 38199 11
38199 16188 3
16188 6846 8
38199 6775 8
6775 49166 7
49166 29547 4
6775 3938 8
38199 24103 9
29547 49150 10
6775 4412 12
4412 9102 6
4412 13236 9
13236 43497 3
46271 40066 12
40066 27865 8
27865 31838 4
27865 29319 12
6846 21969 13
13657 49196 13
49196 48778 4
48778 8914 10
8914 11336 6
11336 36790 11
24191 23852 13
23852 37405 1
23852 8772 11
23852 19944 11
8772 7537 12
41888 14399 13
43197 2492 13
2492 1298 10
2492 13361 10
2492 25625 10
13361 44976 11
13361 21387 13
45661 6304 13
458 5469 14
1298 1271 14
1271 3583 7
3583 30982 4
3583 10819 5
30982 39315 11
39315 16033 9
1657 35298 14
1657 43977 14
43977 42891 8
2194 32514 14
2350 7194 14
7194 41970 10
3583 12283 14
12283 21403 7
12283 8155 9
8155 2207 12
7148 46906 14
7515 43723 14
7902 37107 14
37107 34466 6
10100 18434 14
18434 38602 11
38602 17645 13
11707 16122 14
13115 39632 14
39632 49606 4
39632 2935 8
2935 19253 2
14783 30156 14
30156 31443 1
15565 3083 14
3083 14418 1
3083 1444 6
3083 5189 6
3083 28599 7
14418 40762 8
40762 16481 5
14418 19537 14
15565 22180 14
22180 8162 6
22180 34349 9
34349 31674 3
8162 10341 10
19537 24226 14
24226 7222 2
7222 29206 1
24226 11639 4
7222 44836 6
44836 35244 4
7222 1162 9
1162 2794 3
11639 6134 9
6134 23652 5
7222 8915 10
29206 34575 12
34575 40078 3
21403 22353 14
22353 26431 12
23162 27090 14
27090 13735 3
23277 46512 14
23408 34550 14
34550 27614 1
27614 16669 6
23421 17869 14
17869 20536 4
20536 39590 10
23521 14840 14
23632 13596 14
13596 7484 5
7484 11163 2
13596 46919 5
7484 21224 11
21224 1563 6
1563 1839 3
21224 9334 8
9334 31472 4
31472 32669 9
1839 18104 13
18104 26978 10
26978 15895 9
15895 15045 6
15895 49882 8
26978 41249 10
15045 14973 12
14973 6121 1
6121 4092 4
6121 5436 7
4092 1072 10
1072 43713 3
4092 7405 11
4092 11772 12
46919 28307 13
28307 5337 1
5337 4555 3
28307 2022 3
2022 3361 3
28307 26516 5
4555 1800 6
26516 2318 7
2318 1023 2
1023 4284 2
4284 1424 3
4284 8133 8
1023 7641 9
1800 35610 9
35610 25808 6
2022 21504 9
1800 37654 10
2318 2336 11
2318 26523 11
5337 10764 12
10764 23840 4
23840 41010 6
41010 24289 7
10764 32982 11
35610 24491 12
24491 15722 3
24491 33468 3
33468 43075 1
15722 14721 7
1424 6096 14
14973 17201 14
17201 34337 11
34337 39312 6
23712 23953 14
23953 49545 3
24191 4340 14
4340 9979 3
9979 30660 5
4340 36613 7
9979 12780 8
30660 44128 10
44128 8422 2
44128 25516 4
44128 27938 7
27938 1315 1
1315 21960 5
27938 6673 5
6673 2949 2
27938 43916 6
27938 15495 8
6673 11070 12
11070 5998 10
5998 5188 12
6673 13814 12
8422 17259 12
11070 49283 12
49283 6346 5
49283 15921 6
8422 22426 13
22426 44841 1
44841 41457 2
41457 35221 1
41457 10550 4
44841 23141 8
23141 23804 4
10550 3202 12
25516 26000 13
26000 19864 8
19864 27413 7
26000 38662 12
26000 45988 12
24287 6032 14
6032 48414 6
48414 24932 6
6032 29288 9
48414 25590 9
25590 47356 4
6032 46355 10
46355 19684 7
19684 38057 1
19684 42103 3
19684 32178 8
32178 33399 9
33399 37820 9
24932 29144 10
33399 18124 10
29288 15069 11
24445 33812 14
33812 18811 8
24464 2753 14
2753 39121 14
39121 30207 2
30207 12374 9
12374 3664 2
3664 19575 1
3664 13987 6
3664 45935 6
19575 30965 7
12374 41444 10
19575 10780 10
30207 14350 10
24496 4245 14
4245 7428 5
7428 6037 7
7428 8360 7
4245 22930 8
22930 2900 6
2900 30588 4
30588 21327 1
30588 2631 6
2900 13147 7
2900 20295 8
20295 43232 8
43232 26019 9
26019 46507 3
43232 35416 13
22930 20509 14
20509 33649 2
20509 12518 3
20509 19601 12
19601 35704 7
35704 32947 1
35704 22075 6
22075 43434 6
12518 6374 14
6374 49478 6
49478 7883 12
7883 13806 1
13806 22548 8
22548 2499 5
2499 14462 3
2499 26182 6
14462 17849 6
2499 7111 11
7111 17930 10
17930 45183 4
45183 802 1
802 35911 5
802 25321 10
6374 3649 13
25321 5988 13
49478 14692 13
24610 21092 14
21092 970 7
970 24175 12
24175 46152 6
24175 24992 8
46152 23593 13
24651 47482 14
24774 544 14
544 37814 4
544 40475 6
544 5462 13
544 37222 13
24850 19502 14
19502 34108 1
19502 46278 1
34108 2309 2
2309 33946 1
33946 22943 1
22943 47063 4
47063 6778 3
34108 49559 6
46278 15322 8
49559 44420 10
6778 13853 11
13853 20325 1
44420 1634 11
1634 6957 4
6957 36629 5
6957 26356 7
36629 23824 8
23824 27646 2
23824 15778 6
6957 30652 10
26356 20370 11
20370 44881 6
47063 12602 11
12602 4914 2
4914 8531 4
4914 23064 4
23064 30440 8
4914 30151 9
4914 15447 10
4914 15336 12
15336 13308 7
13308 6949 10
30440 43082 13
43082 7126 8
7126 42114 6
1634 5325 14
5325 45855 7
45855 3907 13
3907 18163 2
3907 1141 4
25185 14909 14
25280 1878 14
25348 22247 14
25481 40723 14
40723 43794 1
40723 32085 13
32085 33995 6
32085 33452 9
33452 7569 5
7569 1108 8
7569 28590 9
7569 2914 13
2914 48330 8
2914 674 11
33995 38086 13
38086 31327 1
31327 9763 9
38086 17856 10
17856 19533 3
19533 34119 3
34119 6413 8
6413 18576 7
18576 35637 3
35637 32762 4
35637 8784 10
8784 11830 8
11830 43819 6
11830 10953 7
674 12150 14
12150 16008 3
12150 622 7
622 42146 3
42146 40007 7
12150 35991 9
12150 36560 12
25562 20656 14
20656 39663 1
39663 25063 9
25063 27446 3
27446 1355 11
25063 23933 14
23933 33562 10
33562 48576 3
33562 27647 11
27647 34635 2
27647 6132 8
34635 12011 9
48576 48756 13
48756 17909 6
6132 5076 14
5076 10806 13
10806 34465 3
34465 43482 3
43482 8934 1
43482 37265 5
8934 6336 6
10806 17551 9
10806 36694 9
34465 19679 9
5076 45864 14
45864 42728 2
42728 49130 9
49130 3499 3
3499 1649 5
3499 26472 7
3499 4837 8
4837 11361 9
26472 40242 9
42728 32472 10
32472 20100 3
32472 39314 8
39314 37861 11
25808 5742 14
5742 17628 5
25931 33378 14
26144 5729 14
5729 9630 1
5729 7190 5
26160 10444 14
10444 45819 5
26176 10252 14
10252 17106 12
17106 10711 1
17106 29036 12
26197 43086 14
26241 46796 14
26356 2714 14
2714 8457 5
2714 9385 14
2714 37860 14
26393 33391 14
26485 11009 14
11009 37671 4
37671 7676 10
7676 39852 8
11009 4263 14
26855 667 14
667 854 8
854 15463 8
15463 20470 7
20470 40389 11
40389 44501 1
27070 20054 14
20054 2029 6
20054 40228 8
40228 21992 6
21992 30363 1
21992 4619 7
30363 16740 8
30363 2280 9
27110 2930 14
2930 48818 13
27175 21093 14
21093 19487 2
19487 1875 11
1875 49367 3
49367 47040 3
21093 38502 13
38502 26964 10
26964 27265 1
27265 6214 5
27265 6756 10
6214 42498 12
42498 48156 10
48156 20687 11
20687 41048 10
6756 12346 12
12346 463 8
463 1413 13
1413 23311 3
23311 47279 3
47279 45357 11
463 6219 13
6219 5684 2
6219 7910 5
6219 675 11
49367 2793 13
2793 13764 7
13764 40308 6
13764 18649 7
13764 47753 10
6214 28944 14
6756 32479 14
32479 13832 1
32479 38573 7
38573 14575 3
14575 33346 5
27213 20652 14
20652 10344 3
20652 7276 12
20652 40867 14
27319 44158 14
27413 25636 14
25636 44262 7
27479 25757 14
27495 23749 14
27555 48735 14
48735 28454 4
27611 40373 14
40373 5005 8
27662 43378 14
27686 6805 14
27865 46892 14
28011 3971 14
3971 13210 3
3971 19639 10
19639 11991 6
13210 19953 12
19953 49967 7
49967 31347 5
49967 18014 11
18014 21357 6
21357 13910 10
28138 48716 14
28194 776 14
776 2987 1
776 10658 3
10658 43606 2
776 593 4
593 33842 4
593 6530 6
6530 22254 6
593 427 9
427 9406 7
9406 47197 1
47197 46899 6
427 26477 9
2987 43023 9
6530 10700 11
10700 20159 1
20159 32513 7
9406 11698 11
11698 23241 2
11698 39623 6
33842 25500 11
25500 11903 4
11903 6454 7
11903 11180 10
11180 20867 7
20867 16366 1
16366 28290 8
20867 34229 9
25500 32929 10
32929 15122 5
15122 36718 11
36718 31967 3
31967 10888 2
10888 15201 7
427 8097 12
8097 27128 6
15201 19299 12
20159 43079 12
43079 45294 4
45294 17710 10
17710 9536 3
43023 3318 12
3318 629 8
6530 36430 14
11698 25917 14
19299 18561 14
18561 38842 12
28309 6560 14
28706 19703 14
19703 1260 6
1260 32283 3
19703 25737 6
1260 40133 8
40133 35946 6
35946 36200 10
25737 21292 13
21292 17696 13
21292 31350 13
21292 6755 14
28833 9545 14
28986 42271 14
29029 26642 14
26642 9865 11
9865 27840 1
9865 47373 7
27840 14790 8
27840 30747 8
30747 44502 1
30747 33864 2
44502 15995 2
15995 25694 1
44502 39941 2
25694 5519 3
5519 39274 1
5519 9510 3
5519 33161 8
9510 13205 8
13205 31854 1
31854 19475 1
13205 14750 4
44502 6416 8
6416 7088 2
13205 23627 9
23627 17290 3
9865 31055 10
33161 25810 10
9510 26708 11
14750 12848 11
14750 27169 12
27169 19921 6
6416 24603 13
47373 25243 13
25243 2863 4
25243 26191 4
25243 33725 4
26191 11142 8
11142 7550 4
7550 17189 2
7550 6189 5
6189 37769 2
37769 28177 3
11142 21575 7
28177 6571 7
6571 6810 1
6571 628 3
628 18557 2
18557 21480 5
21480 3402 4
3402 7846 1
26191 32700 8
2863 2317 9
2863 4683 9
7846 40145 10
25243 33396 11
4683 8279 12
4683 48994 12
37769 9720 12
47373 40634 13
40634 1346 6
1346 39699 3
14790 45261 14
26191 6378 14
29063 16015 14
29130 26981 14
26981 42974 3
42974 22012 8
22012 40205 8
42974 26508 12
29492 44565 14
29555 24903 14
24903 47334 5
47334 18418 13
18418 48466 5
48466 49921 6
29689 37003 14
29789 49980 14
49980 18392 13
18392 6058 1
18392 38029 6
18392 40051 6
38029 32764 10
6058 2447 11
6058 21041 12
21041 4023 8
4023 27516 4
4023 13402 7
13402 36793 1
13402 21284 6
27516 13614 9
13614 9644 3
9644 33332 2
9644 3585 5
9644 19239 5
9644 37785 8
19239 23485 9
4023 19267 12
13402 28188 12
28188 49174 4
49174 2888 7
2888 16001 2
16001 15034 2
16001 39668 2
16001 7122 10
7122 18505 4
21284 33365 12
33365 37086 7
37086 5800 1
33365 5495 8
5800 3470 11
33365 28849 11
3470 25762 12
28849 21653 12
21653 12647 10
12647 28342 3
21284 33137 13
33137 38928 6
38928 4348 6
4348 5068 8
32764 48744 13
48744 6231 10
36793 37553 13
37553 29032 4
29032 29776 3
23485 27024 14
30012 31367 14
31367 24801 8
24801 40326 2
24801 41620 10
40326 32877 12
30081 19613 14
19613 28018 14
30168 12297 14
12297 1369 1
12297 2639 8
2639 28658 5
2639 8014 9
8014 11778 7
12297 22212 12
28658 47837 14
47837 20638 1
47837 33444 8
20638 16449 10
33444 46712 12
46712 12326 8
12326 21517 13
30407 43375 14
30415 22652 14
22652 23580 6
22652 14843 9
30586 49762 14
49762 29955 5
49762 32500 8
49762 26762 12
30587 40351 14
30660 2904 14
2904 15704 12
15704 13937 6
13937 22742 1
13937 43389 11
43389 11318 7
11318 1820 11
2904 5266 13
5266 46561 5
30951 28172 14
28172 13138 10
13138 12469 14
12469 26039 2
26039 40434 8
40434 46079 3
46079 49085 9
28172 46113 14
46113 33828 7
33828 14258 7
31055 34769 14
34769 7989 1
7989 25825 3
25825 9902 4
9902 48543 4
9902 25764 6
7989 1300 8
1300 44730 6
44730 4766 5
44730 38572 6
34769 9245 8
9245 37412 2
9245 31782 4
9245 44940 7
37412 24247 7
24247 35574 8
35574 46554 4
38572 44580 8
44730 11583 8
11583 25324 1
4766 21011 9
9245 46175 9
44580 5676 10
5676 4323 9
4323 39333 6
1300 14165 11
11583 21715 11
21715 20377 5
20377 38377 8
46554 5321 11
9902 19798 13
24247 47921 13
47921 27202 12
25764 38337 13
19798 32291 14
32291 6050 3
31064 20433 14
31145 44093 14
31414 17798 14
31478 31163 14
31163 21240 6
31713 5581 14
5581 15219 5
15219 5551 4
5581 624 10
624 10967 10
624 520 12
520 8293 8
5551 5157 12
15219 13743 12
5551 33272 13
33272 25922 8
5581 32525 14
31713 10033 14
31733 443 14
443 4709 1
443 46291 4
46291 16850 2
4709 48043 8
48043 28239 7
28239 40060 1
28239 15934 2
15934 27617 1
28239 17576 2
28239 11327 6
11327 4963 5
11327 29950 9
29950 45148 2
29950 27652 5
29950 18069 9
18069 27467 5
18069 1439 7
1439 7949 2
7949 37775 3
29950 48137 9
443 32562 10
32562 5066 1
32562 8850 9
4963 29597 10
29597 20681 10
7949 34276 11
45148 44133 11
443 15259 12
1439 3110 12
3110 30518 3
30518 48699 4
48699 40821 3
48699 24658 4
24658 16567 1
16567 3802 1
3110 25220 5
48699 42609 6
48699 48943 11
45148 25167 12
25167 17369 2
17369 28023 6
25167 37828 9
37828 46182 6
46182 49973 1
37828 14126 10
28023 2717 11
37828 29922 11
5066 43735 13
14126 23526 13
23526 49620 5
49620 19027 10
19027 44736 10
44736 38228 12
38228 11209 6
11209 11227 4
11227 18273 5
38228 26415 8
26415 704 8
704 14614 3
704 2337 6
11227 42052 11
704 2027 12
2027 5454 8
11209 48807 13
15259 46284 13
16850 28277 13
28023 42081 13
42081 47871 10
47871 40773 8
40773 39309 11
39309 9440 1
42081 38280 12
38280 42678 3
38228 37716 13
42678 25319 13
25319 49112 4
49112 13985 11
49112 18511 12
5066 33434 14
33434 42073 11
42073 45025 1
45025 42734 3
42073 15044 11
15044 10722 3
15044 21641 7
15044 22112 8
22112 34036 3
34036 39381 4
22112 32118 7
39381 9998 9
34036 36746 11
36746 37426 5
37426 23831 10
37426 26258 12
10722 1769 14
1769 29704 9
1769 35504 12
35504 35895 3
35504 38798 12
14614 25404 14
18069 48806 14
27617 32107 14
32107 36317 10
36317 33364 5
36317 25530 6
25530 41262 1
41262 7697 2
25530 42659 4
32107 41983 10
36317 27168 13
31802 44297 14
44297 5680 9
5680 15499 12
15499 37280 6
31900 38470 14
32276 38072 14
38072 20824 1
38072 33664 1
32277 3958 14
3958 37789 1
32285 16905 14
16905 1269 1
32406 22907 14
32764 49278 14
49278 26647 3
26647 26573 11
26573 46676 3
26573 44251 10
26647 36278 11
32872 37915 14
37915 15165 10
15165 8284 2
15165 22472 9
37915 27123 12
32978 47424 14
47424 44216 3
44216 211 3
44216 19512 3
211 559 5
559 21570 8
559 23146 12
47424 7283 13
7283 12468 3
21570 5653 14
5653 29116 3
5653 13337 7
29116 36893 9
29116 2292 10
36893 4306 13
4306 4107 6
4107 2579 3
4107 24706 5
4107 18722 10
18722 35916 5
2579 21910 11
4306 7545 11
7545 14432 9
24706 34174 11
33093 44945 14
33372 33786 14
33786 6886 8
6886 21335 6
21335 12264 5
21335 36524 5
36524 12176 6
12176 27074 1
12176 18632 12
12176 35738 12
27074 8653 13
18632 24530 14
24530 46160 8
46160 16330 8
16330 38005 1
16330 5692 8
5692 15199 8
15199 48306 1
16330 31575 9
5692 6693 11
46160 39987 11
15199 31475 12
33396 49558 14
33458 17543 14
17543 35371 1
17543 26776 7
35371 5592 9
5592 8030 4
8030 5443 5
5443 14086 1
5443 15293 1
5443 21268 3
15293 14280 3
5443 2031 4
21268 12113 4
5592 29700 6
29700 5577 4
5577 14767 3
5577 17279 5
2031 12800 7
14280 27267 7
12800 42914 8
21268 16917 8
16917 34114 9
5592 7768 10
27267 9518 11
9518 27881 5
27881 29258 8
2031 39180 13
39180 13080 2
13080 15060 5
15060 29522 3
39180 16199 7
16199 40129 1
16199 38969 2
16199 325 4
325 10329 2
10329 9626 1
325 27942 2
27942 20190 3
40129 32332 4
325 40292 8
27942 44426 8
44426 13294 5
13294 16768 2
16768 609 1
13294 961 5
16768 27422 5
961 4735 8
4735 27512 1
4735 37934 3
27512 26479 3
26479 36191 7
37934 3253 7
3253 2941 3
2941 25374 4
25374 32400 5
27512 27227 8
27227 5346 3
5346 49940 1
5346 9088 7
9088 29002 3
29002 25634 7
25634 44756 5
9088 33092 8
36191 42301 8
44756 6420 8
6420 5097 6
961 5549 9
5549 45553 6
45553 48789 7
48789 7362 3
7362 23152 4
7362 4271 5
48789 11314 5
11314 16183 6
609 36269 10
36269 6071 2
4271 2946 10
5346 21 10
21 27 6
27 29071 5
21 65 7
65 318 5
65 12362 6
12362 1851 7
29071 6577 7
21 1662 8
1662 7369 1
29522 37380 10
32400 28953 10
38969 16044 10
16044 7563 5
7563 19459 7
19459 20354 3
19459 2831 6
19459 33270 7
20354 47947 7
47947 37565 1
40129 23807 10
7369 14496 11
14496 20566 8
20566 15804 5
10329 17494 11
14496 15126 11
32332 39818 11
39818 31986 8
5346 8643 12
6577 34696 12
20354 26568 12
26568 4559 1
29522 37354 12
37354 41704 12
37934 22389 12
325 2118 13
2118 46180 13
4559 7145 13
7145 42764 3
42764 15976 3
42764 34133 8
34133 4829 12
4829 19102 1
4829 11100 9
11100 14005 1
11100 47788 2
4735 5022 13
5022 14778 5
5022 1262 9
14778 32446 9
32446 40454 5
32446 49565 10
1262 27022 11
27022 49724 3
49724 37369 7
27022 25748 8
25748 43019 7
25748 10675 10
25748 46698 10
14778 5827 11
5827 36706 6
36706 28134 11
40454 20261 11
20261 5463 8
5463 472 3
43019 48068 12
48068 23558 3
48068 30140 5
23558 40128 6
40128 33852 6
33852 27096 11
27096 16869 5
27096 33689 8
5097 1716 13
1716 22365 9
1716 37156 10
37156 37016 4
14496 17323 13
17323 12608 8
17323 5244 13
5244 17571 13
17571 35477 11
20566 15014 13
15014 35552 3
35552 46033 5
15014 7873 6
46033 31265 9
15014 17948 10
17948 18475 2
18475 2686 3
2686 21200 6
21200 40409 6
21200 20225 11
20225 39614 3
20225 38414 4
20225 45538 8
45538 41093 11
41093 23782 10
27 206 14
5827 11768 14
11768 36796 10
14778 27678 14
15804 24060 14
24060 27889 5
27889 48805 2
48805 7058 9
7058 34193 9
34193 41372 5
41372 48442 6
48805 27936 9
27936 30712 5
30712 41081 5
41081 26999 4
30712 15979 9
30712 22045 9
22045 44097 6
44097 26554 6
24060 42365 10
42365 22178 6
22178 17530 11
24060 43422 12
43422 42682 10
34193 19938 12
19938 10309 7
7058 2351 13
2351 31451 14
31451 7926 4
31451 39930 12
39930 19137 7
7058 42279 14
42279 9445 6
15976 6414 14
6414 8898 2
6414 10787 2
6414 38293 4
38293 7094 5
7094 40148 4
40148 21111 5
7094 45832 9
45832 43750 2
43750 15356 6
15356 43349 1
43349 8152 5
8152 30994 4
8152 10179 9
45832 12775 9
10787 7375 10
7375 14951 1
7375 14972 9
14972 18087 2
45832 20940 10
20940 9731 5
9731 10497 11
10497 2763 8
10497 18009 10
6414 47136 12
47136 29337 8
45832 13242 12
13242 28069 4
13242 17541 10
10787 4677 13
12775 18786 13
12775 42235 13
42235 31495 6
31495 12911 8
12911 33717 1
12911 29731 7
29731 13748 10
13748 19003 6
19003 14011 1
13748 23150 13
23150 12549 9
12549 32060 9
23150 14920 13
14920 22863 2
14920 18012 4
22863 2706 4
22863 42416 4
14920 11970 5
22863 42306 6
42306 31074 6
31074 19338 3
11970 15813 7
42306 45495 8
45495 23711 3
23711 37296 4
23711 43350 6
37296 20111 7
20111 12816 5
11970 32722 9
32722 32871 3
32871 16061 5
32871 23253 6
23253 1256 10
1256 44559 6
44559 32441 6
14920 21432 11
21432 48660 2
48660 35022 9
32871 44043 11
42306 32143 11
32143 23545 3
23545 39353 6
23545 19206 10
32871 14543 12
14543 35922 1
14543 48955 2
14543 10115 3
14543 18836 4
10115 14579 7
18836 26594 10
26594 45412 6
10115 40900 11
48955 24946 11
4677 19447 14
19447 26292 5
12549 41057 14
41057 10834 1
10834 37606 4
37606 17997 3
17997 33883 2
10834 41925 11
41925 26056 8
26056 8825 3
8825 27759 1
8825 37539 2
8825 16028 5
26056 48276 8
37539 771 13
16183 25990 14
25990 48225 7
48225 44380 13
44380 31390 3
16917 28048 14
28048 36199 4
19338 38368 14
38368 17559 10
17559 39251 13
39251 19252 2
19252 26852 5
26852 1215 7
26852 8096 12
8096 46311 6
8096 15377 8
15377 4708 6
4708 33939 3
4708 8449 6
8449 23734 2
23734 38629 5
8449 22784 6
38629 46878 6
38629 10923 11
10923 13209 2
13209 48014 7
10923 23154 10
23154 31711 1
23154 4324 10
4324 6419 1
4324 48105 11
6419 42963 11
22784 4613 13
4613 4366 3
4366 49082 12
48014 9231 13
9231 7571 6
7571 15788 12
13209 33539 14
21111 41068 14
41068 2395 1
41068 42021 6
2395 16489 7
23734 852 14
852 1501 5
23807 6978 14
6978 16829 12
16829 16784 1
16829 3019 2
16784 44597 7
44597 13180 7
44597 38359 11
25990 20240 14
20240 19715 5
19715 11603 5
19715 41812 5
41812 48324 1
41812 33633 11
27022 4089 14
4089 20737 1
4089 22524 1
20737 7957 1
4089 3380 4
3380 40654 8
3380 1901 9
22524 35224 12
22524 25847 14
25847 45341 2
45341 15270 3
25847 9178 13
9178 2748 2
2748 47462 3
2748 43597 4
9178 45563 4
2748 18984 6
18984 22351 7
25847 47746 13
47746 30087 10
47746 5534 11
29002 24143 14
24143 26626 12
26626 1236 4
24143 39866 12
39866 26346 10
26346 24896 11
32060 21276 14
21276 34916 9
21276 15773 13
21276 4630 14
4630 25029 2
25029 25818 2
25029 28323 3
28323 22198 1
22198 13972 4
22198 29906 5
29906 46545 4
29906 48620 5
48620 35646 8
13972 1195 9
29906 25203 9
25203 41896 4
25029 1891 11
1891 29148 3
29148 27372 2
29148 4710 10
4710 33122 10
29906 47659 11
47659 46336 10
33122 8803 13
8803 40433 5
8803 29738 9
29738 9733 13
33270 35308 14
35308 1188 12
1188 5818 10
5818 1240 9
1240 44624 7
44624 7520 3
44624 23377 3
23377 25998 11
7520 26457 12
33611 13690 14
33875 36449 14
36449 8645 10
8645 15689 2
33896 26425 14
33974 29871 14
34001 31151 14
31151 43718 3
43718 41878 10
41878 28136 1
31151 20806 11
34048 28130 14
34337 29864 14
34409 35663 14
34575 47075 14
47075 28802 2
34643 41992 14
34673 27431 14
27431 253 6
253 11339 5
27431 49059 10
34674 36071 14
36071 11018 8
11018 49686 13
36071 47001 13
34692 3716 14
3716 4333 1
3716 48916 1
4333 42042 2
42042 33357 13
33357 36266 10
35119 44246 14
35155 872 14
35224 15106 14
15106 2214 1
15106 16446 2
16446 37364 4
15106 10869 6
10869 24959 6
37364 29760 6
2214 14705 7
15106 49682 10
37364 47877 12
47877 10765 2
10765 3891 2
3891 33203 2
10765 20500 4
20500 34837 5
10765 5292 9
5292 366 6
366 4754 1
366 26916 3
5292 43952 7
5292 17255 8
4754 7865 9
7865 35078 8
4754 28326 10
28326 35400 3
28326 43015 11
43015 24323 6
33203 44103 12
10765 5943 14
35233 42830 14
42830 34239 1
42830 45730 9
35536 15213 14
15213 26864 9
26864 19318 1
19318 31094 3
31094 3862 6
3862 40880 4
26864 35959 8
26864 9174 9
31094 46100 9
46100 33764 7
33764 31519 1
31094 38846 13
38846 15240 11
15240 10549 6
10549 2209 1
10549 33269 3
33269 20177 3
20177 49323 2
49323 16797 6
33269 8865 8
33269 9351 9
33269 45837 13
45837 5139 4
5139 23737 10
45837 21178 12
21178 48489 13
48489 34744 2
48489 18218 7
18218 2577 1
18218 19216 2
2577 19211 7
18218 44333 7
44333 22629 6
18218 37651 10
37651 11155 5
44333 7029 10
2577 5571 11
5571 9360 9
37651 14580 11
14580 23480 1
23480 20744 1
20744 27669 2
20744 21055 8
21055 4641 4
27669 3544 8
3544 7667 2
7667 4978 1
7667 36357 1
36357 17054 8
4641 16383 10
16383 30601 4
30601 36534 1
16383 22094 5
22094 48041 5
48041 14519 2
30601 38528 9
38528 32489 1
32489 41961 6
38528 48499 6
48499 36187 7
4978 11479 10
11479 5522 7
5522 18080 3
18080 19744 1
5522 4173 7
7667 24242 10
24242 10873 3
11479 20050 10
20050 1004 3
24242 19093 10
20050 33688 11
33688 5382 1
33688 29721 8
22094 34870 11
34870 46357 1
46357 42672 2
42672 46596 6
14519 9065 12
36187 46811 12
46811 6264 8
48041 14777 12
14777 45642 7
45642 14142 6
1004 18016 13
4641 19115 13
19115 28482 5
20050 44206 13
23480 10123 13
36534 8305 13
8305 3203 1
3203 12504 2
12504 19312 5
19312 25909 3
25909 28455 6
8305 2202 13
40880 33287 13
2202 4795 14
4795 46261 4
46261 32623 3
46261 8240 6
8240 42158 8
32623 9125 12
9125 25944 11
32623 25962 12
2209 47148 14
47148 23637 11
23637 21581 12
21581 15798 11
15798 34279 4
34279 12979 3
15798 8338 8
15798 42153 12
42153 27105 6
3862 2553 14
2553 15310 2
15310 38364 3
2553 6008 4
6008 45485 8
2553 6896 12
6896 1039 5
6008 8168 14
9125 3299 14
3299 35263 7
11155 13637 14
12979 44674 14
14777 14577 14
14577 29620 12
27105 17779 14
17779 2481 2
2481 29511 3
2481 46900 4
2481 1584 11
29511 39496 12
39496 31378 1
31378 19167 2
35582 36106 14
35653 27756 14
27756 30813 11
35704 24827 14
24827 37932 1
24827 21814 2
21814 522 1
522 10798 2
10798 44056 5
37932 14248 5
14248 27705 4
21814 40890 6
40890 5388 3
40890 39482 6
522 44586 8
10798 41735 8
40890 24043 8
41735 46499 8
27705 109 9
10798 30403 10
41735 30354 10
44586 16838 10
39482 29868 11
40890 29722 11
29722 36216 1
41735 5781 13
35936 3563 14
3563 37875 12
37875 4567 9
36004 29881 14
36140 17034 14
17034 38252 1
38252 16704 3
17034 9710 6
9710 8582 9
9710 40994 9
16704 11720 9
11720 44268 9
38252 4456 9
4456 17285 9
17285 16618 7
38252 49651 10
17285 25489 11
17034 14189 12
14189 26335 2
14189 40740 6
40740 21469 5
21469 36277 11
36277 14576 1
36277 42148 8
14576 43772 9
11720 12943 13
42148 24828 13
24828 42077 9
36187 29549 14
29549 8839 14
8839 18419 7
18419 20689 3
18419 31099 5
18419 29641 9
31099 5423 9
36226 20560 14
20560 46008 10
46008 247 10
46008 528 13
36230 5092 14
5092 6446 1
6446 11086 5
6446 30049 5
6446 36321 7
11086 39547 8
30049 22934 12
22934 5921 10
39547 37443 12
5092 44665 13
36321 33416 13
33416 2761 6
2761 9775 9
2761 4384 11
4384 2456 10
2456 27379 5
2456 35363 14
35363 29557 12
29557 13225 8
11086 728 14
728 18749 6
728 799 11
799 48319 2
728 23272 14
36297 43461 14
36431 24102 14
36550 26995 14
26995 31180 1
26995 7776 3
31180 36270 4
31180 22282 12
7776 25394 13
31180 31153 13
31153 48854 1
31153 11415 3
31153 23164 5
23164 42960 7
42960 25018 2
42960 46117 5
25018 1115 9
31153 19411 10
36759 37227 14
37227 14698 2
14698 37784 2
14698 17387 11
17387 21603 9
21603 9638 10
9638 13010 6
36888 37132 14
36992 6784 14
6784 32225 1
6784 44193 2
6784 31795 3
44193 40439 6
40439 39597 4
39597 9228 4
39597 25781 7
6784 6440 8
6440 4114 1
6440 4024 3
32225 11496 14
11496 3313 3
11496 29882 5
3313 4203 8
3313 29219 12
29219 398 5
398 22666 6
398 28386 9
37008 46368 14
37086 29647 14
37156 12274 14
12274 4495 3
4495 24836 7
24836 46269 6
4495 4110 8
4110 34937 9
34937 5210 4
5210 15070 10
37156 31821 14
31821 39553 1
31821 27558 3
31821 6947 12
6947 13134 4
6947 3851 8
6947 19421 8
6947 1904 13
1904 32083 5
6947 33871 13
33871 41578 12
37157 25392 14
25392 36580 7
36580 6433 4
37184 19123 14
19123 16783 5
37279 2136 14
37439 19422 14
19422 49329 2
37448 23418 14
37606 28511 14
37651 10904 14
37789 47369 14
37828 27851 14
27851 27146 2
37915 24755 14
38005 16073 14
38022 37868 14
37868 23572 1
37868 635 10
635 11610 5
635 326 6
326 694 2
326 49219 2
694 9009 5
49219 29376 5
694 1210 6
326 15389 9
15389 48031 4
694 35053 10
35053 36329 2
326 20529 12
29376 35885 13
694 2898 14
2898 35913 10
35913 18944 3
18944 825 1
35913 24199 3
24199 25821 2
35913 48349 5
35913 7594 6
7594 31524 9
25821 47511 11
7594 2674 12
31524 47654 12
35053 27274 14
38029 16141 14
16141 19957 4
16141 1988 13
38070 30585 14
30585 3467 3
3467 10670 2
38206 3273 14
3273 11256 10
11256 12463 3
38470 13810 14
38601 5982 14
5982 35204 11
35204 17715 10
17715 22431 12
22431 31003 3
5982 22463 14
22463 29788 2
38602 29108 14
29108 6812 6
29108 20847 12
20847 14035 13
14035 4732 1
38760 25641 14
25641 1164 10
1164 26201 5
25641 44484 12
44484 18347 10
18347 41730 8
18347 29167 11
41730 28739 11
28739 40262 5
40262 46909 3
26201 13766 13
13766 19081 5
19081 28995 5
13766 11508 8
19081 46329 10
46329 23209 7
13766 47112 11
47112 46176 8
46176 12971 1
12971 27019 6
27019 26060 3
46176 38481 7
38481 36246 4
23209 17190 11
17190 14946 1
46329 33948 11
33948 13456 7
33948 4715 9
47112 40808 12
40808 24409 4
40808 20886 5
20886 10855 9
10855 21342 11
20886 8693 12
12971 31230 14
12971 45695 14
38928 39932 14
39932 25440 8
25440 1442 6
1442 36639 1
1442 15083 5
39932 26028 9
25440 39414 10
1442 5147 12
5147 22281 8
22281 7467 14
7467 35643 4
35643 36600 12
25440 30552 14
35643 7493 14
7493 6787 2
7493 18084 9
6787 15836 11
15836 22805 10
22805 25176 4
25176 17510 1
25176 30240 6
25176 5738 11
5738 3307 5
5738 28410 9
15836 20981 12
20981 26983 2
22805 7620 13
7620 23947 11
7620 2518 13
2518 4441 1
4441 46950 3
2518 6613 13
6613 17072 5
6613 41394 7
39277 139 14
139 32777 10
39405 27154 14
27154 25053 5
25053 3052 11
27154 17437 12
27154 34852 14
39426 46190 14
46190 1024 4
39668 9338 14
9338 36250 3
9338 35718 4
39819 16288 14
16288 9721 3
9721 44820 4
16288 30530 10
9721 34921 11
30530 13356 13
13356 43589 3
43589 36361 3
36361 32146 4
13356 291 5
291 27584 3
27584 14869 3
14869 4270 9
13356 19476 10
32146 9219 10
4270 33259 12
39819 44683 14
39930 9294 14
9294 12361 13
39935 43133 14
39967 32203 14
32203 12214 4
12214 46773 2
32203 29482 5
40060 28352 14
28352 2759 3
40223 38521 14
40299 40915 14
40343 16840 14
16840 5467 5
5467 43087 7
43087 21737 11
40353 5021 14
40370 28641 14
40475 23256 14
40514 15105 14
15105 29329 1
40614 2625 14
40640 16004 14
40659 36069 14
36069 5657 1
40694 43923 14
43923 28557 4
40828 7825 14
7825 42180 9
42180 13905 7
13905 4640 1
4640 9898 1
13905 36593 14
36593 7794 6
41012 6983 14
6983 16512 10
16512 3672 7
3672 7039 10
6983 41565 10
41015 26683 14
26683 26015 9
26015 15607 11
41210 43343 14
41277 40160 14
40160 27920 13
41309 38943 14
38943 7730 3
38943 33186 11
41501 28493 14
28493 43775 7
28493 27638 10
27638 25447 8
25447 2201 1
43775 18517 13
18517 3643 5
3643 26111 5
26111 31431 1
31431 5491 7
26111 40021 8
31431 44402 9
44402 6434 1
6434 36212 2
28493 19536 14
19536 15333 11
15333 23138 2
41704 15812 14
15812 17981 14
17981 26370 7
26370 36905 11
41871 28586 14
41970 38699 14
38699 8246 6
8246 6141 1
38699 26271 13
26271 21766 7
21766 15158 2
15158 22041 3
15158 8668 4
26271 29803 11
41980 19955 14
42401 23222 14
23222 17870 7
42407 16633 14
16633 2647 2
2647 4531 1
16633 1793 10
1793 1951 9
1951 5707 2
1951 44959 2
1951 22541 5
1951 49378 5
1951 4857 7
4857 33599 2
44959 14454 7
4857 31875 8
5707 2550 8
2550 17446 7
22541 3488 9
44959 37690 10
4531 1846 11
1846 40615 2
1846 18663 9
17446 18587 12
18587 3436 1
3436 46293 3
46293 36208 2
46293 38609 3
33599 22165 12
16633 48569 13
16633 49018 13
49018 12714 5
12714 16233 10
16233 34093 14
34093 35445 7
42512 41645 14
41645 8597 7
8597 33807 10
42880 6704 14
6704 19270 6
43101 35435 14
35435 21056 5
43190 870 14
870 5368 8
870 2507 10
2507 35912 3
2507 49281 7
43372 36429 14
36429 14328 7
14328 5945 3
5945 38243 13
43381 6669 14
6669 16265 2
6669 519 8
16265 28862 11
28862 11841 10
6669 2440 13
2440 44503 2
44503 47607 2
44503 26989 3
44503 9286 6
47607 4075 12
11841 34486 13
43553 33171 14
43724 48081 14
48081 22044 3
22044 10652 6
48081 5392 8
5392 9371 8
9371 38221 10
22044 24161 12
43988 25134 14
44013 28640 14
44099 37091 14
37091 26063 8
26063 42482 9
26063 10473 13
10473 1064 2
1064 35586 7
35586 36571 6
10473 34816 9
36571 17367 9
17367 22862 2
22862 49611 4
17367 18472 6
49611 22239 7
10473 80 11
18472 13288 13
13288 40690 3
34816 21825 14
37091 38342 14
38342 25566 4
38342 22954 12
37091 43425 14
43425 11297 1
11297 4280 11
11297 16497 13
16497 1977 4
1977 7119 7
1977 46503 14
44103 18670 14
44315 18263 14
44330 45793 14
45793 44999 9
44999 28235 5
28235 28450 1
28450 16542 3
16542 669 5
669 41470 9
41470 38349 6
44999 3875 9
3875 23171 3
669 6056 10
6056 2804 8
23171 22996 10
22996 45896 3
22996 19155 8
19155 14658 6
19155 33402 6
41470 6913 11
16542 11674 13
44460 5716 14
5716 7826 3
7826 47310 1
5716 32436 7
47310 24446 8
32436 45795 10
5716 32957 11
44460 16975 14
44467 33641 14
33641 44773 13
44773 47582 4
47582 28158 7
28158 40265 5
44773 623 9
623 26381 3
623 6935 12
6935 24750 3
6935 21872 9
21872 12259 1
21872 24336 9
6935 35122 12
35122 42047 12
42047 12558 9
44773 45147 13
45147 12588 9
12588 47528 5
12588 26624 9
26624 44921 5
44921 23466 1
44921 2254 2
44921 36012 6
36012 27673 3
27673 28266 5
44921 3378 7
3378 35664 3
12588 36385 10
3378 35530 11
35530 43247 3
43247 14219 3
35530 4046 4
43247 34312 8
34312 42380 7
35664 45109 11
45109 35832 2
35832 21343 5
36012 11752 11
11752 35019 11
35019 17744 4
35019 39461 10
34312 22161 12
35832 14853 12
45109 5410 12
5410 454 1
5410 5616 1
5616 12139 3
5616 16286 3
5410 31702 5
454 730 6
31702 43056 10
5616 15653 12
11752 33762 13
33762 10291 4
10291 10979 3
10291 34645 5
17744 9504 13
9504 20506 9
20506 43114 1
43114 4538 9
4538 35511 13
23466 15304 13
35019 44201 13
44201 25523 3
44921 10112 13
10112 20074 5
730 29680 14
29680 923 10
923 10509 2
10509 33304 6
33304 12634 5
10509 22857 7
22857 8996 8
923 4268 10
923 359 11
359 33224 2
359 15148 7
15148 12876 2
29680 48928 13
48928 29290 2
48928 39066 10
39066 9422 4
39066 4680 10
10509 47236 14
47236 6279 7
6279 20195 14
20195 4183 8
14219 21573 14
15148 26402 14
23466 47910 14
47910 21080 12
21080 12564 1
21080 16776 2
16776 42552 5
16776 14099 12
14099 18358 8
18358 34356 6
18358 47556 10
47556 19379 9
47556 18143 11
18358 30834 12
42552 45754 12
45754 35064 2
12564 39867 13
39867 32936 2
32936 34891 3
34891 10068 7
34891 11599 10
11599 14602 6
14602 48030 3
14602 8774 4
14602 44868 6
11599 3451 7
44868 45 9
45 16575 1
16575 22667 6
22667 29861 6
29861 17995 8
3451 3611 11
11599 45509 13
45509 30275 9
30275 24279 3
30275 43483 7
24279 12762 9
18143 9788 13
44868 44828 13
17995 12147 14
24750 19722 14
26402 28947 14
28947 34401 1
28947 29395 3
34401 6539 8
6539 12053 1
12053 28677 8
28947 2486 9
2486 2508 10
6539 6171 10
6171 3305 1
2508 19127 12
29395 22974 13
22974 35857 1
35857 44765 6
44765 35631 9
33641 44852 14
44756 13533 14
13533 45789 4
44951 25557 14
44951 49690 14
49690 43134 6
49690 10163 7
10163 48452 1
48452 24713 2
24713 26497 7
10163 12646 8
12646 23870 1
23870 41168 6
26497 42806 8
10163 25309 11
42806 21019 12
21019 31208 4
24713 43849 13
43849 13730 3
13730 22994 1
13730 37240 2
22994 42323 3
42323 13189 4
13189 28589 1
13730 2297 5
13189 25718 8
42323 10493 9
10493 38054 10
37240 15732 10
2297 2110 12
2297 18290 13
18290 19649 5
19649 37319 3
37319 46448 7
18290 14963 10
14963 28166 5
28166 30222 6
28166 21297 10
21019 35219 14
35219 24687 1
24687 6631 1
35219 2509 3
24687 18350 4
18350 47860 4
2509 8681 5
8681 7678 3
18350 20244 5
6631 11281 6
2509 18743 7
6631 15944 7
7678 44101 8
44101 33996 2
15944 44329 9
44329 4794 4
4794 2609 4
18350 6835 9
6835 6040 5
6835 32922 5
32922 11516 6
11516 32882 7
32882 45540 6
6040 6116 8
6116 18385 3
33996 7285 9
7285 1425 4
1425 1959 6
6116 7430 11
7430 49652 1
44329 22876 11
1425 351 14
351 13202 12
1959 29768 14
6835 20829 14
20829 14476 8
20829 41787 8
41787 15721 4
18743 38952 14
38952 49312 1
49312 45399 6
45399 40676 13
20829 16985 14
16985 1037 3
16985 49962 4
49962 34719 8
34719 26382 4
1037 1364 9
1364 2883 9
2883 46447 6
46447 4637 8
4637 3286 8
28166 47919 14
34719 34372 14
34372 19698 8
19698 34493 2
45260 18621 14
18621 28402 6
28402 3962 2
28402 8931 3
8931 33450 3
33450 300 2
18621 28056 8
300 204 11
204 14267 4
204 13065 9
13065 25839 4
33450 37796 14
45294 31906 14
31906 23237 6
23237 35956 6
23237 25339 13
25339 31491 7
35956 48885 14
45521 28407 14
28407 28939 5
28939 35186 1
28939 41213 9
28407 19673 12
28939 20303 12
20303 8172 2
20303 13164 3
8172 28791 10
13164 13875 14
45594 14906 14
45594 19558 14
45683 22187 14
22187 18332 7
18332 4407 6
22187 23121 12
23121 39159 2
23121 38114 14
38114 30997 8
30997 38884 9
38884 4477 5
38884 25537 6
25537 27969 1
27969 30590 8
38884 7868 9
38884 40333 9
40333 41693 6
41693 36939 5
36939 40061 2
40061 37550 4
40333 13703 9
13703 2283 5
4477 46555 11
2283 5186 12
38884 14736 12
14736 41156 3
14736 31106 6
40061 31377 12
40061 34381 13
45735 19883 14
19883 3048 10
3048 2984 9
3048 49069 14
49069 14787 11
45769 38461 14
45979 27341 14
46033 28219 14
28219 38618 4
38618 19313 4
19313 30765 2
38618 37681 4
30765 25993 8
28219 29587 9
29587 20908 9
20908 39129 4
29587 43824 14
43824 6077 8
43824 41898 14
41898 45185 7
46160 40402 14
40402 40946 8
40946 40955 11
46160 47602 14
46243 38025 14
38025 34418 8
34418 17099 1
17099 17315 5
38025 47852 10
47852 13786 5
13786 22056 5
22056 49699 4
13786 15250 8
13786 7575 11
7575 23915 4
17315 10890 12
10890 10768 7
13786 41614 13
41614 22734 1
22734 48058 9
22734 9570 14
9570 15998 3
9570 304 4
304 1542 1
9570 18896 4
9570 13107 5
13107 5955 3
9570 20002 5
9570 34764 5
15998 22261 6
22261 22385 3
9570 18695 7
1542 17301 8
15998 45701 8
18896 35215 9
1542 26540 11
13107 26187 11
20002 39652 13
39652 43676 2
304 1330 14
1330 7340 3
7340 43662 8
43662 18983 7
7340 43313 9
43313 26595 5
26595 35143 2
35143 24715 9
1330 18573 11
18573 19779 10
19779 1449 8
1449 33721 1
1449 31256 10
33721 48988 11
1449 20203 12
48988 8393 13
20002 13253 14
43313 10465 14
10465 1013 7
1013 28313 5
46271 27337 14
46551 18092 14
46741 26975 14
46753 43060 14
43060 25686 2
43060 24690 4
25686 18455 12
18455 19567 10
25686 12354 14
46892 34844 14
34844 21071 5
47004 47488 14
47006 43195 14
47073 24244 14
47351 23502 14
23502 13060 7
13060 31739 10
31739 37124 11
47448 35785 14
35785 38081 4
38081 1728 6
1728 25451 13
25451 813 5
813 44079 10
44079 40531 7
44079 47968 8
47968 13625 2
13625 4984 10
4984 2252 1
4984 46847 5
4984 7235 8
7235 21869 8
47968 31164 11
2252 14643 12
14643 5958 5
5958 5758 6
40531 27747 12
40531 232 13
232 23500 7
47968 29607 13
29607 4375 2
4375 29406 1
4375 15433 3
4375 48996 3
48996 44708 1
48996 46474 1
29607 49793 3
44708 41419 3
46474 25467 7
15433 37367 8
48996 34820 8
34820 34275 6
29406 27901 9
41419 37360 9
37360 5493 6
5493 4150 3
4150 38379 2
38379 24442 1
24442 23257 1
4150 7577 5
15433 24902 10
24442 17091 10
41419 37862 10
37862 7671 10
7671 13208 2
7671 33655 2
33655 46655 3
33655 24572 4
13208 14585 10
14585 4014 7
4014 49105 1
49105 28781 5
28781 5972 4
5972 41358 1
5972 7495 4
49105 14903 7
5972 12219 9
14903 15337 10
15337 33513 8
33655 24475 10
24572 42985 11
42985 47854 3
34820 41246 11
41246 234 4
234 38584 5
48996 42083 11
7671 48914 12
13208 45460 12
14903 28852 12
28852 2416 1
42083 17934 12
7671 36844 13
36844 43354 6
43354 46313 3
46313 404 10
46313 30381 10
30381 42867 1
30381 27439 3
27439 19037 3
27439 12311 10
12311 250 5
250 6726 8
6726 18945 2
12311 178 11
178 33053 3
33053 25842 9
18945 41945 11
15433 39100 13
39100 45771 11
45771 42509 5
42509 13392 5
17934 33019 13
23257 40140 13
27439 36163 13
36163 11524 8
11524 423 2
27901 31418 13
2252 18138 14
2416 46337 14
46337 7912 13
7912 8822 12
8822 26710 2
26710 22412 10
8822 29599 14
29599 45750 13
25842 35268 14
41419 15772 14
15772 5675 11
5675 1707 12
47453 43972 14
47488 2169 14
47511 25683 14
25683 40927 2
47782 4458 14
47818 9173 14
47921 45809 14
45809 49254 11
47957 47641 14
47641 44561 4
44561 30487 9
30487 3058 2
3058 25269 4
44561 8218 11
8218 13054 6
30487 42594 12
47641 2484 13
2484 14040 6
14040 46593 3
2484 40840 8
40840 15157 8
15157 10060 4
46593 20006 10
20006 31883 7
31883 32068 9
14040 22301 11
14040 45446 12
22301 12672 13
12672 5274 3
5274 8313 11
48100 40661 14
40661 29998 14
29998 1696 3
48256 12044 14
12044 35499 1
35499 39841 6
39841 8041 2
8041 20554 5
35499 13638 10
12044 8350 12
39841 6731 12
6731 6228 3
6731 14917 13
12044 13182 13
13182 19297 4
19297 37529 11
37529 6461 4
48284 21106 14
21106 47596 1
21106 32917 3
47596 42443 9
32917 5453 11
5453 33200 3
5453 7973 4
5453 38556 11
48532 34479 14
48626 34027 14
48742 15957 14
49047 30069 14
30069 49797 12
49059 42925 14
49210 37286 14
37286 43292 7
43292 21977 4
49281 48754 14
48754 20248 7
20248 30768 1
20248 15458 6
48754 14922 10
15458 7669 14
7669 40836 1
7669 29978 14
29978 18255 2
29978 42833 5
29978 8386 10
18255 22183 11
7669 38248 14
38248 40401 8
40401 49854 7
49854 36664 10
49545 30464 14
30464 45232 13
45232 35852 4
45232 20097 5
49563 34105 14
34105 5986 11
5986 43207 6
43207 14067 11
5986 37478 13
37478 36980 10
36980 8341 9
8341 4846 6
8341 10326 9
10326 6109 8
10326 32870 14
37478 15175 14
49730 24000 14
49762 30626 14
30626 35274 2
35274 7311 11
49784 24062 14
49875 10616 14
49940 30574 14
32 2510 15
37 27489 15
197 12576 15
12576 35348 1
200 5504 15
5504 21212 1
5504 20417 12
20417 4478 10
4478 45101 5
4478 32322 11
4478 8197 12
8197 17282 6
17282 22818 4
22818 48760 1
17282 1937 7
1937 5300 4
17282 12381 9
12381 48298 3
17282 31859 11
48760 40713 11
40713 10540 10
10540 6727 5
6727 31175 11
1937 2834 12
2834 3089 9
8197 47256 13
47256 48106 12
48106 17942 12
224 8855 15
8855 44007 12
228 44932 15
230 4321 15
269 5129 15
345 45124 15
366 44558 15
44558 19488 14
19488 4991 9
4991 22523 13
406 8820 15
8820 18017 10
8820 16895 11
16895 3754 6
454 8998 15
8998 3883 7
3883 27634 7
27634 42941 5
42941 26411 9
26411 3408 11
3408 36852 8
36852 10430 11
26411 49315 12
49315 18066 4
18066 1285 8
1285 3774 3
3774 35627 1
1285 4461 5
4461 46713 4
8998 40980 14
485 5767 15
563 29934 15
29934 35052 7
35052 20579 6
29934 36135 14
36135 36080 13
36080 27263 4
27263 16673 13
622 27225 15
27225 31673 3
628 7179 15
7179 44975 4
44975 4264 10
4264 2882 4
4264 16179 5
16179 47665 10
47665 39734 5
47665 6951 6
6951 2711 2
47665 12638 11
12638 39843 8
39843 39748 3
12638 45802 10
45802 1327 1
45802 32586 1
32586 12007 3
12007 19228 4
12007 39537 4
12007 28076 5
28076 14512 3
45802 7811 5
14512 24286 6
14512 12125 9
2882 44895 12
44895 23387 10
4264 26503 13
26503 33841 1
33841 37762 2
33841 10382 5
10382 40653 1
40653 10558 2
40653 40230 6
40230 34415 5
33841 42023 10
42023 20722 2
42023 48824 2
20722 33724 3
42023 10524 5
20722 25501 10
25501 5355 8
5355 7322 10
7322 16887 2
7322 41604 2
7322 28058 6
7322 37441 6
10382 11184 11
33841 29502 11
20722 48279 13
48279 10695 8
10695 41475 4
41475 18699 9
18699 24869 7
32586 27561 13
40230 23180 13
41475 11528 13
11528 12747 12
12747 23586 3
48279 38957 13
38957 40487 6
2882 12006 14
12006 18048 5
18048 6302 6
18048 34941 11
34941 5836 9
2882 16640 14
16640 11740 4
5836 14143 14
14143 23506 2
23506 15808 2
23506 6652 11
6652 8508 11
23506 38896 12
38896 7274 5
7322 10592 14
8508 37339 14
37339 13945 4
13945 44900 1
44900 14741 6
37339 41724 8
10695 49163 14
49163 34166 6
34166 43599 9
49163 41989 11
11528 43829 14
12007 18075 14
18075 3069 7
3069 11257 5
15808 7022 14
7022 42598 4
42598 35580 1
42598 13439 4
18075 14289 14
14289 49942 11
18075 47309 14
47309 17059 4
17059 45241 1
17059 44824 3
45241 22036 5
17059 14251 7
45241 15451 11
14251 16655 12
16655 9128 6
9128 37221 2
16655 14974 14
14974 38574 1
39734 3356 14
3356 36052 1
3356 10074 7
10074 12115 4
10074 9224 5
3356 37192 7
36052 19085 9
19085 6524 8
19085 22214 11
36052 21026 11
21026 16578 7
16578 1011 5
1011 14632 4
16578 21099 8
14632 6280 13
6280 32504 1
6524 6161 14
6524 12260 14
12260 1144 7
10074 1784 14
1784 5769 6
1784 10263 8
10263 12659 3
10263 12408 10
12408 6291 7
5769 2324 11
2324 27892 1
12659 43155 12
43155 48790 1
43155 42767 2
42767 41179 9
27892 32442 13
32442 12080 1
32442 6536 12
14632 23260 14
41989 13843 14
42023 5067 14
646 17531 15
17531 33909 14
33909 13736 3
33909 32837 6
32837 36908 9
13736 17582 12
17582 19058 4
19058 21738 3
19058 4643 4
17582 5305 8
5305 15739 11
15739 19006 5
19006 37139 1
17582 33398 13
33909 33237 14
36908 42889 14
664 37376 15
680 36962 15
36962 27909 4
36962 33035 6
703 27312 15
27312 27777 2
27777 32812 1
27312 20912 4
27312 39106 12
20912 39505 13
27777 2922 14
753 31227 15
905 41005 15
41005 16625 8
957 1737 15
1004 13925 15
13925 39297 6
39297 48264 1
48264 32859 1
39297 74 8
13925 31368 11
31368 46309 5
48264 39563 11
39563 40484 7
40484 6925 3
40484 47237 9
47237 40776 4
40776 3157 11
3157 12580 9
12580 26578 3
12580 5478 14
1013 791 15
791 2642 14
2642 28907 1
28907 27249 5
27249 14855 1
14855 12807 12
27249 48305 13
1033 3523 15
3523 19942 5
1033 7011 15
1146 16617 15
16617 27877 6
16617 41935 9
27877 13433 10
13433 44916 4
13433 31820 5
44916 32727 7
32727 21682 1
32727 10203 2
21682 3289 3
3289 27275 9
16617 19889 11
19889 13710 2
13710 45134 4
19889 33653 7
33653 12248 4
21682 24155 11
24155 32370 7
24155 47953 10
47953 2452 7
47953 6041 7
10203 12767 13
12248 4056 13
31820 18270 14
18270 862 5
862 45098 5
862 48866 5
48866 44752 6
48866 49990 6
49990 24984 3
24984 47365 4
49990 37055 5
37055 13971 5
13971 49731 2
37055 44170 6
18270 15847 7
45098 36545 7
44752 1234 8
44170 18523 9
49990 46444 9
1234 16243 12
37055 45933 14
45933 44388 4
44388 9845 1
44388 25183 7
25183 39029 3
25183 27259 11
9845 33307 14
1215 18096 15
1240 39004 15
1262 6948 15
1321 24866 15
24866 28858 7
28858 5042 3
28858 47899 3
5042 877 5
877 32842 8
1327 25541 15
1330 33299 15
1366 1250 15
1250 1339 10
1339 6153 5
6153 27683 10
1413 3390 15
1420 2852 15
2852 13783 5
13783 22369 2
13783 13900 6
2852 4863 7
4863 30093 4
30093 26945 2
26945 33558 4
26945 23471 5
26945 16855 6
23471 10347 8
10347 10076 2
30093 25777 8
4863 29518 9
29518 6960 2
13783 25322 10
25322 31696 5
6960 22879 11
22879 16213 3
16213 47380 7
47380 15493 10
15493 36150 1
15493 6610 4
6610 48512 2
48512 38891 3
48512 39218 3
15493 43297 4
43297 16156 2
39218 6323 6
36150 393 10
393 43777 4
6610 42956 11
30093 5634 11
5634 31992 9
5634 2803 10
39218 19152 11
10347 44719 13
4863 11969 14
11969 8153 8
8153 29306 2
29306 26654 6
26654 42309 5
42309 41367 3
41367 13587 2
13587 4797 4
29306 40482 7
26654 23071 11
40482 41750 13
39218 23153 14
23153 3855 8
3855 37967 4
37967 40809 5
3855 26548 7
23153 22434 8
22434 31376 1
43297 36519 14
36519 30774 12
1423 9885 15
9885 26078 1
26078 3403 4
26078 13719 4
13719 18288 10
18288 4468 9
4468 63 8
63 895 3
895 49548 3
63 32008 4
895 9920 5
9920 22998 2
22998 38309 8
38309 23200 1
38309 47824 1
38309 41383 4
23200 11194 5
63 768 13
768 2575 7
2575 18123 8
768 2237 12
1442 1964 15
1499 17964 15
1526 3367 15
1600 24265 15
1609 6462 15
6462 4391 10
4391 19790 4
1621 25286 15
25286 49107 1
49107 15329 1
25286 24101 4
25286 10992 6
10992 13079 6
25286 34720 8
34720 46454 5
46454 31657 3
31657 16482 3
31657 46073 7
46073 10753 8
16482 48113 9
48113 40691 8
16482 49091 9
49091 37167 9
10992 38035 12
38035 39709 7
38035 2189 8
2189 2055 7
2189 48017 8
2055 29380 11
29380 15149 13
1727 16558 15
1773 15505 15
1784 30321 15
30321 31143 9
31143 21023 9
31143 42961 9
1806 24555 15
24555 8408 13
1930 38443 15
1951 8130 15
8130 8123 4
8123 15283 4
15283 15235 7
8130 48686 8
8130 49043 10
1959 9365 15
9365 44331 8
9365 44017 13
44331 21801 13
21801 29318 14
29318 29854 1
29318 47662 3
29854 33023 10
33023 44094 4
44094 11802 10
44094 18429 14
1964 8688 15
8688 19767 4
1996 32460 15
2001 16724 15
16724 350 10
350 39 10
39 98 2
98 45174 1
98 2333 10
2333 30580 7
16724 44488 13
2059 23607 15
23607 49272 9
2080 4372 15
4372 7831 11
2119 566 15
566 48080 2
2136 46404 15
2159 12633 15
12633 37458 12
37458 14243 5
14243 39395 7
37458 11948 7
2169 29185 15
29185 25072 8
25072 19997 9
29185 16053 14
16053 34404 3
34404 4387 3
4387 32409 3
2201 953 15
953 15003 7
15003 24991 2
15003 15676 4
953 46453 7
15676 29145 8
953 4137 12
4137 3326 3
3326 21904 4
953 26494 13
26494 25236 1
15003 7030 14
7030 8885 2
7030 4958 5
4958 1074 2
1074 4085 6
8885 42786 13
15676 20563 14
2283 23905 15
2337 7192 15
7192 27266 5
2394 34976 15
2400 4315 15
2400 7953 15
7953 46312 10
46312 38830 3
2414 5516 15
5516 20301 8
2428 26891 15
26891 21677 13
21677 41948 6
41948 35767 1
21677 45153 6
45153 40499 4
41948 3708 9
41948 22596 10
22596 27471 10
45153 42679 10
42679 45198 4
3708 6871 11
41948 29287 12
29287 1019 7
2444 24725 15
2447 9451 15
9451 47261 5
2447 17945 15
17945 20627 7
2490 6195 15
6195 30058 10
30058 41316 4
41316 3084 1
3084 25390 4
25390 4932 13
30058 47229 14
47229 17933 1
17933 28611 4
2526 49822 15
49822 27181 2
49822 16860 4
49822 43903 4
16860 25632 10
16860 19404 12
19404 49136 3
19404 25887 12
49822 10794 12
2584 3900 15
3900 8806 8
8806 13309 8
2639 28202 15
2690 151 15
151 48053 3
151 8326 4
8326 21274 2
48053 33476 5
21274 4419 9
4419 40 8
4419 39708 11
151 6675 13
6675 36307 2
40 13 15
13 29208 4
13 23 9
23 9769 2
23 438 5
438 21288 1
9769 41078 9
13 6811 10
13 49984 15
2750 869 15
869 1213 5
869 2276 7
2276 18987 6
2276 33975 6
33975 24552 5
33975 39398 5
39398 20583 2
39398 36864 3
36864 5375 3
20583 23004 7
23004 2341 7
2341 7078 1
7078 18015 3
7078 13720 5
18015 37187 8
18015 38697 8
869 33 9
20583 19295 9
7078 1554 10
1554 49341 9
869 36809 11
36809 42775 7
1213 35279 12
35279 49738 6
49738 14988 11
14988 182 1
18987 17152 12
17152 13548 6
13548 7964 6
7964 6706 1
6706 21720 2
7964 12953 2
7964 25682 3
12953 1116 3
12953 13694 4
13694 5659 5
1116 44256 6
13548 10386 7
6706 35837 9
7078 33518 13
33 6923 14
10386 43892 14
43892 19099 7
19099 43897 7
43892 46969 7
19099 4947 10
4947 21741 1
21741 17306 6
17306 8605 2
46969 28141 10
28141 33252 1
28141 18184 6
18184 30560 11
46969 19482 11
33252 49566 13
19295 26946 14
26946 17947 2
17947 558 6
558 31011 2
31011 34980 12
34980 42535 4
49738 9458 14
9458 49919 8
9458 32019 10
49919 673 13
49919 47760 14
869 25966 15
1116 19992 15
19992 6834 5
6834 41534 3
6834 30187 10
2759 2975 15
2975 36339 1
36339 33891 11
33891 9574 13
2867 10255 15
10255 40710 6
10255 46979 7
46979 49923 4
49923 32474 6
32474 42440 2
42440 26355 4
32474 11454 8
26355 10024 9
10024 19516 4
42440 24356 9
10024 11743 10
11743 8093 8
8093 22864 2
22864 31682 5
22864 36238 6
36238 12155 6
19516 47534 11
47534 27100 4
31682 23316 12
23316 15740 8
23316 6794 9
6794 16583 6
6794 12052 10
16583 23688 11
23688 26947 5
23688 17635 8
26947 16326 9
22864 6718 13
6718 19227 5
6718 39504 14
23688 8104 14
8104 25124 1
8104 34564 5
26947 22681 14
2867 18423 15
18423 31633 1
31633 22096 3
18423 32344 5
18423 44395 8
44395 43712 4
31633 25091 11
18423 49432 14
49432 30441 1
44395 41451 14
3135 48463 15
3309 23881 15
23881 39851 7
39851 30995 3
30995 36491 6
3327 7759 15
7759 4497 1
4497 18853 12
18853 785 5
785 22984 3
22984 39230 5
785 1598 6
1598 1193 8
1193 1679 11
1679 5505 2
1679 3177 7
1598 38045 12
5505 21481 13
21481 13598 4
21481 43406 7
13598 34828 11
13598 46609 13
46609 32071 5
32071 45499 4
32071 46030 7
46030 38104 2
38104 33663 4
33663 41694 1
38104 46381 7
46030 48665 7
48665 24354 4
32071 37672 11
48665 44531 11
44531 24069 4
44531 12692 5
12692 39465 9
39465 9046 4
39465 21070 5
24069 24036 9
12692 31792 12
9046 2264 13
32071 39745 13
39745 29644 7
44531 3785 13
3785 10608 8
10608 41214 5
10608 22880 7
22880 48214 5
22880 42361 8
10608 6209 11
1598 13121 14
18853 5586 14
5586 45012 13
3336 34831 15
34831 41245 12
41245 45928 12
45928 44328 11
44328 38892 4
3397 23798 15
3416 883 15
883 14455 7
3461 44566 15
44566 20127 14
20127 3984 9
3984 39391 8
20127 13932 11
13932 24321 8
13932 6393 9
6393 2181 1
2181 4332 9
2181 38824 9
38824 40047 3
40047 1295 4
38824 30096 9
13932 33248 10
24321 1153 13
1153 13227 4
13227 47709 7
30096 42938 13
42938 30023 10
20127 9391 14
9391 11398 3
11398 14467 11
14467 18447 1
14467 11265 8
11265 13407 5
14467 727 9
727 34051 3
34051 24482 8
24482 25418 8
34051 46591 8
14467 21366 9
25418 8306 9
13407 25056 10
727 9868 11
8306 39269 11
39269 29416 1
39269 25254 4
25254 38731 7
38731 5018 8
9868 18647 12
18647 6442 9
6442 21607 12
11265 7312 12
7312 27400 4
27400 955 9
955 18955 1
21366 32518 12
11265 42788 13
42788 41707 8
41707 29328 1
29328 9973 10
18647 33829 13
33829 49917 3
49917 6211 11
6211 11135 11
11135 16533 1
16533 19374 11
19374 49168 9
49168 39807 9
39807 44658 7
39807 3944 11
3944 31266 1
11135 19361 12
19361 49175 5
16533 39774 12
39774 13825 7
25254 40590 13
40590 19836 7
19836 6236 5
6236 34589 6
19836 39178 9
39178 28668 8
28668 3621 3
3621 217 9
217 296 1
217 1018 4
296 12009 9
3621 38500 9
39178 40303 11
40303 31763 6
39178 30361 12
19836 4594 13
4594 49411 5
34589 27073 13
27073 13539 13
38731 34485 13
49411 6330 13
27073 14199 14
14199 23472 11
23472 13923 2
23472 3560 4
3560 37680 1
37680 28475 5
37680 2799 9
13923 16457 10
16457 48970 10
48970 5240 2
2799 19642 11
3560 4638 14
46591 24950 14
24950 11441 2
24950 1154 11
3469 41263 15
41263 32464 4
41263 3193 9
41263 11333 12
3501 21873 15
3544 19833 15
19833 21646 6
3664 36083 15
36083 5248 5
5248 20571 6
3859 29516 15
29516 7059 8
7059 10092 12
3907 17751 15
3925 38341 15
38341 19604 4
3957 45646 15
45646 35162 10
3984 20472 15
20472 26469 9
20472 20053 13
3984 37427 15
37427 22042 7
22042 46069 3
46069 7417 6
4017 27486 15
4154 33596 15
4162 32386 15
32386 40555 4
40555 28453 10
28453 626 4
626 39139 1
39139 37956 10
4218 49234 15
49234 24114 1
24114 29066 4
24114 18410 5
29066 9876 5
29066 21378 5
9876 12072 14
4272 7152 15
4340 34492 15
4363 2879 15
2879 25981 9
2879 11561 11
11561 27953 6
27953 41780 2
41780 4071 6
41780 11659 9
11561 48645 14
48645 45731 10
4387 35869 15
35869 35167 7
35869 18930 8
18930 24368 6
35869 4741 10
4741 7488 6
4741 549 7
549 9851 6
9851 16181 10
16181 8073 1
18930 39894 11
4741 9210 13
9210 38091 11
9210 57 12
57 17062 9
17062 17526 8
17526 32921 10
32921 35816 2
32921 39711 2
39711 30837 6
39711 3097 10
32921 6586 11
57 183 12
183 18907 5
35816 2460 13
2460 378 10
549 10094 14
10094 21143 2
9210 18272 14
18272 36653 7
18272 39490 8
18272 47321 13
36653 41351 13
39894 35448 14
4543 9490 15
9490 48843 1
9490 16140 12
16140 20327 7
9490 45300 13
45300 25472 14
4545 22526 15
22526 30515 8
22526 702 12
30515 25355 12
25355 14279 14
14279 43198 11
43198 24188 5
702 24970 15
4631 25476 15
25476 41414 8
25476 35608 9
41414 35722 14
35722 36214 5
36214 14886 7
4640 43467 15
43467 42998 10
4668 11310 15
11310 32744 12
32744 43933 3
32744 32889 9
32889 43931 9
43931 36351 2
36351 20046 5
20046 34767 5
20046 18659 10
18659 30100 1
18659 23065 7
18659 14322 8
14322 167 2
167 14540 7
167 30694 9
167 6432 10
6432 24099 12
24099 4818 5
11310 3176 14
3176 6679 13
6679 28021 5
6679 11812 8
28021 33796 11
33796 29685 9
29685 3838 12
3838 12598 8
3838 24685 10
24685 31703 7
11812 40075 14
40075 34892 9
33796 49132 14
49132 39611 8
4829 12695 15
12695 27510 4
4864 5706 15
4887 9283 15
9283 30103 1
9283 16058 8
16058 44539 6
16058 15436 9
44539 42822 11
42822 40002 7
40002 19017 4
40002 40564 6
40002 36013 10
36013 39945 10
40564 44968 11
16058 40166 12
19017 35560 12
40166 19363 12
19363 24391 7
16058 30809 13
30809 38071 9
4936 466 15
466 20961 3
4981 7244 15
5189 20135 15
5292 24842 15
24842 15619 1
5325 924 15
924 26929 9
924 764 10
764 3401 8
764 14073 12
14073 7849 11
7849 17284 2
924 16435 12
924 1408 15
3401 33827 15
5346 32316 15
5364 49839 15
5382 15641 15
5447 7149 15
7149 18040 4
7149 28645 8
28645 21672 2
7149 29703 10
29703 2253 3
29703 40914 7
21672 40185 12
40185 28273 2
40185 21140 11
21140 46791 1
21140 8570 9
8570 6583 2
8570 21654 2
8570 16733 3
6583 39558 12
39558 11677 11
11677 46632 11
11677 45390 13
5454 23865 15
23865 8444 1
8444 31334 3
8444 20523 10
20523 32528 5
20523 45503 13
45503 28101 8
28101 18078 4
18078 36134 2
23865 38002 14
38002 15576 1
5800 14365 15
14365 25713 2
14365 19865 12
5964 48897 15
6132 36921 15
36921 20780 13
20780 21082 7
6152 33741 15
6185 42999 15
42999 16096 4
16096 19615 13
42999 24665 14
24665 27784 3
24665 5013 6
5013 32907 2
5013 3573 11
27784 4235 12
4235 16388 9
24665 16593 13
6245 45188 15
45188 34806 3
34806 49343 3
6279 46711 15
46711 29852 8
29852 11425 12
11425 29813 6
29813 46266 9
11425 46648 14
46648 27187 10
6393 4868 15
4868 43113 4
4868 18673 5
4868 25767 5
4868 24707 14
24707 45256 3
24707 43102 9
43102 47718 12
45256 15344 13
15344 21830 11
15344 9796 14
9796 13649 7
6416 9007 15
9007 21523 6
9007 39714 10
9007 48584 13
48584 45196 1
48584 38985 3
48584 31824 5
38985 11426 14
11426 13909 3
11426 9928 9
9928 826 6
826 12031 10
6420 21374 15
6433 43818 15
6469 20992 15
20992 46888 1
20992 35711 2
20992 29714 4
29714 19243 5
35711 15840 9
15840 12554 5
12554 22762 6
29714 772 10
46888 42491 10
20992 20770 12
20770 4406 3
20770 17983 6
4406 3479 8
6539 19497 15
6581 38148 15
6674 35117 15
6727 9827 15
9827 23318 14
7003 4305 15
4305 364 2
364 6269 6
364 19530 8
6269 2497 8
2497 23968 1
23968 41773 5
41773 13040 7
364 1733 9
1733 26217 4
1733 33894 7
26217 32665 10
41773 16763 11
16763 27977 7
27977 6418 13
2497 31997 14
31997 19271 8
19271 45777 6
45777 20020 3
45777 19479 5
20020 26347 8
45777 27943 9
19479 525 13
525 14491 1
525 13313 2
525 44072 10
44072 12683 1
44072 13695 1
12683 16741 6
16741 37264 1
44072 49070 7
16741 10323 12
10323 14383 13
16741 19201 14
19201 18470 2
18470 25094 5
18470 45001 11
45001 23310 9
23310 38132 3
7093 28661 15
28661 18730 7
18730 12267 5
28661 16509 11
7098 41849 15
7114 15599 15
7289 22938 15
22938 25434 8
25434 18936 4
25434 23670 5
7313 27393 15
27393 41169 4
27393 31607 5
31607 32205 1
31607 24583 2
7348 43268 15
43268 35914 4
35914 48734 3
35914 25187 6
25187 28395 7
28395 47699 7
47699 45968 2
45968 6483 2
45968 12852 8
12852 49702 7
12852 49750 8
49702 29346 9
29346 34146 1
34146 18277 8
18277 44621 10
44621 21355 2
35914 12279 10
35914 16013 11
16013 35258 2
47699 10814 11
10814 41623 6
35914 8220 12
49750 8889 13
8889 21020 8
21020 15765 4
15765 49772 7
21020 43554 7
43554 27401 1
27401 47484 1
27401 13896 2
27401 47234 3
43554 38412 5
15765 18021 9
27401 49586 11
49586 19046 5
19046 13306 12
13306 28221 4
13306 31024 6
31024 41795 3
41795 28128 8
28128 44859 9
44859 37418 9
31024 43661 10
13306 9777 13
9777 33048 9
33048 1462 12
19046 25282 13
25282 31896 2
31896 2703 5
31896 40611 9
25282 43085 11
40611 13370 11
2703 46684 13
49772 26186 13
26186 23151 2
26186 16003 9
16003 30200 9
9777 26290 14
26290 32213 5
32213 37517 4
37517 40929 1
32213 19509 6
19509 43760 3
40929 2443 11
2443 20678 13
13896 20891 14
20891 44780 8
16003 28320 14
28320 3701 7
3701 34292 1
37517 41420 14
41420 5424 3
5424 22598 4
22598 1158 3
1158 20150 9
22598 20323 9
20323 9400 11
5424 2662 12
45968 33866 14
7379 8625 15
8625 10725 1
8625 22704 2
8625 24105 5
24105 30936 6
7473 29650 15
7484 49089 15
7488 12869 15
7770 8493 15
7792 21433 15
7825 14781 15
14781 5483 5
14781 36160 7
5483 32438 13
7849 11386 15
11386 23245 6
23245 31216 10
7926 4815 15
4815 24447 1
7957 33797 15
33797 9467 6
33797 47980 10
47980 26386 12
26386 41756 6
26386 16947 11
16947 39862 11
39862 37454 4
41756 26546 14
26546 34750 2
34750 14691 6
8122 27699 15
27699 33319 10
33319 42897 9
42897 45154 1
42897 21336 3
21336 13762 7
21336 26678 8
21336 20602 11
8139 11172 15
11172 34906 3
8232 43538 15
43538 24450 1
24450 31551 10
31551 49080 7
8234 40608 15
40608 24855 14
24855 38332 7
38332 37849 3
38332 15188 9
15188 39767 4
15188 45013 4
45013 39595 1
24855 21458 12
8247 8848 15
8293 10865 15
8609 11529 15
11529 26845 12
26845 15674 11
15674 35562 4
15674 2878 12
2878 31044 3
31044 6311 6
6311 10440 4
10440 4614 3
10440 15554 6
15554 9383 3
10440 34736 6
15554 43255 6
10440 33652 9
9383 16645 12
16645 8950 4
31044 7727 12
7727 3929 12
9383 5654 13
5654 15438 9
15438 5069 2
5654 27802 11
15438 41638 11
5069 13773 12
13773 40593 2
13773 25823 4
25823 7118 2
7118 3399 5
3399 3874 5
3874 13500 6
3874 22519 6
25823 23775 7
23775 35942 3
3399 24254 8
24254 22790 3
22790 21209 7
22790 40528 7
24254 11005 7
3874 31389 10
31389 21301 1
13500 2176 10
2176 1756 8
13773 9006 10
23775 14574 10
14574 36715 10
13773 1241 11
1241 1337 2
7118 37546 12
35942 17370 12
17370 48520 3
40528 33033 12
33033 1177 4
33033 48657 11
48657 26442 7
48657 5010 11
1337 2870 13
2870 15782 2
2870 42667 5
15782 43608 12
2870 23988 13
5654 32807 13
32807 44454 1
9006 3677 13
3677 7505 11
15554 12655 13
23988 17236 13
1241 23796 14
5010 22999 14
22999 36981 3
22999 22168 4
22999 25591 4
25591 35850 5
35850 38453 3
38453 18483 5
36981 40882 8
40882 34339 2
34339 20390 8
18483 38819 11
38819 23361 5
22168 11283 11
36981 42943 13
42943 24763 5
24763 20826 12
42943 4809 13
5069 31023 14
9383 19231 14
19231 3911 10
3911 41984 12
26442 23543 14
35942 16458 14
1241 30981 15
8662 4850 15
8688 16279 15
8748 34456 15
34456 16614 2
34456 25970 12
16614 12435 14
8917 22707 15
8996 14849 15
8999 47294 15
9067 34599 15
34599 23849 8
23849 24982 10
24982 8193 2
8193 26752 8
24982 7757 11
9384 34970 15
34970 35763 4
34970 8751 7
8751 8844 2
35763 32865 9
32865 29665 1
8844 2360 13
2360 37890 2
8751 11515 15
9391 26320 15
9406 30386 15
9450 24604 15
24604 48220 4
9542 4896 15
9565 14074 15
14074 17754 4
9570 46356 15
46356 36680 3
9574 11658 15
11658 3922 11
9733 12688 15
12688 23817 5
12688 6407 9
6407 25529 10
9807 30256 15
9810 37140 15
37140 25812 10
25812 5074 6
5074 38212 3
38212 35984 1
35984 49037 9
37140 47608 13
47608 40349 3
37140 17547 14
9811 48677 15
9987 33081 15
33081 44483 8
44483 20541 2
10022 12351 15
10080 1624 15
1624 30289 1
1624 1102 2
10081 23709 15
10123 9308 15
9308 36177 14
10228 1360 15
1360 15258 5
10328 15469 15
15469 15098 13
15098 42570 2
15098 12694 4
15098 9844 7
42570 23234 11
23234 17525 8
17525 40375 5
40375 38603 4
42570 33644 14
10347 41587 15
10360 4166 15
4166 44343 8
10493 5290 15
10531 44568 15
44568 23867 6
10536 38827 15
38827 6859 8
10606 5052 15
5052 7523 13
5052 3852 15
3852 5895 12
10742 27328 15
10824 5922 15
5922 33088 11
11028 16414 15
16414 35282 4
35282 2768 3
35282 32469 3
16414 48999 5
48999 19969 5
19969 14629 2
14629 32637 2
32637 14148 10
14148 3237 12
3237 43643 6
43643 1371 6
3237 6197 9
6197 25572 3
6197 6234 8
3237 25373 12
25373 43542 6
43643 14626 12
14148 35961 13
35961 48798 8
25572 26800 13
26800 24637 2
6234 8345 15
11180 11928 15
11928 9829 3
11260 35174 15
11292 32311 15
32311 12998 14
32311 26399 14
11656 43942 15
43942 40358 6
40358 42455 2
42455 12540 9
40358 20488 11
20488 36887 5
36887 12542 9
12542 45212 12
45212 47797 1
42455 29956 12
12540 29441 14
29441 40176 2
29441 6942 11
6942 43367 6
42455 39210 14
39210 30863 6
30863 23873 3
30863 44636 6
11747 32007 15
32007 29227 3
29227 26272 8
11753 24412 15
24412 29579 6
29579 35901 3
35901 23994 1
23994 32984 8
23994 19337 10
24412 5115 11
11812 687 15
687 7399 7
7399 33697 1
33697 22951 3
22951 47727 2
11991 24230 15
24230 36222 6
36222 20247 6
20247 397 1
397 47683 3
397 8179 14
8179 12881 11
8179 44992 11
44992 10840 4
12022 24832 15
24832 8933 9
8933 39166 5
39166 40379 4
40379 5336 14
5336 18627 3
18627 30300 10
5336 10646 12
10646 34845 4
5336 15534 12
12085 32366 15
12085 38678 15
12139 25629 15
25629 11592 9
12170 44067 15
12207 11037 15
11037 6334 4
11037 16373 14
16373 41944 9
41944 49002 5
41944 33570 6
33570 24679 2
41944 7203 12
41944 41883 12
41883 27067 2
27067 19234 6
11037 14081 15
14081 47002 7
47002 41388 10
41388 43787 10
12264 30545 15
12376 41737 15
41737 49334 6
41737 27331 10
27331 2785 12
2785 3234 3
2785 171 9
171 14256 1
14256 5931 5
2785 48603 10
3234 42836 11
3234 2178 12
2178 6258 3
2178 4378 12
4378 20179 10
20179 11679 9
11679 42870 2
2178 12035 12
12460 18912 15
12574 6556 15
6556 5734 6
6556 49618 10
49618 29520 2
49618 5555 10
5555 10505 2
29520 7130 12
7130 12890 13
12890 43528 2
12890 14953 4
12890 44826 4
10505 19565 13
19565 37317 5
12890 22258 14
22258 22425 3
7130 6527 15
12588 38537 15
38537 46963 4
46963 13289 2
13289 4779 9
4779 32509 5
13289 5257 12
5257 20171 8
46963 5864 12
5864 36048 4
5864 38764 6
36048 23827 6
23827 32532 12
38764 48381 13
48381 25722 4
12589 46178 15
46178 4657 5
4657 42583 3
4657 21788 12
46178 34693 12
34693 39468 8
39468 10318 12
10318 43672 13
43672 24500 4
24500 430 1
430 26803 6
26803 1922 6
1922 36575 6
36575 29320 7
1922 34186 11
34186 22334 7
22334 17835 5
1922 168 12
168 243 8
243 20230 9
20230 4696 10
4696 46599 8
4696 41 12
41 23556 6
41 3494 10
3494 15135 4
3494 686 5
41 25875 11
25875 36708 4
430 13507 13
34186 15164 13
15164 39093 1
42583 45801 13
43672 3554 13
4696 9021 14
9021 14006 8
14006 17699 1
14006 33985 11
14006 42495 12
42495 36136 8
36136 46408 8
36136 35949 9
46408 36118 10
36708 36175 14
42495 4119 14
4119 10110 2
10110 7589 12
7589 19600 12
4119 46145 14
46145 22326 2
46145 42986 4
42986 24728 11
24728 10043 2
24728 48494 11
48494 37158 12
42986 15197 14
3494 22109 15
22109 14989 2
14989 40023 6
40023 14393 4
14393 40731 4
22109 20550 9
14989 26908 10
26908 42592 3
40731 6327 14
12602 45011 15
12646 356 15
356 1746 1
356 35238 4
35238 5600 4
35238 32226 7
32226 48145 1
1746 744 9
744 37798 9
37798 18484 5
18484 43006 4
43006 34994 6
5600 17070 11
356 9890 13
356 44227 14
44227 32519 6
44227 1015 9
1015 3241 1
3241 12922 1
1015 39224 2
39224 20258 1
12922 7290 5
3241 10650 9
10650 23465 4
10650 41644 9
32519 43320 13
7290 7666 14
7666 1319 1
7290 22250 15
22250 12479 9
12479 18835 1
18835 16297 1
18835 17545 3
12479 28274 9
28274 22395 3
17545 13330 10
28274 6192 11
6192 829 2
6192 45230 4
45230 30483 3
6192 24378 8
24378 5221 14
12690 9346 15
12694 37714 15
37714 15292 3
12801 5215 15
5215 12366 3
12366 12787 4
12815 37403 15
37403 46133 10
46133 17409 2
12863 28045 15
12905 21460 15
21460 14113 9
14113 38069 10
38069 8911 8
38069 32154 9
12965 7724 15
7724 6749 10
12967 33036 15
12971 42270 15
13109 42304 15
42304 46005 6
46005 43324 13
42304 17312 14
17312 29831 11
29831 30677 3
30677 842 5
842 75 4
842 15956 5
13138 3602 15
13294 45413 15
45413 30379 11
13309 47690 15
47690 25270 2
25270 32771 5
47690 34706 5
13402 32212 15
32212 24620 2
32212 18764 11
18764 24662 1
13407 20199 15
13459 49022 15
13502 47447 15
13522 45359 15
13574 49519 15
49519 7402 3
49519 25439 9
25439 16219 2
16219 5978 2
16219 40565 9
5978 37699 10
49519 49436 11
13641 26027 15
13698 1777 15
13906 49104 15
49104 29592 14
13923 8173 15
13958 10424 15
10424 31723 8
13970 42700 15
13971 13805 15
13805 39135 5
39135 16145 8
16145 31831 4
31831 31330 2
31330 18834 8
16145 23085 9
31330 49575 11
49575 29239 2
14067 46380 15
46380 25019 4
25019 28299 10
28299 1125 5
1125 6635 13
14165 45034 15
45034 7854 3
45034 7790 10
7790 48376 8
7790 2886 9
2886 26354 3
2886 19393 7
2886 33831 9
7790 41342 10
41342 4575 8
4575 7352 7
7352 14687 10
26354 16083 10
7352 14867 11
14867 24318 6
7352 13177 13
14365 23347 15
14438 47367 15
14495 46186 15
46186 3626 2
46186 29675 2
46186 28185 10
28185 43027 8
3626 9743 12
9743 44258 3
9743 32005 4
9743 15430 6
32005 7599 11
7599 31038 7
7599 43248 11
43248 46556 9
46556 11042 10
11042 11999 1
11042 6011 2
31038 15205 11
43027 15206 12
46556 37202 13
7599 2101 15
2101 25608 14
25608 49638 6
49638 16791 14
16791 34338 8
34338 6289 4
6289 25217 8
7599 30228 15
30228 35595 12
14568 1291 15
1291 49280 15
14666 23569 15
14681 46025 15
46025 17511 9
14681 46318 15
46318 39304 6
46318 25630 12
25630 15425 8
14758 27963 15
27963 18905 11
14759 22357 15
22357 30249 1
30249 10293 2
10293 8484 4
10293 14326 6
30249 13697 8
8484 40617 11
40617 4436 9
4436 7306 9
7306 10063 2
7306 21711 7
7306 24233 9
24233 6207 4
6207 10708 11
21711 9951 13
9951 23864 3
9951 19463 4
19463 11060 5
19463 43716 6
23864 48837 10
14784 13538 15
13538 38810 8
38810 43612 1
43612 1486 5
1486 4295 6
4295 41994 1
4295 1552 2
38810 14634 7
14634 25703 2
43612 30182 7
41994 30212 9
30212 16577 7
16577 16251 2
16251 46838 4
16577 39114 4
16577 44564 4
16251 12218 7
12218 26314 3
12218 42664 5
16577 43479 7
43479 1619 6
1619 17066 4
42664 27368 7
43612 37079 9
16577 27384 10
1486 10628 11
10628 4714 6
4714 14740 6
14740 29278 5
29278 40003 2
29278 48474 2
29278 48257 5
10628 9789 6
48474 30519 7
30519 25531 3
25531 20905 5
29278 43259 8
25531 17771 9
43259 40323 9
9789 2824 10
2824 5181 3
20905 39946 10
39946 26149 9
1552 19458 11
16251 48919 11
48919 23797 7
23797 34277 6
34277 4492 3
4492 11061 4
23797 20837 9
4714 23499 12
5181 24550 12
34277 39083 12
39083 12923 1
12923 24692 6
24692 17814 4
24692 2069 8
2069 2430 3
2069 3389 4
2430 48817 5
48817 44011 7
44011 11345 10
11345 41411 2
12923 22194 13
26149 8276 13
37079 25899 13
38810 13341 13
13341 14182 7
14182 29463 12
29463 1142 1
1142 1181 2
1142 6563 5
1181 43891 5
1142 28288 9
28288 21044 3
28288 43011 13
5181 32095 14
20905 22488 14
21044 22622 14
27368 16884 14
16884 9783 8
46838 20705 14
1486 25360 15
4295 22061 15
22061 10034 12
22061 37665 13
11061 47176 15
47176 44955 3
14824 30707 15
30707 33167 13
14824 35045 15
14842 1910 15
1910 3502 1
14845 30943 15
30943 9929 2
30943 33731 2
33731 49718 2
33731 11642 5
15033 13379 15
13379 21075 2
13379 22022 8
15137 22840 15
22840 3338 7
3338 26533 12
15144 1160 15
1160 1545 6
15157 20582 15
15185 2889 15
15185 24093 15
15296 49284 15
49284 21856 12
21856 43141 2
43141 31329 1
31329 38592 12
31329 42022 14
42022 47524 1
47524 16170 7
16170 28639 10
28639 14212 6
14212 18600 1
14212 40392 4
15304 35280 15
35280 37809 6
15389 37066 15
15485 561 15
561 35430 1
561 19734 11
19734 36073 8
15538 17234 15
17234 49416 7
17234 31059 9
31059 41592 5
41592 25535 2
25535 16517 6
17234 37922 12
37922 22156 12
37922 44350 12
16517 21985 13
21985 31001 1
31001 34091 7
34091 44009 1
41592 30896 14
15552 23785 15
15575 15048 15
15703 41336 15
41336 40173 4
40173 21936 3
21936 36113 13
36113 7370 12
7370 22203 2
22203 44406 14
15728 49189 15
15753 19026 15
19026 34232 2
34232 6476 1
19026 19890 5
19890 22836 6
19026 4143 8
4143 43003 1
43003 10152 8
19026 22917 12
22836 27947 12
27947 31236 4
31236 12709 10
12709 16700 6
16700 7823 10
7823 40852 13
40852 14003 9
14003 10373 9
40852 20544 10
20544 10324 11
10324 27299 5
27299 15802 10
15802 23185 1
10324 4908 14
10373 13366 14
40852 44314 14
44314 40851 3
40851 14363 2
44314 1451 5
1451 831 1
1451 2129 3
2129 5668 2
2129 2976 5
2976 28015 8
40851 30625 8
30625 48944 10
44314 40651 10
40651 37414 2
40651 30024 10
2129 42848 12
42848 16281 8
16281 44299 2
44299 22060 1
16281 28883 7
28883 49844 5
28015 16158 12
16158 26325 1
26325 33067 3
16158 1811 4
16158 36548 7
36548 24577 3
24577 40181 5
40181 7813 1
16158 42210 7
42210 29160 2
36548 1871 7
40181 13279 10
29160 28734 12
2976 1705 14
1705 46383 10
30625 20889 14
20889 12883 4
20889 15848 8
15848 34306 9
34306 42798 6
15848 36074 10
36074 41075 4
42798 42449 12
42449 17852 6
17852 4722 7
17852 10492 9
10492 8614 6
17852 16941 10
10492 5810 12
5810 23806 11
23806 26597 8
23806 20235 11
26597 4878 11
23806 21912 12
21912 18763 6
20889 40781 14
40651 30764 14
42798 10414 14
10414 46057 13
46057 24944 6
46057 3115 10
24944 49760 14
4722 15226 15
15226 21098 5
15804 41902 15
15854 49857 15
15857 26410 15
15945 25411 15
15976 40216 15
40216 2081 10
16029 12508 15
12508 32910 1
32910 18062 5
18062 39580 9
12508 6445 15
16073 36890 15
16149 17247 15
17247 19761 2
17247 33056 14
16301 18038 15
18038 21293 8
18038 47731 8
47731 13299 1
13299 10577 4
10577 48975 6
47731 2967 12
13299 18543 14
48975 40556 14
16373 6459 15
16388 10590 15
10590 17351 10
16459 45631 15
16529 3728 15
3728 45675 6
45675 31777 5
31777 5472 9
5472 13416 7
13416 1496 9
1496 9566 3
3728 10357 11
10357 38118 9
31777 4072 11
4072 49437 4
10357 15850 12
15850 4915 10
4915 26612 8
4915 26880 8
26880 43336 11
38118 29838 12
29838 9514 4
13416 10062 13
10062 16034 9
16034 25652 9
10062 8913 12
8913 7085 2
7085 1549 10
7085 41371 11
41371 9956 11
25652 44232 13
7085 33123 14
33123 21949 12
21949 28429 1
21949 30286 2
30286 33075 2
30286 15926 4
33075 18070 6
18070 20964 1
18070 10275 2
15926 3128 7
21949 1611 11
1611 4234 1
18070 18061 12
18061 37019 6
37019 4293 9
18061 6588 11
3128 13389 14
13389 2736 12
2736 6222 7
2736 8853 9
8853 6133 4
6133 7660 8
7660 49444 10
6222 44977 11
8853 39657 11
39657 3091 11
8853 39016 12
39016 49876 4
39016 24121 9
2736 17592 13
8853 44726 13
44726 43332 13
43332 34462 5
43332 20743 10
20743 2228 13
2228 32725 7
32725 32733 8
2228 34197 9
32725 31212 11
44977 41453 13
6133 3920 14
3920 35573 5
8913 21620 14
21620 32788 3
32788 27895 10
27895 25152 3
27895 33707 4
25152 2133 11
25152 47287 13
47287 48114 4
48114 377 2
377 43462 3
43462 4506 10
4506 39561 5
4506 1632 13
1632 4199 6
377 78 14
78 266 4
266 39299 6
266 2489 12
2489 23647 6
266 10895 12
78 1032 13
1032 14281 8
1032 10458 14
10458 46462 7
1632 8988 14
8988 14877 7
33075 4601 14
4601 34957 14
38118 2655 14
2655 24419 1
24419 3945 4
2655 41952 6
41952 48541 1
41952 9485 8
9485 18370 6
1032 20369 15
20369 3965 3
20369 37740 12
6588 7015 15
8913 22038 15
22038 40233 1
40233 35406 2
9485 2919 15
2919 34521 7
34521 1581 3
34521 24394 3
34521 30009 4
34521 26609 6
1581 31060 8
31060 45543 8
26609 24266 9
26609 16804 12
2919 2403 14
2919 6127 15
6127 11759 7
11759 18708 8
18708 19733 2
18708 32045 3
32045 29963 13
29963 20214 8
20214 25795 6
29963 29394 13
29394 47056 4
47056 39593 5
39593 19916 4
9566 2929 15
2929 823 11
16840 7404 15
7404 9035 5
17137 24598 15
17180 33703 15
17212 504 15
504 627 8
504 1538 9
1538 3543 1
1538 1994 7
1994 43856 4
1994 32709 6
3543 3324 9
504 49789 11
1994 26443 12
26443 6817 2
6817 7558 2
6817 10871 6
10871 21429 4
21429 43234 9
43234 40989 3
10871 33533 10
33533 37595 5
6817 6389 11
6389 34762 12
34762 2308 5
2308 27776 5
27776 8231 13
8231 13496 6
13496 9152 12
9152 38391 4
38391 12891 4
12891 8124 1
9152 5858 8
12891 48181 8
8124 4058 10
4058 12997 6
4058 28853 6
4058 34961 9
34961 23515 8
23515 23755 5
23755 22152 1
8124 10756 10
4058 12793 11
5858 8299 11
10756 16395 12
4058 19304 13
19304 23101 5
19304 25123 6
25123 9390 12
4058 38859 13
38859 24656 4
8299 22642 13
13496 26200 13
23515 415 13
6389 11468 14
12997 15702 14
15702 10857 14
415 35702 15
35702 30195 2
35702 44107 5
44107 11984 4
35702 39527 8
11984 17341 11
17341 2634 2
17341 29917 2
17341 28587 3
29917 16935 4
2634 3070 9
3070 23619 5
23619 21636 2
23619 21868 3
21868 47121 10
3070 708 12
708 34424 9
34424 8317 7
8317 44095 6
34424 29847 9
29847 27870 8
29847 33718 10
39527 28014 12
28014 32728 7
32728 44599 1
32728 17515 7
17515 41772 5
41772 14546 11
23619 5439 13
5439 16420 4
5439 18750 9
39527 13489 13
13489 36903 2
21636 45035 14
45035 10844 12
10844 32693 10
10844 6487 13
6487 22475 2
45035 36563 13
36563 24508 1
29917 41348 14
45035 15776 14
504 4149 15
4149 9888 5
9888 38389 8
38389 24406 7
24406 39869 5
24406 46158 5
39869 15139 10
15139 47343 1
15139 38951 9
17271 25598 15
25598 32861 1
32861 46391 13
46391 45247 14
45247 2901 3
45247 17166 8
17166 43231 14
43231 8086 14
8086 14187 7
8086 15306 11
15306 16157 5
16157 26895 6
15306 26814 8
16157 13540 8
13540 27888 9
15306 30833 11
30833 41069 2
41069 13234 1
13234 12257 2
13234 25776 3
13234 38245 5
27888 39785 11
39785 22241 8
22241 23448 2
16157 21232 12
21232 18424 10
18424 31984 11
22241 21253 12
26814 2988 13
2988 47375 10
18424 1386 14
1386 309 2
1386 45078 9
1386 7755 13
7755 33734 3
7755 16421 11
16421 8355 5
25776 26858 14
26858 4521 11
17279 23812 15
17315 23877 15
23877 4954 9
4954 23123 3
23123 31411 13
17315 30810 15
17387 32043 15
32043 41986 4
32043 27241 7
27241 26558 3
41986 32148 9
27241 44448 12
17497 6099 15
6099 31552 7
31552 45779 4
17551 2659 15
17637 1119 15
1119 2504 3
2504 43095 2
2504 2170 7
2170 37210 7
1119 2003 9
1119 30428 12
17662 18411 15
18411 8702 7
8702 12250 9
12250 30127 2
17867 38927 15
17931 29436 15
29436 11697 5
29436 49549 8
11697 6503 10
6503 8539 3
18012 35526 15
35526 47298 4
47298 28537 10
28537 25670 10
18017 47632 15
18104 4948 15
4948 24867 13
24867 49614 10
49614 5170 6
5170 28111 7
5170 411 11
411 31748 9
49614 46501 11
46501 1531 5
1531 46809 7
46501 12483 7
12483 7684 7
7684 30968 5
12483 41667 8
30968 23657 9
30968 37884 9
37884 15738 5
15738 21803 4
21803 47074 3
21803 12101 6
15738 16787 7
12101 3328 8
3328 35007 5
3328 8854 6
15738 32067 8
32067 10189 10
8854 29098 11
29098 5455 7
5455 4257 1
4257 6499 10
6499 3189 2
4257 286 11
286 2503 8
2503 3004 1
3004 22226 2
4257 36631 11
36631 6910 2
3328 3946 12
6499 40656 12
40656 21317 3
40656 44654 6
40656 35667 11
35667 26274 3
6910 48432 14
12101 39157 14
15738 24169 15
24169 48337 2
24169 32840 3
24169 66 9
66 428 4
428 12960 4
66 33928 9
33928 997 7
24169 47560 11
33928 4618 11
428 43859 12
997 30979 12
24169 45889 12
43859 2830 12
2830 596 1
2830 10744 6
10744 46995 5
46995 32822 2
10744 31360 6
2830 28165 7
28165 31135 2
31135 10064 8
4618 320 13
4618 2683 13
2683 29013 8
2683 8781 12
8781 12622 1
12622 43409 1
43409 26984 1
26984 42652 4
43409 34780 5
42652 32942 6
8781 19217 7
19217 33943 1
26984 35307 9
34780 29568 9
29568 24182 3
29568 27133 7
24182 36494 11
36494 49752 4
49752 35686 10
33943 28560 12
12622 49932 13
36494 32194 13
32194 35178 10
45889 44840 13
44840 11597 6
44840 25604 9
11597 33903 11
42652 7679 14
7679 37940 1
7679 4801 6
4801 33438 1
7679 6800 8
6800 16940 11
6800 6633 12
46995 28909 14
28909 4644 1
18271 29695 15
18290 30063 15
18414 31736 15
18470 16365 15
18475 24168 15
18475 35264 15
35264 655 3
655 26719 5
26719 25192 4
655 280 13
280 26054 13
35264 22465 13
22465 41732 1
18561 25664 15
18604 9403 15
9403 2164 4
2164 39199 1
9403 34458 4
9403 39457 8
2164 9772 9
9772 34313 1
34313 8463 6
2164 37832 11
18619 17110 15
17110 95 7
17110 42782 11
42782 33818 1
42782 12396 8
12396 19125 4
19125 26371 1
19125 15247 5
26371 35831 12
33818 26235 13
33818 49266 13
49266 44603 3
49266 44209 4
49266 21206 6
44209 23625 9
49266 23618 10
15247 9695 15
18739 35647 15
18955 9977 15
9977 36698 8
19003 24548 15
24548 30778 4
30778 7827 10
30778 11853 10
19125 36854 15
36854 3964 11
19127 818 15
19217 25474 15
19233 44269 15
19239 37350 15
19374 18550 15
18550 23261 1
23261 38586 10
38586 2613 14
19463 45239 15
45239 48293 4
45239 1509 8
1509 40849 2
1509 38876 6
38876 39336 5
40849 49894 7
49894 42403 1
49894 5477 7
40849 849 8
45239 26628 8
1509 41101 9
48293 24181 10
5477 41613 15
41613 49314 1
19744 48112 15
48112 4096 5
48112 3333 14
3333 18107 5
48112 15868 14
3333 9253 15
9253 11200 13
19790 43124 15
43124 4148 10
19828 20595 15
20595 7621 9
19864 35662 15
19864 38606 15
19916 7272 15
19942 44713 15
44713 39111 9
19955 2913 15
20235 33231 15
33231 13002 6
20298 31599 15
20327 9333 15
9333 137 12
137 97 5
97 17517 14
20364 47613 15
47613 9177 11
9177 37344 10
20500 36695 15
20506 48027 15
20606 20176 15
20176 34304 7
20176 14206 10
14206 32150 2
20606 24448 15
24448 27846 11
27846 39936 5
39936 22680 3
39936 16931 14
16931 47858 1
16931 8274 8
8274 5961 2
8274 48679 3
48679 2605 5
48679 17840 6
17840 13962 4
13962 42576 4
42576 21857 7
21857 17033 7
17033 49591 9
16931 19932 10
19932 41099 5
19932 45797 7
45797 25484 3
25484 41824 1
25484 48844 5
41824 46295 5
48844 7275 7
7275 15858 7
25484 5322 8
5322 25507 8
5322 44435 11
5322 44433 12
20636 41778 15
41778 17748 13
17748 29939 2
20652 21578 15
20670 16773 15
16773 25927 14
20807 30301 15
30301 5747 8
5747 19548 3
5747 3491 11
3491 45111 3
45111 18204 2
3491 13207 4
45111 20475 5
5747 11614 13
11614 22328 8
22328 6130 8
6130 20769 2
6130 9667 9
5747 3844 14
11614 17153 14
20475 21459 14
21459 42150 1
21459 26010 5
21459 14262 10
14262 39836 9
39836 35590 4
39836 42386 7
42386 49833 10
39836 21218 11
21218 23182 8
21218 43229 9
43229 37059 4
37059 16211 2
16211 46975 2
16211 33496 8
21218 5987 12
46975 4198 12
42150 28847 13
28847 47179 5
4198 7529 14
7529 17069 10
17069 14047 1
17069 9978 2
14047 15482 6
17069 2374 6
2374 27682 3
2374 25816 4
2374 2844 5
14047 12341 12
17069 19000 13
19000 45638 1
19000 47399 7
19000 46991 8
46991 9800 12
9800 37065 5
47399 19520 12
19520 23532 1
23532 20285 12
23532 28276 12
28276 14871 1
28276 43213 8
43213 4781 3
4781 26769 7
4781 1077 9
1077 36871 3
36871 8423 7
14871 9147 9
4781 43617 10
43617 4365 1
43617 20864 8
8423 6711 11
6711 36948 7
28276 22965 12
22965 16881 3
22965 12909 4
6711 23659 13
9147 20594 13
20594 36634 6
20594 41579 6
41579 46643 1
41579 11331 11
11331 18968 10
18968 27528 2
27528 32443 8
27528 37641 8
32443 6995 11
12909 17463 13
23532 36262 13
36262 27084 1
27084 27507 2
36262 23533 5
27507 27101 7
36262 35513 11
36262 36725 12
36725 21285 6
43213 35930 13
23182 44823 14
27084 25645 14
25645 13980 3
13980 46653 1
42150 2527 14
2527 4527 13
1077 40193 15
4781 10878 15
14047 1849 15
1849 41543 11
41543 6758 6
6758 3526 8
6758 6335 11
6335 37790 5
37790 24770 2
6335 27332 6
37790 18833 9
37790 34945 9
6335 45960 11
45960 33484 2
37790 42442 11
42442 39646 5
1849 840 12
18833 30325 12
30325 13454 1
13454 32605 4
30325 17450 6
32605 2011 6
2011 28117 8
17450 10330 12
10330 7151 1
7151 28935 3
24770 35472 12
13454 6508 13
6508 8303 2
8303 43733 5
18833 3608 13
27332 29702 13
29702 4417 8
27332 19881 14
8303 48879 15
18833 43627 15
43627 2681 9
19520 19126 15
19126 30369 5
19126 20648 13
20648 6162 2
6162 23752 6
19520 34201 15
20928 19406 15
21005 33713 15
33713 48636 14
48636 7733 2
48636 25493 2
25493 49332 4
7733 36322 6
36322 19986 3
19986 13081 2
36322 33524 7
36322 30935 8
49332 28256 8
28256 34098 5
25493 33368 9
28256 46980 10
48636 17378 13
17378 18240 2
13081 8411 14
17378 38098 14
18240 38079 14
36322 41843 14
41843 49019 3
41843 13024 4
41843 37305 12
37305 35790 4
35790 33089 7
21041 24388 15
21082 376 15
376 14342 15
14342 2637 10
14342 12120 14
21092 47942 15
47942 39270 2
39270 49729 3
39270 18336 9
18336 18486 8
39270 24599 9
24599 27240 3
27240 11186 14
21168 37727 15
37727 34134 6
21222 43917 15
43917 41347 6
41347 7449 12
41347 34587 14
34587 41632 6
34587 48198 6
21329 18301 15
18301 36621 3
18301 37084 9
21333 3116 15
3116 15176 7
15176 14257 14
14257 25797 15
21433 48964 15
48964 36453 5
36453 8663 6
8663 19492 5
48964 34470 11
21715 18866 15
21801 22842 15
21872 5894 15
21949 3118 15
22112 35578 15
35578 29461 5
22148 6338 15
6338 30753 5
6338 1762 13
22158 7046 15
7046 9901 13
9901 24621 13
22168 11458 15
11458 32845 15
22212 42917 15
22226 14193 15
14193 7905 2
7905 49405 11
49405 9447 2
9447 37975 6
37975 1453 4
1453 6308 2
1453 6627 3
1453 31079 14
22257 20347 15
22268 19816 15
19816 13712 8
13712 37717 5
37717 19937 4
37717 46800 10
37717 20746 11
22405 36060 15
36060 17762 1
17762 3364 9
3364 7804 4
3364 30400 8
30400 44577 6
7804 8859 8
8859 10118 2
8859 3548 3
10118 5048 7
5048 46852 3
5048 36818 7
36818 25059 1
25059 26312 5
26312 1455 1
1455 32503 1
26312 11236 2
36818 32260 7
5048 83 8
83 7341 2
7341 39689 8
7341 27316 9
1455 616 12
616 21202 1
21202 46138 3
30400 40384 12
32503 28837 13
616 30274 14
30274 32391 11
32391 31140 1
32391 34922 1
31140 6779 5
32391 40460 13
40460 13787 9
13787 36924 2
36924 33924 10
40460 7120 12
1455 48550 14
48550 43357 10
43357 22529 10
22529 41221 2
1455 1639 15
7804 36881 15
22406 34664 15
22431 45405 15
22525 24192 15
24192 46793 1
22543 26288 15
22600 16368 15
22690 10165 15
22733 1952 15
22951 12702 15
22984 22087 15
22087 17394 1
17394 31764 1
17394 21248 5
21248 34999 2
34999 9492 10
9492 34919 3
9492 31072 6
17394 8342 12
8342 16030 11
23002 11502 15
23222 30521 15
30521 34137 14
34137 25846 2
25846 34672 2
34672 10583 7
25846 44729 14
44729 10948 11
10948 9883 3
10948 8714 4
9883 14087 5
9883 11742 8
11742 45106 4
10948 46213 8
9883 5200 9
10948 36502 10
8714 9812 12
9812 48558 1
9812 45915 8
45915 48989 7
48989 6026 3
6026 752 12
752 1535 4
1535 17476 5
10948 35256 12
35256 25926 5
25926 17553 8
35256 21841 10
1535 3459 13
48558 44003 13
44003 24374 3
6026 16027 14
16027 49922 2
49922 7425 1
7425 7870 1
49922 46017 1
7425 8038 11
30521 41467 14
49922 3106 14
23272 34983 15
34983 21958 2
21958 33223 8
34983 7985 9
34983 34301 10
34301 22237 10
22237 36217 1
7985 20818 13
20818 24503 1
20818 30488 12
34301 3625 14
21958 14523 15
23377 42523 15
42523 40288 8
40288 8056 5
40288 21441 7
21441 3407 2
8056 14581 9
14581 3807 6
3807 8007 1
8056 29154 10
29154 40293 11
40293 36302 1
3407 985 12
985 42129 5
42129 22174 8
40288 29065 12
3807 4400 14
4400 13250 14
13250 13038 13
13038 18921 7
29154 38910 14
38910 39747 9
39747 6985 2
6985 15496 5
15496 20618 1
38910 17047 10
38910 4294 14
4294 11445 4
11445 23363 1
4294 27902 9
27902 28777 1
27902 13692 13
23408 31174 15
31174 13927 8
23416 12899 15
12899 34038 13
34038 6292 8
23572 20882 15
20882 41376 3
41376 25849 2
20882 3908 5
3908 4805 5
20882 13155 11
13155 3738 3
3738 22484 3
3738 27340 7
27340 23345 11
23345 49448 8
3738 19766 12
19766 34639 3
34639 6833 7
6833 17094 3
17094 49443 4
49443 25715 4
25715 6883 7
6883 7940 5
7940 30739 3
6833 44993 8
30739 45175 8
25715 32577 9
32577 15707 4
15707 16108 8
16108 11394 5
34639 45539 9
19766 17669 10
30739 42060 10
42060 1568 8
1568 3687 4
3687 5460 7
42060 42302 11
25715 489 12
42060 42525 12
6883 11167 13
11167 40306 5
11167 15274 11
22484 17765 13
17765 44504 7
44504 36289 6
36289 23255 12
23255 14275 10
14275 11342 2
11342 29771 8
29771 38068 13
15707 33536 14
33536 1881 4
33536 17838 6
33536 36729 9
36729 26461 11
25715 43743 14
43743 29138 5
26461 9656 14
9656 41333 11
1881 3229 15
3229 38401 5
23616 41128 15
23621 17305 15
17305 49712 2
17305 2020 11
23627 16355 15
16355 49158 14
23700 34655 15
23798 33138 15
33138 11046 11
23880 555 15
555 23338 12
23993 13677 15
24036 45429 15
45429 5609 5
5609 21667 1
21667 4872 5
45429 43717 10
43717 27411 2
27411 26536 3
27411 7987 12
21667 12270 13
12270 3796 6
12270 42003 9
3796 11963 10
3796 18243 12
18243 12821 3
12821 2786 1
2786 1167 6
12821 16769 11
16769 30670 3
16769 40620 7
4872 33585 14
33585 42234 5
42234 13532 7
42234 47966 7
42234 17348 8
13532 16419 15
24045 45097 15
24160 44664 15
44664 23520 5
44664 22419 8
22419 8639 13
8639 26434 8
26434 25706 6
44664 12452 14
12452 42095 2
12452 23761 5
42095 37471 14
37471 29055 14
24175 24495 15
24191 15464 15
15464 5196 2
5196 44137 11
44137 38000 1
44137 3473 3
3473 860 2
44137 24695 10
860 17611 12
860 8061 15
8061 46088 4
46088 33723 10
15464 24456 15
17611 32110 15
32110 25622 13
25622 24823 4
24231 40194 15
40194 12810 10
12810 14816 2
14816 14430 8
14430 3745 1
3745 9952 2
9952 40161 1
14430 20794 4
9952 23068 8
20794 34663 10
34663 10269 1
10269 12202 5
12202 40149 3
34663 47028 5
10269 21033 7
10269 3624 9
34663 49533 10
49533 33739 5
3624 3231 11
33739 42300 11
47028 28238 12
14816 25637 13
25637 49049 11
49049 26688 3
26688 35882 6
49049 15395 9
15395 3053 4
26688 34441 11
34441 41801 7
41801 49199 3
3053 7219 14
3624 41528 14
9952 45813 14
49533 37870 14
20794 32510 15
24300 634 15
24368 18692 15
18692 2704 7
24482 41739 15
24662 49422 15
49422 3353 8
3353 3905 2
3905 42452 2
3353 15567 4
42452 31588 4
42452 2086 6
2086 7035 8
7035 4350 4
42452 49083 8
31588 40396 9
3353 15388 12
15388 42558 3
24698 39771 15
24774 27937 15
27937 33030 3
27937 42366 3
42366 44963 1
33030 36109 3
33030 9413 7
9413 47318 8
44963 13771 8
24876 33210 15
24896 31744 15
31744 30192 3
30192 26869 2
31744 22362 10
22362 4432 14
24965 34130 15
34130 30121 6
30121 11049 7
11049 17355 5
24986 31668 15
31668 15408 1
25135 20148 15
25140 43491 15
25301 37231 15
37231 17017 9
17017 19868 7
19868 18981 2
17017 12397 9
12397 12882 12
12397 18530 12
18530 26301 7
18530 43460 11
25342 38183 15
38183 26502 10
26502 4636 7
4636 8371 1
4636 36084 4
38183 16154 11
4636 18160 15
25374 27787 15
27787 6861 2
6861 26124 9
26124 19154 9
6861 33716 12
25385 34204 15
25434 37034 15
37034 49637 9
49637 8862 5
25493 30189 15
25535 5531 15
5531 1997 5
1997 20584 1
20584 36387 5
36387 24006 10
25598 19407 15
19407 38917 13
38917 49683 8
38917 40152 12
40152 34254 7
25603 42978 15
25625 44622 15
25704 40863 15
40863 42284 10
42284 39931 2
39931 18822 11
18822 40052 12
25711 2319 15
25868 38124 15
25970 45512 15
45512 31246 13
31246 43932 11
43932 16278 8
45512 45542 14
25994 1537 15
1537 28534 1
1537 13555 8
13555 46526 2
1537 36730 11
36730 30818 1
46526 327 13
327 23609 2
327 24309 3
327 2959 15
2959 12112 4
26078 6144 15
26148 37929 15
37929 4450 10
26168 45510 15
26220 44767 15
44767 35262 3
26291 10181 15
10181 27514 10
26415 29331 15
26443 13595 15
13595 4388 2
13595 9598 2
9598 31507 2
13595 12096 3
31507 26447 6
4388 13237 7
9598 24092 8
24092 19993 10
19993 13008 3
19993 31405 3
13008 28576 4
26499 21347 15
21347 42835 9
42835 33208 5
33208 10947 2
10947 48046 10
21347 1197 10
21347 2362 14
2362 2279 13
2279 10245 8
10245 12755 6
10245 3989 10
3989 2251 3
2251 12637 7
12637 23473 7
3989 9927 8
9927 39147 9
23473 22850 10
22850 21746 11
21746 14410 9
14410 34331 2
21746 900 10
900 13340 7
13340 16391 9
900 23011 11
23011 1228 10
1228 94 3
94 2564 2
2564 45096 8
14410 28743 11
900 43412 12
43412 5647 3
5647 38392 9
1228 48878 12
45096 19870 12
19870 8483 8
8483 12897 1
12897 27050 3
27050 43910 5
27050 22641 11
22641 44 1
44 1383 2
1383 22265 2
22641 1907 7
44 40583 9
40583 30802 1
1383 28941 10
1383 24209 11
24209 12908 11
30802 21122 11
21122 48777 1
40583 3886 11
1383 19327 12
8483 30605 12
30605 29435 4
30605 42192 4
42192 4965 1
42192 11562 5
42192 44997 8
42192 27863 10
27863 21508 3
21508 32512 2
21508 31946 6
31946 26824 6
31946 33328 6
44997 39322 10
21508 5168 11
5168 14111 11
5168 27219 11
27219 33632 1
33632 41040 7
27219 19760 11
33328 46268 11
4965 33454 12
12897 10938 13
10938 26440 13
26440 22179 1
26440 2412 7
2412 19105 5
19105 15418 5
2412 3312 8
3312 7038 3
2412 14468 10
26440 48391 11
48391 17228 7
17228 9201 12
9201 35977 6
9201 29793 7
9201 7160 9
29793 45853 9
9201 18264 11
17228 29053 12
28743 16987 13
16987 18662 5
18662 7413 2
7413 24778 11
24778 6798 6
24778 31416 9
24778 4185 10
4185 13184 5
4185 4907 6
4185 24758 6
24758 29600 5
4185 32745 8
32745 283 5
283 254 5
254 20888 6
20888 12892 1
283 14848 6
14848 21103 4
14848 25386 7
21103 4542 10
6798 9240 13
9240 47949 7
9240 12252 13
12252 23726 4
32512 37854 13
32745 44662 13
44 28 14
28 3521 3
28 3444 4
3521 26919 4
26919 16224 1
26919 44390 2
3444 8468 11
26919 1445 11
26919 26437 12
26437 10214 2
10214 19923 5
10214 11151 8
11151 26333 4
44 2139 14
2139 16076 7
16076 20731 9
20731 35690 12
35690 152 5
152 24639 3
152 2727 9
35690 15828 9
2727 21183 10
21183 36778 8
36778 3612 3
3612 15572 7
3612 23045 7
23045 45303 9
15572 24112 10
24639 31033 11
31033 36423 6
36423 45282 2
45282 14431 1
20731 35312 13
35312 42437 8
42437 49020 3
49020 22570 6
22570 6497 6
6497 18233 10
18233 19701 1
19701 8779 1
18233 43333 2
43333 47222 8
47222 35557 5
35557 6708 5
6708 5723 8
35557 18478 8
18478 27964 5
27964 13999 8
47222 14072 8
18233 48946 9
8779 18554 12
8779 46493 12
27964 28873 13
36423 5736 13
5736 26315 7
26315 35974 6
5736 35100 8
5736 37530 9
35974 28771 12
28771 43706 5
28771 17270 9
17270 19636 2
3312 21277 14
3886 7880 14
6708 27805 14
8483 13449 14
13449 19971 2
13449 8730 13
8730 48846 2
8730 12676 3
48846 11215 4
11215 49487 4
8730 3762 10
49487 31894 13
9240 12276 14
12276 47491 5
12276 29965 13
47491 1961 13
15418 14188 14
14188 47053 1
47053 948 4
47053 9615 4
9615 40197 1
40197 15160 3
9615 46961 5
46961 5109 4
5109 2258 5
15160 47277 5
5109 8540 6
948 23789 9
47277 38370 9
15160 3558 10
5109 8358 11
8358 7410 1
8358 39003 7
5109 25108 11
25108 43598 3
43598 39265 6
39265 49665 3
49665 7972 1
39003 20106 11
20106 33500 3
20106 24308 4
5109 16802 12
16802 46744 4
46744 23554 5
23554 15338 2
15338 49052 1
15338 33490 2
16802 27321 7
16802 7954 8
7954 7390 6
7954 30572 13
30572 18574 1
18574 35826 6
33500 29464 13
29464 31192 9
31192 24463 9
29464 48482 12
17228 23405 14
20106 3141 14
3141 45173 9
3141 2528 12
2528 8920 5
21183 33998 14
33998 35935 1
35935 15056 2
35935 32523 4
33998 19717 7
19717 6724 2
6724 1299 2
33998 23385 7
23385 49625 3
49625 12593 7
19717 47893 8
6724 33935 9
33935 42133 10
35935 27557 10
27557 47008 2
27557 28933 7
27557 35772 12
35772 44982 11
21746 40818 14
40818 24358 12
40818 28775 12
23405 19024 14
24112 27544 14
27544 11045 4
11045 48689 1
27544 33590 7
28743 19651 14
31894 5695 14
5695 10631 3
10631 43118 2
10631 38960 3
31894 44506 14
44506 36362 7
38370 4491 14
45853 36061 14
36061 18496 2
48046 45105 14
28 1254 15
1254 36827 11
36827 24029 7
24029 2519 12
2519 20416 3
20416 47339 5
2251 392 15
392 745 4
745 32697 9
32697 4489 2
3558 34825 15
12755 31966 15
31966 4463 5
4463 41031 11
41031 18050 5
18050 49892 2
4463 3483 14
19701 3936 15
19971 34997 15
24209 37000 15
26558 22220 15
26635 3280 15
3280 987 3
987 492 2
492 5809 7
5809 18807 10
492 5163 11
5163 40699 10
40699 16715 8
16715 15658 1
16715 20497 2
492 5564 13
5564 3510 8
3280 6430 14
6430 20065 15
20065 12624 2
12624 42057 11
18807 13863 15
26737 45419 15
26863 47477 15
47477 33881 1
47477 44703 7
47477 35521 8
26904 43867 15
26999 2049 15
2049 27300 5
27300 14020 8
2049 33650 12
33650 14997 2
14997 13119 7
33650 29089 9
29089 12818 7
12818 40188 1
14020 5275 12
14020 35878 13
35878 36294 1
35878 19054 13
35878 3928 14
14997 45315 15
27022 26617 15
26617 45252 15
45252 38367 12
45252 12337 14
27024 14868 15
27033 31709 15
27050 44748 15
44748 26829 7
27213 26119 15
26119 42479 11
26119 48655 12
27218 23346 15
23346 3131 5
3131 48201 3
23346 10532 14
10532 45195 2
10532 8581 3
8581 47650 8
10532 44735 12
27312 28432 15
27321 25649 15
27410 3935 15
3935 26724 5
26724 36825 2
36825 49912 2
27557 32710 15
27603 31751 15
27606 16480 15
27802 17445 15
27942 8132 15
28076 23836 15
23836 47599 7
47599 4734 5
4734 49865 3
28309 22916 15
22916 1610 13
1610 2982 3
28320 17451 15
17451 24655 4
24655 35732 5
24655 28503 8
24655 34384 15
34384 19184 11
19184 47646 15
47646 8718 9
8718 31530 1
8718 4108 4
31530 41978 8
28391 18773 15
18773 25100 7
18773 40760 7
40760 20428 7
25100 12575 8
12575 32732 8
32732 5133 12
32732 24235 12
28454 42690 15
28491 13372 15
13372 14388 15
14388 31806 1
14388 5787 11
5787 36994 10
5787 9577 13
14388 13552 15
13552 42714 9
42714 12210 7
13552 29370 13
29370 1999 12
1999 33564 7
28557 49759 15
49759 10747 10
10747 2045 4
2045 25826 12
28589 26417 15
26417 48794 9
28599 4277 15
28787 10111 15
10111 23930 3
10111 25213 9
25213 28761 2
25213 45559 6
23930 41855 9
28761 5575 9
41855 24780 10
28761 25594 12
25594 39954 1
25213 3834 14
25594 9702 14
9702 33220 12
33220 43822 6
9702 47720 13
25594 42926 14
28808 25806 15
28847 34407 15
29144 4396 15
29154 19653 15
19653 26524 14
29163 8249 15
29376 25669 15
29380 17535 15
17535 24819 14
24819 41717 1
41717 16597 9
41717 17950 9
17950 16579 10
16579 21553 10
21553 37402 7
17950 32173 11
24819 19737 11
19737 17383 9
16597 29720 14
29720 13222 14
13222 9419 10
9419 17146 13
17146 21567 1
17146 36406 4
36406 38711 3
21567 33433 14
17383 35096 15
35096 38853 14
38853 21031 8
21031 5279 5
21031 11646 5
21031 40658 5
5279 39212 9
29491 19232 15
19232 13835 6
29646 24783 15
29688 3596 15
29721 10498 15
10498 17112 10
29775 32790 15
32790 34776 8
34776 513 5
513 43961 4
43961 29360 2
34776 30938 13
30938 22710 2
22710 12603 14
12603 30708 7
12603 16105 9
30009 16312 15
16312 4790 7
16312 39241 9
30069 3239 15
3239 7055 4
7055 6319 10
6319 18025 6
18025 27214 7
27214 40053 7
40053 32305 8
32305 32453 9
27214 40786 10
27214 231 14
32453 1068 14
1068 19397 2
1068 26409 13
18025 20517 15
20517 23312 5
23312 17655 3
20517 30742 5
20517 32810 14
30127 47963 15
30136 26345 15
26345 21822 15
30201 30021 15
30222 21164 15
21164 25238 10
21164 9705 14
9705 10777 7
30287 17550 15
30403 42537 15
42537 34556 2
30488 46951 15
46951 48020 7
30574 8525 15
30590 21032 15
21032 11048 2
11048 27432 2
11048 38605 4
30615 11477 15
11477 14323 5
30625 27388 15
27388 890 4
30742 2791 15
2791 48309 4
2791 354 14
2791 37114 14
37114 19019 1
19019 32347 10
30837 16168 15
30883 16800 15
16800 27117 3
16800 7084 6
16800 19709 8
7084 2531 9
27117 38006 13
38006 10578 3
2531 45299 14
45299 27667 2
27667 21007 5
16800 5049 15
5049 23703 7
23703 26169 14
31056 1770 15
31135 29574 15
29574 3468 4
3468 10599 3
10599 19740 7
29574 38235 7
38235 21251 5
3468 44607 15
31140 16117 15
16117 47563 8
31146 1766 15
31209 37758 15
31293 25017 15
31297 23745 15
23745 11551 14
11551 10563 6
10563 16582 15
31329 19824 15
31416 2271 15
31423 27830 15
27830 7506 7
7506 14587 10
14587 45187 4
45187 30856 1
14587 9297 11
31575 33226 15
31682 14979 15
14979 46762 8
14979 2450 15
2450 3252 13
3252 45875 11
3252 42922 13
31733 39149 15
31777 45112 15
31872 20275 15
20275 17581 7
31900 42657 15
31960 40706 15
32008 32243 15
32018 44280 15
44280 35928 6
35928 32538 14
32538 20014 1
32538 20800 5
32538 49794 5
20014 3529 6
3529 3680 6
20014 30594 6
3529 19035 15
19035 23109 11
32150 38010 15
38010 42628 4
38010 13347 8
13347 12251 2
42628 37712 12
32235 43235 15
32263 35776 15
35776 22588 10
35776 46851 10
46851 14908 11
32312 4995 15
4995 47798 1
4995 9747 2
9747 30308 2
32328 20759 15
20759 13414 1
13414 29023 1
20759 33916 13
29023 1751 13
32410 32097 15
32472 15710 15
32665 46916 15
32733 44220 15
32882 12066 15
12066 14103 4
14103 25205 11
33053 42723 15
33088 34297 15
33390 37972 15
37972 14792 12
33485 31958 15
31958 38052 11
33583 43192 15
33643 49148 15
49148 6869 11
33663 3700 15
3700 214 2
3700 45431 8
33689 19434 15
19434 5731 5
5731 39263 4
39263 14171 6
5731 41706 9
41706 2405 12
39263 27277 14
27277 5636 11
5636 19900 10
33721 38432 15
33835 22878 15
33852 41539 15
33862 15316 15
33932 38343 15
33989 35187 15
34003 25595 15
34106 9282 15
9282 37947 3
34106 36614 15
36614 48140 6
48140 39435 2
39435 42630 4
42630 23780 6
36614 44673 9
23780 35021 11
35021 31075 11
31075 11034 5
11034 5576 8
5576 24424 6
24424 38890 4
24424 22302 5
5576 42399 8
42399 4241 1
4241 17757 4
4241 19702 5
4241 33153 6
17757 28946 9
28946 47246 8
5576 6239 10
31075 6262 10
6262 4370 4
4370 41405 12
5576 32448 12
32448 39155 4
28946 792 12
792 8498 5
8498 4679 9
4679 2347 4
4679 6317 5
8498 7881 10
6317 48344 12
48344 30419 8
30419 21203 13
21203 17018 13
39435 32094 13
32094 795 7
42630 15709 13
792 41107 14
22302 49336 14
49336 20419 1
22302 22444 15
22444 34861 12
34861 44273 5
34861 17007 9
17007 29822 5
29822 29205 3
17007 34474 10
34861 49644 10
34861 44516 13
24424 40933 15
34170 6969 15
34218 8310 15
8310 5596 2
5596 13680 6
5596 27814 11
27814 37080 7
37080 10926 2
10926 16624 3
37080 47789 4
10926 38524 6
37080 41874 6
47789 32183 6
37080 47578 7
10926 13959 9
13959 6270 1
13959 36642 3
32183 3107 10
6270 8083 11
8083 1722 9
6270 26777 11
8083 42923 11
8083 44524 11
44524 45776 5
45776 12466 7
12466 22176 7
12466 36098 8
36098 4870 7
36098 46140 7
45776 17253 8
1722 33009 12
4870 26084 12
5596 3949 13
3949 1559 2
3949 4116 4
4116 19561 3
3949 31346 6
31346 4561 3
4561 21840 6
31346 48047 10
8310 20846 13
13959 41448 13
20846 47398 13
47398 28528 8
28528 11607 4
11607 43148 10
47398 29165 14
29165 42705 3
42705 35285 5
35285 36969 9
29165 7704 10
7704 32411 10
47789 4236 14
1722 2042 15
2042 6347 6
6347 11839 5
6347 46364 5
6347 6453 8
6453 35425 1
46364 5307 8
5307 42357 2
5307 6190 4
6190 9685 5
6347 30873 10
6190 1637 12
1637 13281 6
31346 49348 15
49348 46279 3
46279 29728 3
29728 46513 8
46513 23186 9
34338 15541 15
15541 17317 8
15541 20691 9
20691 44145 3
44145 15719 8
44145 26943 9
26943 24885 2
24885 40641 3
40641 30390 7
40641 1734 8
1734 2128 1
2128 31523 9
31523 24270 4
30390 48221 11
48221 41547 5
41547 36132 6
48221 9191 10
31523 23353 11
23353 40993 9
23353 26674 12
41547 34878 12
1734 15150 13
15150 41021 2
15150 21649 3
21649 21509 2
21649 16858 6
16858 2851 10
2851 42342 10
26943 33104 15
33104 8265 6
34381 34682 15
34682 15760 13
34556 32583 15
32583 11481 7
11481 2186 11
2186 11008 1
2186 35985 5
35985 14207 2
11008 44657 9
44657 34233 2
35985 43557 9
43557 29947 8
35985 5432 11
29947 15099 12
15099 37594 1
37594 20613 4
37594 30046 4
15099 40544 8
40544 5220 8
20613 1448 10
37594 32515 12
15099 15143 13
15143 14786 13
15143 36219 13
36219 46013 7
46013 10815 8
46013 23058 9
46013 36002 12
36002 4826 10
5220 4336 15
4336 3613 2
3613 1454 8
14786 48940 15
34609 26090 15
34736 38197 15
38197 3881 5
3881 31775 5
31775 29509 4
38197 15561 5
3881 28284 13
34891 5801 15
5801 7376 3
5801 46806 3
7376 23052 3
23052 4687 1
5801 1494 15
34937 42599 15
34971 14904 15
14904 2962 8
14904 5613 9
5613 31155 14
31155 31199 14
35022 17263 15
35100 28884 15
35117 27104 15
35167 5900 15
5900 15311 3
35180 34636 15
34636 18098 10
35224 1671 15
35280 1815 15
1815 18951 1
1815 31101 11
35421 37472 15
35429 8416 15
8416 39943 2
39943 11944 10
8416 257 15
35483 27088 15
35595 29590 15
29590 34171 13
35663 23479 15
35664 3190 15
35673 18245 15
35690 42859 15
42859 23851 6
23851 44542 1
35762 39676 15
39676 13846 5
35885 47096 15
47096 20489 5
20489 26002 5
36012 17107 15
17107 25982 14
25982 16036 15
16036 30463 14
30463 40162 1
30463 28500 4
16036 34213 15
34213 14414 1
14414 40964 1
40964 12312 4
34213 10257 7
12312 34024 13
14414 37752 14
37752 47787 9
36036 28393 15
28393 39581 9
36077 37772 15
37772 12597 2
36118 49128 15
36153 23282 15
23282 21215 7
21215 47532 2
47532 23979 3
47532 29228 13
29228 47426 4
29228 43827 14
36170 14172 15
36221 46173 15
46173 41977 3
46173 43855 3
43855 32612 3
32612 39413 8
46173 23926 14
23926 31333 3
36250 33699 15
33699 15983 3
33699 34873 7
34873 19218 4
34873 20346 6
20346 35049 1
35049 20999 8
20999 3276 6
35049 13231 15
36278 13267 15
13267 8971 3
8971 10251 10
10251 27454 1
13267 18452 10
18452 29927 6
29927 18282 5
29927 16966 7
16966 26365 4
29927 31373 7
31373 17864 2
26365 46225 12
46225 43074 5
10251 27389 13
10251 30113 13
17864 19043 14
19043 7336 7
7336 9049 4
9049 36976 14
16966 47615 15
29927 44844 15
36294 13031 15
36423 24574 15
24574 17712 7
17712 19047 2
24574 27827 8
17712 29282 13
29282 45467 1
45467 41829 10
36563 31454 15
31454 21661 6
31454 20604 7
31454 35558 12
35558 24074 4
35558 28206 8
36902 42324 15
36939 6987 15
6987 6768 3
6987 14812 10
14812 26108 3
14812 32216 7
6987 44873 15
36946 5932 15
36976 43132 15
36981 22782 15
22782 34360 3
34360 4347 1
22782 25799 7
34360 6479 10
6479 14964 10
37000 17380 15
17380 12938 7
37003 45858 15
45858 22287 9
22287 22651 5
22287 32343 5
32343 34593 4
37080 267 15
267 2591 2
2591 11026 1
11026 8576 3
11026 46804 3
2591 21740 6
2591 26269 6
26269 43403 6
43403 40953 6
2591 8658 9
8658 39759 6
26269 45046 9
8658 12738 10
37139 6329 15
37296 36279 15
37367 36696 15
37426 16472 15
16472 25723 3
37427 40248 15
40248 19628 13
19628 9396 5
9396 30921 12
30921 24379 4
30921 17943 7
17943 5083 11
5083 36690 5
37539 9473 15
9473 31910 1
31910 42548 10
9473 29317 15
29317 108 14
108 14883 5
14883 33624 2
14883 22776 5
108 5861 11
108 10010 13
10010 36312 13
36312 8725 8
8725 17841 4
8725 34698 12
34698 43397 1
14883 41710 13
41710 20950 1
41710 49227 1
41710 22623 10
22623 38273 10
22623 17857 12
17857 45604 4
17841 24197 13
24197 31921 12
22776 2115 13
2115 11889 1
2115 20513 4
2115 2818 5
2818 8146 6
11889 2024 7
2024 3792 1
2024 6745 5
6745 36365 4
6745 41692 6
2115 43950 8
43950 48173 7
11889 26379 11
26379 9605 9
9605 49415 7
45604 40689 13
17841 40850 14
45604 22780 14
2115 4906 15
4906 48028 9
48028 47247 10
47247 35957 5
35957 11325 1
11325 38040 13
38040 48821 14
48821 38247 2
48821 570 5
570 14773 2
24197 32760 15
32760 47021 2
32760 28103 9
28103 12307 10
12307 39626 4
12307 13163 9
13163 43544 2
12307 122 14
33624 10236 15
10236 10355 4
33624 43845 15
43845 49943 1
49943 28436 13
34698 21914 15
37690 12467 15
12467 3915 5
3915 31156 3
31156 28914 4
28914 9405 12
37710 17776 15
37716 21118 15
37795 5040 15
37812 12458 15
12458 26353 10
37828 28792 15
28792 24471 12
24471 30447 11
37832 6797 15
37975 46836 15
46836 37803 2
37803 11242 10
11242 45585 3
37803 37592 11
37592 14441 2
14441 7353 4
7353 47296 4
45585 2370 14
2370 5601 11
2370 7365 11
7365 29041 3
29041 27595 11
5601 9273 12
9273 4620 1
27595 38504 14
46836 31512 14
38006 27550 15
38180 4693 15
38197 1467 15
1467 40377 10
40377 11788 9
38293 3212 15
38293 6186 15
6186 7273 5
7273 4752 5
4752 13411 13
13411 39845 7
39845 46772 14
6186 16172 15
16172 24198 1
16172 45484 1
24198 16303 3
16172 48775 4
48775 33488 1
24198 31625 10
31625 5867 4
38592 22370 15
38637 32160 15
38892 23144 15
39056 33528 15
39076 46704 15
46704 37226 2
46704 44139 2
46704 22546 5
46704 2204 10
39159 35502 15
35502 1437 9
1437 43121 1
1437 14428 4
39309 4843 15
39429 41250 15
39450 34472 15
39461 49345 15
49345 49011 4
39553 35220 15
39629 29631 15
29631 32022 11
29631 49617 12
39650 4635 15
39778 32011 15
32011 25496 8
39786 6549 15
6549 10696 6
6549 6917 10
10696 18719 13
10696 17589 14
6917 30854 15
39852 43568 15
43568 14872 8
40021 19788 15
19788 12887 12
40023 42008 15
40078 19301 15
19301 33005 3
19301 37171 14
37171 41291 11
40080 15289 15
15289 1805 9
40205 34567 15
40265 30336 15
40279 4612 15
40360 41390 15
41390 20476 13
20476 46130 2
20476 26206 7
40377 19199 15
19199 24883 11
24883 18863 13
40560 15680 15
40617 31191 15
40661 11867 15
11867 1485 8
1485 6735 7
11867 21800 11
21800 7582 3
21800 31013 4
21800 27462 15
27462 5983 2
40694 32660 15
32660 8861 8
8861 6139 8
6139 46550 11
46550 4283 1
40762 9790 15
40900 1799 15
1799 446 15
41342 41028 15
41028 41891 2
41891 10772 7
41028 24600 9
10772 18396 12
18396 14018 12
14018 23230 11
41028 14932 14
14932 36941 4
41475 47420 15
41498 2529 15
2529 26046 2
26046 32643 15
41534 46957 15
46957 17689 4
17689 18594 9
18594 34369 6
18594 8474 8
41578 31232 15
41780 31762 15
31762 2346 10
31762 41220 13
41220 42205 11
2346 6156 14
6156 9314 13
9314 20553 10
9314 11024 11
11024 33057 1
33057 21719 4
21719 40506 1
21719 23786 2
40506 44918 6
44918 30498 1
44918 33978 3
33978 17467 2
17467 35436 2
31762 27161 14
33978 16408 14
16408 15234 2
35436 32849 15
41787 36878 15
36878 18359 6
41788 30017 15
30017 35498 4
35498 18356 8
18356 1391 7
35498 43129 11
43129 25488 3
25488 22760 3
22760 8036 5
22760 4474 7
22760 48445 8
25488 34471 11
34471 9527 8
9527 47637 1
47637 33114 4
33114 24049 2
24049 31301 2
24049 48797 5
9527 28265 9
24049 18242 10
47637 44687 11
9527 17420 12
17420 478 7
18356 34449 13
48445 32009 13
32009 35248 1
32009 41496 8
32009 49014 9
33114 13994 14
4474 28950 15
41883 20051 15
20051 25099 8
41986 30928 15
30928 39514 14
39514 17913 6
39514 13661 7
13661 12097 5
12097 26838 7
17913 26132 10
26132 46850 5
12097 40566 13
26838 37270 15
42050 36349 15
36349 26100 9
26100 19659 11
19659 34309 8
19659 2404 9
26100 6866 14
6866 35775 12
42117 20021 15
20021 20707 2
20707 31659 4
20021 42794 5
20707 44119 7
44119 45727 6
45727 12710 9
12710 9734 3
42794 44300 10
44300 9946 7
42345 30393 15
30393 47095 3
30393 40956 4
40956 39658 1
30393 18489 5
39658 8052 8
8052 32636 10
32636 5802 1
5802 18979 2
5802 17965 5
17965 2702 2
2702 45760 3
17965 33509 4
17965 38230 7
38230 8716 6
5802 40085 9
40085 13125 3
13125 13224 9
13224 15366 2
15366 18844 8
32636 6502 9
6502 33774 6
6502 19353 7
33509 47986 9
40085 14318 9
15366 37666 10
37666 28676 7
13224 37193 12
19353 41973 12
41973 32274 2
18979 7950 13
32636 48333 14
8716 7197 15
15366 12203 15
12203 18189 1
18189 18460 7
37193 16848 15
16848 8351 3
16848 49473 5
49473 33915 9
16848 23955 11
23955 49439 2
49439 11852 3
11852 15054 3
15054 8775 2
8775 40232 1
40232 9726 4
23955 465 7
465 3027 10
49439 8965 12
465 23212 14
23212 30412 13
16848 29426 14
42415 16323 15
16323 42388 9
42425 8012 15
8012 1627 5
1627 27674 3
27674 43495 3
27674 25044 5
42505 21479 15
42656 38265 15
38265 12682 1
12682 33145 8
38265 4649 15
42656 42882 15
42723 24353 15
42775 18890 15
18890 41721 15
42785 31968 15
42821 6999 15
6999 39380 2
42900 3897 15
3897 21876 6
3897 46827 13
21876 5103 13
5103 3640 2
5103 22898 9
5103 10973 12
3640 9791 13
43056 13355 15
13355 11995 5
11995 47911 1
47911 6181 1
11995 14772 5
11995 319 9
319 355 1
355 976 6
355 25844 8
25844 17632 6
319 29636 13
14772 24624 13
24624 32574 8
32574 22694 6
11995 45171 14
29636 5032 15
5032 22905 11
22905 18247 3
22905 24519 3
43114 16554 15
16554 5267 4
5267 27231 8
16554 27326 12
5267 32185 15
43138 49771 15
43292 28768 15
43333 8035 15
43413 13039 15
13039 39048 10
39048 28356 14
43467 14426 15
14426 36823 7
36823 18342 1
18342 37706 4
37706 41236 7
43740 23691 15
43760 15363 15
15363 41352 4
43832 39250 15
43843 17679 15
17679 34625 5
17679 42515 5
42515 37196 4
42515 7256 8
37196 11091 10
11091 30302 7
11091 45805 10
45805 4874 11
4874 38822 1
38822 14779 3
37196 7793 12
7793 1644 3
1644 16397 4
16397 9846 8
1644 18105 9
18105 28958 1
28958 33687 9
45805 31972 13
31972 11363 5
11363 12966 13
12966 47464 10
47464 30514 3
30514 11248 2
30514 19065 8
7256 48083 14
37196 25908 14
25908 21100 3
21100 26378 10
25908 17078 10
17078 10724 2
25908 22059 13
26378 26077 14
42515 4157 14
7256 6038 15
11363 6296 15
6296 48186 2
48186 20704 4
20704 36468 8
20704 26844 9
26844 47853 3
47853 35136 2
26844 23900 4
23900 18638 8
26844 19428 10
26844 46898 10
46898 18712 6
26844 47341 10
26844 4655 12
4655 684 5
684 32073 4
23900 24304 13
24304 22649 2
22649 40693 3
40693 44917 3
22649 10569 14
36468 10970 14
10970 37738 11
43845 34345 15
43952 37325 15
37325 49201 3
49201 9746 4
9746 9095 6
49201 18894 6
18894 13460 1
9095 9132 10
9132 4069 2
9132 39228 9
39228 22718 1
13460 45729 11
45729 5632 3
44007 47463 15
47463 15691 9
44110 41105 15
41105 35442 5
35442 42692 1
35442 30865 2
30865 25811 2
25811 16461 3
42692 5567 3
5567 20980 2
25811 10726 4
30865 41296 5
30865 13755 8
42692 35160 11
35160 36936 2
35160 22731 12
22731 21382 3
21382 12569 3
21382 36758 7
30865 7712 15
7712 38328 12
38328 49761 5
49761 30628 11
49761 48774 12
48774 45615 8
45615 2680 3
2680 4782 10
4782 10371 12
10371 18537 11
18537 34824 10
34824 14359 11
18537 47918 12
34824 21544 13
34824 25989 14
36758 38648 15
38648 47267 10
41296 10146 15
10146 26510 6
26510 11647 2
10146 45994 7
44297 14288 15
44343 33656 15
33656 39225 15
39225 42390 14
44422 30124 15
30124 42629 10
42629 3225 5
42629 38275 5
42629 9134 10
9134 15597 11
15597 184 2
184 40178 4
40178 15870 6
42629 46335 13
46335 40201 3
44465 2523 15
2523 5688 3
44524 20756 15
20756 18870 1
20756 47127 12
47127 49734 3
47127 46426 5
47127 20819 6
47127 40107 13
40107 15909 10
15909 13047 6
13047 5868 5
5868 40347 4
5868 1718 7
1718 3026 8
3026 5135 2
13047 1426 10
1426 3065 5
3065 25463 1
1718 3005 13
3005 22293 3
3005 42248 7
15909 5870 13
5870 4261 8
4261 18136 5
18136 38125 6
4261 7655 7
5868 12654 15
18136 2359 15
2359 25605 11
42248 42607 15
42607 12628 15
44533 22207 15
22207 4945 4
4945 1944 2
1944 49949 1
49949 45579 1
45579 5011 6
1944 24818 7
1944 648 8
648 37943 7
37943 5714 8
1944 23467 10
5714 35300 11
35300 12582 11
12582 27325 10
27325 19568 2
19568 16302 9
12582 48553 12
48553 49291 11
19568 42351 12
49291 3751 12
45579 21176 13
44558 22381 15
44660 23939 15
44713 27184 15
27184 36662 10
36662 40425 5
40425 43744 1
40425 15193 9
15193 11734 3
44752 2157 15
2157 28463 8
28463 42332 1
44951 2968 15
2968 20516 8
20516 5449 6
5449 19116 8
2968 22420 11
22420 6485 11
6485 28882 2
28882 29643 6
2968 33766 14
33766 4172 3
5449 11546 14
11546 13516 14
13516 19484 6
44956 21024 15
21024 35028 10
44968 5238 15
5238 35315 5
35315 33430 10
33430 6060 5
33430 5825 6
5825 15441 1
15441 48575 9
48575 35559 13
35559 43220 3
43220 30977 15
30977 30630 5
30630 27707 9
27707 35864 1
27707 38929 10
30630 7553 13
35864 42909 13
42909 3009 11
3009 81 7
81 1219 7
3009 8352 8
8352 5413 4
42909 10193 11
7553 15422 15
15422 29277 7
29277 32378 8
29277 36738 9
15422 20205 13
45003 7513 15
7513 23390 3
45013 24904 15
24904 25159 15
25159 22166 7
22166 18761 8
45013 42160 15
42160 9392 8
9392 43342 3
43342 37881 2
43342 45599 4
45599 36 8
36 12388 5
36 18252 5
18252 19333 9
19333 31274 12
9392 3809 14
3809 405 4
405 460 2
31274 6754 14
9392 11380 15
11380 18091 12
45029 46374 15
46374 30762 1
30762 27988 4
30762 10898 5
27988 11730 6
10898 16448 12
45031 13732 15
13732 40887 4
13732 36974 11
36974 37969 2
40887 12263 15
12263 23692 9
23692 3432 8
3432 48733 7
12263 13130 15
13130 5812 1
5812 11419 2
45033 2515 15
2515 9539 7
2515 14048 15
45035 4437 15
4437 40043 14
40043 36207 12
36207 47740 12
45097 43386 15
43386 27548 8
27548 23561 6
27548 27504 8
27504 13215 12
45174 47730 15
45429 1830 15
1830 27551 4
1830 27559 7
27559 29372 4
45727 4867 15
4867 35802 5
35802 14283 3
14283 14228 8
14283 28667 9
14228 28212 10
28212 43184 12
43184 40825 8
43184 41087 10
41087 47233 10
47233 30910 12
45793 48427 15
45892 19877 15
45933 36611 15
36611 23845 8
36611 16541 10
46013 34869 15
34869 43149 15
43149 8552 2
8552 4464 3
4464 8679 5
8679 49817 3
4464 13784 15
46145 32081 15
32081 21676 13
46158 46539 15
46173 12453 15
12453 40252 1
12453 9189 11
9189 20526 11
40252 5481 14
46198 22307 15
46271 4646 15
4646 16861 8
16861 47461 8
16861 9336 11
16861 23051 11
46296 20242 15
46313 47083 15
47083 35464 1
47083 6500 6
6500 6458 13
46444 42175 15
46459 10273 15
46478 1613 15
46631 18507 15
18507 9350 2
18507 49816 4
18507 21409 11
21409 2783 8
2783 46582 11
18507 19078 12
19078 12040 1
19078 43159 10
19078 33457 13
46703 6946 15
6946 5512 10
46743 44023 15
44023 19221 10
19221 897 1
19221 7159 3
7159 44892 4
897 12760 7
897 2571 8
2571 35871 8
897 5 13
5 29151 1
29151 15948 3
29151 23115 9
897 34846 14
34846 8923 8
34846 5474 12
5474 1503 14
46951 30914 15
46979 5540 15
5540 46179 10
47021 24833 15
47127 27317 15
27317 49465 4
49465 48497 13
48497 38294 12
48497 11826 13
38294 30866 15
30866 41761 3
30866 39846 11
47234 38953 15
38953 19895 9
47351 25743 15
25743 3783 5
25743 25475 6
3783 8936 13
8936 15429 6
47375 31897 15
47484 43826 15
47532 28728 15
28728 26749 7
26749 9207 6
9207 28879 1
28879 34539 5
28879 21940 6
28728 21588 12
21588 48811 5
48811 15582 6
48811 27499 14
9207 13936 15
13936 28569 5
28569 34478 5
34478 30912 11
30912 24034 2
24034 44039 1
44039 45766 5
27499 17812 15
47556 35908 15
47650 14929 15
47664 6350 15
6350 20885 4
6350 25206 12
47730 17250 15
17250 26543 14
26543 7631 15
7631 27593 9
26543 48003 15
48003 8793 2
48003 46740 2
8793 8270 4
8270 4147 2
46740 23912 4
4147 3570 8
23912 40164 12
40164 4611 9
40164 24206 10
24206 15156 2
4611 13955 14
46740 7300 14
15156 375 15
375 24954 9
24954 30245 4
375 30115 12
47911 11202 15
11202 32395 5
48068 5175 15
48276 28591 15
48361 46700 15
46700 39569 1
39569 14302 1
39569 19984 3
48401 25828 15
48427 7448 15
7448 11816 1
11816 4190 7
48520 25724 15
25724 44179 8
48550 27333 15
27333 39023 9
48624 32545 15
48700 27608 15
27608 11138 11
48742 6648 15
48744 38804 15
48797 19384 15
19384 38129 1
19384 20314 15
20314 8085 11
20314 25361 15
48806 12059 15
48866 15651 15
15651 36432 1
48866 42634 15
48916 2558 15
2558 26841 2
26841 44261 11
44261 3419 8
3419 2102 1
3419 20267 1
3419 47962 2
2102 31073 6
31073 14310 10
3419 25064 11
25064 22607 6
22607 7061 3
7061 41603 6
22607 41618 6
44261 26484 11
20267 37883 13
37883 12342 9
12342 32956 7
12342 16717 11
16717 15365 11
15365 3446 7
12342 9310 12
9310 9984 2
9310 48170 3
15365 33906 13
44261 37054 13
37054 36003 4
22607 15474 14
36003 21379 14
21379 27578 14
37054 8485 14
8485 16247 1
8485 5281 2
16247 8866 9
8866 14123 8
8485 7661 12
7661 4869 3
4869 18898 5
7661 28782 13
14123 46817 13
46817 9230 3
9230 1497 4
46817 4748 9
4748 43100 3
16247 24420 13
7061 11813 15
11813 4544 7
4544 5008 6
5008 782 2
782 632 4
632 6201 4
632 19351 8
19351 35115 1
782 571 9
571 27065 2
4544 33436 11
782 44960 12
11813 4066 12
27065 43035 13
43035 476 10
476 18357 2
18357 36119 8
36119 16153 7
18357 28301 13
28301 16692 4
16692 11117 8
11117 4595 1
11117 3817 12
3817 38703 6
11117 48922 13
8866 19285 15
9310 28927 15
28927 17235 5
17235 28570 10
28570 41198 5
19285 42597 15
42597 35101 2
42597 40745 9
40745 41933 4
48937 10946 15
48955 33895 15
33895 738 2
738 38135 6
38135 15925 1
48998 32302 15
49070 30417 15
30417 10682 14
10682 14776 3
10682 11905 8
11905 40709 5
40709 5341 4
5341 21980 3
5341 21531 5
21980 5456 7
40709 4077 7
14776 38743 11
38743 35150 1
35150 36573 6
36573 42642 10
38743 45931 11
5341 18297 13
21980 7946 13
7946 7387 8
21531 28674 14
38743 4740 14
4740 12999 4
14776 35674 15
49112 30114 15
30114 18991 7
18991 24601 1
18991 5205 3
5205 24111 3
49199 25635 15
49280 6155 15
6155 19650 7
19650 5929 11
49291 17492 15
17492 40218 3
17492 19591 10
17492 10526 12
10526 31231 4
31231 29670 6
10526 49757 8
10526 11978 12
11978 11517 8
11517 16192 6
16192 34630 6
19591 3021 12
3021 8670 12
29670 32793 14
32793 41839 11
8670 33945 15
49348 29594 15
29594 3381 15
49439 46610 15
49558 10009 15
49731 38408 15
49772 40489 15
40489 31877 10
31877 25113 14
49835 27488 15
49875 34687 15
8 29216 16
29216 33166 15
64 3017 16
3017 21933 3
3017 32691 6
75 16756 16
16756 8238 9
103 1 16
1 17855 4
1 3811 10
3811 30451 9
103 43071 16
168 27011 16
27011 24829 4
27011 45696 13
45696 48953 11
232 2461 16
2461 25738 4
25738 26534 3
271 7240 16
7240 29806 6
29806 40876 3
29806 43404 5
313 29198 16
29198 22289 1
22289 20041 5
20041 34600 8
20041 19638 9
19638 23054 7
23054 9370 8
9370 25207 7
20041 12181 12
19638 41380 14
41380 19999 6
34600 26848 15
26848 44440 10
44440 43178 6
43178 42466 10
42466 34745 4
34745 9137 4
34745 49392 7
42466 47566 9
9137 8054 10
8054 6931 1
6931 19031 3
19031 48579 6
8054 32104 10
48579 25383 10
34745 20293 11
20293 22674 9
22674 38155 5
8054 43530 13
43530 7955 1
43530 26515 4
43530 39878 9
26515 32819 12
32819 36830 11
36830 23496 4
36830 27970 6
36830 38195 7
27970 23458 9
23458 7213 6
49392 31398 13
31398 26061 9
26061 16662 5
7955 32721 14
32721 36325 6
36325 6911 1
32721 11328 8
26848 23904 14
23904 7713 12
7713 31721 6
31721 24184 13
24184 12806 2
12806 13664 6
24184 866 6
13664 336 7
866 45274 10
45274 14774 6
14774 3409 8
45274 15743 11
15743 27092 8
27092 42932 1
42932 37233 2
15743 44414 8
37233 47020 9
47020 10510 4
10510 48772 9
44414 42698 9
44414 8812 11
8812 15035 7
8812 20197 11
44414 37913 11
37913 14735 3
37913 36952 6
336 2036 12
12806 28672 12
28672 39891 3
28672 44397 3
44397 49901 4
39891 4704 7
48772 29129 12
29129 29016 8
48772 39301 12
39301 35773 7
35773 29523 2
39301 39367 8
35773 35181 13
35181 30397 7
10510 19264 14
19264 33266 11
33266 13852 6
33266 48297 8
14774 43808 14
43808 17178 6
17178 24678 7
24678 27295 1
27295 41663 2
24678 47276 13
47276 11716 2
23904 48863 14
29523 2463 14
2463 29054 4
29054 21430 11
2463 49989 13
21430 49420 14
49420 38646 12
38646 10031 1
38646 34588 8
7713 12721 15
12721 16287 12
12721 48436 14
48436 8802 11
8802 6989 1
8802 25801 1
8802 29900 14
16662 17569 15
17569 25448 8
28672 41943 15
41943 44037 7
41943 46436 11
44037 27318 12
44397 19388 15
19388 4743 5
19388 17654 8
19388 43387 8
43387 17441 14
17441 24163 6
24163 40568 1
40568 17311 1
24163 37581 7
37581 15210 5
17441 20438 13
353 37642 16
37642 18459 11
18459 25520 14
25520 8798 12
356 28485 16
28485 37262 7
37262 1214 4
1214 5936 6
5936 25195 2
414 40886 16
430 2892 16
2892 41826 7
41826 25678 15
460 46625 16
466 516 16
516 1114 14
466 7453 16
7453 24119 3
492 76 16
76 4213 8
4213 41462 3
41462 34885 4
4213 14866 7
14866 52 3
76 1083 12
549 1492 16
549 32627 16
32627 47617 10
32627 8434 15
561 7110 16
572 34278 16
34278 41631 9
41631 45788 14
45788 41718 12
34278 18584 15
18584 10805 11
10805 27043 5
607 36532 16
36532 27017 14
27017 42090 7
42090 41593 6
41593 11296 8
11296 45964 3
11296 46250 8
46250 20875 11
45964 1157 13
1157 44084 13
613 31593 16
627 8675 16
8675 45324 4
45324 46327 10
46327 28888 1
693 9328 16
702 1489 16
752 37874 16
37874 2602 7
794 40495 16
40495 41094 6
41094 29159 4
810 38447 16
818 2300 16
2300 45945 3
45945 36096 6
36096 17524 1
17524 40633 2
36096 29781 3
36096 41343 9
40633 44055 10
36096 2644 11
2644 875 9
875 588 10
588 8765 10
44055 24522 12
24522 21866 6
21866 5270 9
21866 11530 10
40633 29433 13
29433 44161 12
41343 40451 14
875 4699 15
21866 46683 15
40633 2705 15
2705 5502 8
2705 46789 14
44161 28613 15
28613 8682 2
8682 2480 3
2480 2958 7
2958 49598 6
49598 7319 5
28613 40646 9
2480 41508 10
41508 5211 7
5211 27630 7
27630 4663 6
27630 27764 8
27764 37523 2
8682 8072 15
49598 42545 15
824 11682 16
833 11237 16
11237 4970 5
4970 34623 3
11237 35212 15
35212 48055 1
840 49066 16
49066 33001 15
49066 40778 15
877 43863 16
987 36700 16
36700 10867 10
10867 48152 12
1024 5745 16
1083 29488 16
1115 26158 16
1134 2470 16
1141 21742 16
1181 9585 16
1195 49124 16
49124 39334 15
39334 29706 2
29706 5899 7
5899 4015 2
5899 14528 8
14528 14765 15
1203 6399 16
6399 44175 8
1214 20321 16
1234 19034 16
19034 30184 2
30184 9683 7
30184 12585 7
30184 44115 8
30184 49215 8
12585 14404 13
30184 12122 14
12122 24122 2
24122 3431 6
3431 28484 7
3431 26589 11
1253 49888 16
1339 23440 16
1426 31497 16
1433 20710 16
20710 7327 3
7327 20196 9
20196 11850 11
11850 33602 11
33602 32639 11
1526 26421 16
1546 42135 16
42135 9194 5
9194 11955 3
42135 46052 9
1559 7001 16
7001 29236 4
29236 38727 1
29236 11337 2
11337 17453 1
11337 14320 4
29236 7301 8
7301 487 12
11337 36816 12
17453 10800 12
11337 15241 13
36816 44913 13
11337 42611 15
42611 10106 2
14320 6689 15
6689 30 14
30 240 8
30 36417 13
36417 35948 3
35948 8949 7
8949 29510 2
8949 15735 7
1560 43062 16
1600 41708 16
1644 48491 16
1671 35716 16
35716 35661 2
35716 7284 5
7284 9411 4
35716 24022 12
24022 35620 5
1680 12160 16
1700 21624 16
21624 26817 4
26817 35639 2
26817 22260 6
22260 22375 4
22260 40922 6
26817 25129 8
22260 44965 11
44965 26798 9
26798 21735 2
40922 33456 11
33456 32953 3
32953 40925 8
40925 45199 5
45199 46622 8
46622 48622 2
22260 46903 14
46903 22356 2
26817 40084 15
1766 13811 16
1919 36066 16
36066 44969 1
44969 10884 5
1928 13893 16
13893 29548 1
29548 18815 1
29548 10693 4
10693 34325 2
34325 30917 9
30917 13405 8
1977 422 16
1997 8966 16
2042 10234 16
10234 47658 1
2164 25873 16
25873 35801 10
35801 46670 11
46670 42671 5
2176 7857 16
7857 17344 12
2207 20688 16
20688 29942 7
2264 15894 16
15894 23982 12
2276 28747 16
2344 12727 16
2345 3440 16
2348 33405 16
33405 1702 11
2400 29344 16
29344 40623 10
2404 22126 16
2456 4007 16
2480 2832 16
2832 4403 10
2495 22728 16
22728 39542 6
22728 4580 11
4580 5459 5
39542 46446 14
46446 1022 11
2501 45660 16
45660 37542 6
37542 23830 6
23830 25778 3
23830 34451 6
25778 8870 6
23830 6825 9
23830 17008 10
17008 21165 1
21165 12865 5
12865 11178 3
11178 9797 2
11178 23541 2
12865 14185 5
11178 473 11
34451 45663 12
11178 44891 13
14185 444 14
444 16381 7
473 13315 15
13315 29618 2
13315 15455 6
15455 17700 13
17700 22262 1
17700 20738 7
20738 16261 3
16261 18142 9
23541 41066 15
2507 3804 16
2518 6170 16
6170 39740 3
6170 29988 13
29988 19159 9
19159 31117 2
19159 24672 5
19159 8328 10
8328 18704 4
18704 10174 11
10174 33742 1
10174 42312 3
33742 23714 3
33742 41905 6
41905 8640 2
10174 8140 10
8140 10170 8
8140 47985 9
47985 18986 4
18986 34055 2
34055 41339 2
34055 17578 6
8140 33348 10
18986 42426 10
8140 17979 11
18986 8979 12
31117 4899 13
31117 49626 13
8979 49038 14
49038 8660 9
8660 21726 8
8328 43205 15
8979 10420 15
21726 1780 15
47985 44153 15
44153 44393 8
44393 6043 9
2596 40642 16
2602 23951 16
2717 30919 16
30919 18391 12
2726 40874 16
40874 8017 3
8017 5199 12
5199 48169 2
5199 2618 3
48169 343 9
343 1274 3
1274 18049 9
40874 37150 14
37150 49988 4
5199 21520 15
21520 43566 4
43566 41022 10
41022 42562 11
42562 12204 1
2759 846 16
2795 35848 16
35848 9523 7
9523 40175 7
40175 13499 4
9523 3281 15
2834 19010 16
19010 37637 12
37637 47044 1
2844 28596 16
2878 37250 16
2912 49891 16
2915 27779 16
2946 7158 16
7158 29759 6
7158 6390 8
6390 42085 6
7158 46424 9
46424 36527 2
42085 31672 14
3011 44477 16
44477 13099 3
3083 1384 16
1384 26401 9
26401 8744 7
3091 16148 16
3157 1333 16
1333 49758 12
49758 7291 3
7291 6163 10
6163 34245 1
6163 47383 4
6163 23740 10
23740 17802 1
23740 45722 7
45722 6761 3
6761 3516 8
3516 36367 1
3516 11993 7
6761 21198 11
49758 27171 11
27171 20632 15
20632 26607 5
26607 25452 7
26607 3766 10
20632 45546 13
45546 9875 3
9875 10385 3
9875 49118 9
49118 13302 1
49118 11974 3
11974 43908 3
11974 9841 4
9841 5500 2
11974 29507 4
29507 13432 4
5500 30497 6
30497 1057 1
11974 1713 6
29507 44498 7
11974 39092 9
1713 23931 10
23931 8074 2
8074 134 4
134 147 7
8074 33715 9
134 19656 10
9875 12543 10
12543 671 8
11974 47702 10
47702 34649 3
12543 24140 10
13432 14873 10
43908 31957 10
31957 12199 3
49118 24613 10
1713 1493 11
1493 452 11
1493 29403 11
13432 5390 11
8074 13475 13
13475 18766 6
13475 4003 10
4003 1002 4
4003 34078 5
1002 23042 6
4003 41002 6
23042 45344 7
45344 34622 5
34078 24014 9
18766 2989 10
2989 39340 5
39340 5942 4
5942 1529 6
2989 41202 8
41202 140 7
23042 25289 10
25289 22833 6
34078 17704 10
17704 14653 7
45344 21799 10
21799 18860 6
13475 1539 11
1539 17695 3
17695 11125 2
17695 1547 6
11125 17521 7
17521 34118 2
17695 14231 9
14231 24652 7
14231 37219 7
24652 44126 10
44126 15174 4
34118 13997 11
37219 44843 11
4003 930 12
24014 30669 12
24652 9611 12
45344 29326 12
8074 33667 13
11125 28068 13
13475 26232 13
26232 26885 11
17521 15481 13
15481 37886 3
37886 29860 1
37886 38253 11
33667 6261 13
6261 43453 6
43453 15795 2
43453 28010 4
6261 760 10
15795 38474 10
38474 17071 4
37219 7277 13
7277 43893 1
7277 48895 2
7277 40048 10
43908 32259 13
32259 31287 6
31287 44114 9
31287 49211 9
4003 13078 14
13302 3699 14
13302 5374 14
5374 45233 1
45233 39075 10
14231 46603 14
46603 25631 1
20632 1401 14
1401 34378 4
1401 35650 6
1401 7601 8
34378 37735 13
29403 48021 14
44126 20589 14
20589 27125 9
49211 33308 14
33308 49466 4
760 30909 15
30909 37610 10
1547 11128 15
11128 18368 1
14231 2999 15
17521 38039 15
1333 21207 16
21207 28390 2
28390 32928 5
3215 44590 16
3226 15257 16
15257 5847 6
3234 43454 16
43454 11315 8
43454 17824 10
17824 36274 15
36274 36999 1
36999 9524 7
9524 42828 1
9524 18970 3
9524 38120 11
42828 15682 11
36274 12454 12
12454 11371 6
42828 32036 12
32036 26941 9
15682 696 13
38120 23641 14
23641 36511 1
36511 32445 3
23641 21689 5
21689 10249 1
21689 6974 13
6974 15937 2
15937 48182 6
15937 37866 7
48182 36529 8
15937 18165 11
18165 34549 4
48182 33780 13
18165 37611 14
48182 48719 14
3286 49454 16
3336 2090 16
2090 783 1
783 30698 8
3381 4098 16
4098 3184 11
3184 39177 4
39177 20391 5
3184 24773 10
24773 1217 6
1217 14374 2
14374 15775 3
15775 20453 1
1217 37040 4
37040 37708 6
20453 49960 12
49960 41133 2
14374 7784 13
7784 29828 13
29828 48987 1
29828 36678 13
39177 37504 13
37504 37098 8
37098 11757 5
41133 42006 13
42006 13197 6
20453 17483 15
39177 22004 15
22004 34398 11
34398 38643 13
3385 26763 16
26763 34480 12
3397 24377 16
3401 45423 16
3436 7657 16
3486 49379 16
49379 23708 5
49379 33823 7
49379 18376 11
18376 13124 3
13124 39039 1
13124 38872 5
13124 28116 6
38872 2817 13
2817 16721 5
16721 20483 3
20483 29475 2
2817 26398 8
16721 39002 8
2817 2604 10
26398 41359 10
2817 27547 14
27547 29561 13
26398 37507 14
2817 10598 15
10598 1184 6
1184 2015 6
2015 21404 7
10598 26873 8
10598 45328 8
1184 576 9
576 18508 1
576 35640 7
18508 3896 10
1184 34522 13
34522 28186 12
26873 7834 15
576 2641 16
2604 10826 16
10826 33629 10
33629 10302 7
10302 42990 15
33629 12718 15
12718 31667 9
12718 32909 14
32909 14311 1
32909 46736 7
3503 9715 16
3564 48918 16
48918 28040 2
28040 20187 12
20187 36330 7
20187 12940 10
12940 27934 12
12940 48673 13
48673 40920 5
40920 8450 9
48918 43489 14
3582 12986 16
12986 24626 2
24626 46572 13
46572 4421 1
46572 44839 1
4421 27365 15
27365 17954 7
27365 27952 9
27365 18883 11
18883 19692 11
19692 14114 6
14114 18791 3
18791 29898 11
19692 46606 11
27952 42987 12
19692 21593 13
18883 42670 14
29898 28716 14
28716 46597 14
46597 13978 1
46597 28970 8
28970 14541 13
14541 12102 6
12102 9319 7
14541 19166 7
9319 21006 8
21006 26175 4
21006 14754 12
14754 45204 11
14754 5153 12
5153 30717 10
30717 41341 12
12102 21341 13
21341 49101 5
49101 13484 11
13484 15856 9
15856 35528 5
35528 33680 4
33680 39105 5
39105 29984 5
29984 3108 5
3108 41802 1
41802 38902 5
35528 22673 7
14754 20724 13
20724 13181 2
20724 22473 3
38902 33931 13
13484 28336 14
28336 8782 3
38902 25389 14
9319 34727 15
34727 32487 8
12102 30711 15
30711 31732 14
14114 27897 15
14541 45598 15
45598 4851 7
45598 46208 10
46208 15865 10
15865 47996 1
4851 28160 15
28160 26698 13
21593 44091 15
44091 16508 8
16508 31812 6
31812 2215 1
2215 2546 2
2546 34387 5
34387 31302 3
31812 21690 5
2546 48252 8
31302 29469 11
2215 5418 15
5418 47763 14
47763 31394 10
47763 9579 12
9579 12091 6
12091 46728 6
41802 32563 15
32563 8891 12
32563 15863 15
3108 49176 16
49176 6358 15
6358 2778 2
2778 14713 9
14713 28922 14
14713 30311 15
3692 37985 16
3745 41864 16
41864 22224 4
3809 19621 16
3920 26886 16
3938 7042 16
7042 39503 13
39503 26522 7
3971 23857 16
23857 34615 13
34615 39206 6
39206 36050 12
34615 19909 14
4046 17197 16
4075 26468 16
26468 39662 7
4087 25671 16
25671 44088 8
44088 10647 12
4097 37648 16
37648 21255 15
4137 43857 16
43857 46952 13
4159 46521 16
46521 13803 5
13803 26066 1
26066 24117 2
13803 11089 5
13803 22132 7
22132 28627 3
24117 18738 10
24117 28529 10
28529 44678 7
44678 11093 1
22132 4127 13
4127 27914 7
28529 36437 15
36437 43574 7
43574 32223 5
32223 20271 7
20271 6695 8
6695 25951 3
25951 2378 10
36437 193 10
193 45502 7
45502 39438 4
39438 32804 7
20271 47509 13
47509 38277 12
38277 36713 2
36713 49756 9
43574 10677 13
47509 16488 13
16488 30556 8
30556 42860 2
30556 35740 10
35740 5950 13
6695 2751 14
2751 13188 1
13188 9831 8
4168 40705 16
4236 41247 16
4245 37444 16
37444 10101 3
4257 43958 16
4261 3895 16
4261 37142 16
4263 10345 16
10345 41274 3
4295 8648 16
4359 14082 16
4412 16227 16
4474 22559 16
22559 42845 4
4478 21063 16
21063 11975 1
4495 7590 16
4572 7782 16
7782 32033 4
7782 18219 11
18219 14710 1
14710 45156 2
18219 35395 9
35395 13277 9
13277 15526 7
35395 7914 12
18219 40619 14
45156 9141 14
4657 48493 16
4715 38287 16
4734 21436 16
21436 43581 5
43581 14537 1
14537 28168 7
28168 42414 6
21436 16411 11
16411 44697 9
44697 26268 3
44697 39552 4
43581 34741 14
4743 22937 16
22937 40415 14
40415 12830 6
12830 16121 1
16121 8880 15
4766 24747 16
4805 14140 16
14140 14132 14
4947 6085 16
6085 20069 5
5008 27433 16
27433 37864 6
37864 12284 8
5133 34496 16
5178 41233 16
5184 3644 16
3644 10418 5
10418 43951 6
43951 10389 11
10389 34273 7
34273 20005 1
34273 4078 5
4078 23634 10
10418 14623 12
14623 29596 5
29596 35581 2
14623 33507 8
14623 19051 11
19051 19334 1
19334 5849 4
5849 19811 5
19334 48218 7
48218 7744 5
5849 25161 11
25161 30827 1
25161 22950 3
22950 29100 7
10418 25145 13
25145 25465 11
25465 2268 3
22950 11696 13
30827 43025 13
43025 34022 13
34022 6780 3
34022 31890 3
19051 40674 14
40674 17940 1
17940 1659 2
1659 18642 15
18642 3567 13
5270 3174 16
5399 26994 16
26994 30235 2
30235 18222 3
26994 15563 4
5399 44221 16
5449 3074 16
5481 22103 16
5483 26445 16
26445 19113 3
5521 453 16
5521 7893 16
7893 21213 10
21213 2498 4
2498 35873 11
21213 9090 12
9090 42216 6
42216 27560 4
27560 15711 4
5578 28992 16
5723 28411 16
5729 4771 16
4771 19036 10
19036 30157 6
5870 31643 16
5955 3744 16
3744 23773 2
3744 18874 12
18874 5819 3
5819 3931 5
5819 41111 10
41111 7443 5
3931 11981 11
5819 47806 15
47806 29586 14
5961 18747 16
5972 1804 16
1804 10663 1
6097 5756 16
6130 25136 16
6232 14203 16
6323 17454 16
17454 20791 8
20791 27264 10
6399 12534 16
6509 49418 16
6613 28268 16
6680 24153 16
24153 30836 1
6685 7903 16
6704 579 16
6749 29338 16
6795 20482 16
6833 39591 16
6927 20440 16
20440 10655 5
10655 6788 2
10655 27324 3
27324 11605 3
11605 11040 2
11605 32239 2
27324 47138 3
11605 10151 6
10655 25127 10
25127 33658 6
33658 12544 5
11040 14221 10
32239 15546 11
15546 37533 6
14221 29026 12
29026 49217 4
49217 23127 8
14221 44632 13
6788 25940 14
25940 29691 6
25940 32620 10
27324 16332 14
16332 14445 11
14445 2920 7
11040 7459 15
6935 22455 16
22455 19572 13
7001 29143 16
29143 2007 15
7088 40683 16
7126 46918 16
46918 10965 4
10965 35676 13
7261 33506 16
33506 19356 1
7413 13346 16
13346 784 6
784 29106 1
29106 27468 3
784 22155 4
22155 37591 5
37591 19500 7
22155 10666 11
27468 36771 15
7421 13546 16
13546 18182 2
18182 26634 4
18182 20279 9
7447 12425 16
7515 6733 16
7529 20120 16
20120 30346 3
7560 14521 16
7620 7808 16
7733 25863 16
7774 26429 16
26429 10530 14
7827 35087 16
35087 36608 3
36608 19486 12
7857 15000 16
15000 1316 1
1316 28292 2
15000 5464 3
28292 26779 8
1316 17809 15
17809 14675 6
14675 7731 7
7731 540 10
540 41230 2
41230 7385 12
540 44285 15
540 34516 16
7953 28084 16
7960 23918 16
7972 15006 16
15006 47290 14
8017 17721 16
8121 21096 16
8132 12329 16
12329 3185 2
3185 6665 4
6665 22384 2
22384 46694 1
46694 11952 7
12329 25003 9
22384 46323 15
46323 42223 6
42223 8251 2
42223 48653 2
48653 44208 6
42223 3515 12
46323 37799 12
37799 10913 5
8251 1035 15
48653 19415 15
8393 7609 16
7609 10191 4
7609 20855 4
20855 48071 10
20855 44429 15
8422 29642 16
8498 8711 16
8525 34406 16
8611 15414 16
8697 45477 16
8781 14526 16
14526 5285 1
14526 20387 9
20387 2784 8
2784 22067 2
5285 5696 11
8793 28691 16
28691 30841 9
30841 30773 9
8797 39399 16
39399 44613 5
44613 42831 3
39399 35905 7
35905 30394 5
42831 29820 9
29820 21054 7
44613 40271 9
40271 15373 6
40271 47612 12
15373 11670 13
44613 39170 14
29820 30214 15
30214 21783 2
21783 32591 5
40271 10084 15
10084 5766 7
5766 4564 3
10084 16143 10
8803 26094 16
26094 40616 1
26094 44147 1
40616 3906 4
3906 22514 8
22514 395 5
22514 30916 11
30916 45469 8
8844 36201 16
8889 25199 16
8907 5823 16
8924 39609 16
39609 28981 15
28981 49574 15
49574 32202 8
49574 49787 10
49787 31825 10
31825 36040 3
8945 39172 16
9007 13479 16
13479 14586 8
14586 43005 10
9107 7878 16
9172 3050 16
9177 5910 16
5910 1810 10
1810 41731 2
41731 22655 4
22655 37419 11
37419 31488 7
37419 8691 11
8691 5856 3
5856 45927 3
45927 11473 5
11473 12592 1
12592 16369 3
16369 18422 3
12592 24174 6
18422 6035 11
24174 35758 12
35758 40125 4
35758 899 9
899 2123 8
2123 12914 13
12914 42605 1
12914 29766 7
29766 32551 10
32551 14633 10
14633 45181 3
2123 15082 13
15082 2964 4
2964 18997 7
15082 7063 11
7063 30445 1
15082 17902 12
17902 3976 11
3976 17973 2
3976 24089 10
24089 32171 13
14633 18229 14
22655 13912 14
8691 13757 15
5856 6625 16
6625 6203 11
6203 24796 1
24796 26204 9
6625 42229 12
9178 12917 16
12917 41096 3
12917 22614 4
9213 9805 16
9805 29373 9
9314 41751 16
9334 47647 16
47647 5277 11
9350 12269 16
9390 2372 16
9485 39919 16
39919 19863 10
19863 19962 12
19863 28180 15
28180 44835 14
9715 41001 16
9775 12546 16
9797 43943 16
9866 11667 16
9868 32497 16
9898 1992 16
1992 5380 5
1992 38149 12
38149 14116 3
38149 26087 6
38149 33683 7
33683 40985 12
40985 16623 4
1992 48480 13
38149 37928 14
1992 49806 15
49806 42249 1
49806 47291 15
47291 8816 13
9962 36503 16
9978 5726 16
5726 659 2
659 323 3
5726 10180 12
10180 36474 7
659 41170 13
41170 592 1
592 15744 7
5726 12418 16
10008 31237 16
31237 42934 7
42934 21359 7
21359 27610 5
10057 13470 16
10060 40036 16
40036 27782 1
10077 30317 16
30317 31326 4
10134 4279 16
4279 5497 7
4279 21718 10
21718 30044 3
21718 23828 11
10148 30107 16
10154 37293 16
37293 21173 7
21173 6809 8
37293 45707 15
10154 46280 16
46280 14490 4
14490 18796 7
10312 6149 16
6149 49373 15
49373 13245 4
13245 30495 11
30495 19704 12
19704 7682 8
7682 40912 15
10347 15731 16
10357 7068 16
10483 25862 16
10505 34853 16
34853 35098 13
10558 8634 16
8634 12791 8
8634 12451 15
12451 42888 9
12451 22708 15
22708 10316 4
10316 32913 5
10633 24609 16
24609 43475 1
43475 36840 6
24609 18491 13
10787 41479 16
41479 43548 5
10820 28108 16
28108 7024 2
7024 14174 3
7024 9055 9
14174 31627 11
7024 19569 14
19569 4211 13
28108 12961 14
10826 4662 16
4662 10514 4
4662 5393 12
10840 4835 16
10840 34507 16
34507 14286 4
10844 11611 16
10893 21642 16
21642 2285 4
2285 17489 14
17489 15585 3
15585 37362 3
10943 13273 16
13273 21892 4
21892 34932 9
34932 41585 3
41585 22610 5
41585 37601 5
37601 11626 4
37601 43802 6
21892 6725 11
41585 14771 13
14771 29304 3
11626 27016 15
27016 11119 8
27016 41530 8
41530 1879 5
41530 43964 9
1879 9138 13
1879 13196 15
13196 47933 11
10966 11412 16
10979 41363 16
11039 40534 16
40534 2869 7
2869 49293 1
2869 3646 2
2869 10644 3
10644 30510 4
3646 20931 6
2869 28795 7
10644 26489 7
20931 39234 7
49293 30313 7
2869 23888 10
40534 1482 10
1482 48891 11
20931 14793 11
14793 44371 3
44371 5959 2
30510 37027 11
37027 3117 8
37027 13206 8
13206 20642 6
13206 22756 6
3117 37243 10
37243 40371 2
40371 18525 3
37243 47146 6
40371 29512 7
29512 10199 1
29512 23897 5
23897 32327 3
29512 10863 6
10863 26923 2
32327 14802 6
23897 5874 10
22756 40257 11
40257 49658 3
40257 37199 10
49658 35484 10
49658 4273 11
20931 42722 12
42722 26693 12
3117 34260 14
5874 42185 14
42185 1949 5
49658 49717 14
30313 21397 15
3117 35998 16
35998 176 6
176 1001 11
3646 4244 16
4244 3406 7
4244 27574 10
11080 12128 16
12128 23247 2
23247 18479 12
11163 20549 16
11265 15024 16
15024 4692 2
4692 27381 13
27381 16054 8
27381 19501 15
4692 37473 16
37473 21115 5
37473 47644 7
11324 17519 16
11345 41610 16
11385 16523 16
16523 30158 3
16523 37950 3
16523 11245 12
11245 2859 1
11245 24397 14
24397 37224 3
24397 31902 5
31902 45951 14
45951 5686 2
5686 28654 1
45951 45720 11
45720 7243 12
45951 11463 12
5686 22039 15
11245 7416 16
7416 42105 2
7416 31706 8
31706 25058 6
25058 15579 12
11473 1063 16
1063 13152 11
13152 43243 13
43243 16531 5
43243 20674 15
20674 30595 10
11501 11726 16
11726 18311 8
11726 9345 11
9345 30083 6
11571 47368 16
47368 6813 8
6813 33879 10
33879 46002 15
46002 42685 15
42685 35591 14
35591 20787 10
20787 20729 9
47368 28567 15
11662 40570 16
11826 7872 16
7872 27596 7
7872 46846 8
11977 6982 16
6982 28767 8
11981 9140 16
9140 11330 6
9140 43918 11
12116 32135 16
32135 44355 6
12120 30247 16
30247 2193 2
12169 321 16
321 225 7
321 1774 12
321 29090 12
12219 31557 16
12237 24659 16
12248 17300 16
12377 14798 16
14798 8151 1
14798 47773 4
47773 42964 3
47773 19266 4
14798 35067 14
47773 14180 15
14180 38027 2
14180 33462 13
14180 5224 15
5224 26969 5
26969 10396 10
10396 24437 3
10396 17861 7
17861 33608 14
17861 35062 15
35062 30446 3
30446 42827 1
35062 31743 5
42827 46690 6
12408 19455 16
12466 28617 16
12486 39344 16
12504 38715 16
12575 26968 16
12591 11373 16
11373 10464 5
10464 27736 4
27736 8387 4
8387 32461 7
12596 26791 16
26791 25525 12
25525 7656 1
12767 16785 16
12807 36907 16
12833 6540 16
6540 4317 16
4317 10846 3
4317 1415 7
10846 30663 8
30663 47255 7
47255 40095 2
40095 43685 5
47255 29184 5
1415 21227 9
10846 4259 11
4259 33763 5
33763 39000 10
4259 4587 11
4587 5142 12
5142 48035 7
4587 46865 12
39000 40289 12
47255 38362 12
38362 6666 12
30663 29067 13
6666 34299 14
34299 44958 6
44958 21580 10
34299 25702 12
44958 29020 13
29020 34842 7
6666 43874 14
29067 9082 14
9082 9687 7
43685 37370 14
37370 41016 8
41016 23326 6
23326 20771 7
20771 4877 6
4877 3860 3
20771 20945 13
20945 24882 9
24882 26623 3
29184 28474 15
28474 17904 2
34299 44814 15
4587 34962 16
12941 32659 16
13130 10317 16
13155 3868 16
3868 26441 5
3868 28765 7
28765 11779 2
11779 27472 8
27472 19981 1
11779 30529 10
13172 27629 16
13227 14238 16
13242 6353 16
6353 24207 7
24207 10056 1
24207 17868 4
10056 6654 10
6353 11596 12
6654 19630 12
19630 31846 9
10056 30907 12
30907 46882 10
30907 32127 12
6654 30084 13
32127 20784 14
13288 42774 16
13389 32114 16
32114 25066 5
25066 41840 7
41840 14450 15
13413 38501 16
13433 30259 16
30259 32541 12
32541 45047 6
13499 15385 16
15385 25278 11
13500 45874 16
13680 42898 16
13715 40592 16
40592 32323 3
40592 41491 3
41491 4331 10
13732 20597 16
13736 2389 16
2389 35820 6
2389 19044 13
19044 25640 9
25640 22386 2
19044 7802 12
7802 19595 3
19595 15242 11
15242 24281 3
24281 5671 1
15242 23089 4
15242 29356 7
24281 42933 9
19595 41677 13
41677 36660 10
41677 26155 11
26155 10876 1
10876 47778 3
47778 24330 2
7802 28975 14
10876 27245 16
13743 29197 16
13785 28583 16
28583 18954 7
18954 31449 3
18954 48462 4
18954 45162 6
31449 8067 12
45162 15379 14
15379 13073 1
13073 29783 12
29783 6966 6
6966 15891 2
15891 10368 5
15891 9999 6
15891 29050 6
9999 24733 10
24733 279 9
279 45842 3
45842 29575 2
15379 12084 12
29575 28959 12
28959 17080 7
6966 7446 14
13073 43816 15
43816 32077 5
43816 16716 14
16716 13865 9
13865 1096 1
1096 35376 8
1096 47245 8
35376 2691 15
2691 16404 1
13805 43842 16
43842 3147 8
3147 2909 7
2909 23635 13
23635 483 14
483 40675 12
13833 7116 16
7116 25761 7
13849 16452 16
13852 11823 16
11823 27636 2
27636 8376 2
8376 18828 5
18828 11171 10
11171 12343 2
18828 15654 11
11823 38051 15
38051 46494 3
13853 18767 16
13896 18637 16
18637 17971 15
17971 49246 12
49246 43026 3
43026 31425 2
31425 49241 4
49246 417 4
49241 17150 6
17150 29814 6
17150 6094 7
49241 40210 12
40210 22634 2
22634 18875 7
18875 43755 12
22634 39992 12
17971 31029 14
17150 20184 15
20184 12933 7
12933 10227 4
10227 9461 6
9461 27196 9
20184 29837 12
29837 20231 11
20231 49311 2
20184 36376 12
36376 16807 14
16807 6570 7
6570 1982 16
13899 38393 16
13946 20727 16
20727 34854 6
34854 5004 3
5004 28820 5
28820 5313 1
5313 9271 9
5004 28003 13
28003 34923 12
34923 36030 4
28003 5573 15
28003 46774 15
46774 37161 4
46774 34967 7
46774 2103 11
2103 4448 7
4448 23279 3
2103 15900 7
4448 40186 8
4448 32716 11
32716 24516 3
32716 28472 10
28472 2266 11
2266 22448 1
22448 13702 9
13702 40087 1
22448 28357 12
23279 23791 12
2266 37043 13
37043 25027 7
5313 6986 16
6986 49413 14
49413 43427 4
49413 1498 9
1498 3136 10
3136 16538 4
16538 9269 13
9269 4786 16
4786 30850 16
30850 21971 10
9271 31954 16
13980 17287 16
17287 598 10
14034 3978 16
3978 84 10
14206 22677 16
14408 7009 16
7009 4550 2
4550 8011 6
8011 33531 8
4550 4964 11
7009 42588 12
42588 47799 1
14416 30402 16
14429 35622 16
14462 33333 16
14523 21734 16
14679 32423 16
32423 27188 1
14779 22130 16
14779 25663 16
14790 3540 16
3540 14912 5
3540 1670 13
3540 9502 15
9502 2485 8
2485 12278 12
12278 47743 3
12278 29014 7
29014 36910 13
36910 7082 11
7082 40686 2
40686 2339 6
7082 36471 8
2339 7398 9
7082 1473 9
40686 30958 11
30958 15978 2
15978 32341 11
32341 5735 11
5735 28727 5
9502 7534 14
7534 30690 1
7534 36454 11
28727 25893 14
14989 12192 16
12192 2667 5
2667 36427 10
2667 22202 13
22202 35044 3
22202 35456 3
35456 41082 4
15000 47776 16
47776 27523 10
15034 12073 16
15044 15020 16
15020 46725 4
15020 36447 13
15056 35072 16
35072 35641 2
35641 14874 1
35641 33545 1
33545 47733 2
35072 36500 6
47733 34321 6
34321 4337 6
35641 22521 8
22521 35605 6
35605 29617 3
35605 42154 7
4337 25092 10
35641 36007 10
22521 11513 11
36007 42221 13
42221 42546 1
36500 2610 13
2610 20515 11
25092 18690 14
18690 11648 2
33545 30839 14
30839 35323 6
30839 35293 14
35293 21828 4
35293 30857 10
35323 40479 15
15110 2125 16
15149 46195 16
46195 25884 3
25884 31456 8
15175 29439 16
29439 40519 8
29439 41360 11
41360 23612 3
23612 29176 8
23612 35188 8
35188 39506 3
15206 26780 16
26780 34090 4
15260 16758 16
15373 7142 16
15388 36868 16
36868 26743 1
15426 28052 16
15528 31463 16
15630 47901 16
47901 29231 3
47901 13922 8
13922 27859 8
47901 35877 10
15640 32034 16
32034 5340 10
5340 21816 6
21816 9063 2
5340 29279 7
21816 31172 9
31172 19891 4
19891 22576 1
29279 16398 10
29279 10105 12
5340 15022 14
15022 27799 5
15670 36564 16
36564 17623 14
15704 44546 16
15747 21995 16
21995 9863 11
15765 43613 16
43613 3837 14
15772 45119 16
45119 22313 11
15776 29296 16
29296 18748 2
15799 23837 16
23837 44279 13
44279 8354 12
44279 37017 12
8354 29391 16
15901 16380 16
16380 7566 12
7566 39262 5
7566 41063 7
39262 33094 11
15921 6992 16
15922 16845 16
16845 47450 8
47450 32124 2
16845 29795 11
29795 37404 11
15946 13307 16
15983 31410 16
31410 46315 12
16013 35342 16
16054 27176 16
27176 46520 2
46520 29305 14
29305 40858 15
40858 34364 10
40858 24834 12
24834 24709 5
24709 27539 8
27539 46263 1
16148 21901 16
21901 7113 8
7113 21066 6
16187 8186 16
8186 23723 2
16219 39098 16
16222 40469 16
16303 19015 16
16330 18924 16
18924 34656 6
16411 33669 16
16426 3743 16
16523 22145 16
16641 17009 16
16648 23608 16
23608 18377 9
18377 34712 8
34712 5061 12
5061 22256 4
16769 4144 16
4144 39928 7
39928 12000 9
12000 35409 14
35409 46639 5
16838 27163 16
16941 11019 16
16988 12522 16
12522 40283 9
40283 13264 7
13264 27893 1
16996 19645 16
19645 14088 4
19645 8377 5
8377 23874 3
8377 26079 6
19645 5905 6
23874 17296 7
8377 47090 8
26079 36828 11
47090 48813 11
47090 45862 15
17070 1434 16
1434 5656 3
5656 40395 10
40395 41391 7
40395 22090 12
22090 8968 11
1434 9787 14
9787 12630 3
12630 21782 3
21782 43244 5
43244 23074 9
21782 44794 13
44794 39027 4
9787 21729 14
21729 37988 1
5656 32117 15
17112 20133 16
17153 15562 16
15562 30159 12
30159 37254 5
37254 29332 9
17207 24568 16
24568 16885 9
17311 22582 16
17387 12889 16
17450 48148 16
17519 10258 16
10258 35177 8
35177 36705 8
10258 15720 9
10258 6046 12
6046 25265 7
25265 19514 1
35177 12516 12
36705 3835 12
3835 30639 14
12516 29855 14
29855 29958 1
29958 16379 1
15720 21151 14
21151 35050 10
35050 33037 6
17519 41790 16
41790 7400 14
7400 19298 7
17524 20955 16
17545 48950 16
48950 15062 1
48950 828 10
48950 29614 12
828 863 13
863 41188 6
863 24410 12
17592 22408 16
22408 34357 3
22408 49358 6
17659 31807 16
31807 21628 1
21628 31974 4
21628 35966 7
35966 34104 2
21628 25914 12
31974 4442 13
17706 25432 16
25432 14417 1
17713 25571 16
17814 47546 16
17963 17609 16
17609 32419 4
17609 22903 11
22903 45049 8
32419 30953 13
30953 9156 10
9156 29686 2
9156 821 11
9156 9717 15
45049 5807 15
5807 24618 15
5807 13913 16
9156 11435 16
11435 8767 1
11435 12048 1
8767 3952 5
11435 11814 15
17995 8735 16
18014 24067 16
18014 30957 16
30957 43474 15
43474 22783 3
22783 49969 1
22783 34747 3
49969 40905 11
18038 8059 16
8059 5330 8
8059 7328 13
18084 21502 16
21502 36714 9
18104 37457 16
18105 10760 16
18163 11635 16
18211 38 16
38 3060 11
38 26988 15
26988 82 1
82 297 5
82 16504 14
297 38763 16
38763 27237 8
297 42034 16
18361 6174 16
6174 30540 3
30540 48287 9
30540 25016 10
48287 41921 10
41921 31028 8
6174 27051 11
27051 38674 3
27051 35685 6
35685 5308 4
48287 46123 13
46123 40307 2
40307 11170 4
6174 27625 14
18371 40729 16
18392 18934 16
18934 7031 6
7031 12962 16
18396 32958 16
18452 27725 16
18452 36392 16
36392 35823 5
35823 16127 2
35823 1399 12
1399 16515 6
16515 43611 7
18462 6873 16
18543 47827 16
18594 40039 16
18637 48194 16
18683 3726 16
3726 23860 10
23860 8838 10
23860 5915 14
5915 1062 8
1062 49402 5
1062 677 7
1062 4288 11
677 734 13
4288 5595 13
18695 34964 16
34964 39602 9
18739 20614 16
18764 48102 16
18766 28237 16
28237 21883 1
28237 49720 3
49720 10219 11
10219 8021 16
18826 12796 16
18873 42977 16
18905 1631 16
19068 26633 16
19102 22135 16
19192 226 16
226 24002 16
24002 5625 11
5625 35694 1
35694 33691 1
5625 39897 9
39897 12651 11
12651 9971 12
9971 22578 12
35694 42996 14
19201 17837 16
19234 38806 16
38806 3132 4
3132 20189 1
3132 7739 2
3132 43096 13
20189 39719 15
39719 45263 4
39719 40503 13
19318 49260 16
19363 24005 16
19428 29946 16
29946 7734 9
19516 9877 16
9877 2535 5
2535 222 2
222 979 5
9877 6634 16
6634 41008 3
41008 36988 2
36988 29177 5
29177 21371 5
19537 15835 16
15835 36183 2
36183 40397 6
15835 28546 13
28546 402 10
402 3659 1
3659 38211 6
3659 44057 6
44057 23962 4
28546 1570 15
1570 13566 4
1570 865 8
865 25482 1
865 11514 15
11514 14967 5
14967 27826 3
27826 26446 5
26446 40079 3
40079 20490 9
20490 36857 10
26446 5482 10
5482 3577 9
3577 31616 12
31616 27272 5
27826 28270 12
27826 4661 15
4661 23854 2
4661 7178 14
3659 45491 16
45491 33397 9
19641 26982 16
19641 36588 16
36588 35247 12
35247 8529 3
8529 5582 4
5582 21796 1
21796 23588 7
36588 27383 14
19704 41885 16
41885 256 13
19758 40363 16
40363 4191 4
4191 47475 13
19760 44105 16
19829 10379 16
10379 26987 1
26987 24133 5
26987 44408 15
44408 11212 9
11212 19965 15
19965 18027 8
19965 40381 8
18027 14607 9
19965 48612 12
48612 4004 12
4004 8641 11
4004 32318 14
32318 46595 12
32318 13792 13
13792 5912 1
5912 7260 13
7260 49497 12
5912 4706 14
4706 45948 11
45948 37047 7
37047 37424 13
4706 17988 14
4706 4298 15
4298 24990 5
4298 21780 12
21780 17122 12
18027 9162 15
9162 39476 14
19829 30710 16
19969 33612 16
33612 20142 2
19984 45286 16
45286 44889 8
44889 27879 8
20046 43559 16
43559 32961 3
32961 44633 8
44633 15783 6
15783 24432 7
15783 12104 9
12104 11770 2
11770 48295 2
24432 35625 12
35625 5881 11
5881 25707 2
25707 16207 1
16207 42190 12
42190 47738 2
47738 31223 8
11770 27694 13
27694 32987 7
32987 7703 3
32987 7202 6
7202 7349 11
7349 47108 5
47108 44534 8
31223 36335 15
20075 9569 16
9569 28488 3
9569 39883 15
20205 9580 16
9580 22459 7
20225 2096 16
2096 22303 5
22303 14535 11
22303 23038 14
2096 31734 16
20247 31752 16
20285 2872 16
20294 33859 16
33859 13725 1
33859 8997 8
33859 7171 9
8997 30132 13
8997 17770 16
17770 32749 13
32749 24708 5
24708 37773 1
24708 22626 3
22626 46111 12
46111 7103 9
7103 24310 8
7103 4206 11
46111 30120 12
17770 40938 15
32749 20608 15
32749 35444 15
35444 1884 2
20301 42371 16
42371 18122 2
42371 26343 6
26343 43418 1
26343 1012 4
43418 39306 8
1012 679 9
679 19926 5
1012 18789 9
18789 569 7
569 35397 13
35397 46422 4
35397 3780 13
3780 5839 1
3780 43513 6
5839 33491 7
3780 507 9
3780 14593 11
5839 36407 11
36407 14597 1
14593 8469 12
8469 19103 4
8469 13061 5
19103 11114 10
3780 30511 14
5839 15626 14
20376 23650 16
20384 14520 16
14520 1972 10
1972 1603 15
1603 32420 1
1603 36473 13
36473 23384 12
20443 22779 16
22779 23651 9
23651 29751 4
20475 48656 16
20494 42115 16
20534 24417 16
20594 18161 16
20674 47997 16
20739 6752 16
6752 14252 7
20756 9604 16
20773 12461 16
12461 48637 6
12461 47932 12
47932 25234 14
25234 30973 4
30973 26840 6
25234 44807 10
44807 8710 11
12461 8705 15
8705 44723 15
20807 43217 16
20955 13956 16
21058 46429 16
46429 38213 3
38213 21287 10
21287 25057 7
46429 39302 12
21287 15980 13
21066 18132 16
21098 46857 16
21122 45440 16
21151 43641 16
43641 13813 3
43641 47506 5
13813 45681 7
47506 30461 10
30461 2725 7
2725 3555 11
3555 49197 1
49197 31162 5
3555 22823 10
22823 44164 1
44164 47885 4
3555 5339 13
3555 28660 14
49197 28469 14
21221 44035 16
44035 12834 5
12834 25524 1
12834 9359 4
9359 30467 3
12834 43144 10
12834 42099 11
42099 33008 5
12834 28623 14
21242 3180 16
3180 11051 6
11051 16974 9
3180 3815 11
3815 10336 11
21365 29528 16
29528 1744 6
1744 6653 12
6653 3323 7
3323 42908 7
3323 736 11
736 46645 2
736 13885 4
13885 18541 11
1744 49456 13
3323 5778 13
1744 14090 16
14090 15655 5
15655 23145 8
21366 47076 16
21379 22342 16
22342 46360 1
22342 14413 6
21509 21186 16
21573 7478 16
21624 29449 16
29449 46840 3
21643 14994 16
14994 9550 16
9550 8050 6
8050 1583 1
1583 26339 1
1583 45595 15
21728 47293 16
21729 3232 16
3232 32950 7
32950 12161 4
12161 6589 8
12161 3090 10
21752 26266 16
21868 44704 16
44704 13851 14
13851 22885 2
13851 23078 14
23078 35011 4
35011 49513 1
49513 27832 2
27832 30565 5
23078 14347 6
14347 30963 10
49513 4250 14
4250 17636 1
49513 27985 14
22885 25162 15
21977 1782 16
1782 43784 2
22040 14588 16
22082 43326 16
43326 37299 3
37299 46427 9
46427 38286 4
43326 16206 11
16206 13511 9
13511 18772 6
13511 12148 15
22174 49496 16
49496 42952 15
42952 39806 10
22198 46090 16
22370 14980 16
14980 18650 16
18650 46983 1
22412 32290 16
32290 7829 1
22426 29919 16
22463 33657 16
33657 44705 1
44705 31535 5
44705 30314 7
31535 39978 8
39978 27496 1
44705 29769 10
27496 41728 14
41728 44238 10
44238 18555 2
22472 5156 16
5156 22515 10
22515 7832 10
22535 16120 16
16120 18927 7
18927 1229 1
1229 14497 9
14497 48836 13
48836 27194 8
22632 23638 16
23638 3055 11
23638 2438 12
2438 4341 12
23638 45058 13
4341 3414 14
3414 29068 4
29068 16088 5
16088 18338 2
3414 24024 6
16088 5306 6
5306 10095 9
22742 37965 16
37965 1890 5
1890 4002 1
4002 7014 15
7014 15826 14
7014 43991 16
22760 34721 16
22845 20432 16
22901 7892 16
7892 44025 7
44025 38864 12
7892 38486 13
22935 23223 16
23223 4029 11
4029 30885 9
30885 10685 15
10685 43094 9
10685 21245 15
21245 37726 1
21245 34393 4
21245 35556 9
34393 33692 13
33692 33847 7
33847 16584 3
16584 34403 4
23023 48908 16
23101 36099 16
23115 15236 16
15236 46525 9
46525 5050 2
5050 5201 15
23209 19576 16
23222 25368 16
25368 13062 4
13062 12159 5
25368 42487 11
42487 32755 9
32755 4780 15
23261 30036 16
30036 33219 7
30036 12016 9
30036 21638 11
21638 42296 6
42296 22011 10
22011 22364 12
22364 42757 1
22364 31624 10
12016 14272 16
14272 10610 9
10610 25381 5
25381 31305 2
23334 21282 16
23479 45745 16
23618 23528 16
23528 28060 1
28060 48197 10
48197 20004 1
48197 26313 7
23528 34094 13
34094 42054 9
34094 10852 15
10852 4494 15
23646 2026 16
2026 34330 1
2026 20654 4
20654 39179 8
2026 39756 15
39756 44122 2
2026 45799 15
20654 44437 16
44437 46277 11
46277 9543 12
23688 40873 16
40873 5251 10
23752 38279 16
38279 28264 2
38279 17206 6
17206 32024 2
32024 26167 5
28264 379 15
379 19124 11
19124 17539 13
17539 48909 7
17206 9080 16
23807 10622 16
10622 13607 12
13607 19075 8
19075 37605 1
19075 46486 9
23845 21712 16
23910 46977 16
23951 15853 16
15853 8344 5
8344 819 7
819 2299 8
2299 12043 7
2299 21704 9
8344 5869 10
5869 21457 7
15853 48172 12
21457 13258 13
13258 5884 2
13258 36875 4
21457 38849 15
819 1567 16
1567 2082 13
2082 33754 11
33754 1985 1
13258 13448 16
13448 45076 14
23981 32051 16
24006 32912 16
24019 19204 16
24093 3365 16
3365 27670 2
27670 22149 2
22149 48963 2
22149 32542 7
32542 37429 10
24133 36556 16
24159 20299 16
20299 23697 1
20299 49707 3
49707 21046 9
21046 13704 3
21046 31753 8
20299 6707 13
6707 41186 14
41186 15147 7
21046 21989 16
24374 48738 16
24447 24061 16
24475 46124 16
24523 22170 16
24606 11723 16
11723 49064 4
11723 10659 13
10659 641 3
641 9077 4
9077 9182 1
9182 32404 5
641 15824 7
15824 10225 10
10225 14120 12
10225 41458 13
9077 47117 15
47117 19468 5
19468 20434 16
24620 38032 16
24675 27957 16
27957 15101 7
24750 22921 16
24832 21923 16
24992 35277 16
35277 34508 6
35277 37916 8
37916 48111 14
25027 8722 16
8722 41136 9
41136 41148 5
25199 36872 16
36872 47092 10
47092 22761 6
47092 15081 11
15081 30638 10
30638 23727 9
22761 8689 16
8689 38735 6
38735 46410 10
46410 12675 1
46410 10460 2
12675 7863 4
38735 8845 12
8689 29968 13
29968 48880 1
29968 11862 5
29968 33297 8
33297 42646 9
33297 38562 10
38562 27460 2
27460 3749 5
3749 5412 1
27460 24032 6
38562 33352 8
33352 49309 9
49309 4309 9
33352 34386 10
24032 7637 12
34386 7471 12
7471 26542 4
42646 39999 12
39999 28009 12
28009 14209 1
14209 4207 3
4309 48702 13
48702 25120 6
48702 32621 7
8689 48357 13
48357 2302 10
12675 36883 13
36883 33428 7
36883 37421 9
37421 45197 2
45197 14898 8
14898 20817 10
20817 13118 2
13118 38590 5
36883 3667 11
3667 36057 1
38590 30725 11
30725 26427 4
38590 13274 13
20817 32362 15
25203 42949 16
42949 21425 9
42949 40983 11
40983 49502 6
42949 42584 13
42584 2051 6
2051 2388 7
2388 43697 4
2388 3706 8
3706 27922 2
3706 40520 10
40520 33148 10
43697 24915 11
24915 39133 10
39133 13935 6
39133 31998 13
31998 47938 8
47938 22963 11
21425 45796 14
22963 22347 14
22347 15386 4
49502 8023 14
8023 20168 8
8023 13756 11
13756 48157 12
27922 1461 15
1461 17810 1
1461 1222 4
17810 41180 7
1461 25600 15
25600 45827 7
45827 24533 9
24533 33221 6
33221 31528 6
31528 24956 15
24956 39665 4
33221 9051 15
1222 315 16
315 316 8
316 3500 2
316 46835 13
316 31543 14
31543 18916 8
31543 15460 9
18916 32268 12
31543 44247 13
25208 11869 16
11869 18192 5
25309 12141 16
25311 13862 16
13862 4238 3
13862 43450 14
25361 28024 16
25394 16039 16
16039 29493 4
16039 34020 7
34020 43758 8
43758 6548 2
43758 34876 2
34876 23469 6
23469 6392 1
25395 30118 16
30118 7665 6
30118 33085 11
33085 41571 1
41571 19235 12
19235 23938 3
33085 42348 14
42348 15007 13
7665 28449 15
28449 13278 4
13278 39900 7
39900 14604 10
14604 38954 15
38954 9814 7
15007 20540 15
30118 35450 15
35450 43456 11
43456 44275 6
43456 35097 8
25471 43501 16
25510 8585 16
8585 36149 4
8585 20493 7
20493 35295 3
20493 26376 10
26376 34246 1
34246 22422 10
20493 21264 12
21264 43944 4
43944 33478 2
35295 11430 15
11430 8534 16
8534 6115 10
8534 23293 13
23293 5572 3
23293 29526 5
29526 46067 2
29526 40966 3
46067 14201 3
5572 9232 13
9232 48469 3
48469 6303 1
9232 1133 6
9232 12507 9
9232 34488 10
1133 16256 11
16256 31826 11
31826 38862 6
31826 38324 10
38324 25730 7
25730 6964 1
6964 16343 1
16343 1652 3
1652 42431 3
42431 18589 4
25730 17816 6
6964 18994 8
18994 16983 5
34488 5560 11
18994 39713 12
16343 18909 13
1133 3761 14
3761 39876 10
23293 8617 14
8617 47487 9
29526 34882 14
34882 19108 5
34882 7919 9
1133 7129 15
1652 3371 15
6303 34491 15
38862 49954 15
6964 24536 16
7919 46249 16
46249 36223 3
20493 20767 16
25530 45291 16
25545 33071 16
25604 32356 16
32356 10723 8
32356 17528 9
25669 1458 16
25706 38058 16
25707 15125 16
25767 1675 16
1675 21194 7
25787 16216 16
16216 7512 7
7512 8810 5
8810 19985 1
19985 48258 10
48258 39045 8
25810 24494 16
24494 43558 3
25818 26805 16
26805 3843 3
3843 27403 12
3843 29379 12
25857 16453 16
25876 3904 16
3904 5816 3
5816 27055 8
27055 9776 4
27055 45641 5
27055 34086 11
5816 6516 15
6516 14139 14
14139 26331 16
26331 47866 1
26331 22654 7
22654 41174 8
41174 23493 2
23493 39493 8
39493 7155 7
7155 13186 13
47866 15603 14
26028 22997 16
22997 24088 1
26029 41833 16
26063 1385 16
1385 3325 4
26100 20141 16
20141 37277 7
37277 17899 6
17899 34910 4
34910 34124 7
34124 17638 6
20141 46065 8
46065 31380 2
46065 20173 5
17638 18858 9
18858 45346 10
45346 21337 1
45346 15203 2
21337 47757 4
47757 33493 3
45346 17208 8
45346 34211 8
17208 38475 10
38475 27719 11
45346 9564 11
9564 20412 1
9564 31318 8
9564 43739 8
31318 44989 10
44989 43449 1
44989 12410 8
12410 29012 9
29012 20603 10
20603 30614 11
30614 36961 9
31380 10612 12
43449 33423 12
43739 47777 13
47777 34928 10
34928 1085 6
45346 34683 13
34683 5324 3
5324 1053 11
1053 6143 1
6143 12758 9
12758 38103 10
34683 32207 13
32207 44464 5
32207 41830 10
41830 8304 13
18858 32813 14
32813 41071 6
29012 37761 14
33423 43898 14
1053 26836 15
26836 45093 5
45093 4457 12
4457 29802 1
4457 12401 9
12401 39971 6
39971 4289 4
12401 22758 15
38103 3119 15
3119 23090 15
23090 5903 14
5903 46038 12
41830 37656 15
37656 7181 2
37656 8635 8
37656 43099 11
41830 41386 15
4289 41962 16
41962 10335 14
26157 33568 16
26314 44837 16
26415 37179 16
37179 31120 6
26482 18310 16
18310 47469 2
47469 35609 4
18310 1051 10
47469 40766 14
40766 11085 4
26523 17607 16
17607 23682 10
23682 18032 6
18032 26888 2
18032 32554 5
26888 37663 15
26554 9061 16
26589 32437 16
26904 4999 16
4999 9988 13
9988 25089 8
9988 35250 9
26918 39239 16
26964 44562 16
26978 19782 16
26982 5150 16
27005 21586 16
21586 12134 2
21586 20024 10
27057 13135 16
27062 16910 16
27091 41073 16
27117 22945 16
27184 36308 16
27446 41327 16
27544 49512 16
27640 23208 16
23208 35407 2
27708 40644 16
40644 46018 12
46018 7266 12
7266 11146 12
11146 13285 6
11146 32960 6
32960 26927 1
46018 13640 12
13640 42092 6
42092 7922 3
13640 44054 16
27719 26944 16
26944 40739 12
27725 13876 16
13876 14173 7
14173 3392 10
3392 17523 8
3392 9142 9
9142 39949 6
17523 25734 15
25734 25353 15
25353 22744 4
22744 4216 7
22744 23535 8
22744 13727 14
27814 16923 16
16923 26276 7
16923 47515 16
27830 15557 16
15557 11927 1
27943 18564 16
28069 12095 16
12095 21162 1
28093 18216 16
28238 35715 16
28283 32376 16
32376 4760 8
32376 892 10
892 48228 1
892 43047 7
892 38980 12
38980 46769 1
46769 10452 15
10452 14131 7
14131 12338 8
12338 40028 6
40028 17815 6
17815 13554 8
40028 18969 10
18969 37786 1
18969 24740 2
37786 12704 3
12704 12514 5
12514 15335 16
15335 24404 10
24404 26601 13
24404 22738 14
22738 3213 8
3213 21730 11
28341 37766 16
37766 2588 11
2588 49945 11
37766 24332 11
24332 27481 5
24332 8390 8
8390 19517 12
28373 39863 16
28474 35897 16
35897 37069 6
37069 16665 1
16665 10568 1
37069 41863 2
35897 9600 9
41863 13666 11
13666 42940 4
37069 35642 12
35642 43628 9
43628 31738 3
43628 39203 3
10568 7706 14
7706 22691 4
7706 17958 7
17958 13840 8
13840 10836 12
39203 35809 14
35809 22502 9
13666 35782 15
35642 47497 15
28511 11047 16
11047 21911 6
21911 38787 1
38787 31708 10
31708 26254 11
28618 31004 16
28622 36537 16
28672 22895 16
28686 37871 16
28689 28305 16
28305 47685 10
47685 13517 12
13517 47755 3
47755 15548 4
13517 21243 9
13517 33180 10
33180 42800 10
42800 15071 11
28706 12614 16
12614 13564 4
13564 44134 12
44134 23409 1
44134 40335 2
23409 37745 7
44134 21858 14
13564 29424 15
29424 24333 10
24333 26830 5
24333 23511 8
23409 8367 16
8367 26717 1
26717 38901 4
38901 37901 1
37901 26590 5
8367 10032 9
26717 34614 15
28733 12579 16
28790 46527 16
28808 11252 16
11252 13989 7
13989 26856 10
26856 30650 1
26856 23062 13
23062 30730 1
23062 35398 2
30650 23406 15
23406 44829 5
44829 31919 5
31919 7885 14
13989 39050 16
39050 40394 5
40394 26687 8
26687 21552 5
21552 24376 1
28814 7555 16
7555 38187 7
7555 44850 10
44850 18972 3
28914 22670 16
22670 24661 16
24661 33751 10
33751 8962 1
28939 21681 16
21681 1232 9
1232 497 3
1232 1550 10
1550 20913 5
20913 3787 3
3787 2023 8
1550 7568 9
7568 30592 3
7568 4577 9
497 16384 12
20913 41285 13
41285 34181 10
34181 27812 10
34181 40456 10
30592 30288 13
30288 10454 8
10454 27761 8
30592 18274 14
18274 16976 5
34181 18595 14
41285 18261 14
18261 23689 8
23689 40122 14
40122 9657 1
9657 7835 7
7835 36211 6
36211 40115 5
40115 8547 5
36211 14066 7
7835 21193 12
21193 18353 3
36211 12706 12
12706 10381 3
18353 29312 13
7568 5252 15
23689 23175 15
23175 26103 7
28948 34972 16
28955 13808 16
13808 21262 6
21262 25423 7
25423 22874 4
13808 17874 16
28968 42219 16
29063 8105 16
29079 44515 16
29081 24357 16
29089 10537 16
10537 25352 3
29090 49642 16
29118 45570 16
45570 37939 5
37939 38489 6
45570 8514 11
8514 22188 12
22188 49030 4
49030 49706 14
49706 18962 15
18962 35851 8
35851 21518 8
21518 17591 1
17591 22143 5
21518 6444 10
6444 35879 2
6444 6257 11
6257 26238 1
26238 7780 16
7780 45857 3
29129 14305 16
14305 45525 1
45525 14613 2
14613 18940 3
45525 33758 5
14305 48610 9
18940 14382 11
29148 36892 16
29148 43262 16
43262 10141 3
10141 19602 2
19602 42434 9
42434 5786 10
43262 10653 10
19602 11115 16
11115 41340 11
29206 39293 16
29279 40362 16
29282 43277 16
29289 13321 16
29462 32116 16
29484 42820 16
29520 2903 16
2903 37853 4
2903 33885 7
33885 36656 14
36656 13761 3
13761 30788 11
29617 16455 16
29620 8443 16
29632 8063 16
29665 8298 16
29706 23892 16
23892 1151 3
1151 913 11
913 1400 11
1400 13254 13
1151 36165 15
29722 48244 16
48244 8510 6
29760 5419 16
29768 20385 16
29802 16530 16
16530 14823 14
14823 23886 10
29831 26300 16
29833 41516 16
41516 15404 2
29884 4922 16
4922 27306 3
29968 939 16
939 45041 3
45041 36168 13
45041 35252 14
35252 32204 2
35252 4716 4
36168 46308 15
46308 40483 3
40483 42817 2
40483 34989 8
30005 28595 16
28595 40342 13
30093 42046 16
42046 15786 11
15786 25087 10
15786 32371 12
30205 44739 16
44739 40812 5
30354 12735 16
30503 45622 16
30833 25097 16
25097 32796 3
25097 22372 4
22372 16377 8
16377 21662 7
22372 17470 11
32796 11533 14
30850 27587 16
27587 9795 14
9795 2281 10
30917 9221 16
9221 26834 1
30968 40998 16
30979 7097 16
30982 49326 16
31023 27131 16
27131 16396 3
16396 19579 2
19579 1161 14
1161 1640 12
1640 17002 11
19579 32959 14
19579 38667 15
31055 6875 16
31125 35229 16
35229 10391 15
31177 9887 16
9887 14605 1
14605 3629 3
3629 16894 5
16894 26775 2
3629 7886 11
7886 11207 9
9887 31589 13
11207 36229 13
31375 2737 16
2737 25335 8
2737 47131 9
31457 21130 16
21130 3297 2
3297 39627 7
39627 16374 6
16374 19550 7
19550 39570 9
16374 28659 13
31479 12817 16
12817 8277 7
8277 10229 7
8277 22062 8
12817 11982 9
11982 39469 1
39469 19392 4
19392 22544 10
22544 34141 6
22062 21170 12
21170 18268 7
18268 19248 1
21170 27536 9
18268 5641 11
27536 6750 11
6750 29175 6
29175 37765 6
29175 21435 10
11982 48069 13
19248 24250 13
24250 14828 9
14828 16126 5
14828 15614 6
15614 22549 6
15614 44374 6
44374 28989 5
28989 28404 7
28404 25916 7
25916 49951 1
28989 34858 8
34858 3037 8
16126 27835 16
31496 44553 16
31526 13421 16
31669 14348 16
31682 25049 16
31702 448 16
448 4100 5
448 46415 10
448 45588 11
46415 25074 14
25074 49786 10
49786 2143 10
25074 16720 12
25074 33311 16
31767 43369 16
43369 5383 7
5383 34225 13
31827 44623 16
44623 19791 10
19791 38033 1
19791 36486 15
31894 2868 16
2868 20272 4
2868 45338 15
45338 30438 3
45338 10481 8
30438 4111 15
32067 23562 16
23562 9099 1
9099 7470 7
9099 9388 13
9388 42878 1
9388 13082 5
9388 17386 8
17386 48642 1
9388 39081 8
39081 35047 9
42878 24629 9
24629 15549 1
15549 29358 2
29358 5615 6
5615 40904 2
5615 9713 6
35047 13108 10
9713 27905 13
13082 14446 13
14446 18676 10
14446 9655 12
14446 24551 15
15549 3722 15
3722 36672 4
32068 2708 16
2708 23884 5
2708 31130 6
2708 3156 12
3156 4008 12
4008 1741 9
4008 39616 9
2708 20251 14
20251 15645 2
20251 41406 3
3156 7032 15
41406 34988 15
34988 13503 1
34988 18788 9
18788 18443 4
13503 15202 14
32148 11745 16
32265 21747 16
32299 36712 16
32305 32339 16
32366 10066 16
10066 18113 11
32409 18000 16
32513 6238 16
32514 28169 16
28169 42347 15
32574 32781 16
32669 2512 16
2512 21966 8
32727 4745 16
32749 33905 16
32842 8081 16
8081 28035 1
8081 41748 8
28035 49551 8
8081 28650 10
41748 42086 11
42086 13491 9
13491 43715 4
43715 4214 4
4214 6692 5
6692 15748 2
15748 26299 1
15748 34960 1
13491 20469 5
43715 49583 9
49583 42729 10
6692 11877 11
11877 10778 10
10778 6312 1
10778 23178 1
10778 7302 10
7302 43468 4
43468 26135 7
26135 8791 10
8791 16573 10
16573 19395 3
16573 10160 6
19395 31717 8
31717 42881 2
31717 14688 3
42729 36606 11
8791 29407 13
34960 1010 13
1010 3134 10
41748 34596 13
34596 37838 3
34596 48693 11
15748 38729 14
28650 29943 14
29943 4486 12
4486 39640 13
31717 26924 14
36606 32707 14
23178 22603 15
22603 9673 12
9673 46143 10
46143 42494 13
28035 39834 15
39834 35855 14
28035 15662 16
15662 32754 3
15662 763 6
32754 49709 8
763 11111 15
11111 33383 4
33383 44612 7
11111 3101 11
44612 23372 11
3101 18036 15
32921 3527 16
3527 17821 7
3527 7801 8
33044 36415 16
36415 25883 10
25883 17175 3
17175 23438 6
36415 19437 14
19437 14370 15
14370 39768 4
39768 45508 1
39768 24821 3
24821 39830 5
45508 16699 14
33063 13092 16
33075 35161 16
35161 3645 13
33186 3586 16
3586 15086 2
3586 23916 2
23916 21757 11
33333 33505 16
33333 34990 16
34990 10839 1
10839 35121 14
35121 9259 7
9259 45711 2
45711 22777 10
33397 46673 16
46673 13616 4
46673 26380 7
46673 25565 9
25565 7295 11
7295 18319 2
7295 3869 7
18319 11359 9
18319 35902 12
7295 34460 13
13616 38553 13
35902 18928 13
18928 4855 10
4855 32647 13
32647 22483 10
46673 34886 13
35902 48082 14
33488 13741 16
33491 36675 16
33495 5226 16
5226 37659 5
33509 42224 16
42224 43122 7
33596 41020 16
33644 46860 16
46860 21144 6
46860 22554 14
21144 8615 15
33664 13597 16
13597 46562 4
13597 33440 11
13597 3209 16
33667 22692 16
22692 23889 15
33703 38784 16
38784 7895 2
38784 7786 5
7786 5317 15
7786 23337 15
23337 47306 1
23337 12136 4
12136 22002 2
47306 42067 4
23337 37955 7
42067 36644 11
12136 47724 14
47724 6101 3
33713 36275 16
33812 42087 16
42087 31787 13
34007 26307 16
34033 32164 16
32164 22225 4
32164 29217 5
29217 2035 5
2035 25874 1
25874 23595 1
23595 19844 1
25874 42170 3
19844 38565 7
25874 38133 7
25874 40114 10
40114 30814 5
30814 40978 1
30814 42849 11
22225 4525 15
19844 10848 16
34048 10931 16
34142 16649 16
34174 20286 16
34254 30494 16
30494 21294 6
21294 11820 2
34260 27700 16
34449 28628 16
28628 1704 3
28628 39797 8
34462 49809 16
34468 10468 16
10468 7324 11
34560 28286 16
34623 16980 16
34639 27244 16
27244 16370 8
16370 35817 15
34687 19128 16
34741 21887 16
21887 15281 2
34773 34724 16
34844 19670 16
19670 35894 6
35894 20954 11
20954 29091 2
20954 39813 2
39813 39592 3
39813 45917 4
20954 35260 5
39592 43339 7
43339 13678 9
13678 32506 2
13678 5310 5
5310 541 9
541 481 11
19670 40591 12
40591 30878 6
20954 14985 13
5310 5783 14
30878 12728 16
34846 44853 16
35010 38198 16
38198 6850 8
6850 11321 15
35098 8323 16
35100 46702 16
46702 16189 11
46702 8154 13
8154 4485 4
35160 38262 16
35167 45640 16
45640 6187 9
45640 20974 11
20974 28786 3
28786 47939 4
28786 19884 8
19884 29045 12
19884 12611 14
35172 32814 16
35183 24195 16
35224 13087 16
13087 15636 10
13087 23492 13
13087 9480 16
9480 40540 13
35462 20788 16
20788 9247 11
9247 12421 7
12421 22822 6
22822 3598 5
20788 33880 12
12421 20713 14
35462 40189 16
35552 4924 16
4924 13005 15
13005 18046 2
13005 34008 3
18046 48354 3
34008 23816 12
35687 29070 16
35831 2775 16
35939 44973 16
35948 34000 16
34000 17501 13
36060 2865 16
2865 36076 1
36076 33188 3
2865 28343 5
28343 21440 11
36076 48570 12
36061 42749 16
42749 28032 8
28032 41881 1
28032 9742 9
9742 36979 1
36979 40378 5
36979 18611 8
18611 1577 4
1577 27675 2
27675 34810 9
36183 34735 16
36216 30449 16
30449 22440 9
22440 35040 14
35040 43299 1
35040 47936 11
36221 31170 16
36259 32640 16
36260 30561 16
30561 6584 11
6584 12578 12
36269 39764 16
39764 21554 12
21554 117 11
117 24962 7
21554 17978 11
21554 47224 11
47224 38431 14
38431 46147 9
117 43955 15
21554 6112 16
36322 46874 16
46874 4123 12
4123 7915 12
36500 35846 16
36654 2520 16
2520 15392 11
15392 46681 4
2520 5263 13
5263 37498 13
36715 42721 16
42721 4307 11
36793 21386 16
21386 11238 12
11238 9047 5
11238 18985 8
36871 25470 16
25470 35786 4
25470 39477 6
36881 11781 16
37040 6468 16
37118 2758 16
37247 49184 16
49184 13136 4
49184 41532 10
37305 24179 16
37405 36960 16
37448 18754 16
37517 8739 16
8739 48038 5
48038 21455 5
21455 25403 12
25403 20714 1
20714 36831 2
25403 6230 9
8739 36288 14
36288 15004 5
15004 20388 12
20388 24510 9
24510 23120 7
23120 16045 1
16045 4118 2
15004 29945 14
29945 19121 8
20714 26620 15
26620 8227 16
8227 9202 3
37546 30396 16
37651 36389 16
36389 32616 14
32616 45421 11
45421 37509 3
45421 41792 14
32616 16999 15
37809 32925 16
32925 49263 3
37883 20937 16
37890 1084 16
1084 10446 4
10446 33927 1
1084 7017 10
7017 12843 9
10446 19087 13
19087 46553 10
46553 26892 3
46553 38762 6
46553 26452 8
26452 22617 10
26452 20172 13
20172 27068 2
20172 39152 2
39152 34079 9
34079 46581 11
46581 30138 7
30138 46139 7
30138 36182 13
34079 30686 13
30138 6379 14
6379 7623 1
46139 43913 15
43913 36018 9
46581 29401 15
37905 8353 16
8353 2054 11
2054 24858 1
2054 19355 14
19355 1942 8
1942 10188 5
19355 31858 12
31858 8595 8
31858 17199 11
8595 9321 12
17199 43240 14
43240 36460 5
38091 23229 16
23229 48118 2
38328 48060 16
38339 23758 16
38672 36388 16
36388 22957 4
36388 21179 6
21179 9554 4
22957 44417 8
36388 17892 10
22957 45246 12
45246 19016 8
19016 15749 1
15749 26883 7
19016 3040 8
38678 4420 16
4420 17622 5
4420 2445 9
4420 3437 10
17622 16747 11
4420 575 12
575 310 2
310 42100 2
575 6210 7
6210 12896 1
6210 32831 1
12896 15239 1
6210 38323 6
38323 23426 9
15239 6408 10
6210 46549 13
32831 31244 14
46549 5082 14
5082 30052 2
5082 17717 3
3437 27743 15
6408 10940 15
17717 5243 15
5243 9823 5
9823 21256 11
5082 32481 16
32481 17518 6
6408 2689 16
9823 17438 16
12896 22558 16
22558 47555 4
38810 15475 16
15475 7227 3
15475 30395 10
30395 16813 16
16813 13445 16
13445 1412 13
1412 4314 4
4314 9476 11
4314 38718 11
38718 19789 6
38814 30680 16
39061 23505 16
23505 16952 8
16952 6973 6
6973 31961 14
31961 22410 16
39170 17920 16
17920 34940 13
34940 33844 10
39185 47994 16
47994 48564 9
39199 31845 16
31845 24558 8
24558 19618 8
39263 9919 16
9919 37216 11
39270 17593 16
17593 24952 3
17593 9180 4
24952 25901 4
17593 30065 15
39322 16880 16
16880 17015 8
39333 22480 16
22480 37541 3
37541 15830 6
15830 13928 8
15830 36699 11
36699 31574 8
36699 42429 11
42429 27659 7
39334 20878 16
20878 30728 5
30728 5612 11
39799 16450 16
39813 17086 16
17086 34307 16
34307 38333 1
38333 4276 5
34307 37479 6
37479 48832 6
48832 6401 2
6401 36538 13
6401 43759 14
43759 13260 15
13260 5824 9
13260 6092 11
6092 16613 1
5824 3274 12
6092 2701 12
2701 18306 7
3274 1886 16
39945 45778 16
39967 46756 16
40054 34069 16
40145 10720 16
40194 722 16
722 8910 9
8910 31379 1
31379 46616 11
722 10907 14
10907 29335 9
29335 46219 2
40202 18267 16
18267 12205 13
40293 46103 16
40341 45582 16
45582 30629 11
40373 44248 16
44248 28486 1
28486 4856 3
4856 1095 3
1095 15604 6
40434 30911 16
30911 33288 6
40503 32550 16
32550 5352 10
40539 32524 16
32524 40717 3
32524 41518 11
40717 40594 11
40594 26933 11
26933 21018 7
21018 49915 6
40594 14435 14
40555 20561 16
40563 15318 16
15318 10422 14
10422 33944 5
33944 20914 2
20914 10626 11
10626 10162 12
15318 27204 15
20914 22551 15
22551 19988 4
19988 8623 8
40564 43990 16
43990 18323 1
43990 30277 2
40582 28980 16
28980 10833 2
10833 7445 1
10833 47553 5
28980 7984 7
40599 31221 16
31221 32015 16
40615 9981 16
9981 23705 15
23705 27066 2
27066 29845 5
23705 13778 11
29845 12662 12
29845 33310 16
40642 44223 16
40676 43053 16
43053 17929 13
17929 28754 13
28754 12144 6
28754 48779 10
40710 40447 16
40447 1257 4
40447 34132 5
40447 39370 11
1257 543 16
543 22973 8
22973 44893 5
543 43036 9
44893 16990 11
22973 28760 12
28760 34358 12
43036 49162 12
49162 48992 3
48992 42972 2
42972 20421 1
20421 2777 1
42972 13271 7
48992 43032 8
13271 49528 11
49162 31760 11
543 13252 13
13271 20144 15
20144 30257 1
20144 43170 3
1257 9874 16
34132 35375 16
40745 32649 16
40808 1558 16
1558 1643 2
1643 31005 9
31005 44575 10
44575 8269 11
8269 20366 6
20366 16965 11
8269 49823 13
8269 21220 14
21220 43009 6
21220 44620 6
40858 6157 16
6157 2171 8
40905 14893 16
41101 44198 16
44198 40180 14
41131 36837 16
36837 32431 14
32431 38739 4
38739 15880 7
15880 19387 7
15880 30665 7
15880 43781 7
30665 13613 12
13613 5036 4
13613 17752 10
5036 23601 12
23601 14117 7
17752 15032 12
5036 29893 15
29893 41279 10
29893 11428 15
11428 8900 15
14117 3430 16
3430 7963 10
7963 12644 12
41363 10669 16
10669 33213 7
33213 27604 8
33213 20564 11
33213 13575 13
13575 44166 1
13575 765 9
765 10508 6
765 1070 9
10508 4210 12
4210 37365 3
765 27958 13
27958 2840 8
765 38360 13
38360 28355 9
38360 29060 10
28355 45544 13
27958 14542 14
14542 6789 1
6789 44377 13
38360 38774 14
38774 36483 2
45544 38014 14
4210 20892 15
20892 13998 5
13998 19902 8
19902 9793 3
19902 22397 8
22397 35938 1
22397 29992 11
36483 49592 16
41376 36445 16
36445 8785 9
8785 5962 15
41383 42549 16
42549 11083 1
42549 24951 10
41461 39018 16
41500 16770 16
41579 36607 16
36607 18960 5
18960 26433 5
26433 20823 5
20823 33832 14
41620 30303 16
30303 16375 12
16375 24684 10
24684 24923 7
24684 13965 10
13965 19432 3
19432 39019 3
30303 40751 12
40751 48912 9
39019 33973 13
40751 42910 14
42910 44148 5
24684 10690 15
40751 30458 16
30458 27987 13
41625 22881 16
22881 31749 4
31749 49503 5
31749 21421 7
21421 14647 3
41645 1270 16
1270 1365 10
1365 10572 2
10572 49493 8
49493 25583 1
1270 13223 13
41708 5924 16
5924 945 2
945 26036 13
41760 15102 16
15102 41275 8
15102 42608 9
15102 20257 11
41788 49920 16
41802 46485 16
46485 29741 1
46485 18917 8
18917 8897 9
46485 10859 9
10859 9439 5
29741 9625 10
8897 34315 12
34315 47211 6
47211 35151 9
34315 11399 11
10859 14927 14
14927 13990 11
34315 20474 14
20474 49501 8
49501 32561 10
9625 25001 15
34315 14897 16
14897 38363 14
42006 5859 16
5859 32287 13
42052 23643 16
23643 23007 2
23643 18239 12
18239 48595 9
48595 43274 1
42077 29949 16
29949 17658 10
17658 23427 6
23427 11808 11
42329 49119 16
49119 11349 3
42434 29027 16
29027 43420 9
43420 7752 11
7752 4744 3
7752 37413 4
4744 1763 9
4744 48670 12
48670 28653 9
28653 25036 4
42437 31276 16
31276 33026 5
33026 46352 4
46352 26967 4
31276 48978 8
42628 12657 16
12657 36304 11
36304 43656 16
43656 27628 1
42667 48328 16
48328 42 10
42749 34368 16
34368 19660 7
34368 39509 15
39509 13100 15
42816 22775 16
42817 46759 16
46759 37554 7
37554 43879 8
43879 44432 7
42820 26127 16
26127 16809 4
26127 49498 12
49498 43575 14
43575 22615 13
42934 29506 16
42941 31357 16
31357 27869 1
31357 27338 3
27338 45532 3
27869 24217 6
31357 22396 13
22396 22253 3
22396 48250 7
48250 40598 9
40598 49287 12
27338 10264 16
10264 36927 1
36927 11617 4
36927 38495 10
11617 44074 12
38495 25222 15
25222 33170 3
43027 22227 16
22227 10157 2
22227 12842 5
43118 13162 16
43190 21389 16
21389 40144 7
21389 24245 15
43394 29668 16
29668 11264 11
11264 9423 7
9423 1968 8
1968 24256 3
1968 25086 10
25086 38873 6
25086 5548 9
1968 36966 16
43479 7748 16
7748 26240 11
26240 17267 2
43489 27286 16
43542 22049 16
43690 4858 16
4858 12536 10
43808 39681 16
39681 20446 11
20446 29181 1
20446 30269 1
29181 34167 5
34167 29327 2
29327 40330 5
40330 34848 8
30269 12866 9
29327 31116 14
34167 42756 15
34848 6137 16
6137 4535 12
43894 29969 16
44012 18988 16
18988 1218 2
1218 35066 2
1218 7434 15
7434 31104 11
44082 42010 16
44093 41768 16
41768 11287 5
44161 13144 16
13144 9483 4
9483 31242 3
31242 30236 9
30236 35329 4
44330 8445 16
44346 28965 16
44377 721 16
721 31606 11
31606 39305 10
721 797 14
31606 39410 16
44580 36748 16
36748 33803 2
33803 8262 15
33803 37562 15
44665 34847 16
34847 26156 8
26156 38227 5
38227 8601 2
8601 3061 8
34847 48593 8
3061 5974 10
44716 28525 16
44760 39545 16
44778 8286 16
44778 10485 16
44823 28456 16
44828 25111 16
44859 15892 16
44951 41648 16
45047 46317 16
46317 23875 7
23875 11958 6
11958 33586 8
23875 48954 12
46317 39033 12
45263 529 16
529 18390 8
18390 3121 2
18390 46402 4
46402 11381 6
11381 12604 11
45315 2699 16
2699 929 16
45387 31183 16
45727 34031 16
34031 31131 11
45801 1692 16
1692 45004 15
45834 14515 16
14515 12982 1
14515 7853 13
45968 15267 16
15267 25949 2
15267 6183 9
15267 39525 9
39525 18707 2
18707 49555 16
49555 44666 7
49555 13728 12
13728 2223 8
2223 23551 2
23551 26105 4
2223 26621 7
26105 36975 10
26105 7866 14
13728 861 15
861 49745 13
26621 8747 15
8747 26405 1
8747 4539 8
4539 3991 14
3991 1237 4
1237 29146 2
3991 27198 5
3991 36774 12
36774 28055 1
36774 36572 6
36774 3670 11
8747 48084 14
48084 47652 4
48084 9501 14
26621 36566 15
36572 32869 15
861 44180 16
45988 25855 16
46219 30196 16
46219 41993 16
46261 7409 16
7409 35628 10
35628 4431 5
4431 9516 13
9516 37175 3
7409 37970 16
46291 28229 16
28229 1065 2
1065 18102 9
28229 35486 13
35486 19665 14
46327 27463 16
27463 33061 4
46355 29096 16
46459 14861 16
46459 47173 16
47173 41846 4
41846 18073 6
47173 42901 14
42901 2332 10
2332 10984 14
46526 31956 16
31956 25879 3
31956 35389 4
35389 14358 5
14358 6904 1
46539 37105 16
37105 28636 10
46568 21133 16
46582 46824 16
46593 33919 16
33919 35331 3
33919 6287 12
6287 14387 3
6287 11559 8
11559 18195 4
18195 22074 7
14387 9218 13
46603 40596 16
46606 10349 16
10349 48212 3
48212 4961 5
48212 9421 7
9421 8077 3
8077 49715 2
9421 45070 7
45070 48335 8
8077 43921 10
43921 27887 8
10349 37614 14
9421 46876 15
48335 18801 15
18801 18401 8
18401 12168 7
18801 11934 11
18401 39497 12
39497 32064 1
11934 7248 13
7248 7803 11
7248 17288 16
46639 33366 16
33366 46672 11
46696 3033 16
3033 5896 3
3033 16746 7
16746 49235 10
46731 44383 16
44383 35838 15
46874 48614 16
48614 25579 9
46876 36303 16
36303 31597 16
31597 44173 6
31597 35336 13
46961 32676 16
47028 7439 16
47239 41355 16
41355 49629 5
47368 7652 16
7652 40961 14
47388 5473 16
47657 16309 16
47676 20349 16
20349 28838 1
28838 18383 5
47690 3770 16
3770 3498 2
3770 44473 10
3498 18901 12
3770 44919 16
44919 42478 16
47690 19185 16
47837 28685 16
28685 21446 5
21446 13721 14
13721 6478 5
6478 31238 10
13721 10351 11
13721 15713 11
6478 39912 14
39912 16190 5
31238 39080 14
39080 22939 3
47839 30122 16
30122 6014 16
6014 11876 13
11876 49276 8
49276 38673 13
38673 23753 11
11876 8685 16
30122 39052 16
47936 31052 16
48043 14940 16
14940 37822 10
37822 24257 5
37822 33169 16
33169 30513 13
30513 12304 3
48053 8847 16
8847 46414 6
8847 22992 11
48058 48646 16
48646 28492 15
48100 31566 16
48201 20850 16
20850 46518 3
48284 23210 16
23210 48627 8
48347 34162 16
48438 11432 16
48463 31573 16
31573 25349 11
25349 9318 4
9318 38059 3
9318 5934 10
31573 13249 12
13249 11189 1
13249 2393 5
2393 9225 10
2393 21159 12
21159 7157 13
7157 12328 9
12328 15734 7
21159 15331 13
15331 22886 12
2393 28637 14
28637 37303 4
28637 34144 8
5934 49327 14
49327 48508 2
49327 6013 4
6013 512 2
512 31576 2
512 34626 2
6013 23509 2
9318 15442 14
7157 33581 15
28637 35182 15
48504 2043 16
2043 19858 10
48518 22688 16
22688 42662 12
42662 34537 2
34537 16851 5
16851 38640 3
38640 2408 3
2408 35328 7
35328 9643 7
16851 7286 8
16851 12640 8
12640 23199 1
23199 4140 1
4140 13979 7
35328 28524 13
28524 30406 5
30406 14300 2
14300 41206 7
30406 20352 11
14300 33951 12
33951 11960 1
11960 9822 11
9822 38841 7
38841 1129 6
9822 3233 12
3233 46104 1
46104 47316 6
47316 30976 8
30976 12375 7
12375 19336 9
20352 12420 12
12420 23640 7
3233 28046 13
28046 3405 12
3405 35891 3
9643 31354 14
7286 29584 16
29584 29856 8
29856 44382 12
44382 6729 14
30406 32689 16
48603 27554 16
48679 49581 16
48774 11719 16
11719 32534 4
32534 19803 3
11719 36366 7
19803 42595 7
36366 38241 8
11719 47174 9
47174 6036 1
11719 33918 10
38241 40104 11
11719 5347 16
5347 23862 16
23862 8169 1
8169 29996 5
29996 7079 3
23862 35806 5
23862 33099 10
33099 20572 8
20572 9609 4
29996 15221 11
15221 17264 7
17264 15340 12
33099 26177 13
8169 3250 16
3250 9602 13
9602 13404 10
29996 38452 16
33918 22869 16
22869 29378 10
22869 30448 10
29378 25514 12
25514 4394 4
4394 9409 12
9409 33858 3
33858 28851 9
9409 13858 13
13858 2229 1
2229 35179 2
13858 44548 6
30448 11945 14
35179 47739 14
38452 30039 16
30039 34319 3
30039 18210 9
48954 11608 16
48963 27831 16
49104 3417 16
3417 42422 9
49136 39307 16
39307 16089 5
39307 35672 12
49168 20779 16
49199 28275 16
28275 35987 4
35987 8002 3
8002 44310 9
44310 24872 11
24872 15994 12
15994 25132 3
49215 21491 16
21491 32294 5
32294 28655 14
28655 45494 4
28655 45749 9
45749 4415 2
4415 6616 9
49287 28424 16
49291 15027 16
49332 8561 16
8561 3951 3
3951 591 5
591 7947 5
7947 28006 3
28006 33024 4
3951 37650 6
37650 49092 4
591 10770 8
10770 43210 9
7947 3073 11
3073 43152 1
3073 9692 8
8561 9741 11
3951 11810 12
10770 7232 16
7232 11071 14
49470 3963 16
3963 974 12
49528 11168 16
49652 13174 16
13174 1353 10
13174 4660 14
4660 690 6
4660 37147 6
4660 5100 11
5100 9548 4
49720 8230 16
8230 44538 2
44538 46333 6
8230 15669 11
49954 19598 16
19598 16671 10
19598 37029 10
16671 9039 16
9039 16249 7
9039 16798 7
5 53 17
53 1021 9
1021 14806 3
29 16599 17
16599 28703 11
33 18538 17
18538 20655 11
20655 33124 2
18538 10761 14
10761 23522 15
10761 29743 16
18538 26835 16
26835 35781 6
35781 49471 6
49471 32061 12
32061 1827 14
1827 13201 1
35781 22507 14
22507 29393 7
29393 17417 12
17417 10621 8
17417 31190 10
10621 22274 12
22274 32167 2
32167 3823 10
3823 23809 1
23809 45894 2
23809 47601 11
47601 25267 14
25267 1511 10
1511 16942 2
16942 24616 9
1511 10075 12
16942 39664 12
25267 23129 14
23129 30181 8
49471 32381 14
1827 815 16
29393 38153 16
38153 20360 4
20360 43734 4
43734 20113 1
38153 21617 9
21617 6975 10
38153 14058 11
14058 23940 3
14058 29709 13
29743 13579 16
39 21647 17
21647 30758 14
43 10475 17
52 13395 17
13395 24146 4
24146 34469 2
63 15232 17
81 31335 17
31335 21705 9
21705 13239 2
13239 30074 3
30074 3975 15
3975 36452 9
140 19236 17
19236 20365 6
19236 48776 13
197 28988 17
217 32699 17
32699 7650 10
7650 23942 11
32699 48542 11
220 8773 17
228 335 17
234 5058 17
235 13954 17
241 8009 17
8009 16416 6
16416 33851 7
33851 10881 7
8009 30264 9
8009 31865 10
31865 604 4
604 22376 7
22376 32756 9
30264 35437 13
604 949 15
949 36342 6
604 39754 16
39754 13213 4
39754 32501 16
280 14888 17
14888 27273 12
304 13839 17
13839 29711 5
13839 49911 5
315 26067 17
26067 3746 13
3746 48033 13
405 49021 17
49021 19603 2
19603 18551 3
18551 34582 1
18551 39101 1
49021 7444 6
34582 44178 11
39101 8325 11
422 1376 17
445 43424 17
473 7643 17
487 11152 17
528 13380 17
529 15844 17
15844 1120 13
1120 44370 3
534 8329 17
549 259 17
259 2710 2
259 41024 9
41024 46229 1
41024 27020 12
626 186 17
186 2890 1
2890 44845 2
628 6892 17
6892 34689 4
6892 14463 14
6892 19825 14
656 3932 17
665 14269 17
680 20661 17
692 531 17
730 19553 17
760 47907 17
840 19678 17
842 1005 17
1005 9040 2
881 773 17
773 125 8
125 14969 6
14969 20792 15
773 29869 16
882 49971 17
939 835 17
835 43270 14
835 9867 16
1010 6699 17
1012 5904 17
5904 47346 9
47346 28211 7
1018 44277 17
44277 42865 14
1022 9904 17
9904 14942 6
1039 45381 17
1062 35154 17
35154 26283 16
26283 2415 1
26283 34802 1
26283 47779 3
34802 4727 9
47779 10919 13
1063 31647 17
31647 950 4
31647 46913 7
950 31142 14
31142 18691 11
18691 24480 15
24480 21385 5
1070 24063 17
24063 7649 7
7649 45127 4
7649 7438 5
45127 12405 5
24063 42064 11
1083 23622 17
1095 4859 17
4859 24327 9
1108 1435 17
1435 35973 16
35973 32246 1
32246 30543 8
30543 8113 6
8113 7769 3
8113 3627 9
8113 21789 10
3627 891 12
891 8053 7
8053 49238 8
49238 34654 8
891 24098 14
24098 28572 10
28572 39378 2
3627 8322 15
8322 31809 15
31809 36108 2
36108 18804 2
18804 46861 4
36108 10885 9
10885 28832 5
8322 21249 16
39378 32023 16
32023 32672 12
32672 5690 5
5690 9627 5
5690 35455 7
9627 24050 12
24050 3972 4
24050 21192 8
3972 43189 16
1122 25169 17
25169 22388 2
1125 1393 17
1393 33535 2
1393 1682 4
1393 1647 14
1647 38634 13
38634 37673 11
37673 31650 2
38634 45152 11
45152 15750 7
15750 24154 7
24154 35235 3
24154 2277 6
35235 1683 12
37673 16556 14
16556 49524 7
2277 21443 15
21443 29276 1
21443 19156 3
19156 1681 3
1681 19683 5
1681 47856 9
16556 28609 15
28609 24380 13
21443 10247 15
10247 21003 7
21003 5309 4
21003 43751 13
43751 37025 8
2277 35759 16
1150 33459 17
33459 29603 3
29603 2669 12
2669 3941 15
1164 23995 17
1171 1924 17
1171 12708 17
12708 33151 11
12708 39679 11
1194 44608 17
44608 27813 2
27813 3222 1
27813 46922 7
3222 45280 10
44608 9843 11
9843 13567 8
13567 45956 8
46922 16260 11
16260 9089 11
9089 48155 9
45956 36739 12
36739 25221 2
3222 25370 13
25370 25512 12
25512 11251 1
25512 48969 6
48969 17334 3
13567 5563 13
16260 45045 13
45280 42748 15
1210 33613 17
33613 9996 3
9996 49419 1
49419 17124 2
17124 24719 1
24719 2970 9
49419 40022 10
40022 32751 5
32751 22513 12
33613 1976 14
1976 36130 14
2970 28751 15
28751 7598 2
2970 21188 16
1217 49153 17
1245 5090 17
5090 29669 5
29669 10327 15
10327 39487 7
39487 22508 3
39487 15905 8
1246 47597 17
47597 11619 11
11619 19195 14
19195 26190 9
19195 13091 10
1320 47902 17
47902 20574 14
20574 20552 8
20552 33098 8
1428 33471 17
33471 14384 4
1434 33050 17
33050 47713 16
47713 10172 1
47713 31729 2
10172 10040 3
10172 15959 3
31729 28443 3
28443 3528 4
47713 32933 5
32933 7726 5
7726 20015 1
31729 4562 8
4562 17617 6
4562 24922 7
4562 38512 8
38512 37484 8
4562 1626 11
1626 18292 11
38512 7718 13
1438 17885 17
17885 37111 6
17885 23160 10
23160 48260 5
23160 33646 16
1452 4112 17
4112 44156 13
44156 35123 7
1459 12129 17
12129 31241 3
12129 18706 11
31241 49369 13
1540 42322 17
1564 3988 17
3988 46560 2
3988 37133 14
1564 30688 17
30688 42486 10
42486 29678 9
42486 5553 13
5553 12867 11
5553 40987 16
1627 16478 17
16478 37580 4
1722 36940 17
1742 32970 17
32970 33527 7
33527 9041 9
9041 35739 13
1780 31434 17
31434 35507 7
1867 16738 17
1910 34125 17
1934 13248 17
1949 25851 17
25851 14662 9
14662 14583 7
14583 14000 2
14662 23291 11
1953 34116 17
1957 500 17
1972 2855 17
2855 4697 13
2855 8672 15
8672 10435 10
10435 15796 11
15796 24219 10
8672 15080 15
15080 7596 14
7596 5492 2
7596 14807 7
14807 14343 1
14343 43072 2
14343 23339 4
7596 18651 9
18651 13145 9
14807 22706 11
22706 23668 6
22706 18293 12
18293 23192 1
23192 13772 12
23668 8176 12
8176 46576 4
46576 42568 8
8176 32932 14
15080 36559 14
1980 13938 17
2004 13151 17
13151 23220 13
2012 170 17
170 34294 12
170 868 13
170 218 14
218 25181 10
170 3575 14
3575 19286 9
19286 45332 14
25181 4822 14
34294 38690 14
3575 4225 15
25181 19850 16
19850 25905 5
170 13558 17
13558 35453 11
2031 4911 17
4911 30643 5
4911 28034 11
2031 39288 17
2109 36377 17
36377 24988 7
2128 2240 17
2128 20278 17
20278 34122 2
34122 7315 7
2138 35512 17
35512 42218 2
35512 5550 3
2185 42702 17
2188 31245 17
2274 14923 17
14923 17411 7
14923 36315 15
36315 23514 2
2291 36309 17
2301 5294 17
5294 7898 12
2309 4989 17
4989 982 6
982 1618 2
1618 1701 2
982 3768 9
3768 12340 3
982 7062 10
4989 19098 12
1701 3813 14
2313 34756 17
2360 18563 17
18563 42781 2
18563 10337 6
10337 8908 9
42781 28389 12
2371 39005 17
39005 3615 11
3615 8476 5
3615 45321 15
45321 3808 7
3808 15424 2
3808 11469 12
2377 10086 17
10086 29602 15
29602 7603 14
7603 37697 10
2393 28137 17
28137 49461 9
49461 30370 7
30370 38038 4
30370 15823 6
30370 35947 6
38038 35589 6
35947 37194 8
30370 47598 10
35947 37538 11
37538 24754 3
37538 14112 4
14112 22311 6
14112 41222 8
47598 13841 11
14112 10671 12
38038 46646 15
2398 21311 17
21311 3334 9
3334 44827 2
3334 14080 14
14080 23906 8
14080 45726 14
45726 4054 4
45726 40984 8
2498 39443 17
39443 29214 11
2512 8881 17
2518 1932 17
1932 36482 3
36482 1829 16
1829 38154 10
38154 18579 9
1829 10925 12
38154 15593 12
1829 1711 14
1711 28940 13
28940 19362 1
19362 15947 2
1829 30645 16
30645 16136 9
16136 40477 10
30645 28311 14
28311 25744 10
28311 43796 11
28311 21038 12
21038 9664 15
9664 5830 9
9664 2392 11
2392 21533 9
21533 9096 12
2392 30362 13
2392 41382 14
9096 30894 14
30894 21608 13
9096 32129 16
32129 42789 10
42789 45723 7
32129 12511 14
12511 13947 6
12511 5643 14
5643 23814 6
13947 25245 16
25245 48893 9
15593 30579 16
30579 36829 5
36829 48861 7
48861 23295 8
48861 41149 14
41149 38728 2
41149 24851 7
38728 28807 14
30645 294 16
294 72 2
38728 5871 16
5871 36243 13
36243 34361 1
36243 15476 2
15476 37358 3
34361 21967 5
34361 13381 7
13381 10109 9
10109 31899 10
34361 30332 12
36243 49122 14
38728 44883 16
48893 13685 16
2602 48747 17
48747 45908 13
45908 44758 16
2639 3423 17
2655 44707 17
2668 2079 17
2079 17496 5
2079 1123 8
1123 36009 6
17496 12570 11
12570 23268 4
2079 34375 13
34375 15938 10
34375 19588 12
19588 44144 4
44144 33343 5
23268 36252 13
36009 35184 15
2079 33445 16
33445 43186 2
43186 3661 6
2696 4104 17
4104 22043 6
22043 14808 14
2706 23488 17
23488 21768 7
21768 42341 12
21768 5051 16
2725 2397 17
2397 21117 8
2753 12560 17
2868 21571 17
21571 43998 13
2913 21381 17
21381 19390 1
19390 26948 9
21381 4422 12
2920 36464 17
2999 36701 17
3016 8583 17
3080 8599 17
3106 31934 17
31934 32594 1
32594 47979 15
3115 2455 17
3189 1745 17
1745 20263 8
20263 651 10
651 49273 5
1745 46330 11
46330 10897 2
10897 9961 1
46330 26509 2
26509 25866 5
20263 35290 13
35290 14366 15
14366 15325 9
25866 7930 16
49273 8318 16
651 46605 17
46605 6255 8
46605 1342 12
46605 35488 12
35488 3961 16
3961 47144 3
3202 27710 17
3302 3901 17
3901 15278 5
15278 27967 13
3336 19915 17
3356 41688 17
3385 31857 17
31857 9909 3
3408 24083 17
24083 31646 3
3451 14947 17
3467 859 17
3479 16078 17
16078 1402 5
3486 705 17
705 33097 6
3522 17352 17
17352 45262 1
17352 12272 5
45262 10333 12
10333 39833 2
39833 19574 4
39833 37401 14
10333 44757 15
44757 48096 3
19574 1127 16
1127 28077 4
28077 42649 8
42649 3223 6
42649 514 7
3223 32888 8
32888 45368 8
32888 36539 10
514 29498 13
32888 26091 14
26091 38240 2
38240 30344 1
3522 31684 17
31684 11306 2
31684 11901 5
3585 6179 17
3708 1101 17
1101 2422 10
2422 15752 17
3733 12601 17
3750 24070 17
3770 2933 17
2933 12621 10
3883 33937 17
33937 46171 1
46171 27783 5
46171 34244 16
3935 38591 17
3952 21370 17
21370 22640 11
21370 22573 15
22573 22897 11
22897 35460 9
22897 45327 11
4058 27144 17
4114 7401 17
7401 16821 5
4116 44117 17
4227 13270 17
13270 28086 8
4258 2923 17
2923 17820 8
17820 8740 11
8740 22830 14
2923 5737 15
5737 44066 2
5737 40126 3
2923 4355 16
4355 25429 1
4355 6241 4
25429 12379 7
12379 14699 7
14699 19778 7
6241 21081 8
21081 14016 13
4258 34143 17
4259 38353 17
4264 14002 17
14002 9208 6
9208 40130 1
9208 4552 3
9208 7350 3
14002 30746 7
7350 2539 11
2539 9727 2
30746 17937 15
4294 24953 17
4407 6325 17
4537 17433 17
4566 637 17
4619 24676 17
24676 12587 16
12587 32775 8
32775 19260 10
24676 28207 16
28207 20932 7
4719 5604 17
5604 31311 9
31311 7581 14
7581 2289 15
4780 3847 17
3847 39983 17
4802 26219 17
26219 23413 13
23413 480 16
4863 29248 17
29248 11822 16
11822 18033 8
18033 4247 5
18033 26212 5
26212 22481 8
22481 16223 14
16223 464 1
464 9436 1
16223 20649 9
20649 35349 4
464 11494 11
11494 49045 3
49045 37260 1
37260 14376 12
14376 46724 7
46724 42506 11
9436 14028 13
37260 29989 14
29989 35289 8
35289 4036 2
4036 16801 9
16801 46237 10
46237 45743 1
45743 31642 4
46237 6027 4
6027 12717 8
12717 38783 1
38783 29302 4
46237 11660 10
6027 10177 13
10177 16500 9
16500 37880 4
16500 9375 7
37880 39117 10
39117 28353 12
6027 10774 14
10774 33551 2
10774 23250 7
23250 4291 6
16801 22636 14
38783 49799 14
46724 27327 14
14376 12827 15
464 34159 16
4877 28748 17
28748 40823 12
4912 35266 17
4948 23732 17
23732 24966 3
4956 22312 17
22312 42511 8
42511 45278 4
45278 2273 4
2273 40239 2
42511 34438 8
42511 21563 11
34438 1885 15
1885 30548 16
30548 27465 11
27465 6928 15
6928 5124 7
6928 20640 8
6928 17626 11
21563 13745 16
5030 8092 17
8092 18167 7
18167 26085 10
26085 25979 10
26085 14433 15
14433 41559 16
41559 46509 12
46509 13939 6
13939 2652 9
2652 3154 1
3154 37572 2
37572 35583 14
35583 3377 13
3377 19666 4
3377 25553 6
3377 40541 9
40541 44185 5
40541 6848 6
6848 37203 4
3377 41429 12
3377 20827 13
44185 16739 13
3154 10491 15
44185 42313 16
5128 41080 17
5129 11164 17
11164 20545 2
11164 37639 14
11164 17272 15
5153 17037 17
17037 49853 3
49853 41300 2
5283 30661 17
30661 13385 5
5324 20577 17
20577 47289 3
20577 37341 6
37341 34583 9
47289 19342 10
19342 38419 11
38419 27875 9
27875 24779 1
27875 46497 6
34583 31840 11
31840 23538 1
23538 46734 7
23538 13782 12
13782 33072 12
38419 33956 15
33956 25382 12
25382 13351 9
13351 2310 5
2310 12853 5
13351 47087 8
13351 24311 9
33956 30622 12
30622 10632 12
10632 16273 8
2310 36123 15
30622 44800 15
47087 788 15
788 2217 15
2217 37272 15
13782 4201 16
5373 27729 17
5459 24418 17
5493 15465 17
15465 9953 1
9953 18808 3
9953 4281 14
4281 17266 3
4281 26579 4
17266 26439 5
26439 10734 1
4281 25900 17
25900 5593 4
5570 44867 17
44867 44792 5
44867 38741 16
38741 4483 4
38741 5479 5
4483 38083 11
38083 41113 4
5572 2411 17
2411 4169 12
5615 11756 17
5626 39571 17
39571 44532 8
5668 29203 17
29203 19820 6
29203 49947 16
49947 18101 11
18101 22048 4
22048 28481 13
28481 41867 3
28481 44675 6
5756 21104 17
5819 13427 17
5849 245 17
245 34562 14
34562 41261 8
41261 2352 10
2352 11879 7
11879 16677 2
16677 2343 1
11879 47317 11
47317 3448 8
3448 12567 1
3448 1488 5
34562 19143 11
12567 43665 14
245 30460 16
2343 1706 16
1706 1248 12
1248 47525 2
1248 2846 10
2846 20124 5
2846 49429 12
49429 17093 14
20124 45459 15
1706 32502 16
32502 34738 9
2352 1557 16
1557 45248 2
45248 49248 2
1557 4145 6
49248 49879 7
1557 37974 8
4145 2106 8
2106 25574 7
2106 14895 11
14895 2707 2
14895 16570 2
2106 15341 13
15341 21195 9
21195 48961 3
48961 32937 3
48961 49088 6
21195 33532 10
32937 44770 12
44770 2547 6
2547 34631 9
44770 44026 10
44026 1326 11
1326 18535 8
1326 2098 10
2098 5898 2
5898 35880 2
35880 25357 7
25357 42906 8
42906 32275 4
1326 24008 11
24008 27027 11
5898 30954 13
14895 15453 14
15453 11097 1
11097 15617 7
15617 22137 4
15453 43889 7
43889 32712 12
32712 22702 4
21195 13017 14
13017 20933 10
27027 2728 14
25357 16110 15
16110 34102 6
32275 5712 15
5712 2376 10
2376 7386 2
2547 44392 16
44392 29661 14
2846 8993 16
15617 9355 16
25357 4783 16
32937 22796 16
34631 13531 16
5868 32539 17
5975 25732 17
6067 4205 17
4205 6316 16
6128 35294 17
6130 26853 17
26853 20336 1
26853 45825 11
6134 49601 17
6171 34758 17
34758 42808 14
6187 13611 17
13611 12413 13
6209 8546 17
8546 19775 3
6210 45206 17
45206 41913 4
6264 48496 17
6270 14485 17
14485 41321 15
6322 6298 17
6298 46125 6
6418 9455 17
6418 23706 17
23706 7698 10
6419 44672 17
44672 35176 1
35176 2549 4
6422 20832 17
6441 18644 17
6450 25836 17
6483 42166 17
42166 49377 2
6549 20031 17
20031 20363 7
20363 22788 4
20031 19354 11
19354 37160 2
37160 49218 10
19354 18139 15
18139 22457 16
6630 27364 17
27364 34054 9
6706 13652 17
6788 38217 17
38217 6864 8
6864 41577 1
41577 11269 9
11269 25822 6
25822 24989 8
24989 13259 3
13259 42142 3
42142 39540 7
39540 15688 4
42142 39596 8
6800 8746 17
8746 41256 5
6869 39439 17
6964 34042 17
34042 24497 7
24497 46532 5
24497 9430 7
6967 2010 17
2010 370 6
370 34709 8
370 22884 13
22884 15204 2
22884 832 6
832 29540 1
832 479 2
29540 41413 6
22884 40831 7
832 8005 11
479 2226 13
40831 7280 15
370 963 17
963 20234 4
20234 11012 14
11012 21088 2
11012 49447 15
6982 5523 17
5523 22820 4
22820 21525 2
21525 43345 4
22820 33801 4
43345 40296 13
40296 32289 7
43345 1960 14
21525 32786 16
6999 13949 17
7030 42814 17
7039 15673 17
7046 30880 17
30880 27430 4
30880 43602 6
7068 742 17
742 468 1
468 469 3
7078 48881 17
48881 27356 15
27356 29297 13
27356 32624 14
32624 30846 16
7176 7751 17
7751 32224 14
7192 11604 17
11604 49071 15
49071 13159 14
13159 4742 10
4742 5262 7
13159 33241 13
13159 16423 14
4742 46116 15
7227 10870 17
10870 7123 8
7123 33323 1
33323 6484 1
10870 19063 11
19063 31844 12
6484 33735 16
7123 2876 17
7269 49252 17
7353 19279 17
7412 27206 17
7425 25068 17
25068 36531 6
36531 8458 2
25068 33850 13
33850 22723 7
22723 7894 8
7894 25995 4
25995 8596 6
7894 21191 11
25068 12305 14
12305 37176 4
37176 28776 10
28776 25939 2
22723 49829 15
21191 44541 16
44541 42118 4
7471 32767 17
32767 45415 15
7573 4992 17
4992 2206 4
2206 2502 1
7598 34895 17
34895 19489 15
7614 6381 17
6381 23756 4
6381 37450 16
37450 3256 10
3256 1865 17
7621 34532 17
34532 30027 2
34532 47128 4
47128 931 6
931 1297 4
931 4074 5
4074 4099 10
4099 38791 5
30027 41556 13
38791 6643 14
6643 25871 11
1297 36622 17
7761 13025 17
13025 27566 1
13025 43284 4
27566 4610 5
4610 29815 3
29815 36075 3
29815 36421 3
27566 22789 7
27566 7633 8
7633 6332 3
6332 43185 1
43284 25888 11
25888 23987 6
23987 8454 10
8454 10244 4
36075 12411 14
12411 12757 7
12757 47129 6
43284 37535 14
37535 44104 6
44104 6574 5
44104 48018 6
48018 19812 1
6574 3088 10
3088 38941 8
38941 39331 5
44104 8226 10
48018 21953 12
21953 41624 2
41624 37993 2
6332 13577 15
8454 9116 15
9116 43416 12
43416 2361 4
43416 47386 7
2361 4586 14
4586 9661 3
9661 6776 10
9661 44443 11
44443 49194 5
10244 18755 15
18755 35944 1
35944 47149 8
47149 16465 10
18755 43127 15
43127 40101 3
25888 18871 15
40101 1185 15
1185 1984 5
6332 32821 16
32821 44500 15
44500 22489 4
22489 39238 10
39238 17156 1
44500 31096 12
17156 40237 16
40237 49743 13
32821 23343 16
7790 40457 17
7825 25023 17
25023 36781 7
25023 2939 10
7863 2357 17
2357 6760 10
6760 17782 1
6760 24958 4
17782 5708 10
5708 26467 4
5708 41088 8
41088 35164 8
24958 45619 12
26467 43084 12
43084 25420 7
2357 24538 13
24538 13123 10
13123 31740 11
31740 5143 9
5143 7925 6
7925 23107 4
2357 1656 14
1656 38385 2
1656 44245 3
44245 24183 4
1656 16630 5
16630 11838 3
16630 47523 5
11838 9614 7
11838 6285 8
1656 30577 9
1656 15262 15
1656 2060 16
2060 29017 14
29017 19303 13
11838 33811 16
29017 23546 16
23546 12975 5
43084 536 16
536 10132 10
10132 49474 10
49474 20774 13
7886 40464 17
40464 24251 4
24251 17848 14
17848 38048 13
7904 27279 17
8002 7714 17
8077 5123 17
5123 19521 3
19521 43532 1
43532 18876 16
8125 6899 17
8169 49755 17
8201 25365 17
8204 16132 17
8233 3960 17
8339 32367 17
32367 30322 5
8390 39639 17
8391 3719 17
8402 1920 17
1920 26043 15
8446 34039 17
8469 1076 17
8484 2656 17
2656 7775 17
7775 1368 16
7775 48533 17
48533 32664 5
32664 35344 11
8484 30598 17
30598 42321 11
42321 9567 5
9567 8759 8
9567 11006 9
11006 18657 1
8759 19973 13
19973 19456 4
19973 19680 11
8759 43289 14
9567 13874 16
13874 23284 1
8496 30220 17
8583 22345 17
8658 41271 17
8662 8818 17
8818 41669 13
8684 20164 17
20164 4729 6
4729 33736 8
4729 10401 12
8685 25487 17
8688 7245 17
7245 23092 5
23092 28978 4
28978 36167 9
36167 9654 3
7245 29527 10
29527 2854 6
2854 5420 3
2854 28634 6
28634 46136 11
46136 18735 12
18735 13850 13
46136 3638 13
5420 3188 15
46136 34627 15
34627 21826 13
21826 33182 2
21826 30359 11
34627 22095 14
22095 44302 4
8714 23974 17
23974 35612 15
35612 10097 5
35612 21790 14
35612 48882 16
48882 47014 1
8728 4994 17
4994 46771 9
46771 42989 7
4994 38755 12
38755 4364 7
38755 36210 8
36210 9948 3
46771 995 12
995 3821 10
3821 48528 1
3821 38365 7
38365 37653 9
42989 26052 16
8812 30723 17
30723 20077 3
8881 44949 17
44949 17554 5
8882 35712 17
8979 31651 17
9005 23977 17
23977 7354 7
7354 843 6
843 24711 3
24711 10166 3
10166 12271 3
12271 21722 7
10166 10718 12
843 755 14
755 40678 1
9096 40684 17
40684 1087 1
1087 39966 10
39966 1590 9
9174 20519 17
9334 37159 17
9421 14223 17
14223 38047 12
9430 3513 17
9458 9379 17
9574 3850 17
3850 6168 10
6168 20538 3
6168 8177 10
6168 13854 15
9590 37621 17
9664 11110 17
9667 33782 17
9733 43752 17
43752 20465 13
20465 49534 13
49534 6404 8
9742 27521 17
27521 31873 5
31873 26804 2
31873 33335 6
33335 9559 6
9559 9804 7
27521 29645 8
9752 43119 17
43119 44469 6
44469 12132 9
12132 4939 16
4939 41463 14
9770 47940 17
9825 7692 17
7692 17289 1
7692 5829 9
7692 24979 15
9845 29257 17
9865 28082 17
28082 30101 5
9866 39958 17
9953 47926 17
47926 42992 11
9984 29866 17
29866 37776 10
10018 14397 17
10024 49996 17
10063 5160 17
5160 349 8
349 18011 1
18011 13094 3
13094 31206 1
18011 32402 5
5160 47009 13
47009 37214 3
37214 7613 1
10172 5007 17
5007 29573 8
10199 23985 17
23985 36794 2
36794 45326 8
45326 31863 13
23985 23866 14
10237 1003 17
1003 1548 2
1003 31042 2
1548 36206 2
36206 7005 8
1548 19674 9
1003 40725 10
1003 26080 11
40725 25144 16
10258 27935 17
27935 32165 13
10316 4893 17
10323 11259 17
10365 13203 17
13203 5992 13
10449 11021 17
10483 6526 17
6526 983 6
10499 13541 17
13541 18052 7
10510 13800 17
10566 1381 17
10566 17084 17
17084 41726 6
17084 26498 11
17084 41626 11
10695 2478 17
10750 8991 17
10844 14161 17
10889 26278 17
26278 15790 2
15790 29535 10
15790 3741 11
10991 1138 17
1138 4902 1
1138 6815 2
11019 18174 17
18174 22175 11
11115 2458 17
2458 4429 5
11310 16762 17
16762 22402 6
22402 42894 8
42894 16197 5
42894 13868 10
13868 31756 8
42894 10719 16
10719 2467 7
11333 36481 17
36481 38471 13
11337 25308 17
11339 1098 17
1098 2235 7
2235 3966 8
11371 6799 17
11381 41777 17
11441 15491 17
11458 35242 17
11463 31186 17
11498 40815 17
40815 30685 14
30685 31270 13
11551 23399 17
11615 18090 17
11648 39422 17
11719 18906 17
18906 36405 14
11744 30642 17
11768 7081 17
7081 36258 5
36258 14960 2
14960 23341 4
7081 19469 6
19469 22661 1
19469 45466 5
23341 18678 6
22661 48059 12
45466 29465 13
18678 41183 15
11768 45839 17
45839 10500 15
10500 5806 3
5806 41225 9
41225 43157 2
43157 1252 6
1252 41831 11
41225 35255 11
35255 41636 10
43157 33121 11
33121 8873 1
8873 18431 9
18431 32808 13
41831 9105 13
9105 23027 4
8873 1050 15
1050 46955 7
41636 47139 16
47139 21258 8
47139 20191 10
41831 23321 16
11928 42062 17
42062 29274 15
12007 41779 17
41779 29005 6
12016 23446 17
23446 35825 6
35825 14863 9
14863 7294 9
7294 28588 11
14863 43994 13
35825 46559 16
46559 5804 8
5804 6753 12
6753 22746 12
12059 7460 17
7460 23757 12
23757 12502 8
23757 27191 16
12101 22861 17
22861 3681 12
3681 2419 11
3681 7368 17
3681 21120 17
21120 31770 12
12168 40364 17
40364 5822 14
5822 2755 10
12192 38759 17
12237 46353 17
12243 25923 17
12421 16749 17
16749 3574 8
3574 38885 16
38885 4828 10
12474 1943 17
12518 2197 17
2197 31978 7
31978 9238 2
9238 35666 6
12638 43975 17
43975 27839 3
43975 47805 3
27839 31043 7
27839 49976 14
31043 4804 15
47805 2078 15
2078 2917 1
2078 2390 2
2917 11329 7
11329 8022 12
2390 2153 14
2153 35055 11
2153 26391 15
26391 24142 1
26391 41356 1
26391 23139 5
41356 34514 9
26391 1917 12
1917 16352 6
1917 27618 9
27618 35243 2
1917 41972 10
41972 11000 7
41972 8752 11
8752 40280 2
8752 25350 9
40280 23205 14
2917 33225 17
12639 31977 17
12702 13774 17
13774 104 1
104 166 13
166 29472 11
29472 19728 4
29472 48799 8
48799 11197 15
11197 14712 15
14712 7363 2
14712 19330 6
19330 46652 8
46652 21177 7
46652 22401 8
22401 1189 14
1189 2041 11
2041 21250 1
1189 11845 15
11845 275 7
275 17612 12
17612 26145 5
21250 20395 16
12715 3801 17
3801 3260 1
3260 32930 8
3260 27165 9
32930 40813 9
27165 13929 10
27165 36457 12
36457 10212 7
3260 4256 13
3801 4402 13
4402 45447 12
36457 2692 14
12755 6052 17
6052 19633 16
19633 41211 4
12962 42488 17
42488 31805 15
13020 6766 17
6766 47590 6
47590 27226 8
47590 16540 9
47590 32893 12
13038 18689 17
13125 22102 17
22102 8832 9
8832 28830 1
28830 30374 9
30374 29385 4
29385 12734 1
30374 46819 5
29385 48960 12
46819 922 13
922 25118 3
922 35343 13
922 24681 14
24681 38832 10
38832 15766 13
15766 8616 6
8616 17185 6
8616 6796 14
6796 5674 1
13202 5037 17
5037 37885 14
37885 36204 8
13248 18212 17
18212 34880 12
13278 26281 17
26281 13336 1
26281 24477 1
13336 23376 5
13336 21278 16
21278 14316 3
14316 2907 14
14316 30508 16
30508 4701 1
13337 10069 17
13413 5765 17
5765 30684 5
5765 1484 9
13439 10971 17
10971 41797 9
41797 23053 4
13475 15053 17
13531 11507 17
13577 6062 17
6062 20624 3
6062 10512 12
20624 22647 12
22647 41504 10
41504 46803 12
13695 32123 17
32123 19685 8
19685 6606 1
6606 6686 10
6686 30933 4
6686 37287 4
37287 25398 3
6606 11228 10
6606 17563 14
13871 22315 17
22315 41454 13
41454 30430 7
30430 19968 5
30430 35058 10
35058 8383 11
41454 28949 16
28949 35356 7
13900 22014 17
13923 13298 17
13298 44511 2
13298 15275 6
15275 3246 2
15275 42364 6
13930 47834 17
13934 18714 17
13980 30347 17
30347 33773 1
13987 13390 17
13390 26859 7
26859 29859 5
13997 12106 17
14071 1592 17
1592 47036 13
47036 49544 11
47036 45028 12
47036 24737 15
14106 10797 17
10797 38919 3
10797 44789 6
38919 37236 7
10797 27382 9
27382 28244 8
28244 37387 8
10797 37400 10
28244 13471 10
13471 31629 2
14114 3909 17
14140 18919 17
14146 22894 17
14178 4275 17
4275 3590 10
3590 4304 7
4275 7604 16
14186 42260 17
42260 3182 3
3182 45307 5
3182 17969 12
17969 37407 1
3182 42245 14
42245 25430 2
25430 23698 1
25430 8530 4
25430 46351 12
46351 2743 11
2743 2155 7
2155 14839 6
2743 37307 13
14839 8447 15
3182 16842 16
16842 10409 14
8447 7021 16
45307 17449 16
17449 45234 14
14193 37464 17
37464 1698 14
14304 49546 17
14316 18258 17
18258 31941 4
18258 42013 16
14318 47407 17
14320 47539 17
47539 29034 2
29034 4451 10
14348 35165 17
35165 4102 7
4102 47490 1
4102 24513 6
4102 36587 16
36587 19549 3
36587 12231 5
36587 45533 12
14366 12537 17
14379 2009 17
14408 2594 17
2594 22585 14
14450 14851 17
14520 30824 17
30824 31322 13
14541 40486 17
40486 26569 11
26569 46775 15
46775 31275 10
14580 23091 17
14611 31811 17
31811 31925 12
31925 32142 2
31811 38400 15
14654 47952 17
47952 24648 9
14655 22193 17
22193 8273 3
8273 11613 6
22193 26141 8
22193 17736 12
17736 44102 1
17736 20081 11
20081 45040 6
17736 44120 11
44120 22698 12
22698 48511 4
20081 42177 16
14662 45708 17
45708 14220 9
14688 36438 17
14730 29812 17
29812 38772 14
38772 33869 16
33869 16683 5
16683 7981 9
14738 5395 17
14786 20934 17
20934 11003 2
20934 40227 8
11003 47443 15
40227 30266 16
14924 29361 17
14944 17883 17
17883 35934 2
35934 2732 9
14961 5254 17
5254 34958 16
34958 21665 11
21665 836 5
21665 16068 8
21665 30571 9
30571 29809 10
29809 39292 7
16068 46154 11
46154 6897 12
34958 23355 13
46154 13573 13
13573 38515 2
13573 17620 7
15034 19662 17
15062 49616 17
15069 36826 17
15098 25050 17
25050 36741 3
25050 49633 7
15162 13818 17
15219 19929 17
19929 46974 3
46974 22978 3
22978 15134 1
15134 22169 5
15134 23680 16
15234 17724 17
15290 39062 17
39062 23097 5
23097 18571 7
23097 38219 11
39062 33682 15
33682 4622 3
4622 1836 16
1836 29752 7
18571 11761 16
15292 47045 17
15361 2087 17
2087 39872 7
39872 30004 10
2087 41203 11
41203 32517 9
32517 45264 4
45264 28516 12
15426 346 17
15460 6894 17
15509 34827 17
15549 17616 17
17616 9753 3
9753 11910 8
15549 45884 17
45884 12804 5
15575 20799 17
15630 9054 17
9054 16357 4
16357 7702 2
16357 9033 5
9033 32898 1
7702 23989 10
32898 41512 10
15653 34951 17
34951 1126 9
1126 6544 2
34951 9429 16
15666 9003 17
15699 27042 17
15735 27680 17
27680 2709 3
2709 33665 3
2709 38997 8
27680 49739 9
38997 31258 16
15765 14547 17
14547 5779 11
5779 36128 1
36128 26571 1
26571 1310 6
1310 44266 1
1310 20095 2
44266 7201 4
7201 33154 1
33154 24735 1
33154 7308 8
20095 6853 9
6853 7041 5
6853 11898 8
11898 33184 3
33154 19990 9
20095 1854 10
44266 44983 10
44983 43010 11
11898 20237 13
20237 47686 11
47686 46390 7
47686 19699 10
7308 22057 15
19990 13514 15
13514 34163 6
34163 4342 10
43010 21136 16
21136 12193 3
12193 22952 8
22952 31331 12
31331 32858 1
21136 23710 16
44266 18490 16
15773 20114 17
15798 24348 17
24348 25067 3
24348 34216 5
34216 30805 5
24348 33306 6
24348 25755 9
24348 27775 10
30805 12004 13
25755 48859 14
15810 41438 17
41438 33469 7
33469 41119 5
41119 39624 14
41119 32057 15
32057 47552 12
16061 24921 17
24921 174 8
16197 44579 17
44579 46339 14
16219 38831 17
16238 4883 17
4883 32964 4
4883 20222 5
4883 1525 10
1525 32752 6
4883 41842 11
1525 6436 12
32752 47666 13
16243 39425 17
39425 35952 16
16247 47536 17
47536 45987 15
47536 31008 16
31008 48565 8
48565 39972 13
39972 5622 5
5622 24481 2
16380 28144 17
28144 23494 10
23494 33419 8
16432 7622 17
7622 6344 16
6344 45967 13
45967 11971 16
11971 31590 9
7622 43704 17
43704 902 11
902 18935 3
902 757 6
757 20712 16
16452 44957 17
16465 13916 17
16465 37603 17
37603 34231 5
37603 41670 12
16512 6318 17
16523 39138 17
39138 38536 11
16614 30010 17
16641 23683 17
23683 5633 8
5633 4941 6
4941 2330 5
2330 2192 6
2192 35555 5
35555 41711 2
2192 4605 11
2192 33994 12
33994 14092 9
33994 39403 10
41711 38143 14
38143 4803 4
14092 29581 15
29581 20740 14
20740 5683 14
4803 35399 17
35399 27768 1
35399 26748 10
35399 46765 10
5683 23211 17
23211 6455 6
6455 1343 11
14092 22487 17
16645 9257 17
16768 20402 17
20402 40645 4
20402 21559 8
20402 26539 13
17153 7514 17
17178 30194 17
30194 2222 10
2222 21084 1
2222 34223 2
21084 32573 7
2222 11541 8
11541 49732 8
2222 2788 9
2788 6486 8
6486 7224 13
7224 40903 8
40903 49127 9
7224 43359 11
43359 9972 3
43359 11495 4
11495 16912 7
16912 29500 1
29500 35679 1
16912 33607 12
33607 21346 2
29500 41719 12
35679 21167 12
21167 46914 2
21167 17404 11
35679 19707 13
33607 13525 14
46914 35534 14
41719 7836 15
2222 26070 16
26070 44882 4
44882 48098 3
48098 10843 12
10843 34392 6
16912 39254 16
30194 32954 16
32954 25443 12
25443 29829 7
25443 28332 13
32954 45826 13
45826 9183 5
9183 39456 5
9183 14680 15
14680 25151 1
25151 2860 5
25151 49979 8
17224 28707 17
28707 7057 9
7057 2981 8
7057 11054 10
7057 11350 13
11350 40337 13
40337 3161 14
3161 31446 3
31446 7236 9
17334 6605 17
17387 14241 17
17404 7002 17
7002 42980 1
17413 6932 17
17424 13569 17
17451 13700 17
13700 31816 4
31816 47023 11
47023 22379 11
22379 9348 9
9348 28428 5
28428 10023 10
10023 20374 3
13700 26407 14
28428 13003 14
13003 24094 3
10023 18413 15
13700 6862 15
6862 40034 8
6862 2402 15
2402 6102 4
2402 28526 5
20374 19249 15
19249 21881 3
21881 29656 6
29656 24248 3
24248 41894 8
41894 49228 15
2402 14284 16
13003 31278 17
31278 10310 1
31278 22825 7
22825 33191 6
10310 30491 15
30491 2682 9
2682 9533 4
9533 21885 3
2682 42362 8
42362 21493 8
2682 22398 10
30491 1595 10
22398 24566 12
24566 37191 6
37191 29457 3
24566 36618 13
36618 30281 7
30281 17025 8
30281 42534 14
42534 3998 11
42534 29658 15
29658 10586 4
10586 17873 8
17873 48088 4
17873 29912 8
29912 33160 10
29658 48643 12
48643 23566 10
10586 33887 13
33887 29038 3
33887 42521 7
29038 34416 12
34416 1572 9
1572 6217 1
34416 15525 14
31278 21597 16
21597 37410 5
37410 38582 10
37410 8624 11
1572 14708 17
2682 28688 17
28688 6984 10
6984 4959 11
4959 5334 15
5334 16676 1
6217 9606 17
9606 41796 7
9606 10304 8
41796 18717 10
18717 45221 10
41796 23461 13
23461 31614 1
31614 3551 4
23461 25393 11
25393 34865 4
3551 37068 13
10304 42739 14
42739 30053 3
30053 33375 1
30053 28843 4
28843 24135 5
28843 3566 13
23461 12190 16
12190 35665 4
35665 43241 1
35665 49666 1
12190 49058 10
3551 17223 17
3551 22141 17
22141 30516 15
30516 43619 6
17524 20499 17
17589 20136 17
17652 19245 17
17679 37309 17
37309 39712 11
39712 25642 10
39712 33111 14
33111 49157 5
33111 31178 7
39712 36440 14
36440 17764 8
17689 46634 17
17782 14977 17
14977 48453 10
17815 36541 17
17870 44278 17
18000 17349 17
18015 9024 17
9024 24158 13
9024 15402 15
15402 36807 1
15402 12685 15
36807 19210 16
19210 49453 13
18036 31677 17
18048 14474 17
14474 31419 1
31419 38050 14
18060 25886 17
25886 2468 5
2468 24290 3
2468 3953 16
3953 20765 1
20765 43815 1
18101 24273 17
24273 47275 4
24273 32359 13
32359 9895 15
18137 31963 17
31963 32346 2
32346 3709 2
3709 17014 17
17014 27054 11
17014 27966 12
18336 18602 17
18602 21539 3
18602 20185 7
18602 5400 10
5400 32549 6
18602 4032 16
4032 25084 4
4032 10005 14
18341 21310 17
18370 19191 17
18391 45064 17
45064 9317 5
45064 29402 6
18414 13095 17
18428 13200 17
13200 17343 10
17343 23487 3
23487 40554 3
40554 41320 1
40554 42571 2
42571 41403 2
23487 15334 10
15334 20350 3
23487 25184 11
13200 2233 13
2233 4767 12
4767 13647 4
4767 33073 6
4767 798 9
40554 49957 15
17343 21703 17
18525 4045 17
4045 8633 11
8633 34353 4
34353 19687 5
8633 33968 9
4045 1468 12
1468 24054 14
24054 27990 10
1468 36874 14
4045 23934 14
23934 21394 16
21394 8013 10
8013 28405 5
4045 49131 17
49131 45590 14
18525 41328 17
41328 6045 6
6045 47701 8
41328 37563 8
6045 6359 10
6045 48005 11
6045 11741 12
6045 33004 12
33004 12049 8
12049 12530 4
6045 29187 16
29187 14669 3
14669 24703 1
14669 30104 1
30104 47141 11
29187 1747 13
1747 163 1
1747 26896 6
163 143 9
14669 12291 14
12291 1582 10
1582 46869 3
12291 41297 11
163 13673 16
13673 46720 2
13673 9426 6
13673 42944 14
42944 9482 7
9482 6557 5
6557 5953 7
5953 15761 3
5953 10689 5
15761 34117 5
5953 17602 9
17602 42398 1
42398 23516 9
42398 34713 9
34713 35170 7
34117 36256 10
35170 27155 10
27155 6728 5
6557 40660 13
23516 17881 13
17881 28072 7
28072 15428 8
15428 15764 2
23516 45955 13
34713 17818 13
17818 7532 1
27155 24571 15
24571 10184 11
10184 31853 3
10184 31995 11
31995 47688 11
24571 6807 13
47688 49599 15
10184 9884 16
9884 45573 6
45573 12352 4
45573 45445 6
9884 34733 10
45445 6936 15
14669 19835 16
19835 9531 4
9531 14821 4
14821 10156 4
19835 44588 8
9531 6093 14
163 28800 17
28800 11438 3
18555 29494 17
29494 6078 1
29494 48159 2
18579 17984 17
17984 35284 3
18642 20720 17
20720 37263 9
20720 37342 14
18678 39355 17
39355 44593 8
18722 11137 17
18762 636 17
18906 46373 17
18968 33732 17
18983 102 17
102 40158 6
102 210 11
40158 11629 11
11629 44555 13
18997 12970 17
12970 16918 2
12970 14473 9
19027 12294 17
19075 22249 17
22249 10922 3
10922 36094 5
36094 3375 3
10922 16071 10
10922 30740 16
19183 39644 17
19193 31656 17
31656 48526 9
31656 28536 13
28536 11553 14
31656 4223 16
4223 21622 8
19270 20834 17
20834 27632 16
27632 39319 6
39319 37283 9
37283 44118 5
19277 2921 17
19301 48266 17
48266 18993 16
18993 32823 9
32823 32389 11
32389 32759 11
32389 47992 13
32823 40204 16
19313 3864 17
3864 5207 4
19393 11366 17
11366 39012 15
19486 3829 17
3829 45194 8
3829 34573 11
34573 26112 6
26112 10625 3
34573 41401 8
41401 30900 8
34573 34823 11
19550 22594 17
19752 48781 17
19779 14104 17
19820 47452 17
47452 40724 8
40724 43281 3
19836 10989 17
10989 39290 5
10989 27278 6
39290 15420 6
19992 30984 17
30984 6074 7
20052 28036 17
28036 18115 13
20060 34412 17
34412 41409 4
20064 40169 17
20074 49146 17
49146 33091 11
20088 27448 17
27448 11030 13
11030 1824 9
11030 29532 11
29532 7246 13
7246 14403 4
14403 28812 4
14403 16600 9
16600 47378 6
14403 4202 11
7246 1097 13
47378 8243 14
1097 21187 15
8243 9621 15
9621 30969 1
9621 36404 1
1097 43711 16
7246 12505 17
12505 29352 11
12505 41862 15
16600 17302 17
20106 34714 17
20127 33728 17
20148 3196 17
20163 37469 17
20179 18885 17
18885 22942 6
22942 28558 1
22942 16561 4
20237 13316 17
13316 25881 8
13316 7767 13
7767 31689 6
31689 5835 3
5835 2572 12
2572 26328 8
5835 34214 12
7767 9097 13
26328 23170 15
2572 998 16
20275 33783 17
33783 1128 7
1128 580 6
580 47794 1
580 28895 5
28895 37749 1
37749 31012 2
28895 14569 9
580 31817 11
31817 15611 7
14569 19478 11
33783 20379 11
20379 5192 8
1128 12315 13
12315 47283 3
31012 5768 13
14569 30000 14
30000 17105 8
17105 845 4
19478 46068 14
20294 36090 17
20350 8337 17
8337 49388 6
49388 9117 13
9117 9997 14
9997 14032 4
14032 25840 16
25840 30204 13
9997 27258 17
20373 8278 17
8278 49138 17
49138 42317 2
20403 26611 17
20412 29717 17
20419 30387 17
30387 18646 9
18646 29883 2
20483 5621 17
20563 41834 17
20585 2627 17
2627 46205 6
20589 6024 17
6024 5476 12
5476 46894 9
6024 2257 14
2257 17359 16
5476 17608 17
20647 27023 17
27023 17108 16
20662 42044 17
20713 6237 17
6237 7318 6
7318 30551 11
7318 22800 12
22800 28490 1
22800 25997 12
6237 7524 14
7524 18325 15
6237 27527 16
27527 36121 2
27527 17960 10
17960 450 1
17960 4695 5
4695 46258 4
46258 15111 6
15111 6909 4
6909 20587 4
6909 47924 5
15111 15484 9
15484 38313 7
47924 45265 10
45265 16128 11
16128 35223 10
16128 28508 12
27527 13408 14
13408 20567 9
20567 16667 15
15484 13012 16
13012 49213 8
49213 30732 11
30732 15936 6
20765 39904 17
20832 30897 17
20934 8209 17
8209 43115 11
20999 34538 17
34538 26222 6
26222 24891 11
21081 5046 17
21098 45085 17
21115 28260 17
28260 1308 12
28260 17505 16
1308 2005 17
2005 19357 11
21159 26627 17
21227 49376 17
21242 34017 17
34017 12557 6
12557 867 2
867 36909 6
12557 17436 8
17436 27854 1
27854 7737 2
12557 20634 8
36909 6599 8
17436 640 10
12557 23298 15
23298 32596 3
32596 34499 5
6599 41485 16
41485 47549 9
17436 16007 16
16007 18109 6
18109 34978 7
18109 10300 13
640 27130 17
21323 4188 17
21345 17333 17
17333 23801 7
17333 27526 12
21379 9809 17
9809 27798 6
27798 6639 3
6639 3569 7
3569 31240 1
31240 44458 2
44458 11532 6
44458 5084 15
21559 45213 17
21594 25235 17
25235 46150 3
46150 40523 8
40523 26613 5
40523 43674 16
43674 31510 9
31510 12913 4
31510 12993 8
12913 39536 13
46150 37135 16
21605 17564 17
21647 37149 17
21734 38044 17
38044 1947 7
1947 10456 10
10456 32130 1
21742 36977 17
36977 9083 3
9083 41589 10
41589 11393 4
41589 30075 6
30075 16493 9
16493 22545 2
36977 17834 11
17834 47200 2
22545 35487 16
35487 1571 3
1571 2104 3
2104 2838 7
35487 46072 14
46072 27449 14
21816 15679 17
15679 37076 5
21971 31315 17
31315 10307 1
10307 49679 5
10307 15570 8
15570 32973 4
10307 48274 9
31315 12571 10
49679 21760 14
21760 19738 1
22034 41967 17
22060 12249 17
12249 5913 5
22067 49026 17
22126 14240 17
22133 25902 17
22178 5966 17
22196 9840 17
9840 31605 4
22225 4320 17
4320 44065 12
44065 44722 11
44722 21214 11
21214 22157 13
22157 25727 11
21214 28520 17
22352 37511 17
22353 31304 17
31304 27269 6
22514 33356 17
33356 38627 7
38627 48144 8
33356 1785 11
1785 48061 2
1785 44078 15
22558 15664 17
22777 25756 17
25756 49539 10
22790 10067 17
10067 4353 4
22884 6364 17
6364 49269 13
22957 48294 17
22996 1105 17
1105 4968 15
1105 7074 16
7074 26898 9
26898 1973 10
1973 21972 16
21972 13132 4
26898 5704 16
5704 12625 9
23002 12586 17
23053 37937 17
23074 329 17
23078 47859 17
47859 46471 5
23115 20578 17
23185 11406 17
23244 32971 17
32971 23971 4
23310 16468 17
16468 47413 8
47413 37646 16
37646 10792 8
10792 27099 15
23383 26001 17
23436 28231 17
23471 27613 17
23515 25212 17
25212 27624 9
27624 40073 7
27624 9118 14
23522 20505 17
23528 45924 17
23539 18208 17
18208 20449 11
23546 43503 17
43503 13212 16
13212 47920 6
23559 36408 17
36408 7212 6
7212 38680 15
23646 38429 17
23710 11372 17
11372 25929 10
23753 28223 17
23755 4248 17
23804 22333 17
22333 40170 3
22333 18231 7
23888 11949 17
23934 24757 17
23991 20854 17
24032 8737 17
8737 25326 9
24100 35779 17
35779 22975 7
35779 35494 7
24102 37144 17
24112 49202 17
24191 40515 17
24195 8871 17
8871 7680 12
7680 31601 7
7680 49589 15
24217 34517 17
24270 9014 17
24482 40444 17
40444 26166 2
24530 4445 17
24548 1983 17
24737 4871 17
24763 30234 17
30234 48130 15
24828 9057 17
9057 44487 8
24851 1200 17
1200 12142 14
12142 28671 1
24908 40944 17
24970 8004 17
8004 4540 6
4540 6597 1
6597 11094 3
4540 14725 7
4540 1638 8
4540 33565 10
1638 46723 12
25086 40302 17
25100 26259 17
25120 37468 17
37468 41908 2
25308 4513 17
4513 13513 9
4513 33027 14
25472 43290 17
25512 15577 17
25543 17583 17
25612 38232 17
38232 5027 15
5027 2744 2
2744 32944 1
5027 17680 6
17680 44462 4
17680 13750 9
13750 26789 2
13750 22679 11
25718 32394 17
25730 44981 17
25756 14466 17
25777 29808 17
29808 46848 14
46848 1587 15
1587 4414 13
4414 5414 12
5414 26931 3
5414 12794 8
12794 8242 9
26931 12093 16
25806 24753 17
24753 46452 9
46452 39278 6
39278 12302 1
12302 27891 4
27891 3537 2
12302 22927 12
27891 33139 14
22927 26337 16
26337 39538 5
27891 30999 16
30999 10980 7
25926 22449 17
25932 35025 17
25934 29604 17
26041 22693 17
22693 3967 8
26087 9025 17
9025 30013 1
9025 5053 5
5053 37524 4
37524 6934 14
6934 38130 17
38130 4901 14
26111 7154 17
26124 5486 17
5486 40764 7
40764 31134 6
5486 42334 14
42334 37647 5
37647 35996 15
35996 11230 8
35996 41182 9
41182 36087 16
36087 12671 9
26127 40940 17
26220 39666 17
39666 20131 4
39666 19525 6
26230 47079 17
47079 32176 7
32176 24889 11
24889 35862 8
24889 36986 16
36986 5627 14
26339 39236 17
26359 13836 17
26399 37239 17
26414 31810 17
26437 46108 17
46108 49383 6
26497 38428 17
26535 49677 17
26556 3810 17
3810 20265 3
20265 7456 1
20265 8557 11
8557 30853 7
8557 6307 13
30853 29311 13
26617 25644 17
25644 24633 9
26674 42069 17
42069 42355 7
26710 23149 17
26798 12949 17
12949 21257 7
12949 44609 9
44609 31842 16
26806 38249 17
38249 28894 8
26835 1676 17
1676 20725 12
26841 17191 17
26863 2315 17
2315 32926 5
2315 27021 11
27021 44909 14
44909 17464 2
17464 5219 5
5219 38990 13
17464 24700 14
38990 44340 14
17464 28174 16
28174 26861 6
26913 15624 17
15624 34476 10
26994 12126 17
12126 40171 13
27001 10278 17
27073 44403 17
44403 49357 8
49357 36645 6
36645 8544 14
49357 39651 16
39651 43250 4
39651 23778 5
39651 34545 7
39651 1709 8
34545 48962 15
48962 35227 3
48962 8989 7
8989 12103 2
48962 20415 9
8989 19954 13
8989 19879 14
19879 6773 5
6773 31097 3
31097 19904 2
19879 27917 6
6773 45453 10
19879 39460 12
39460 25960 4
39460 22114 6
22114 45564 1
22114 24046 10
39460 18756 12
19904 49077 13
31097 124 14
124 21109 1
21109 13594 10
49077 27229 16
27229 29313 2
27229 11226 4
27229 39837 4
29313 45356 6
39837 2973 7
2973 4346 3
39837 45912 15
45912 3552 4
22114 23124 17
27074 2132 17
2132 42719 1
2132 7053 11
27099 40643 17
27133 400 17
400 874 5
874 16690 8
874 36779 9
36779 24736 5
24736 21961 7
36779 893 8
893 36414 6
874 39840 17
39840 19925 15
27184 18727 17
18727 14128 3
14128 24942 3
24942 22646 10
27218 36922 17
27290 44436 17
27383 25178 17
25178 42344 9
42344 49277 10
49277 14423 10
14423 46992 2
14423 11568 15
42344 4879 16
4879 34447 11
27496 10752 17
27592 18545 17
18545 43344 2
27606 5927 17
5927 9706 3
9706 24026 3
24026 39579 5
24026 31555 9
31555 23858 9
27618 36752 17
36752 20732 5
36752 20535 15
20535 23894 5
23894 26549 6
23894 5114 15
5114 28746 14
27762 39550 17
39550 8397 11
39550 661 13
661 3067 15
3067 38424 15
38424 5658 4
5658 7131 6
38424 29635 11
27776 43013 17
27790 49430 17
27826 13551 17
27934 9623 17
9623 43439 10
27936 1569 17
1569 3884 5
27957 1908 17
27961 9185 17
9185 47175 3
47175 10013 11
47175 4642 14
28141 5024 17
28147 1918 17
28233 46866 17
46866 12299 11
28270 13280 17
28274 45223 17
45223 3120 10
3120 14982 17
14982 8292 11
28316 2861 17
2861 2431 10
28323 22528 17
28333 17362 17
28402 23207 17
23207 12036 14
23207 31291 16
31291 27109 2
27109 2013 7
2013 25759 1
25759 15492 8
23207 25298 17
25298 14814 1
25298 40712 10
40712 9459 11
9459 43393 2
9459 29937 8
29937 44903 14
44903 13105 1
43393 27735 14
40712 26865 15
26865 45688 4
28482 30468 17
28516 15208 17
28611 32415 17
32415 45449 12
28664 9718 17
28754 22037 17
28996 1645 17
1645 40992 1
1645 20839 13
1645 6525 14
6525 20249 3
20249 699 9
699 6644 5
20249 45039 13
6525 20236 14
45039 49880 15
29026 46701 17
29165 43226 17
29203 33981 17
29236 3039 17
29290 38797 17
38797 20873 4
29302 33554 17
29335 26837 17
26837 18655 4
18655 28954 7
18655 37274 8
29388 49292 17
49292 20750 3
29464 24451 17
29490 4493 17
4493 44604 11
29492 42955 17
42955 526 11
526 13028 12
29548 12670 17
12670 41558 2
29592 45921 17
29632 38632 17
38632 3006 1
3006 32047 4
3006 2779 8
3006 29314 8
32047 12493 8
12493 28425 13
28425 1654 7
1654 16576 1
2779 20426 15
3006 16394 15
29668 45977 17
45977 18374 6
18374 40403 7
40403 19111 3
18374 10649 8
45977 34833 9
34833 24664 7
34833 46361 10
40403 40589 12
24664 2722 15
29685 43786 17
29716 5773 17
29716 22904 17
29822 36824 17
36824 13425 7
13425 45441 13
45441 38568 5
13425 18436 17
29868 2796 17
2796 34777 4
34777 47878 15
47878 30647 3
47878 29865 4
29865 33443 4
33443 22317 3
22317 9599 3
33443 45461 3
33443 36029 8
29865 14846 9
30647 37994 11
37994 15490 2
37994 40231 5
45461 31464 15
31464 40581 4
15490 20793 17
29871 42384 17
42384 1913 1
1913 4265 1
4265 1767 7
1913 20408 13
1767 2766 14
2766 48671 5
2766 21709 12
21709 38406 17
29883 48724 17
48724 33165 8
48724 46276 15
46276 18798 14
18798 9233 10
9233 25244 8
25244 7982 12
46276 3277 16
3277 8520 3
3277 21123 5
21123 21591 11
29917 9759 17
29965 40901 17
30121 31876 17
31876 5017 4
30168 23366 17
30245 39070 17
30259 36938 17
36938 18911 1
30283 46885 17
46885 32593 6
32593 33877 7
33877 1173 5
1173 27876 10
33877 25313 10
25313 11855 1
25313 28514 9
30401 30823 17
30823 44155 4
30823 19012 15
19012 22383 1
22383 39008 2
19012 21426 11
19012 32054 14
30415 44509 17
30449 46134 17
46134 34665 3
34665 5935 3
46134 42404 8
34665 8398 14
46134 32590 14
32590 1058 11
1058 28433 6
1058 7677 11
30467 34419 17
30474 30230 17
30230 12636 9
30230 26375 10
26375 2383 5
2383 15745 6
2383 16886 7
26375 26101 16
2383 173 17
173 894 5
894 43028 1
173 936 5
173 5666 5
173 16751 10
173 34728 10
894 11219 12
173 30520 14
30520 34624 7
173 934 15
934 2475 10
12636 16443 17
16443 29807 1
16443 43872 1
43872 3298 7
30494 45943 17
30585 28542 17
28542 37779 1
37779 15468 6
15468 42661 1
30626 4588 17
30663 278 17
30732 24425 17
30812 26262 17
26262 12808 2
30824 17768 17
17768 13991 5
17768 25655 6
25655 49346 13
30825 45417 17
45417 37447 3
37447 40931 11
30837 22479 17
22479 18841 15
22479 16167 17
30999 24340 17
31092 23552 17
31170 24534 17
24534 31803 3
31803 16393 4
31803 47917 16
47917 8811 1
31180 42480 17
42480 47772 8
31186 25596 17
31238 42550 17
42550 34883 11
31405 35357 17
35357 3993 12
3993 9164 11
3993 20083 11
20083 27993 2
20083 34592 8
20083 20963 9
20963 43298 12
43298 16367 7
16367 26181 13
26181 42243 8
3993 6254 15
9164 4020 15
4020 6118 11
20083 3104 15
3104 9342 15
9342 7948 16
7948 19196 14
42243 38012 16
19196 28893 17
28893 30405 7
28893 42078 10
42078 19120 13
31423 32325 17
31536 27369 17
31596 47973 17
31668 34230 17
34230 46873 3
31718 6865 17
31792 38128 17
31827 16502 17
16502 17565 13
31833 1880 17
31963 24436 17
31993 45444 17
45444 37428 4
32057 40525 17
32061 21937 17
21937 29940 5
32094 23589 17
32097 41268 17
41268 20193 5
20193 32149 4
32149 45741 15
32133 25226 17
32213 36728 17
32246 33846 17
32260 32233 17
32289 10453 17
10453 5276 9
5276 49500 12
10453 47766 14
10453 15127 17
15127 44109 4
32293 30197 17
30197 42336 13
32386 6840 17
6840 13052 5
13052 23540 16
23540 19690 11
32476 6106 17
32532 38049 17
32534 3870 17
3870 390 8
390 289 14
289 21574 11
21574 28993 10
21574 40502 15
390 573 17
573 6907 15
6907 35807 10
35807 38908 2
35807 502 8
35807 46159 10
32534 42059 17
42059 35764 2
32840 10011 17
10011 19055 9
19055 14937 5
10011 40470 11
32859 35904 17
32882 26334 17
32907 33959 17
32909 37996 17
37996 20520 1
37996 46967 4
32910 44405 17
44405 28461 7
44405 41197 16
32930 42107 17
32973 17538 17
17538 2739 5
2739 30948 4
2739 14966 6
17538 39789 9
39789 3168 4
3168 12691 6
2739 24852 15
17538 1220 15
1220 32711 3
32711 34257 10
34257 37050 3
34257 45352 10
45352 14950 5
32711 26004 11
1220 3485 15
14950 3662 17
3662 14375 3
14375 33806 11
26004 19749 17
32991 10985 17
33004 47013 17
33027 41506 17
41506 48237 15
33056 45290 17
33148 15132 17
33174 9873 17
33221 38585 17
38585 2061 7
2061 181 9
181 115 3
115 46637 8
33365 25558 17
25558 33146 7
25558 15910 14
33433 46732 17
46732 36633 10
36633 126 13
126 3346 9
33476 8099 17
33505 47265 17
47265 48380 5
33505 47890 17
33512 47210 17
47210 40577 15
47210 15963 16
33513 38024 17
33535 9344 17
9344 10407 1
9344 43865 8
33692 36692 17
33702 25397 17
33723 32427 17
33725 19168 17
19168 22185 10
19168 46794 10
46794 10035 4
46794 41722 9
33766 47904 17
47904 14555 12
14555 33886 2
14555 24030 16
24030 45941 4
45941 44618 13
45941 20586 16
33842 44924 17
44924 16519 4
16519 40504 13
33900 37347 17
33930 10082 17
10082 44494 4
33953 26350 17
26350 32338 4
32338 26640 3
26350 26114 6
26640 26584 6
26114 5952 10
26350 17830 10
26640 27650 13
34219 40551 17
34309 40264 17
34339 46886 17
46886 17151 7
46886 16315 9
17151 13831 10
13831 46056 4
16315 17083 15
17083 37201 9
37201 8171 4
8171 8127 7
17151 20556 16
34361 29255 17
34393 49562 17
34486 12641 17
12641 37722 5
34521 35760 17
35760 29193 16
29193 17557 8
34540 5206 17
5206 39908 12
39908 5353 6
5353 4659 2
39908 41837 7
41837 10375 6
41837 8027 9
34663 38246 17
34682 10205 17
10205 25538 1
25538 7937 15
34698 27899 17
27899 41527 4
34844 40697 17
40697 10352 2
40697 20362 3
20362 46519 1
46519 24790 2
10352 45773 7
45773 39913 6
45773 511 7
511 17677 6
17677 595 3
595 24899 2
17677 9738 4
9738 8490 4
8490 10450 2
10450 40708 5
40708 39773 4
24899 6053 5
511 13917 7
10352 2963 10
2963 30785 1
2963 2566 4
10352 20090 12
39773 47161 14
40697 43727 15
43727 2262 3
34870 40889 17
40889 43708 8
43708 20851 6
34951 46075 17
34970 43783 17
43783 37872 7
35100 28821 17
35156 29251 17
29251 31849 5
29251 38113 6
38113 45624 6
45624 44785 7
44785 13072 5
35189 15660 17
15660 34791 6
34791 7143 7
7143 9724 9
35204 2629 17
35349 37788 17
35395 25080 17
35407 32720 17
35476 17392 17
17392 12021 1
17392 46650 2
46650 22741 5
46650 23202 5
23202 18234 9
18234 30731 11
22741 7900 17
35507 41431 17
35574 27816 17
35595 39376 17
39376 18800 6
35642 18974 17
18974 48764 16
35650 16781 17
16781 10354 15
35687 44815 17
44815 42829 16
42829 47145 5
42829 10743 7
10743 17204 4
35718 39704 17
39704 37531 1
39704 964 2
964 7574 1
7574 1179 1
1179 40897 2
964 14659 3
1179 7355 13
35732 45222 17
45222 10168 2
10168 5041 15
35767 32184 17
35795 39136 17
35807 45976 17
35877 3301 17
35993 14618 17
36082 18114 17
18114 43926 15
36113 49914 17
49914 40757 9
40757 12178 15
36223 24276 17
24276 26317 16
36226 36648 17
36648 25834 11
25834 30080 15
30080 24408 1
36346 21983 17
36481 22620 17
22620 46941 2
46941 29966 2
29966 27029 6
27029 1935 3
29966 32426 8
32426 17103 6
17103 17230 1
17103 45518 9
46941 36697 10
36697 37096 3
36697 762 4
37096 48815 7
37096 38084 15
17230 43823 16
43823 43459 14
43459 39396 16
22620 5075 17
5075 30146 9
30146 38628 4
30146 44282 9
30146 47649 15
47649 24841 3
24841 39261 9
39261 9778 4
47649 36231 13
36231 36016 15
47649 32031 15
32426 38534 17
36502 16656 17
16656 36272 4
36664 43107 17
43107 34175 16
34175 38998 12
38998 48571 3
48571 47401 4
47401 20178 16
20178 6055 8
36679 17866 17
17866 37120 7
17866 3269 16
3269 40669 16
36728 15025 17
36729 30035 17
36905 21498 17
21498 35057 17
35057 47170 14
36994 33427 17
37050 10927 17
10927 27861 3
27861 44727 6
10927 21281 8
10927 45650 8
44727 19753 13
19753 13070 4
19753 23776 5
23776 22807 4
22807 37155 6
23776 34128 7
34128 40012 13
10927 14706 16
14706 35565 6
35565 38053 16
37110 21998 17
37144 8863 17
8863 20328 1
37144 28322 17
37161 42446 17
42446 27677 4
42446 44595 16
37171 12383 17
12383 16277 4
16277 32951 12
37305 19358 17
19358 25034 15
37407 13948 17
13948 45007 3
45007 2723 14
13948 24104 16
37460 13592 17
13592 26570 4
13592 18809 6
18809 34411 8
13592 30985 12
37550 30682 17
37588 10582 17
10582 606 10
10582 47114 10
10582 25486 16
25486 7351 10
7351 1476 10
1476 46870 6
1476 48666 7
48666 32690 11
606 34195 17
37620 32516 17
37748 46161 17
37749 630 17
630 17172 1
630 19750 1
630 416 7
37795 31885 17
38042 35843 17
38042 47101 17
47101 19947 1
47101 38345 7
38345 24751 5
38240 33290 17
38265 11182 17
11182 18741 10
38265 41752 17
38313 36861 17
36861 6824 2
6824 45658 5
6824 23075 10
23075 3466 8
3466 38498 5
38498 29291 5
6824 33756 11
33756 31093 9
23075 15531 12
15531 15058 5
15058 13430 5
15058 35152 8
15058 39151 15
39151 15589 7
38353 37949 17
37949 5134 15
5134 7432 8
7432 17372 9
17372 45605 9
7432 18326 16
18326 6872 6
38637 28245 17
28245 35302 9
38791 40971 17
38847 42029 17
38902 15480 17
39103 5247 17
39175 36530 17
36530 15941 4
15941 19426 3
15941 4233 7
4233 44745 11
4233 2363 12
19426 8786 15
8786 13807 1
8786 47530 1
8786 944 7
47530 31345 8
31345 24994 17
24994 36041 17
39210 37951 17
37951 43302 1
43302 44431 3
39261 30898 17
39395 22719 17
22719 19471 7
39414 46993 17
39512 39057 17
39538 42226 17
39547 21266 17
21266 38141 11
39558 24702 17
24702 11681 14
39771 340 17
340 44763 11
340 8654 12
39824 48985 17
48985 47895 3
47895 48965 15
39949 9767 17
9767 12221 14
12221 19974 4
12221 17448 5
12221 3876 9
3876 26136 9
26136 29084 7
3876 39749 17
39749 2046 13
2046 40942 4
40942 40995 8
40995 19292 7
39749 11712 14
39998 21043 17
21043 24023 11
24023 42602 5
42602 39968 5
39968 27135 4
27135 30890 7
30890 34913 3
21043 28991 11
28991 1178 7
1178 18612 11
40021 14050 17
14050 29615 9
29615 3800 5
29615 30671 7
40068 33119 17
40252 40134 17
40279 12445 17
12445 38616 2
12445 12054 14
12054 21483 2
40358 16075 17
40375 34620 17
34620 34975 7
34975 36822 11
40556 22890 17
22890 21808 5
40566 14934 17
40594 11628 17
40663 28347 17
40694 12056 17
12056 22215 8
22215 32899 12
12056 46220 13
40706 1555 17
1555 37902 8
37902 2720 15
2720 1031 6
2720 27253 13
27253 41178 8
27253 28005 14
28005 614 6
614 28257 9
614 1265 15
1265 45245 8
45245 21524 5
1265 246 15
28005 12345 16
40739 43878 17
40823 539 17
40841 18850 17
18850 328 6
328 29437 10
40841 49220 17
40914 41609 17
40942 54 17
40992 14697 17
14697 5126 11
14697 32139 11
5126 13667 16
14697 5956 16
41105 22678 17
22678 34025 16
41113 4811 17
4811 39610 5
39610 25284 9
39610 32345 14
41133 17665 17
17665 15696 9
17665 35567 10
17665 22987 14
22987 32976 2
22987 15068 4
15068 39517 2
39517 49401 7
32976 17657 8
17657 3 3
3 7207 5
17657 13544 5
3 496 7
496 4296 4
4296 29767 13
29767 44032 5
44032 1677 2
1677 9389 3
1677 691 4
9389 25833 9
1677 34918 11
34918 49572 7
49572 1431 5
15068 15151 13
3 16927 14
691 16811 14
22987 26959 15
29767 29072 16
15151 9016 17
41159 37998 17
37998 46417 17
41165 4060 17
4060 11695 5
4060 15461 5
15461 12114 8
12114 40322 11
11695 35440 14
15461 8503 16
40322 42325 16
41202 32049 17
41229 9358 17
41328 47271 17
41376 38630 17
38630 5282 8
41463 21675 17
41532 30735 17
41569 33341 17
41792 29552 17
29552 36896 12
41842 42753 17
41843 25687 17
25687 9045 17
9045 28483 4
41894 45535 17
41902 191 17
191 26377 11
41945 3921 17
3921 47982 11
47982 13793 12
42058 31691 17
31691 28354 2
42149 19669 17
42175 29479 17
42196 42763 17
42238 40212 17
40212 45818 17
42246 12700 17
12700 25085 1
25085 28271 1
12700 39361 8
39361 34731 1
34731 24611 6
28271 42644 13
42644 26738 15
42405 14498 17
42521 19590 17
19590 11079 6
11079 10799 9
10799 39718 10
42548 676 17
676 46897 12
46897 26911 2
42564 11504 17
42571 37518 17
42599 35211 17
42729 30815 17
42751 21400 17
42829 26026 17
26026 31100 4
26026 25356 5
25356 34342 6
25356 30906 14
42896 24742 17
42897 17888 17
42989 30872 17
42992 12927 17
43075 19293 17
19293 24091 1
43188 29334 17
43195 24115 17
43214 33350 17
43349 35001 17
35001 36097 14
36097 38375 9
38375 17807 7
43414 30842 17
43503 15594 17
43513 22485 17
22485 29417 12
43572 20935 17
20935 33759 5
20935 9681 6
9681 34140 11
34140 1892 12
1892 22755 9
22755 34680 10
1892 21615 12
21615 22047 6
22047 11223 4
11223 10786 9
10786 32078 6
22755 24837 13
1892 45552 17
45552 4237 4
43602 13829 17
13829 14255 11
43638 22308 17
43685 32668 17
32668 31683 1
43705 7935 17
7935 22645 7
22645 31089 6
31089 18180 2
22645 34829 9
34829 23721 11
23721 14054 8
23721 10575 13
7935 45844 17
45844 49221 5
49221 12548 2
43816 27712 17
27712 33265 14
33265 37030 8
27712 35921 16
35921 7162 12
7162 47888 16
47888 23317 8
23317 31779 9
47888 35518 9
31779 29986 16
29986 33486 9
33486 16557 7
43865 17261 17
17261 5687 10
17261 12607 11
43903 46984 17
46984 34629 15
34629 43444 16
43444 16760 1
44082 43426 17
43426 4737 2
43426 26580 7
26580 13006 17
44134 24502 17
44166 38311 17
44229 17962 17
17962 28262 14
44306 11302 17
11302 38001 6
38001 13860 2
13860 14945 13
44310 43316 17
43316 36345 16
36345 49630 14
44340 4921 17
44405 20311 17
20311 11746 6
11746 11754 7
11754 47266 8
47266 31397 6
44437 910 17
44534 23098 17
23098 47857 10
47857 6033 5
6033 5720 8
44562 41029 17
41029 42903 10
41029 42971 14
42971 42636 13
44604 42510 17
42510 33794 12
42510 45597 17
45597 38258 4
45597 14246 14
14246 16130 4
44622 49628 17
49628 4460 15
4460 41600 1
4460 44576 4
41600 11273 5
4460 44048 13
44048 1206 16
1206 10513 12
44730 20250 17
44921 32412 17
32412 43224 1
32412 40090 14
40090 18641 7
40090 27093 13
44967 31218 17
44969 7075 17
7075 10265 8
45097 47865 17
47865 34715 2
45098 27524 17
27524 21148 3
45101 38344 17
45206 12105 17
45252 12725 17
12725 25758 9
25758 22131 5
22131 14405 3
14405 45336 7
25758 47496 8
45336 45072 13
45072 21566 17
21566 12665 13
21566 12222 14
12222 36006 16
45264 7499 17
7499 17884 14
45282 35345 17
45308 24879 17
24879 2942 9
45332 30787 17
30787 36923 5
36923 28924 1
28924 16324 4
28924 28155 5
28155 17295 9
17295 27164 12
28155 49434 15
49434 22802 10
30787 18553 17
45412 35881 17
35881 942 12
45640 3773 17
45745 12470 17
45885 36316 17
45924 6611 17
46025 46755 17
46755 26153 12
26153 887 13
887 11211 5
46051 47423 17
46089 36439 17
46143 1500 17
1500 46014 14
46014 47194 6
1500 3618 15
46263 26868 17
46356 49542 17
46404 36409 17
46643 15656 17
46645 31935 17
31935 48842 9
48842 49178 6
48842 29796 7
48842 28952 11
29796 20460 13
46655 40771 17
46690 17891 17
46703 9129 17
9129 24906 17
46713 39790 17
46749 26348 17
26348 5682 2
26348 8957 10
8957 48483 5
48483 26512 2
46789 48981 17
46840 568 17
568 49231 1
46846 31083 17
31083 42098 9
42098 15052 6
15052 49382 7
49382 2062 6
42098 20026 12
49382 41966 12
41966 29567 7
41966 43522 8
46866 41784 17
41784 18817 12
18817 49173 11
41784 35009 12
35009 13842 1
13842 6585 1
6585 32544 5
32544 15608 3
32544 2733 10
13842 18018 15
41784 46883 15
46883 31887 6
32544 27868 16
27868 6937 16
6937 15725 9
46876 27346 17
27346 26454 5
26454 40067 7
40067 739 3
739 29569 1
739 48241 1
48241 39097 3
739 4923 7
4923 32098 13
32098 17482 11
17482 18840 1
17482 14494 10
14494 11956 3
39097 27048 16
46985 23676 17
47173 34898 17
34898 4033 4
4033 45822 17
47287 26038 17
47321 23216 17
23216 26991 2
47375 6558 17
6558 24486 3
47413 18095 17
18095 30349 2
30349 47874 9
47874 47167 6
47874 42035 8
47448 5442 17
5442 12109 1
5442 37321 14
5442 10213 15
10213 30655 6
30655 7137 10
30655 34388 12
34388 20297 7
20297 14202 1
14202 36681 1
47452 3639 17
3639 8103 15
8103 5648 2
5648 35390 3
8103 32507 16
32507 11595 2
47462 36049 17
36049 2293 15
2293 42033 13
47469 21261 17
21261 27015 10
21261 47576 11
47576 10129 2
10129 19689 13
10129 25237 13
47574 11118 17
47799 42663 17
42663 25337 4
47963 37445 17
37445 31884 2
48016 17398 17
17398 27960 9
27960 27094 7
27960 18768 9
17398 43411 11
48055 20140 17
20140 18618 7
48058 49710 17
49710 5241 1
48119 7186 17
7186 8980 15
8980 33800 3
33800 14930 9
33800 23523 15
23523 28565 14
28565 10171 6
48354 10714 17
10714 37845 11
48391 20270 17
20270 34843 8
20270 3556 17
48462 11661 17
11661 20302 10
11661 34422 12
34422 40913 16
48462 29530 17
29530 26816 10
26816 6466 5
48531 1356 17
48742 16543 17
16543 9252 6
16543 4433 8
4433 14857 1
4433 18248 9
4433 9250 12
18248 4569 12
48783 26639 17
26639 19088 16
48789 27940 17
27940 47042 15
48844 6836 17
6836 10917 5
48972 9701 17
49066 34718 17
34718 9568 9
9568 26024 1
9568 38488 1
34718 10164 13
49096 30555 17
49311 27579 17
49373 45500 17
45500 26567 12
26567 16743 17
49456 14518 17
14518 28400 17
28400 48370 11
48370 32198 10
32198 33393 9
33393 24875 17
48370 6263 17
6263 23582 1
6263 32827 7
49620 39193 17
39193 9671 15
49739 39107 17
49839 33243 17
27 87 18
87 2815 4
2815 29470 2
29470 42475 6
87 6431 14
2815 5993 14
5993 30062 13
2815 48873 16
5993 24288 17
97 305 18
305 28066 15
108 780 18
115 28013 18
204 100 18
205 13305 18
254 37979 18
268 5180 18
5180 14477 10
14477 21899 2
21899 12653 5
21899 15382 8
15382 17540 8
12653 30718 15
280 28198 18
28198 8521 9
28198 34681 9
34681 39163 2
8521 12566 11
12566 33018 3
33018 3018 13
3018 17029 6
33018 30946 17
30946 30884 3
30884 11267 8
11267 21030 2
21030 3373 8
3373 3087 6
11267 38838 12
38838 45630 10
45630 7820 7
38838 6467 11
6467 48209 1
6467 22284 10
22284 6537 12
3373 28758 15
28758 22031 4
3087 301 16
22284 29226 17
22284 36070 17
323 27976 18
27976 31915 1
27976 33382 16
33382 4551 7
340 23264 18
370 11640 18
417 759 18
759 26832 16
26832 17694 12
422 5574 18
453 19350 18
466 7867 18
476 6384 18
480 754 18
754 19867 3
561 37271 18
575 45281 18
45281 32089 1
32089 44714 7
680 45408 18
720 16854 18
779 2091 18
797 7941 18
7941 33914 13
846 6249 18
850 41712 18
874 26553 18
26553 408 10
408 10702 1
10702 1978 2
10702 47677 2
47677 21587 1
408 23983 13
23983 19208 15
19208 38561 15
38561 22117 10
38561 22020 15
1978 26161 16
26161 49491 9
10702 32846 16
32846 46042 1
32846 7109 10
7109 15715 7
15715 37361 14
15715 39964 14
39964 32498 6
15715 16596 15
890 5872 18
5872 9826 1
9826 12642 4
5872 23770 7
23770 36467 2
9826 16822 9
36467 37593 13
9826 10821 16
23770 38019 16
38019 19897 13
945 13057 18
1003 847 18
1003 7588 18
1003 11382 18
1127 26782 18
26782 36655 7
36655 41138 6
41138 37268 16
1220 12286 18
1240 27589 18
1278 20033 18
1279 29577 18
1285 2995 18
1298 19189 18
19189 30903 5
1316 3484 18
1434 38004 18
1463 36181 18
1473 352 18
352 18076 12
1498 17048 18
1507 1714 18
1525 38417 18
38417 11588 1
38417 31279 1
11588 41318 10
11588 23173 17
23173 32379 15
32379 39181 4
32379 42337 17
1539 41415 18
1575 35626 18
35626 49055 14
49055 18238 5
49055 29342 7
1584 3227 18
3227 39483 10
1620 1817 18
1621 45048 18
45048 4547 8
4547 39006 10
45048 39291 14
39291 39887 2
39887 45847 5
39291 26974 11
39291 43201 13
43201 27085 2
27085 37536 4
37536 10803 3
37536 18285 9
10803 43380 11
18285 5034 14
26974 348 14
348 3350 6
3350 39408 1
39408 2039 3
2039 41301 2
39408 7828 4
3350 3999 8
3999 6818 4
6818 4080 4
6818 15470 6
7828 8657 8
15470 20985 8
20985 2218 4
2218 2148 1
41301 30223 9
2148 946 10
946 29582 10
348 47916 15
47916 13708 3
13708 45823 1
45823 36501 8
36501 47033 13
20985 14729 15
14729 5417 15
5417 28423 3
14729 15183 15
3350 40015 16
7828 21952 16
15183 42937 17
1628 6551 18
1642 3826 18
3826 25544 14
3826 22547 15
1645 29443 18
29443 32190 6
29443 30648 7
30648 46859 11
1696 3320 18
3320 38503 3
38503 24859 5
38503 11552 12
11552 8175 10
8175 39826 8
1705 42691 18
1709 8079 18
8079 6649 4
6649 17273 12
8079 22446 12
17273 27932 13
27932 15332 6
15332 38829 1
15332 4574 8
4574 2272 6
27932 19599 9
1718 38374 18
38374 7477 6
1777 16907 18
1781 2592 18
1786 45208 18
45208 14109 14
14109 36964 11
1877 8291 18
1877 45586 18
45586 42285 5
42285 14001 8
14001 16178 16
16178 18193 2
16178 36801 6
18193 5697 7
36801 8646 15
1897 30623 18
30623 42874 6
42874 6154 1
6154 15867 6
42874 1981 7
1981 13332 2
13332 38191 7
1949 26731 18
26731 47655 12
47655 41503 6
2001 202 18
202 18868 14
18868 15288 4
15288 11360 6
11360 18713 8
2010 33537 18
2050 2000 18
2059 29301 18
2069 92 18
92 3606 14
3606 6017 13
6017 34081 7
6017 5700 13
3606 13973 14
13973 13576 9
13576 14194 10
3606 48307 15
34081 6827 16
2172 48816 18
48816 19918 14
2173 35254 18
35254 29918 11
2227 5272 18
5272 44734 16
2262 40462 18
40462 25073 5
25073 4592 14
2310 45288 18
45288 22124 2
2317 4996 18
4996 33360 5
4996 5646 6
5646 20202 3
5646 8095 14
2331 23259 18
23259 31222 6
2374 9994 18
9994 46746 5
9994 25804 9
25804 35153 8
9994 11923 15
46746 643 15
643 8200 10
8200 39802 7
11923 47573 17
2400 27008 18
2419 10789 18
2438 1625 18
1625 37152 16
37152 40356 17
40356 11351 7
11351 39682 7
2481 48740 18
2493 18002 18
18002 2381 11
2381 21935 2
21935 13446 10
2381 22601 13
2381 29256 15
29256 40100 7
2579 35794 18
35794 39594 4
2601 270 18
2707 22995 18
2751 12988 18
12988 25427 1
2867 16924 18
16924 20869 8
2875 8799 18
8799 42001 1
8799 12929 2
42001 5089 11
5089 31829 15
2981 6284 18
2984 39260 18
3018 1361 18
3050 4629 18
4629 36261 9
36261 40811 4
40811 26606 1
40811 4133 14
4133 38522 11
4133 25175 15
25175 49608 6
3084 48945 18
48945 25607 9
25607 47518 12
25607 14939 16
14939 32642 16
32642 44389 2
44389 40547 8
40547 18466 5
44389 3538 12
3113 8600 18
3134 22298 18
3154 21072 18
21072 20863 17
20863 44202 13
3225 45886 18
45886 49350 6
49350 28606 7
3231 20895 18
3284 33051 18
33051 4774 14
3309 31121 18
3338 19688 18
3364 4949 18
4949 10178 2
4949 29997 6
3437 36333 18
36333 6274 13
6274 33630 13
6274 22355 14
6274 24021 17
24021 2974 7
24021 34006 7
34006 49662 3
24021 25560 9
25560 48322 7
3446 1895 18
1895 27570 9
27570 21810 3
3448 21236 18
3488 37368 18
37368 38062 5
3490 16138 18
16138 39196 7
3545 17060 18
17060 34559 6
3631 22533 18
22533 30754 7
22533 24108 15
24108 34200 2
30754 14472 16
14472 23677 10
23677 7533 3
7533 2053 2
7533 14702 5
7533 38716 7
2053 5063 13
14472 22711 14
2053 42288 17
42288 45849 1
45849 49908 16
3647 30085 18
30085 21450 17
3699 5057 18
5057 5165 7
3709 195 18
3709 42316 18
3734 27360 18
27360 20226 13
20226 45131 7
20226 11418 8
11418 38725 17
3745 3588 18
3787 864 18
864 45276 2
864 2635 3
45276 23597 5
23597 18164 12
18164 22584 11
22584 11782 4
22584 915 9
915 45146 4
22584 16322 14
3815 19347 18
3915 27387 18
27387 3729 16
3729 41237 8
3729 30226 10
30226 11347 15
11347 45135 2
11347 31955 6
31955 20394 14
3920 18812 18
18812 45295 2
3932 44766 18
3953 24721 18
24721 44410 12
44410 45055 17
3953 39204 18
3964 25013 18
4008 5371 18
5371 33239 9
33239 12334 10
12334 10041 12
33239 22593 13
22593 9085 1
22593 40832 4
40832 34931 1
40832 27728 10
27728 48538 2
48538 42707 8
9085 35729 11
35729 34893 12
48538 20087 14
33239 18950 15
18950 12902 1
18950 48454 1
18950 33584 8
48454 20906 8
10041 44938 16
44938 20781 11
20781 44019 2
44938 10469 14
20781 46006 15
34931 21348 16
21348 10342 1
10342 11493 3
11493 32317 6
11493 47376 6
47376 24375 3
24375 31340 1
47376 49408 15
49408 45277 3
5371 37332 17
18950 41956 17
41956 9012 15
24375 5361 17
5361 12820 16
12820 19856 5
12820 35543 8
35543 5694 9
35543 13804 14
13804 12823 7
12823 35473 1
35473 29209 1
4085 16463 18
4118 1530 18
4123 16186 18
16186 40819 1
40819 25752 8
4125 3216 18
3216 32248 10
32248 9696 9
3216 39916 17
39916 32900 5
39916 40042 11
4147 23040 18
4207 8084 18
4223 1835 18
4223 18129 18
4241 8946 18
8946 15866 2
15866 42424 15
4250 42076 18
4314 36463 18
4322 8256 18
4347 21527 18
21527 49837 3
49837 45137 3
4391 45565 18
45565 14499 6
14499 37085 1
4432 15890 18
15890 7879 8
15890 4343 13
4343 14163 3
4594 6087 18
4602 24120 18
4638 2842 18
4641 30117 18
30117 4037 9
4659 4197 18
4197 2664 1
2664 15187 8
15187 34574 1
4662 5873 18
4706 25716 18
25716 29336 6
25716 27866 7
29336 11409 8
11409 24272 13
27866 114 17
114 44573 12
4708 3636 18
3636 3546 3
3636 6856 7
4735 5229 18
4741 46602 18
46602 25736 7
46602 39447 9
39447 21743 11
21743 13767 8
46602 28437 11
13767 5785 17
5785 37244 10
5785 22512 14
4742 36143 18
4758 14926 18
4805 42793 18
4822 28250 18
28250 45008 10
28250 18053 16
4864 20288 18
20288 33727 2
4873 40390 18
4887 11185 18
4923 11627 18
4947 2122 18
2122 19839 9
19839 36319 13
4958 34497 18
34497 13901 5
4994 4529 18
4529 40207 9
40207 13256 15
13256 30972 6
5036 31234 18
5046 11951 18
11951 44150 6
44150 46292 12
46292 22387 12
5069 43304 18
5074 33418 18
5076 38704 18
5157 49472 18
49472 6841 9
6841 36935 6
5255 13311 18
13311 12414 2
5355 33183 18
33183 46078 9
46078 48226 9
5384 18778 18
5400 29849 18
29849 49505 16
5479 4226 18
5500 40734 18
5529 17399 18
17399 24712 16
5553 16919 18
5564 36227 18
36227 23410 7
5576 7433 18
7433 22765 16
5604 34021 18
34021 23784 13
5731 142 18
5739 23006 18
23006 23731 11
5778 9838 18
5806 20312 18
20312 2576 1
20312 11078 4
11078 46928 3
11078 49987 3
49987 12886 14
11078 4139 15
5858 35088 18
35088 39635 1
5858 36776 18
5929 34442 18
34442 40802 5
34442 20960 6
20960 24371 7
24371 10417 16
10417 1172 7
1172 10325 12
10325 33647 6
10325 37014 15
24371 38647 17
5997 1163 18
1163 29726 11
6036 35051 18
35051 16229 14
16229 31895 4
6056 9653 18
6123 36413 18
6139 4554 18
6195 698 18
698 34797 3
34797 46484 2
34797 14941 10
698 32200 11
698 7741 14
7741 35821 3
7741 8205 6
8205 37335 15
14941 36045 15
36045 9974 13
35821 19341 15
19341 2316 8
6195 25527 18
25527 33872 17
33872 42727 11
33872 3530 16
6307 1152 18
1152 7788 4
7788 8967 4
6434 16909 18
6483 48703 18
6503 34606 18
6538 16852 18
6558 3404 18
3404 3839 18
3839 36917 8
3839 5214 18
5214 23660 2
6663 5970 18
6711 36586 18
6724 29487 18
6760 36955 18
6764 20926 18
20926 48207 15
48207 14510 13
6779 41809 18
6788 13046 18
6809 15444 18
15444 27567 13
27567 23644 17
6873 3736 18
3736 32757 9
32757 23694 13
23694 18450 3
6936 9511 18
7030 25069 18
7063 4746 18
4746 49304 15
7110 32611 18
32611 9520 5
32611 8942 8
8942 43747 10
43747 12166 2
7164 23547 18
23547 43695 10
43695 1543 6
23547 30657 12
1543 3435 17
3435 3985 2
7186 9576 18
9576 11718 9
7197 34818 18
7290 9541 18
9541 29713 14
29713 48486 4
7368 24236 18
7377 15727 18
15727 35316 4
35316 18448 8
15727 17822 16
7385 35046 18
7399 13724 18
7409 11222 18
11222 20290 7
11222 19079 8
19079 38520 16
38520 32314 16
32314 13524 8
13524 23629 15
7413 3066 18
7434 41818 18
41818 44897 5
44897 12347 3
12347 24731 3
24731 19777 4
19777 6494 2
41818 23301 6
41818 14885 10
41818 29774 10
29774 10623 13
10623 42911 7
6494 42272 14
42272 11334 10
11334 18225 8
18225 44779 13
11334 37496 14
12347 41929 14
18225 48299 14
10623 44303 16
37496 19129 17
7471 1686 18
1686 48418 12
48418 14533 16
14533 23213 1
14533 33769 6
23213 48384 17
7529 17844 18
7530 49506 18
49506 27390 15
7559 22219 18
22219 19438 13
7573 21185 18
21185 10866 7
10866 20801 15
20801 2884 6
2884 11690 13
11690 22120 12
7598 42004 18
42004 40630 2
7629 23937 18
7649 28193 18
28193 21492 13
7731 7198 18
7795 3478 18
3478 2747 10
3478 5386 11
5386 13629 9
13629 38209 5
3478 8239 11
8239 26563 9
26563 35709 2
26563 39920 5
39920 31381 8
8239 46996 11
38209 17976 13
17976 39475 6
39475 16864 6
39475 17345 7
17345 47387 13
31381 39445 14
39445 7403 15
7403 14559 16
14559 18030 10
2747 17335 18
17335 38087 2
38087 24295 6
38087 29408 8
29408 28272 2
24295 24015 9
24015 47790 1
47790 3871 9
3871 49372 11
17335 9922 11
7873 49479 18
49479 9122 3
7989 3786 18
3786 11403 9
11403 43982 5
43982 40329 7
3786 37363 14
37363 17181 13
11403 11129 15
11129 2554 1
2554 19708 7
8003 31445 18
31445 27058 1
31445 28972 9
28972 9353 6
9353 16866 12
8007 15965 18
15965 3085 16
8048 19823 18
19823 39044 15
19823 13326 17
13326 29349 3
29349 44927 3
13326 28967 4
28967 45725 9
45725 19056 7
13326 49803 11
49803 45784 8
45784 23919 8
28967 19332 11
19332 45113 7
45113 15152 3
19056 15578 14
15578 3866 14
3866 2622 10
2622 27968 13
27968 23386 6
27968 33217 8
27968 36686 11
33217 23450 12
23450 33408 13
33408 14820 8
33408 8715 11
8715 24971 4
33408 31774 11
31774 10053 2
31774 43803 2
2622 10153 14
10153 22798 6
10153 35791 9
24971 24928 14
27968 46558 14
31774 36523 14
36686 29495 14
29495 21411 1
21411 960 8
43803 49981 14
49981 13654 2
49981 45483 5
49981 36760 7
45483 12785 15
12785 35061 13
35061 14582 8
14582 48353 13
49803 24934 16
24934 38169 6
38169 20626 4
22798 23354 17
23919 22604 17
22604 7489 9
7489 49068 7
49803 7282 17
7282 10138 6
10138 45898 1
45898 24399 1
45898 31492 5
31492 25725 1
31492 34817 3
10138 40357 6
45898 39686 8
10138 33893 12
24399 14460 14
14460 6519 14
8050 27494 18
8097 34242 18
8102 7908 18
8105 41562 18
41562 8588 11
8121 33621 18
8144 30549 18
30549 41566 12
41566 7548 7
30549 41257 16
8155 5426 18
5426 9366 5
8174 10286 18
8328 21762 18
21762 15879 6
8337 45930 18
8355 49186 18
8446 5378 18
5378 24452 9
8463 7535 18
8576 47744 18
8582 43683 18
8624 4712 18
8635 27373 18
8635 42626 18
42626 36154 3
8642 1847 18
8723 27726 18
27726 38314 11
38314 27505 10
27505 5101 13
38314 42091 14
42091 28745 15
28745 26367 1
26367 35918 5
28745 2427 7
35918 27362 13
27362 8895 3
8895 7124 2
8775 48515 18
8861 9023 18
9023 29425 9
8949 45267 18
45267 38171 13
38171 2242 3
2242 19008 1
2242 6272 3
6272 27864 1
27864 38815 3
2242 28465 4
19008 39417 5
6272 9799 11
9016 45997 18
45997 14234 3
14234 21422 3
45997 31032 4
31032 18726 5
18726 24919 9
24919 38320 7
38320 42855 13
9089 15524 18
9174 16703 18
16703 30465 15
30465 47807 3
9180 31179 18
31179 32082 8
9337 47425 18
9352 44775 18
9406 17187 18
17187 2382 7
2382 32844 13
9483 11565 18
11565 921 8
921 20330 3
9518 8652 18
8652 4177 4
9579 16753 18
16753 23172 12
23172 25567 12
25567 26255 8
9584 40112 18
9607 17552 18
17552 17761 16
17761 41317 3
41317 39073 4
41317 29524 17
29524 44937 4
44937 14427 16
14427 10601 10
10601 10956 16
10956 31947 4
31947 21367 3
10601 26917 16
26917 22297 2
9625 45269 18
9655 40859 18
40859 47653 17
47653 29086 14
9848 2247 18
2247 2619 12
2619 743 3
2619 27466 12
9873 8937 18
9888 16418 18
9955 27615 18
27615 48809 7
48809 20112 5
27615 5587 12
5587 8020 1
5587 33578 6
8020 2780 11
2780 20099 10
9986 44851 18
44851 21781 16
9993 4675 18
4675 308 12
10008 28394 18
28394 28698 1
28698 8571 14
8571 49271 3
49271 25720 12
10056 19861 18
19861 11637 15
11637 4684 9
4684 1561 1
11637 46372 9
46372 24439 9
46372 29827 10
29827 5538 2
46372 45897 11
10189 41421 18
41421 6340 4
6340 40009 4
40009 28710 6
28710 12684 3
12684 16594 7
16594 26860 3
26860 15951 3
15951 9167 4
9167 10250 1
16594 23088 5
16594 46567 5
41421 4581 7
10250 31943 8
31943 14502 2
14502 18079 7
18079 48751 5
48751 17412 5
9167 751 10
41421 5187 10
5187 43228 4
43228 43330 3
43330 11033 6
43228 18510 9
43330 3893 10
751 22592 11
46567 40234 11
40234 48327 4
48327 15884 4
48327 14887 5
14887 40109 3
48327 40759 7
40759 26006 6
48327 20468 9
26860 21854 13
40759 41766 13
41766 42307 14
42307 11427 9
43228 12332 14
12332 2426 8
5187 27878 18
27878 48326 15
48326 11116 6
11116 49296 6
9167 38218 18
10229 12968 18
12968 36637 17
10252 16831 18
16831 28741 9
28741 34783 17
10294 45468 18
45468 8210 1
8210 34572 10
10317 6005 18
6005 21053 7
6005 6533 15
10389 26025 18
10399 39462 18
39462 49808 3
10450 41273 18
10549 49397 18
10583 38840 18
10608 14676 18
10648 26742 18
10693 39303 18
10768 25191 18
25191 40839 13
10806 21771 18
10820 2166 18
10884 26797 18
10897 8984 18
8984 9339 11
9339 9735 6
9735 48392 1
48392 47027 6
47027 27983 4
27983 22046 1
9339 391 8
27983 1159 11
1159 8373 12
8373 14271 4
14271 8826 2
8826 6403 12
6403 30926 9
48392 36215 12
391 47512 15
8373 16518 15
391 39028 16
39028 49258 12
49258 48072 15
48072 10687 13
10687 10507 2
8984 6122 17
27983 20802 17
20802 9965 1
20802 39543 8
9965 32911 12
391 34366 18
10907 23288 18
10992 19398 18
19398 40076 7
19398 27010 12
11000 36225 18
11019 37395 18
11071 9560 18
11118 15141 18
15141 6963 4
6963 40511 8
15141 22496 11
15141 21234 15
21234 41811 2
21234 8394 15
8394 16351 11
16351 21015 5
11197 48012 18
11224 39026 18
39026 44547 6
11267 26113 18
11314 13799 18
13799 20605 5
13799 12539 17
11386 42377 18
42377 40305 12
40305 196 1
196 42439 5
11517 15309 18
15309 39879 10
39879 20629 8
11553 26466 18
26466 28957 2
26466 28737 3
28737 39488 6
39488 3739 13
3739 30831 5
11566 22290 18
11626 39120 18
11653 8482 18
8482 28890 1
8482 12123 2
28890 33785 2
28890 48990 4
12123 35135 8
48990 17716 13
35135 19672 17
19672 2787 9
19672 36788 14
2787 1411 15
1411 1532 17
1532 5228 2
5228 39634 8
39634 11320 5
39634 37289 9
39634 47038 9
1532 4769 16
5228 45017 17
45017 9287 15
9287 29699 8
9287 14415 13
14415 12220 14
11691 37566 18
37566 2806 14
2806 10952 6
2806 12744 15
10952 1579 16
11788 24722 18
24722 47593 1
24722 28387 6
28387 48793 10
28387 22793 13
22793 38946 1
22793 43930 14
43930 43437 13
38946 6791 15
43437 34283 16
11852 43252 18
12022 21797 18
21797 10503 6
10503 40741 5
40741 8406 11
21797 26104 12
8406 38821 14
38821 1136 13
21797 26870 15
26870 7858 13
7858 20715 4
8406 17759 16
17759 44077 14
26870 15987 16
26870 42556 16
42556 12901 9
12901 43974 14
43974 44069 3
43974 42687 10
42687 32985 3
32985 22010 10
12073 44218 18
44218 10576 17
10576 13895 10
13895 43090 8
13895 3475 16
12091 49552 18
12102 2391 18
12169 34594 18
12269 15358 18
12272 25364 18
12299 11081 18
11081 47867 16
12467 31940 18
12518 1602 18
12530 12038 18
12038 49298 6
49298 29948 4
12548 29180 18
29180 2881 1
2881 3172 2
29180 25858 2
25858 5091 15
2881 6944 18
6944 23381 3
12597 1202 18
1202 2353 3
1202 11620 15
12622 20858 18
12646 36885 18
12673 6783 18
12680 21488 18
21488 9372 17
12683 3942 18
3942 7381 5
7381 28441 7
3942 3064 10
12688 23549 18
12699 3724 18
12744 10238 18
12848 4520 18
12863 4865 18
12864 20559 18
20559 10231 14
12897 26600 18
26600 12880 8
12880 24151 6
12913 10158 18
10158 34035 18
34035 41224 13
34035 25249 16
12917 19254 18
12941 38752 18
38752 31546 10
12945 5360 18
12970 619 18
13072 17429 18
17429 47204 15
13078 13434 18
13123 33778 18
13135 22856 18
13189 37973 18
13206 16055 18
13256 43355 18
13413 9571 18
13454 42500 18
13548 36110 18
13574 14121 18
13607 37078 18
13657 1350 18
1350 3458 1
1350 4652 3
1350 1334 6
13666 10887 18
10887 20576 6
13667 35818 18
35818 25790 10
13704 22633 18
22633 43890 9
13761 27972 18
13767 46657 18
13773 44309 18
13784 35917 18
35917 43899 13
43899 43301 12
13796 49883 18
49883 46691 10
46691 30267 12
30267 29471 3
29471 28719 10
28719 26711 7
28719 26020 13
13800 47336 18
13804 31818 18
13875 13422 18
13422 48710 4
13896 36137 18
36137 44336 4
36137 36770 17
36770 46823 10
13959 12003 18
13971 26591 18
14049 31505 18
31505 42557 8
42557 30213 16
14086 2334 18
14114 33129 18
33129 37839 15
37839 24878 2
33129 44869 15
14168 37806 18
37806 43573 16
14255 45978 18
14255 49319 18
14269 41686 18
14304 39533 18
39533 23022 4
14347 42330 18
42330 17767 5
42330 35145 15
14467 13537 18
13537 28704 3
13537 34862 3
13537 36155 11
36155 21226 10
21226 32281 15
28704 18519 17
14814 35490 18
35490 2077 10
2077 1726 10
2077 6351 12
6351 47404 12
1726 6721 13
6721 24299 7
35490 37709 16
14874 38276 18
14898 11450 18
11450 45947 4
11450 14042 5
11450 25421 5
15174 2019 18
2019 8694 3
8694 37013 5
37013 37941 5
15205 19754 18
15237 32765 18
15295 17692 18
15363 29476 18
15386 18045 18
18045 5685 13
5685 41689 6
41689 27336 5
27336 49486 10
18045 32779 14
32779 40877 12
5685 22078 18
15404 20916 18
15430 40179 18
40179 6867 17
6867 43370 12
43370 23573 8
15457 28906 18
15467 7052 18
7052 13604 16
13604 32258 15
32258 32390 15
15515 41640 18
41640 19785 5
41640 41542 10
41542 30637 7
30637 45428 8
45428 24296 8
24296 32333 9
41542 12457 12
19785 34227 14
15534 7785 18
7785 35587 11
7785 41052 11
41052 13816 10
13816 25273 14
15565 18228 18
15603 6200 18
6200 12153 1
6200 46997 17
15657 35737 18
15670 14439 18
14439 18209 10
15738 2538 18
2538 49579 1
49579 2500 2
15877 7997 18
16058 34184 18
16076 49406 18
49406 43586 12
16128 11567 18
11567 17081 15
17081 36906 7
36906 42428 4
42428 39366 11
39366 38017 15
38017 39279 14
39279 3825 14
17081 1708 16
1708 18664 9
39279 33701 16
33701 8438 5
33701 5599 8
5599 5102 3
5599 25180 7
25180 28926 2
5599 32261 9
32261 8795 5
25180 14277 12
8438 22 13
22 23028 4
23028 713 3
713 198 1
198 18614 4
198 2570 5
198 35551 14
35551 47565 7
5599 43754 15
14277 40311 15
40311 17872 11
17872 26130 6
26130 39035 6
39035 48819 4
26130 46174 7
17872 25081 8
39035 31923 12
31923 10564 7
40311 32147 15
26130 2983 16
32261 32839 16
32839 41975 6
41975 19389 3
41975 6250 14
41975 19526 14
10564 31282 17
17872 32278 17
32278 36789 9
32147 3673 17
3673 48523 14
41975 36324 17
46174 45718 17
16140 24822 18
16157 39082 18
16326 16670 18
16670 27731 8
16373 4490 18
16648 32269 18
32269 19401 6
16656 28149 18
28149 24501 12
24501 23893 16
16662 11490 18
16671 8295 18
16765 39272 18
39272 32847 7
16786 27444 18
16802 9199 18
9199 34041 4
16807 39095 18
16838 9149 18
16881 40780 18
40780 48205 14
16940 31317 18
31317 14704 8
16976 29701 18
17044 19142 18
17101 40443 18
40443 18842 6
18842 5933 2
5933 37060 3
18842 16333 13
16333 15473 10
15473 46046 5
46046 29834 8
29834 30808 12
30808 21891 2
21891 36870 11
29834 38140 13
29834 8375 16
8375 34002 8
18842 35325 17
17247 23829 18
23829 15971 6
17279 46580 18
46580 32931 15
17302 41219 18
17315 13168 18
17554 15507 18
17593 8742 18
8742 33746 16
33746 24911 2
33746 48984 10
17680 16752 18
17690 19309 18
19309 24364 6
24364 11446 2
19309 15558 15
17809 37049 18
37049 23393 15
23393 33065 8
23393 23811 14
33065 9936 15
9936 45944 2
9936 5624 4
9936 10817 6
10817 4266 1
5624 15851 12
15851 15789 3
15851 8432 15
8432 10126 5
8432 47935 7
47935 33387 2
33387 23281 2
47935 46338 5
47935 21134 8
8432 49504 12
8432 1251 15
1251 21926 6
4266 37843 16
37843 45907 12
15789 46082 16
15851 18495 16
18495 4469 14
17818 32244 18
17820 47081 18
47081 33474 8
17844 37022 18
17868 1155 18
17889 14723 18
14723 22924 7
18040 32597 18
18060 25503 18
25503 12906 11
12906 27179 3
12906 7814 10
27179 20200 11
27179 19020 15
19020 22329 1
7814 7783 16
19020 5813 16
5813 2030 6
18132 42492 18
42492 9108 1
18179 44771 18
18192 19041 18
19041 2936 5
18396 26625 18
18428 45490 18
45490 43631 17
18495 12067 18
12067 30512 6
12067 42930 7
42930 47213 12
47213 26323 1
26323 8856 16
8856 8462 8
8462 5650 9
8856 5435 14
8462 37858 16
18551 22467 18
22467 47876 7
47876 9126 1
22467 47829 12
47829 30119 6
30119 20562 4
30119 4624 16
4624 30786 16
18602 17522 18
18649 11410 18
18726 11708 18
11708 32380 16
32380 9410 5
18726 27571 18
18767 31082 18
31082 34903 5
34903 13763 6
18768 16250 18
16250 36327 3
18805 41998 18
18937 6423 18
18945 12353 18
18973 16466 18
16466 18886 4
16466 11159 8
11159 26031 13
26031 38131 11
19009 3617 18
19056 1344 18
1344 38962 9
19056 17917 18
17917 31133 3
31133 29608 7
19099 44871 18
19116 12741 18
19126 27303 18
19216 19344 18
19344 27162 10
19344 49877 17
19235 32988 18
32988 43983 1
19258 21478 18
19397 3102 18
3102 25351 3
3102 11687 9
3102 419 12
19542 28000 18
19595 13478 18
19683 28778 18
19687 49602 18
19692 7407 18
7407 21886 8
21886 6694 15
6694 19423 17
19423 28344 1
19771 35092 18
19835 27513 18
19897 15517 18
15517 30620 14
19902 21756 18
19992 40017 18
40017 49643 5
40017 42864 17
20117 27167 18
20172 6656 18
20173 29037 18
20179 48957 18
48957 22413 2
22413 27049 11
48957 33425 12
48957 14237 14
20215 33078 18
33078 11153 7
11153 4931 5
11153 2448 7
2448 45672 8
33078 11846 12
45672 10868 12
10868 14622 1
10868 10296 8
10296 39020 9
14622 44888 9
44888 34019 9
34019 8821 2
10296 24068 12
4931 248 13
248 31671 5
248 39471 13
33078 19801 14
10296 32719 15
20248 36402 18
20290 20154 18
20299 23527 18
20374 39565 18
39565 27386 3
27386 9781 16
9781 1695 6
20414 3292 18
20505 45671 18
45671 22764 2
22764 25239 16
25239 13287 1
20528 17117 18
17117 37178 6
17117 41469 10
37178 19226 15
19226 45747 6
19226 30696 14
30696 39951 6
30696 22361 9
30696 9234 10
39951 40664 10
40664 47353 12
47353 33264 2
33264 44870 2
44870 8439 2
44870 39444 9
39444 24260 2
24260 38786 6
39444 25585 12
22361 16047 14
16047 9730 13
9730 37304 7
37304 34929 5
9730 927 11
47353 25211 14
25211 4819 10
927 1779 16
1779 10856 15
9234 8183 16
8183 44617 5
8183 44255 10
8183 43905 11
8183 33941 12
33941 46027 10
33941 42532 12
40664 49364 17
9730 46070 18
20538 42856 18
20545 8138 18
8138 6595 1
6595 48901 11
20591 13505 18
20678 45774 18
20692 20733 18
20733 47454 5
20733 10397 16
20737 7451 18
7451 32112 6
32112 18790 2
18790 41368 11
18790 17173 12
32112 12440 14
12440 21820 10
12440 46467 12
18790 18877 15
18877 35370 12
21820 23122 15
23122 293 4
293 16693 4
7451 3584 18
18790 20862 18
20834 45974 18
20913 15256 18
20935 13940 18
13940 6025 13
6025 19818 5
19818 24714 6
20992 35529 18
21024 15374 18
21116 21454 18
21130 16814 18
21170 5862 18
5862 40602 6
5862 6406 12
21194 34288 18
34288 49476 10
21200 21556 18
21212 33013 18
33013 17766 11
17766 26082 15
21281 33185 18
21314 34402 18
21323 38555 18
21426 16569 18
21451 33970 18
21644 15635 18
21669 40943 18
21690 20276 18
20276 3420 7
21756 9610 18
21852 10757 18
21992 25835 18
25835 22186 8
22061 9143 18
9143 28218 2
22098 18128 18
22152 3752 18
3752 47029 2
3752 35688 9
3752 812 11
812 9098 8
812 9248 9
35688 24835 16
3752 34056 17
9248 3462 17
3462 6803 7
3462 21175 9
6803 37728 11
22287 38684 18
22359 25232 18
25232 16026 11
16026 27201 17
22393 20455 18
20455 15181 7
20455 26165 7
15181 45370 9
45370 16390 12
22431 35842 18
22459 36011 18
22472 6300 18
6300 34642 2
22473 10556 18
22479 21947 18
21947 23352 18
22481 6070 18
22485 39031 18
22488 6591 18
6591 725 4
22513 39415 18
39415 39332 13
39332 39011 13
22615 37023 18
22671 39765 18
22680 46966 18
22690 42771 18
22743 19608 18
22761 8517 18
22777 3727 18
3727 43940 16
43940 34874 8
22848 34749 18
34749 19631 5
22900 39922 18
39922 16902 4
22912 34644 18
22995 8224 18
23138 48685 18
48685 23395 2
48685 43654 2
43654 37039 3
43654 20459 16
20459 24052 8
23200 1388 18
23211 37385 18
23390 40692 18
40692 38465 5
23449 4496 18
23509 33863 18
23516 9914 18
9914 37732 8
37732 46040 2
46040 716 2
46040 29748 6
716 1794 8
1794 21987 8
21987 2190 2
2190 39675 12
1794 40891 13
40891 25281 4
40891 48317 4
40891 2792 13
40891 43039 13
37732 46528 14
46528 23741 12
2190 2413 16
2413 18395 17
23523 25582 18
25582 22292 10
23554 14333 18
23556 31554 18
23612 17660 18
17660 43626 6
23668 30091 18
30091 40281 17
23677 18582 18
23714 8706 18
8706 7204 16
7204 20420 18
23745 18135 18
18135 39672 13
23775 969 18
969 2789 4
969 27633 13
969 3072 14
2789 28918 17
28918 7048 13
3072 46617 17
23785 12394 18
23864 23579 18
23579 38870 2
23579 27358 6
23579 34380 9
23579 49605 14
23940 30026 18
24063 38158 18
24152 7576 18
7576 180 8
180 8944 2
8944 38707 16
38707 46934 11
46934 904 10
904 21710 6
38707 37075 15
24197 22893 18
22893 13545 3
24199 44995 18
44995 48090 11
24235 16118 18
24274 5158 18
24389 14285 18
24410 9645 18
9645 22495 17
22495 25387 3
25387 20751 2
25387 42840 3
22495 29621 10
29621 25376 4
25376 4220 10
42840 47726 13
25387 30244 14
25387 25895 17
24418 27355 18
24431 8001 18
8001 11131 7
8001 12719 13
11131 20441 14
20441 15166 13
24431 16680 18
24437 44762 18
24439 43058 18
24479 17843 18
17843 17321 13
17321 33275 14
24513 27427 18
24516 8478 18
24523 31784 18
24749 13469 18
24860 39472 18
24876 27663 18
24927 2752 18
2752 27679 8
24991 26676 18
25132 48583 18
25151 13431 18
13431 29819 5
29819 18316 1
18316 4001 3
18316 5466 5
13431 2074 8
29819 41389 11
41389 32337 1
13431 30231 12
25200 18023 18
18023 6012 3
6012 12165 14
12165 3550 1
12165 33861 3
3550 12563 14
12165 40667 15
40667 12964 9
40667 42200 12
42200 29200 6
42200 45482 9
25208 29261 18
25337 36845 18
25486 22572 18
25567 45856 18
25752 29052 18
25878 12556 18
25905 8431 18
25989 26874 18
26028 34668 18
34668 7557 17
26041 11442 18
11442 48040 11
26171 9719 18
9719 12868 5
12868 5833 2
5833 45893 7
26315 22021 18
22021 28696 10
28696 14570 6
22021 33853 10
33853 46748 13
46748 6522 9
22021 10945 16
10945 19278 3
19278 17005 2
10945 18202 6
19278 12918 12
26365 22522 18
22522 43981 17
26401 22340 18
22340 17249 7
17249 15486 6
15486 38866 10
38866 5914 9
5914 34510 13
15486 39086 14
39086 38043 5
38043 28535 2
28535 34807 8
34807 31698 17
31698 22093 11
22093 19873 1
31698 44528 11
26445 18331 18
18331 13139 6
13139 7958 7
26500 16621 18
16621 45227 12
45227 19369 15
19369 38008 9
19369 39678 14
39678 25043 3
39678 46063 6
26549 7502 18
26569 32897 18
32897 16295 16
26591 8707 18
26600 7193 18
26623 35075 18
26633 48259 18
26683 2730 18
2730 28872 4
2730 24139 6
2730 41127 16
41127 10206 6
10206 40072 6
40072 40019 1
10206 21616 8
40019 39186 9
39186 34467 10
34467 17600 8
17600 35797 2
35797 7648 7
7648 20651 11
24139 48477 16
26738 2056 18
26762 27841 18
26798 19104 18
19104 26473 10
26806 2847 18
2847 1866 9
26841 10710 18
10710 29212 16
29212 26730 7
26891 37497 18
26901 37829 18
26968 41928 18
27027 1204 18
1204 24839 11
24839 16102 14
16102 11364 12
27068 43346 18
27116 23675 18
27127 2562 18
27175 25449 18
27290 7191 18
27303 49902 18
49902 30048 9
27373 18083 18
18083 16417 14
16417 25293 2
16417 12658 5
12658 23613 3
12658 10546 5
23613 18028 6
10546 17756 11
17756 12370 6
23613 8762 13
16417 10224 16
10224 14743 1
10224 9613 2
14743 11589 8
11589 585 9
9613 19028 12
19028 31586 11
10224 21522 13
18028 20211 16
18028 45800 18
27379 34272 18
27474 34210 18
27495 22841 18
27678 42574 18
42574 17875 7
27891 45791 18
27917 43137 18
43137 28797 6
28797 39761 6
28797 29903 14
29903 30502 11
39761 40588 16
40588 31428 9
31428 16897 7
40588 45083 13
45083 16545 17
27941 31841 18
31841 20070 17
27953 4435 18
27969 35699 18
28060 26110 18
28069 25295 18
28082 34993 18
28101 33888 18
33888 19532 1
28141 12768 18
12768 34760 17
34760 39809 13
39809 30164 4
30164 32048 1
30164 40605 5
30164 15659 9
32048 31851 11
31851 30756 17
30756 45782 6
30756 26702 8
26702 42484 5
42484 1474 2
1474 7163 2
26702 18269 7
18269 25190 5
18269 42331 8
7163 30072 11
42331 21890 11
21890 31999 10
31999 36812 12
36812 36044 1
36812 21265 7
21265 38426 11
18269 39737 13
25190 24458 17
24458 48759 12
28323 5269 18
5269 18679 17
18679 11392 7
28622 19481 18
28654 11456 18
11456 36034 5
11456 10847 11
28660 32718 18
32718 20860 11
32718 17177 14
17177 35700 9
28728 20621 18
20621 13275 7
28758 37540 18
37540 48 2
48 38216 1
37540 26541 4
28873 39161 18
39161 43584 6
43584 13394 2
43584 48773 2
13394 20919 10
20919 24395 12
24395 13521 1
20919 27235 17
27235 27412 15
28940 7971 18
7971 6075 10
6075 28523 5
28523 3798 8
28523 10993 12
10993 25165 14
25165 22243 1
22243 20463 8
3798 2147 18
2147 29674 9
2147 28600 10
28600 3910 3
28600 36768 11
36768 11574 2
36768 49841 6
11574 14996 10
14996 39453 2
3910 2665 16
7971 4255 18
4255 45201 9
45201 32076 3
32076 30704 1
32076 32315 11
30704 26979 13
32076 27780 16
28523 30295 18
29058 39360 18
29180 3926 18
3926 13951 15
13951 27600 16
27600 20017 14
29181 11671 18
11671 37372 12
37372 42844 4
11671 4027 18
29236 36659 18
29276 36156 18
29278 37844 18
29311 441 18
29318 7507 18
29509 48495 18
29523 24302 18
29664 42968 18
29717 3456 18
3456 13879 1
3456 8608 8
3456 28608 9
3456 40810 14
40810 21778 10
21778 43848 2
43848 23322 15
29734 41037 18
29829 15128 18
15128 11511 1
29855 6700 18
6700 43543 15
29868 46066 18
29910 1273 18
1273 34495 1
34495 22339 15
29943 8128 18
8128 36612 17
8128 38455 18
29949 49769 18
49769 13790 2
13790 37204 2
49769 21809 8
21809 32652 1
37204 26720 15
49769 29140 16
29978 43938 18
43938 13982 16
13982 442 8
30013 13571 18
30017 6004 18
6004 16833 3
30164 30422 18
30223 26035 18
30303 43971 18
30314 30426 18
30514 25802 18
25802 48559 4
30555 29761 18
30558 41868 18
41868 36328 1
30711 24352 18
24352 14831 9
24352 47299 13
14831 5329 17
5329 15564 4
15564 23235 13
30734 15159 18
15159 49910 10
49910 31987 6
49910 37020 6
37020 26242 2
26242 27224 3
30854 18111 18
30863 28458 18
30912 10147 18
10147 23783 7
31013 13238 18
31130 48302 18
48302 48032 4
31191 28656 18
31227 37729 18
37729 22609 3
22609 37253 13
31232 29993 18
31320 35548 18
31356 2290 18
2290 20612 18
20612 46226 8
20612 39529 13
39529 27037 6
27037 22201 4
22201 42954 10
42954 49135 6
49135 47750 5
47750 12783 1
12783 39982 2
12783 1894 6
42954 33990 13
33990 25219 12
49135 36802 16
36802 35347 1
35347 34954 4
36802 18615 5
18615 49391 13
49391 19710 9
19710 32134 2
19710 21537 6
19710 11946 7
21537 3266 7
3266 8766 9
32134 13693 10
32134 40382 12
32134 35270 13
35270 24370 2
35270 39769 7
39769 20927 10
18615 11965 14
11965 23746 1
23746 49826 4
11965 28772 5
32134 45377 14
13693 31250 15
45377 37326 16
37326 45455 12
19710 21988 17
36802 49457 17
49457 26713 9
42954 3718 17
3718 35787 8
35787 42182 8
42182 19319 2
42182 23358 2
19319 8159 4
19319 8157 12
1894 16853 18
16853 49188 2
16853 39049 5
49188 35695 6
16853 28227 7
31378 38163 18
38163 41282 3
41282 21004 1
31406 14637 18
14637 35287 11
31406 46456 18
31478 27180 18
31510 35401 18
35401 36355 1
35401 25792 16
25792 24343 8
25792 7810 18
31540 8655 18
31614 35755 18
35755 12225 17
31632 10182 18
31698 49612 18
31732 39653 18
31827 20335 18
20335 45259 1
31863 41668 18
41668 19739 9
31995 44411 18
32278 24933 18
32366 32553 18
32402 25712 18
25712 32879 1
25712 32569 4
25712 35992 17
32426 12057 18
32427 32884 18
32433 27006 18
32478 40979 18
32479 13926 18
32513 38963 18
32535 47832 18
32545 10494 18
10494 32948 7
32948 49250 7
32597 43979 18
32693 47196 18
47196 33954 2
33954 16612 10
33954 48678 12
32712 27126 18
32725 37467 18
32764 45094 18
45094 14959 4
14959 11585 8
11585 39480 9
45094 31046 14
31046 7700 17
7700 11439 7
11439 28324 4
11439 26256 15
32877 40449 18
40449 28473 9
32921 8223 18
32928 46489 18
32970 4217 18
4217 46157 3
46157 14601 13
32988 45191 18
33072 18183 18
33075 31253 18
33148 43799 18
43799 11059 17
33299 41776 18
33383 41162 18
41162 32820 11
32820 14425 1
41162 33322 14
33398 30634 18
33402 19273 18
19273 17613 6
17613 49446 5
49446 25967 6
25967 8254 4
8254 26338 2
49446 47250 13
33474 1633 18
1633 22416 2
22416 20812 10
20812 48580 3
22416 43363 13
33504 28328 18
28328 37323 5
33596 47119 18
33692 13257 18
33728 589 18
589 8045 2
589 34063 12
589 37420 12
8045 29131 16
29131 38395 1
38395 5661 1
5661 5805 4
5805 28178 9
28178 37382 2
5661 27896 10
5661 26184 18
26184 37058 5
33945 39669 18
33959 164 18
164 17691 4
164 24697 5
24697 3258 15
33970 36254 18
33989 40310 18
34022 9265 18
9265 45305 4
45305 23581 8
45305 40561 9
9265 7965 13
7965 2864 8
34045 1419 18
1419 9136 15
9136 28091 10
28091 26273 10
26273 48404 13
48404 3841 8
3841 161 4
3841 9165 13
34090 41473 18
41473 30007 8
34102 44639 18
34141 14811 18
14811 31129 16
34142 30233 18
34211 33747 18
33747 44291 1
33747 15627 11
15627 9184 16
9184 5514 18
5514 39544 2
9184 32801 18
32801 8879 18
34309 48540 18
34338 32030 18
34374 25559 18
25559 4130 10
34412 45689 18
45689 28361 11
34463 17905 18
34583 3140 18
34668 45172 18
45172 26003 8
45172 42020 8
42020 25130 4
45172 46064 15
46064 48732 17
34687 41650 18
41650 27703 6
27703 45089 17
45089 48770 14
48770 47725 2
47725 23191 8
23191 34812 8
34812 44407 5
41650 21283 17
27703 47585 18
34747 13651 18
34790 2156 18
2156 20096 4
2156 2534 10
2534 24689 12
24689 39478 10
2156 30106 13
34807 11773 18
34815 9397 18
9397 45454 12
45454 2790 13
34828 19919 18
19919 41806 9
34898 37891 18
35150 19554 18
19554 10487 12
10487 5033 13
5033 851 1
5033 6628 2
6628 23464 1
5033 16203 5
35155 21172 18
21172 45080 8
21172 30217 9
30217 23489 16
23489 1403 4
1403 3163 15
35164 41551 18
35184 44979 18
35284 9260 18
35362 19076 18
19076 9693 2
9693 33117 3
9693 8194 10
8194 30097 12
35363 16348 18
16348 7007 1
16348 23774 1
23774 1477 15
16348 41951 18
35609 24868 18
24868 9665 10
35666 49245 18
35676 12387 18
35758 43430 18
35767 9288 18
9288 39994 6
35850 15700 18
15700 19314 8
19314 40949 6
35863 7378 18
7378 33609 7
35895 43193 18
35966 20646 18
20646 5670 15
5670 40497 8
40497 10749 10
10749 17763 15
17763 24586 14
24586 41267 15
36049 46895 18
46895 24845 3
46895 44646 13
44646 46716 12
36324 39359 18
36329 19887 18
36420 4186 18
4186 9420 4
9420 9275 5
9275 26527 15
26527 23739 4
23739 32377 3
26527 9989 12
9989 17803 10
9989 38923 13
38923 26822 4
36445 22909 18
22909 7033 3
36454 16217 18
36485 3316 18
36491 37094 18
36524 28375 18
28375 11108 11
11108 4942 12
4942 26922 6
4942 9503 14
9503 41510 1
26922 19730 14
36587 42544 18
42544 29383 9
29383 48219 7
36601 4616 18
4616 30452 18
36645 29371 18
29371 4998 8
36758 12782 18
36852 46747 18
36857 24978 18
24978 12198 7
36905 18854 18
18854 876 16
36905 47394 18
47394 34429 1
34429 36466 3
37054 16239 18
37078 16844 18
16844 38270 6
16844 22121 18
16844 48367 18
22121 2916 18
2916 360 4
2916 37352 7
37086 12795 18
37091 25963 18
37110 38552 18
37161 30437 18
30437 12171 13
37171 16792 18
37244 37375 18
37295 39742 18
37376 19420 18
19420 17471 2
37458 91 18
91 38357 10
38357 22536 14
91 29353 18
29353 14313 12
37509 2931 18
37538 44761 18
37595 16477 18
16477 13817 8
37644 42217 18
37650 41006 18
41006 16520 16
16520 10425 3
37735 47302 18
37928 47468 18
37950 48161 18
37967 49906 18
49906 32401 1
49906 28755 17
37969 30998 18
30998 6256 11
6256 11580 2
38012 20305 18
38038 12500 18
12500 37698 17
38046 28568 18
38072 22797 18
22797 44813 7
38087 31687 18
31687 24537 16
24537 30798 1
38098 16559 18
38126 49380 18
38179 29938 18
29938 30309 17
30309 7929 10
7929 2446 6
38232 15897 18
38265 22469 18
22469 14488 9
38286 4404 18
4404 43267 4
43267 41329 12
4404 14079 14
14079 28445 2
4404 41968 18
41968 33280 13
33280 35059 7
35059 47243 5
14079 12241 18
12241 49338 14
49338 17880 12
38363 12174 18
12174 36283 9
12174 27672 11
38555 39183 18
38590 5002 18
38601 33276 18
33276 18417 1
33276 49333 8
38616 38127 18
38627 45867 18
45867 36944 6
45867 13931 16
13931 11873 4
11873 35677 1
13931 34157 13
38806 37793 18
37793 42447 12
42447 3539 2
38888 756 18
756 42381 4
42381 17291 5
42381 21036 5
21036 35108 9
17291 30339 16
39082 38938 18
38938 26210 3
39261 9412 18
39350 32234 18
39413 70 18
70 28173 1
70 33159 7
33159 30291 12
30291 5012 13
39436 1796 18
1796 46091 5
1796 14101 9
46091 5724 10
39474 3604 18
3604 44456 4
3604 41200 11
3604 45164 12
39536 21645 18
21645 8650 7
8650 49622 4
8650 44490 9
49622 45768 9
21645 9034 12
49622 18531 16
18531 44334 1
18531 13255 15
39544 46016 18
39754 40096 18
39765 47495 18
39774 25455 18
25455 41848 7
41848 3421 7
3421 33815 14
33815 36863 15
36863 47703 9
47703 32157 9
33815 23750 17
39846 17490 18
39928 11937 18
39964 39829 18
39966 32397 18
32397 4313 5
4313 12459 13
4313 4068 14
4068 4209 13
4209 15588 10
12459 10728 18
39983 40638 18
40638 1480 4
40638 42295 9
42295 12878 16
39994 17006 18
39998 37127 18
37127 44361 7
40068 19655 18
40068 39464 18
39464 3898 1
39464 18416 10
18416 12788 7
39464 41654 11
41654 34209 16
34209 8846 1
8846 1382 15
12788 3652 17
3652 6354 6
40080 27424 18
27424 4134 3
27424 23843 12
27424 11113 18
40107 45861 18
40125 15417 18
40148 48731 18
40198 49714 18
49714 19410 16
40409 28287 18
40433 48696 18
48696 12521 5
12521 1740 2
1740 17269 14
17269 34933 13
34933 2421 4
40477 9456 18
9456 35090 10
35090 1067 8
1067 41364 9
41364 47711 6
1067 38708 12
47711 36194 16
36194 17246 4
36194 31182 5
40503 29273 18
40511 38123 18
40519 47696 18
40553 37887 18
40566 15540 18
15540 8486 10
8486 5110 4
5110 43788 16
40601 30145 18
30145 47621 14
40697 16012 18
40809 28345 18
28345 17734 15
40873 8579 18
8579 11577 9
11577 9356 3
9356 27478 18
40880 36995 18
41075 16622 18
41220 46394 18
41239 13656 18
13656 16235 1
13656 32255 7
32255 470 11
41284 45355 18
45355 18106 17
18106 46457 15
41316 23100 18
23100 3024 14
23100 14145 18
14145 16682 12
16682 12573 2
16682 11775 6
11775 3303 4
3303 21181 17
14145 46745 17
46745 34176 2
41540 30562 18
41553 14232 18
14232 13615 7
41566 36525 18
36525 5246 2
5246 177 1
41569 38687 18
38687 47611 16
47611 11002 7
47611 42504 13
42504 19149 14
19149 16171 7
41689 29201 18
29201 20530 2
20530 22267 13
41721 2320 18
41732 14522 18
41743 48034 18
48034 17434 4
48034 35169 6
35169 27442 13
27442 9917 6
27442 6309 12
6309 38222 7
38222 20783 8
20783 44733 2
6309 21280 13
21280 12749 2
20783 5295 14
5295 15410 10
15410 11800 6
5295 16993 11
5295 11804 13
16993 26013 14
9917 32310 16
11800 42795 17
42795 548 12
548 1808 5
548 24887 6
548 6759 7
548 2902 15
2902 3990 1
2902 3354 5
3354 6490 1
6490 36205 5
3354 7380 8
7380 3442 8
3442 40167 6
40167 25416 1
25416 40163 2
40167 41816 2
6490 10079 12
40163 8819 18
41748 43511 18
43511 36410 10
41988 18352 18
42012 47692 18
42044 17746 18
42180 26451 18
26451 19090 5
42305 21050 18
21050 39698 7
39698 22564 11
22564 48545 14
22564 12232 18
42316 19506 18
42348 40244 18
42400 37746 18
42434 35746 18
35746 35042 2
35746 40625 2
42443 30582 18
42506 16964 18
16964 16727 12
42646 22816 18
42755 36343 18
36343 20239 8
42836 11792 18
42864 8181 18
8181 38933 7
42938 36257 18
36257 17915 4
17915 25419 17
25419 35259 10
43082 26139 18
43193 13556 18
43255 40408 18
43275 33187 18
43282 47570 18
43440 9101 18
43641 41158 18
43859 20745 18
44039 27395 18
27395 30014 10
30014 20884 4
30014 36293 10
36293 19329 3
19329 41537 7
30014 49928 13
41537 9261 18
44057 49240 18
44093 39298 18
39298 31705 7
39298 14880 18
44104 31952 18
44137 24157 18
24157 36665 9
24157 15104 17
15104 12008 12
12008 8424 9
15104 9910 15
44158 43303 18
43303 48728 8
44173 3784 18
3784 1566 12
1566 2124 8
44256 13770 18
13770 17876 6
17876 49594 7
13770 27511 12
49594 33342 14
33342 45414 1
17876 19050 15
19050 48862 7
44336 30722 18
44383 14449 18
44427 44160 18
44160 3873 1
3873 25401 2
25401 44860 17
44434 41084 18
44538 47668 18
44639 18675 18
18675 43911 1
43911 19742 12
18675 26986 17
26986 45465 18
44683 5098 18
5098 3167 4
3167 21091 11
21091 44513 8
5098 25680 12
25680 14958 15
5098 47180 17
47180 17966 13
44756 42701 18
44792 26658 18
44859 17242 18
44873 40768 18
40768 18558 3
18558 35757 9
35757 19280 6
19280 49818 3
19280 45648 12
45648 9819 7
9819 13633 13
49818 36724 13
44901 10280 18
10280 22471 6
44996 41054 18
45101 28016 18
28016 13550 7
13550 841 15
841 43256 10
841 10472 15
10472 48608 4
43256 36736 16
36736 7798 1
7798 43097 13
43097 31676 5
36736 6765 15
6765 24493 8
13550 9737 17
45175 11990 18
11990 3879 7
3879 22063 2
3879 22150 3
3879 37760 12
3879 13154 15
13154 48428 4
48428 18865 15
18865 15254 8
11990 25303 16
45260 39780 18
39780 38792 6
45341 13619 18
13619 23666 4
13619 29529 13
29529 12839 2
29529 9573 11
45428 9176 18
9176 4136 13
9176 14503 18
45428 38722 18
38722 16337 15
45491 35463 18
35463 8651 13
45495 45492 18
45492 45859 15
45859 47427 12
47427 2597 2
47427 15591 3
45521 33192 18
45547 28214 18
45590 1893 18
45598 32798 18
45630 27974 18
45839 32531 18
32531 34948 17
34948 31621 7
31621 47522 13
45937 15350 18
45943 30599 18
30599 15142 2
45956 31675 18
45979 39727 18
39727 31461 8
31461 12724 2
31461 37616 5
45981 45833 18
46226 16944 18
46312 37487 18
37487 15200 14
37487 45027 14
46329 15443 18
46336 28399 18
46457 26765 18
26765 44367 17
46743 48598 18
46800 25954 18
46824 38675 18
46866 14788 18
14788 5342 4
5342 15566 7
46873 3041 18
3041 46399 15
46399 10588 5
46894 25624 18
46918 15116 18
46975 38613 18
38613 28282 10
47013 42038 18
47173 36688 18
47179 37725 18
37725 13468 13
47205 46585 18
46585 14901 9
47211 36649 18
36649 30006 17
30006 38384 5
30006 40711 17
47247 28863 18
47291 44253 18
47378 49165 18
47425 12154 18
47521 38945 18
38945 9639 14
47543 2034 18
47607 18200 18
47639 30644 18
47792 36336 18
36336 9817 8
47798 43728 18
47806 4094 18
47963 33901 18
33901 26679 5
33901 45335 8
45335 5619 12
48016 49244 18
48027 48025 18
48028 26022 18
48369 28999 18
28999 1573 3
48493 38467 18
48574 34071 18
34071 15017 8
15017 11457 10
11457 28769 4
48626 36920 18
48784 39010 18
48818 20903 18
48992 46766 18
48996 41656 18
49240 49452 18
49256 19586 18
19586 40340 7
40340 42242 8
49315 24918 18
24918 4428 1
4428 1903 6
1903 3057 1
3057 40698 12
49333 5893 18
5893 11654 5
11654 39134 6
49447 26735 18
49542 38297 18
38297 49635 8
49679 7344 18
7344 9835 8
49686 6009 18
6009 10479 4
49707 38973 18
49734 31215 18
31215 15768 18
15768 30799 12
15768 43607 15
30799 31358 15
31358 2961 4
49771 35449 18
35449 14907 11
49803 38477 18
38477 25937 14
25937 31198 8
49865 3007 18
3007 29846 12
49882 27714 18
27714 8160 6
8160 21338 8
49891 49723 18
49723 40826 10
40826 45511 12
49723 9001 13
40826 41095 18
41095 1091 17
1091 1838 18
4 41635 19
12 49631 19
49631 15649 14
19 546 19
19 34348 19
34348 15011 13
44 3747 19
45 24137 19
24137 33660 10
33660 41335 10
41335 13812 2
13812 34838 18
34838 49435 8
34838 9446 10
62 25021 19
79 2580 19
2580 16276 2
16276 20209 3
20209 41228 2
16276 47736 7
16276 23242 9
2580 10504 17
168 38490 19
180 47833 19
47833 23379 12
23379 11459 9
207 9593 19
217 30920 19
30920 43714 13
222 36455 19
36455 19774 9
247 12786 19
247 28779 19
273 11967 19
343 15375 19
15375 33666 12
356 43069 19
43069 7304 13
7304 41375 13
41375 17906 11
400 577 19
400 16184 19
16184 380 1
16184 27242 6
16184 24170 11
24170 45873 8
45873 41533 6
423 46163 19
468 46938 19
46938 11483 5
476 12501 19
12501 41763 16
511 46921 19
548 42211 19
609 19843 19
636 41266 19
41266 40222 3
737 22948 19
765 461 19
461 1379 5
461 11594 14
780 42128 19
797 24739 19
818 38894 19
38894 12915 6
12915 40930 5
821 11309 19
11309 39755 1
39755 5116 7
5116 11162 14
861 5561 19
891 11140 19
11140 20971 5
893 37320 19
908 44825 19
44825 35459 5
964 20059 19
20059 27450 2
27450 17021 18
17021 4930 10
4930 31927 11
1033 5717 19
1035 10960 19
10960 8749 11
1096 25090 19
25090 22500 18
22500 26047 14
1097 43726 19
43726 24894 16
43726 33591 16
24894 1322 17
33591 16997 18
16997 46884 12
16997 18440 17
1105 1377 19
1130 33489 19
1138 10613 19
1217 14612 19
14612 24339 2
24339 8188 1
14612 37288 4
37288 7239 5
24339 42616 16
37288 28145 17
42616 37534 17
37534 7210 5
7210 20988 6
20988 46369 4
1256 157 19
1280 39685 19
39685 47624 3
47624 38415 4
1300 9368 19
1383 1447 19
1447 8732 3
8732 34925 15
34925 12541 15
34925 40346 16
1408 31879 19
31879 38696 8
31879 46206 8
46206 5411 8
46206 27656 12
46206 34834 14
34834 5916 5
5916 13630 5
34834 23087 7
1433 2871 19
2871 37300 4
37300 38775 14
1435 29179 19
1440 809 19
1664 1954 19
1701 21548 19
1722 9335 19
9335 12600 5
12600 36954 5
36954 26882 9
36954 48230 14
48230 4500 7
36954 7640 15
7640 32686 3
32686 8343 1
26882 29758 17
1741 34483 19
34483 25400 17
25400 1585 7
1585 25586 8
25586 47886 7
25586 33022 10
33022 7717 7
25400 11827 15
11827 48006 4
1766 19213 19
1773 20456 19
20456 39511 9
39511 4175 12
20456 7382 15
7382 34798 4
34798 23113 2
39511 10016 16
4175 36879 17
20456 34080 17
10016 22831 18
22831 41417 13
41417 37599 2
1814 4444 19
4444 5081 3
5081 3504 8
3504 46687 15
1821 15873 19
1890 26188 19
1891 29204 19
1893 9131 19
9131 37006 16
37006 13221 3
1937 21513 19
21513 8182 9
21513 40794 12
1938 282 19
282 10377 17
10377 5980 1
10377 28679 15
28679 5096 7
1960 8637 19
8637 12471 2
8637 28789 16
28789 6742 10
6742 6710 1
6742 13483 3
6710 32966 12
6742 27616 17
1978 4300 19
4300 29953 5
4300 40086 5
29953 11290 18
1997 12494 19
2078 41130 19
2082 43356 19
2115 9435 19
2136 34420 19
2171 30297 19
2371 15497 19
15497 8116 6
2390 13158 19
13158 44384 11
2427 7028 19
7028 30795 9
2452 12081 19
2487 2533 19
2596 35091 19
2600 10358 19
10358 10762 8
2642 6554 19
2642 28579 19
2668 1941 19
2704 15207 19
15207 37836 4
37836 6541 16
6541 28551 1
28551 5145 1
6541 3173 3
28551 4705 4
4705 12244 5
2720 47513 19
2733 27939 19
27939 16142 2
27939 22928 7
27939 14327 8
27939 41151 10
41151 46468 12
16142 34262 16
14327 1026 17
2734 981 19
2783 42936 19
42936 34632 9
34632 31071 6
2885 48753 19
2942 36000 19
2990 37211 19
37211 4573 3
4573 46418 4
37211 7911 11
7911 13014 5
13014 18745 8
13014 18694 11
4573 4765 13
7911 47428 15
47428 46370 7
18694 48464 15
48464 2407 1
2407 8757 1
8757 13632 4
8757 17240 5
13632 14218 12
14218 41287 6
41287 24777 11
24777 20425 12
20425 17890 9
14218 12532 16
46418 22482 17
4765 31482 18
17240 33113 18
33113 7944 3
3007 3105 19
3037 371 19
371 10195 19
10195 33487 18
3061 2146 19
3074 5610 19
5610 61 2
61 31600 10
31600 44000 8
5610 7762 12
3116 43168 19
3168 37053 19
37053 18345 12
3177 5425 19
3276 38732 19
3299 6498 19
6498 45653 7
3356 5441 19
3375 17860 19
17860 24563 2
24563 29039 1
3397 3959 19
3485 14791 19
14791 17102 1
17102 18068 5
3513 25499 19
3523 36647 19
3527 2312 19
3617 4686 19
4686 47987 1
4686 6268 5
6268 48743 14
3627 4229 19
3765 8108 19
3771 2142 19
2142 1520 18
1520 30533 2
1520 148 7
148 18624 16
1520 31269 18
31269 45899 14
45899 13648 2
3780 2144 19
3790 48718 19
3794 603 19
603 14716 11
3794 14037 19
3818 5749 19
5749 46298 2
5749 6977 16
3862 6369 19
3910 40468 19
40468 20308 11
20308 37545 7
3984 41793 19
41793 20149 16
20149 49781 7
49781 42402 2
20149 20504 14
3991 38317 19
38317 24824 12
4002 7658 19
4014 39926 19
4020 1826 19
1826 1939 14
4102 10470 19
4146 13312 19
4188 24051 19
24051 44496 4
24051 12164 13
24051 29075 17
24051 28506 18
28506 34814 18
34814 1813 12
4205 24646 19
24646 21896 1
21896 23304 5
21896 19592 9
19592 15112 7
15112 44157 10
44157 32271 7
23304 30102 18
4234 27542 19
4244 5507 19
4261 12632 19
12632 27469 3
12632 3571 6
3571 32340 3
12632 23274 6
12632 19077 7
32340 38407 7
4357 40736 19
40736 37537 16
37537 12776 12
12776 36522 13
12776 49265 14
4366 10594 19
10594 8518 3
10594 43968 11
4372 25304 19
4406 36604 19
4412 401 19
401 41129 3
41129 26372 11
401 26154 15
26154 33199 8
4421 2695 19
2695 7848 6
4488 6638 19
4495 29286 19
29286 30879 13
4531 49669 19
4555 551 19
4586 48594 19
48594 48343 6
48343 26586 4
48594 33140 15
33140 34070 7
4599 5608 19
5608 28540 18
28540 7064 8
7064 24186 6
24186 35844 2
35844 22167 6
22167 21452 6
7064 29638 7
22167 42950 16
42950 43177 7
7064 8259 17
4624 33755 19
4667 36267 19
36267 35978 5
35978 35569 5
35569 17179 8
35978 10042 9
36267 8902 10
8902 41374 17
4675 13880 19
13880 43536 6
4677 18246 19
4693 26716 19
26716 26213 14
4780 2813 19
4795 18700 19
18700 42660 12
18700 19611 15
19611 39431 1
19611 10020 13
10020 23232 4
10020 33142 18
33142 39266 3
39266 1348 8
33142 32121 10
33142 48617 14
4818 47486 19
4822 45990 19
4826 21161 19
4850 37275 19
37275 26384 11
37275 22684 16
22684 21920 7
21920 9897 16
9897 18802 10
4880 1576 19
1576 10978 10
4896 4376 19
4376 30737 17
4904 7887 19
4908 24031 19
5019 6295 19
6295 39132 18
39132 39995 11
5033 19979 19
19979 6619 12
5048 13996 19
5055 20306 19
5092 28195 19
5282 16340 19
16340 36062 6
16340 41258 17
5287 45496 19
5325 7147 19
5330 16771 19
16771 12950 3
16771 16329 3
16771 1223 14
16771 45513 14
45513 25445 15
16771 11082 16
11082 22534 12
25445 7474 16
7474 47550 2
47550 23305 15
12950 26686 18
22534 35868 18
5334 14400 19
14400 46347 1
46347 48746 6
46347 40348 8
5360 34621 19
5418 27900 19
27900 16291 1
16291 20123 11
27900 3509 11
16291 1140 12
27900 11130 16
5462 48316 19
48316 35208 2
5479 26857 19
5480 26755 19
26755 15996 7
15996 10703 10
10703 34058 7
5481 29262 19
5512 24694 19
24694 3422 14
3422 31726 13
5572 8126 19
5573 42169 19
42169 32852 13
42169 8062 15
8062 21252 6
21252 30838 1
21252 1927 8
1927 33690 5
42169 30507 16
1927 16755 18
8062 36026 18
36026 7951 9
7951 21829 1
21829 36086 6
36026 9837 10
9837 43405 3
9837 3487 9
36086 29736 14
29736 22461 8
29736 440 11
440 303 6
36086 44731 15
7951 2735 18
30507 30003 18
5608 1429 19
1429 49229 7
1429 43374 16
5608 6002 19
6002 4656 14
5622 44379 19
44379 12018 11
12018 5408 3
5408 21579 3
5648 3599 19
3599 7766 2
3599 8321 18
5657 9074 19
9074 45699 9
45699 46409 16
5680 5614 19
5614 15574 8
5779 46367 19
5824 7317 19
7317 43480 10
5849 32025 19
32025 40595 15
5869 34770 19
34770 11545 10
5884 41550 19
5887 49671 19
5978 31904 19
31904 17828 10
6039 40862 19
6097 10959 19
6237 13190 19
6322 6464 19
6464 44318 18
6322 31066 19
6326 7133 19
6454 30987 19
30987 29092 11
6478 40071 19
40071 49264 3
6540 21267 19
6548 28575 19
6554 19857 19
6625 41248 19
41248 38706 12
6627 15246 19
15246 13834 7
6640 11068 19
11068 19151 2
19151 23733 15
23733 26980 4
6648 19605 19
19605 36582 18
6654 41332 19
41332 36364 3
6728 8401 19
6742 6786 19
6786 24514 16
6749 8734 19
6766 38256 19
38256 17120 3
17120 20734 6
6827 32698 19
6834 41489 19
6856 8281 19
6911 16042 19
16042 19723 3
16042 40928 3
6969 19524 19
19524 35962 12
7033 10338 19
7219 49216 19
49216 18631 3
7238 34431 19
7286 5565 19
5565 8925 7
5565 8970 19
7291 25114 19
25114 23351 8
25114 49609 8
23351 21668 12
21668 37938 2
7361 20137 19
7381 42303 19
7386 24059 19
24059 44952 10
7404 14195 19
14195 7175 4
7425 42019 19
7431 3476 19
7505 39760 19
7550 26211 19
26211 17604 4
26211 19247 6
19247 4707 10
19247 27837 17
26211 13348 18
13348 41900 5
13348 11693 10
13348 39730 11
39730 26872 3
39730 26813 12
7557 25701 19
7603 16681 19
16681 6176 18
7682 32975 19
7738 385 19
385 6391 5
6391 44301 17
44301 42869 1
385 681 18
7764 16678 19
16678 40655 4
16678 32421 7
16678 4905 11
40655 40139 13
40139 22026 7
40655 35213 18
35213 39037 14
7801 16085 19
16085 21903 14
21903 29459 13
29459 33601 6
29459 31587 13
31587 41914 6
29459 45982 13
29459 25789 16
21903 11272 17
11272 21679 2
11272 46449 7
46449 40020 13
46449 26239 16
21679 37379 18
46449 7644 18
7870 23736 19
7900 28555 19
7955 5775 19
5775 5151 4
8113 33983 19
8140 32729 19
32729 19414 9
8146 17455 19
8197 37959 19
37959 13889 15
13889 6193 9
6193 34877 12
8197 41865 19
41865 7214 13
8354 7735 19
8422 43621 19
43621 17036 9
17036 31113 8
17036 30172 13
8427 39815 19
39815 39939 3
8431 41238 19
41238 11590 18
11590 46142 15
46142 13367 11
11590 29157 17
8444 5015 19
8451 47592 19
47592 6166 14
8514 6098 19
8532 12314 19
12314 35471 3
8558 39389 19
39389 9714 3
9714 17507 8
9714 13464 10
8605 27147 19
27147 26131 7
26131 19958 7
8707 18057 19
8854 13322 19
8980 19263 19
19263 26250 4
19263 31516 8
26250 13742 9
13742 34359 4
26250 16546 9
26250 26722 11
31516 33549 13
33549 30193 13
13742 8425 14
31516 19763 14
9014 44324 19
44324 6668 11
6668 13301 10
6668 29454 11
9046 10495 19
9061 14312 19
9091 33249 19
33249 3782 13
9107 34905 19
34905 17533 11
17533 4578 9
9164 21997 19
9173 2434 19
2434 28064 15
9228 47297 19
47297 14420 7
14420 21160 6
21160 3300 5
21160 14380 14
47297 43880 15
43880 19819 4
19819 32003 1
9289 15510 19
15510 42026 7
15510 521 17
521 14544 11
521 32286 11
32286 10306 1
32286 31924 11
31924 23924 2
10306 15652 12
32286 44219 15
44219 1791 14
10306 30631 16
30631 9313 1
9313 14164 14
14544 19522 16
1791 36178 17
36178 40682 4
40682 46022 17
46022 27697 11
9336 36122 19
36122 36114 1
36114 29004 12
36122 20904 17
9346 2561 19
2561 17418 6
17418 18116 10
18116 43675 2
9405 20353 19
20353 22391 12
9473 37693 19
9507 48872 19
48872 11602 8
11602 16672 9
16672 49560 9
16672 34365 11
49560 29266 18
9564 25317 19
9577 3482 19
3482 3434 19
3434 37757 19
37757 31324 14
31324 10217 7
37757 38826 15
9585 45759 19
45759 31078 2
31078 41549 3
45759 29821 11
29821 37269 12
41549 29030 14
41549 40355 14
40355 5629 18
5629 9680 1
5629 44848 2
5629 49139 4
49139 5652 2
9680 13034 11
9620 2210 19
9637 10674 19
10674 46236 1
9690 190 19
9724 14690 19
14690 43260 10
9804 15077 19
9819 46274 19
9835 44063 19
9838 25247 19
25247 7787 3
9885 33768 19
33768 38663 2
33768 6402 15
9922 39289 19
9928 31063 19
10159 30807 19
10165 33055 19
10226 48103 19
48103 22466 8
10274 33355 19
33355 16568 15
33355 38226 18
38226 25754 8
25754 29959 16
10291 31382 19
10307 44146 19
44146 20953 5
10360 6088 19
6088 28554 17
10403 38476 19
10425 46904 19
46904 30860 16
10449 13384 19
13384 15942 14
15942 22490 14
22490 49308 4
49308 45273 1
49308 47011 4
47011 38121 1
38121 14995 11
14995 49820 9
22490 12824 16
12824 10864 4
10864 6691 10
45273 14291 17
10487 6790 19
6790 7019 8
7019 31139 13
7019 40657 19
40657 15817 1
15817 32383 14
32383 34547 5
32383 21496 14
21496 45608 1
45608 8504 4
10714 44363 19
10772 2807 19
10815 45888 19
10826 30366 19
10844 15874 19
15874 26547 12
10884 19145 19
19145 25014 16
10922 29727 19
10985 49716 19
11000 18980 19
11094 42654 19
42654 46169 11
46169 32731 12
11125 31312 19
31312 15832 1
15832 20399 3
11169 33118 19
11169 44908 19
11213 20342 19
11285 29841 19
29841 42441 4
11290 467 19
11300 2574 19
2574 33218 11
2574 6081 16
6081 3519 13
3519 33212 4
3519 34060 7
3519 13086 14
3519 43765 19
43765 4909 5
43765 33876 18
33876 7279 8
7279 20063 6
11330 1373 19
11481 36450 19
36450 37480 8
37480 18054 5
37480 33589 10
33589 5848 6
33589 9470 7
9470 32692 1
32692 15302 11
11565 20485 19
20485 11527 13
11527 12577 11
11588 28377 19
11590 21751 19
21751 4952 6
21751 31804 8
11659 17439 19
11670 18051 19
11754 17168 19
11820 17595 19
17595 25250 10
11852 43042 19
43042 13759 18
13759 11413 6
11413 38089 9
13759 38116 17
11866 4423 19
4423 8374 1
8374 15887 4
15887 4160 4
8374 24813 5
4160 27945 8
4423 41742 8
27945 10981 11
24813 28122 12
11978 29892 19
11987 32675 19
12003 7071 19
7071 3601 1
3601 7646 4
7646 19445 1
12193 2926 19
12271 36507 19
36507 9326 9
12276 9223 19
12388 3240 19
3240 39850 2
3240 38879 6
38879 34651 6
3240 45384 10
3240 11715 11
3240 4523 12
4523 31522 11
31522 9198 8
12585 14795 19
14795 14753 8
14753 42294 11
42294 22902 16
22902 3902 3
3902 40721 2
40721 16064 1
16064 28898 9
28898 33825 7
33825 47070 5
47070 2749 4
40721 2323 12
47070 3553 13
14795 18542 17
12622 29136 19
12633 32632 19
12682 48554 19
48554 7092 2
7092 1422 5
1422 16870 3
1422 6687 9
6687 1394 9
1394 9068 3
6687 6105 9
1422 17116 14
17116 2573 16
12683 42370 19
12880 21334 19
21334 39401 15
12885 26704 19
12975 34076 19
12990 5510 19
13034 29483 19
13047 1870 19
1870 39351 2
1870 1094 10
1094 30456 11
30456 36112 7
13065 2476 19
2476 21897 10
21897 34355 1
34355 34180 4
13102 24164 19
24164 16467 16
13136 19914 19
13147 31541 19
13310 20383 19
13355 25547 19
13483 30480 19
30480 41216 11
41216 30535 14
30535 35194 2
13516 45753 19
13594 7465 19
7465 31007 5
13626 44776 19
13630 4541 19
4541 30659 1
13636 35958 19
13756 17042 19
13822 49485 19
13885 33025 19
13906 22324 19
22324 29585 2
22324 49389 11
49389 24214 7
24214 13797 11
49389 9487 12
9487 19729 11
29585 25696 17
13949 12790 19
12790 41302 3
14029 34026 19
14068 3524 19
14131 5728 19
5728 12932 9
12932 37455 5
37455 37200 11
37455 9815 18
9815 32407 15
32407 41108 1
14143 18509 19
18509 42460 16
14173 16244 19
16244 24196 3
16244 34586 7
24196 19153 7
19153 13642 6
14174 5678 19
5678 25497 1
25497 45132 9
25497 22729 18
22729 30224 4
30224 2764 11
2764 43593 13
5678 28037 19
28037 28184 15
28184 29190 18
14277 9679 19
9679 11240 9
11240 6854 3
6854 16006 2
6854 15013 7
15013 35388 6
15013 46435 9
6854 6920 14
46435 40861 14
40861 1029 2
1029 8607 2
40861 8815 3
8607 43851 15
16006 9381 15
9381 48413 2
9381 35945 6
9381 44742 6
35945 19452 11
19452 27723 1
27723 32904 4
32904 9441 4
15013 13621 17
48413 37679 17
8607 39683 18
14305 31789 19
14310 6169 19
14343 34188 19
34188 31427 6
31427 19677 18
14376 27035 19
14446 31103 19
14494 20084 19
20084 20772 4
20084 9628 11
9628 15842 1
14496 45140 19
45140 19429 1
14527 25223 19
25223 31407 6
25223 28718 12
28718 15050 4
14537 37056 19
37056 29496 14
29496 1690 15
29496 33521 15
33521 25746 5
29496 43323 15
43323 37626 18
37626 20777 1
1690 31799 19
31799 24657 18
14556 22814 19
22814 19629 4
22814 29578 10
29578 37004 6
22814 20454 18
20454 8577 13
8577 31430 12
20454 22946 16
22946 24004 16
24004 47869 2
47869 13688 9
13688 26319 13
31430 14667 16
14667 29405 8
29405 42929 13
24004 27376 18
27376 26413 10
27376 30250 12
30250 11776 5
30250 21842 8
21842 11612 2
11612 15803 15
15803 34914 7
14563 13718 19
14597 46986 19
46986 11996 16
11996 30848 12
30848 37526 10
30848 48371 13
48371 39777 13
39777 40700 6
39777 34263 8
39777 42675 16
14793 40505 19
40505 49339 6
14823 10140 19
10140 30042 1
10140 49557 1
49557 3130 16
10140 48407 19
14912 11357 19
14958 27553 19
14959 40864 19
15046 9982 19
9982 41260 14
15056 21039 19
15089 28573 19
15102 8626 19
15111 19288 19
15163 28891 19
28891 11842 17
15169 28366 19
28366 21526 4
15188 30310 19
15199 24210 19
15242 11526 19
15340 6173 19
15363 47122 19
15424 14303 19
14303 40952 5
40952 23738 2
15481 49441 19
49441 38289 11
15486 24147 19
15517 24854 19
15540 36124 19
15624 17791 19
15715 35937 19
15824 10729 19
15861 44034 19
44034 814 14
15894 43763 19
15899 33544 19
33544 36241 10
33544 24682 18
24682 11543 14
36241 2355 18
2355 38383 2
38383 45666 8
45666 9941 6
9941 7270 12
7270 24935 5
24935 44861 10
7270 23790 13
23790 39559 7
23790 23201 14
38383 9496 14
9496 17580 4
9496 18733 14
9496 40459 16
40459 45023 6
45023 15018 6
9941 24811 16
24811 41746 4
24811 36805 5
36805 8804 12
8804 9704 14
18733 6275 17
6275 2774 7
15018 15194 19
15194 28182 4
15194 9918 15
9918 20820 8
20820 10825 4
10825 17473 12
17473 12028 4
20820 46283 18
46283 40059 10
40059 14319 5
40059 28019 9
28019 32161 1
10825 32969 19
12028 37782 19
37782 20198 2
20198 10402 1
10402 27217 16
27217 8973 9
8973 11312 16
11312 18832 16
18832 46328 7
15926 5673 19
5673 25695 8
5673 13740 12
15944 29444 19
29444 33497 6
33497 11143 2
11143 24392 18
24392 20283 7
16053 6184 19
16075 11301 19
11301 5897 11
5897 6177 1
6177 43029 2
5897 8437 4
8437 44373 15
16085 8091 19
8091 39508 15
16104 19179 19
16118 29078 19
29078 37102 6
37102 30183 7
37102 42641 18
42641 23280 12
16142 31867 19
16172 2537 19
2537 26462 3
26462 2522 18
2522 38145 6
16323 45572 19
16324 10629 19
16369 6465 19
16416 10447 19
10447 43017 7
43017 29541 2
16460 25454 19
16480 49856 19
16486 23111 19
16576 15855 19
16590 7565 19
7565 46000 15
16624 14329 19
14329 17396 11
17396 39725 14
16667 32470 19
16692 31261 19
16699 40010 19
16738 3888 19
16776 5035 19
5035 48592 2
5035 41880 13
16851 25296 19
25296 44677 2
25296 32066 3
25296 10029 18
10029 12070 7
12070 36067 5
12070 46432 5
16934 33839 19
33839 12837 4
33839 30789 11
12837 47253 18
17107 32746 19
32746 35340 2
17172 37174 19
17290 37169 19
17305 29115 19
17312 49645 19
49645 18879 10
49645 18622 11
17321 21131 19
17367 16254 19
16254 8921 18
17387 8264 19
17461 13098 19
17471 32266 19
17553 18141 19
18141 16252 8
16252 21606 6
16252 46438 13
21606 20813 17
20813 49700 12
20813 33465 17
17684 33136 19
17710 15906 19
15906 6991 15
6991 23587 8
6991 6125 16
6125 2305 9
2305 2028 15
6125 110 16
110 27724 2
17762 10119 19
10119 42918 17
17824 26781 19
26781 18976 8
18976 37431 15
37431 15462 16
15462 5876 2
15462 4690 11
4690 20212 2
20212 45416 3
17844 32787 19
17866 32646 19
17887 9239 19
9239 10627 4
9239 13590 19
18014 20310 19
20310 15037 16
18087 6225 19
18090 29300 19
29300 2581 9
2581 36442 17
36442 21376 6
21376 18125 10
18111 28548 19
18113 28532 19
18143 28346 19
18247 16152 19
16152 36516 3
36516 21748 18
21748 9378 2
9378 7330 4
7330 47905 12
47905 14844 7
47905 23839 8
23839 24315 9
47905 35983 13
24315 8480 16
7330 11271 17
18272 6823 19
18355 15271 19
15271 17109 14
15271 9958 16
9958 33720 5
33720 32004 3
32004 49300 6
9958 20901 9
33720 19122 9
9958 28248 11
20901 8621 12
19122 48249 13
48249 19647 13
19647 41143 8
41143 36817 13
19647 48232 15
48232 37119 13
49300 43529 15
43529 5043 1
18357 8771 19
18395 4374 19
18508 20669 19
20669 46389 4
18513 12482 19
12482 15179 10
18770 17097 19
18788 22238 19
22238 33515 17
18870 19951 19
19951 28302 4
19951 38150 12
38150 16385 14
16385 37041 8
37041 36147 14
28302 16872 17
16872 14443 15
14443 18933 10
18933 45382 1
45382 34296 17
34296 40016 11
18930 3637 19
18936 20527 19
20527 6655 4
6655 3836 17
3836 4408 1
4408 46416 2
46416 47451 7
47451 39890 11
4408 10426 13
10426 5860 7
5860 49009 11
46416 24532 14
4408 24973 16
20527 41097 17
41097 11844 2
11844 17466 3
17466 29878 11
29878 16994 5
11844 4866 15
4866 339 17
41097 13083 18
18954 8075 19
8075 21879 17
21879 32981 4
21879 45845 8
32981 20246 10
18976 22832 19
18987 39902 19
39902 32714 5
39902 34585 14
19009 22747 19
22747 18493 5
19016 19048 19
19048 1069 7
19048 12756 8
19031 24668 19
24668 49831 3
49831 42559 7
24668 34335 8
42559 35124 10
35124 30470 3
30470 47595 16
19129 20079 19
20079 9711 1
19167 16989 19
16989 45103 5
45103 40208 2
40208 23653 1
40208 34061 3
23653 3658 7
45103 1819 16
19217 15871 19
19266 8985 19
19286 12841 19
19364 45367 19
45367 36899 1
36899 1110 1
1110 30092 4
45367 24314 6
24314 20451 2
24314 18427 4
36899 34533 12
45367 24814 12
24814 15875 12
15875 717 16
717 26324 7
26324 18793 11
717 44698 13
18427 30001 16
19502 2559 19
2559 11684 1
19524 8572 19
8572 9597 7
8572 17364 9
19542 25897 19
19661 34759 19
34759 26794 8
26794 30278 6
30278 42677 3
30278 23030 11
19789 31786 19
31786 31485 4
19820 48233 19
19897 10065 19
19958 28296 19
28296 18701 11
18701 23001 9
23001 7789 9
7789 48011 18
20020 33605 19
33605 40336 2
40336 2095 3
20085 18552 19
20087 8760 19
20149 27392 19
20190 26174 19
26174 42393 15
20222 36855 19
36855 37948 11
37948 16571 7
20263 38959 19
20449 44478 19
20494 49370 19
49370 8403 9
20586 44939 19
44939 26099 12
26099 34924 3
20613 44264 19
20788 43657 19
43657 18633 15
20807 42886 19
42886 2599 2
20841 32038 19
20851 26216 19
26216 41062 15
20852 35735 19
20855 31591 19
20929 14492 19
14492 45989 18
20929 29207 19
20971 25853 19
25853 23258 11
20999 11027 19
11027 44349 9
44349 33502 2
33502 2085 5
21130 37500 19
37500 5429 7
5429 44344 2
44344 48986 5
48986 19939 11
19939 20706 4
19939 5919 11
5919 5611 5
5611 41381 2
48986 20575 14
20575 10823 1
10823 40369 6
40369 24938 2
10823 40026 15
40026 10516 6
10516 10874 2
10516 37137 4
21170 15244 19
15244 38307 2
21236 43882 19
43882 22824 6
43882 46523 15
22824 6437 16
21245 19256 19
21298 33230 19
21313 13364 19
21385 26653 19
26653 31628 18
31628 40681 4
40681 10461 18
10461 10983 3
10461 27586 5
10461 29308 11
29308 17804 9
10461 36743 16
29308 33125 17
33125 1912 15
1912 672 2
672 30793 2
672 18640 5
21389 11183 19
11183 17338 2
17338 26147 6
11183 24284 13
24284 44052 4
24284 5138 6
44052 46912 11
24284 19694 12
24284 27883 14
24284 15353 17
21473 38612 19
21508 4747 19
4747 22206 2
21540 30389 19
21565 33421 19
21711 42693 19
21773 2805 19
21778 11600 19
21803 3245 19
21810 38686 19
21864 21970 19
21911 43238 19
22010 35433 19
35433 40916 3
40916 43314 7
43314 10019 11
43314 49459 11
49459 47501 4
22042 17268 19
22045 44018 19
44018 22858 2
22858 24764 6
22858 41601 11
22858 15268 12
22858 26670 12
24764 37797 14
22059 43860 19
22078 12428 19
12428 30852 7
22109 41938 19
22135 31768 19
31768 26279 10
22211 37933 19
22227 26270 19
22287 13857 19
13857 23838 12
23838 48036 13
13857 22809 15
22809 40273 2
22809 18899 8
13857 25378 19
25378 46825 14
46825 16364 11
22375 35492 19
35492 13055 1
35492 43773 9
22405 29061 19
22458 33292 19
33292 10751 3
22479 29011 19
22495 20619 19
22573 47880 19
47880 12849 5
47880 13993 13
13993 44700 19
22588 46968 19
22591 48164 19
22628 34454 19
34454 13709 12
13709 22233 2
13709 26138 3
26138 31040 2
13709 31466 10
26138 8592 15
22233 5821 19
22802 49670 19
49670 37256 5
22823 39757 19
39757 43458 4
43458 41552 3
39757 7069 8
22897 23203 19
23203 31328 14
22945 18913 19
18913 18284 19
18284 39089 16
22965 6471 19
6471 39924 11
23004 27193 19
27193 44915 4
23011 28826 19
23016 24547 19
23017 20982 19
20982 21000 5
20982 3623 11
3623 47389 10
20982 14294 11
47389 29127 14
21000 23719 15
3623 3008 18
23023 43539 19
23113 44237 19
44237 34784 4
23237 22961 19
22961 20334 13
23245 30255 19
30255 37570 2
23249 4194 19
4194 18456 18
18456 6019 6
6019 43066 5
6019 41573 8
41573 47989 3
47989 30388 6
30388 10709 7
10709 9059 14
9059 16702 10
30388 13148 15
23426 26192 19
23524 40253 19
40253 4731 5
23541 34535 19
23580 27734 19
23678 30482 19
23793 26008 19
26008 49909 2
23840 30996 19
30996 13490 1
13490 18058 19
18058 27844 16
27844 39821 3
39821 31281 2
27844 46194 15
46194 27404 9
27404 18006 17
23919 31953 19
31953 45129 8
23940 20995 19
20995 2286 13
23971 15084 19
15084 16476 11
16476 14998 7
16476 22027 18
23994 32679 19
24050 31970 19
24104 28228 19
28228 14638 12
24124 4161 19
4161 26630 9
4161 26275 14
26275 16115 18
24137 39386 19
24182 8869 19
8869 501 6
501 12629 4
12629 12678 2
501 30679 7
12629 41476 8
30679 24808 9
12678 48691 10
48691 20047 5
20047 23356 3
48691 1199 6
1199 30086 11
23356 19160 11
30086 2809 11
48691 16098 15
12629 28643 17
28643 32607 3
28643 45257 4
16098 1169 17
1169 7492 18
24206 6562 19
24257 39541 19
39541 49950 18
24289 19053 19
24298 24507 19
24311 17218 19
24333 4861 19
4861 37255 12
24360 31359 19
24375 42637 19
24389 8501 19
8501 14822 6
8501 39024 15
39024 35592 13
24391 17400 19
24395 11141 19
24424 18810 19
18810 35402 18
24432 23444 19
23444 7961 18
7961 25290 10
25290 27134 6
27134 46094 5
46094 25277 1
25277 13122 3
13122 33628 10
13122 21633 14
7961 10591 16
33628 15634 18
24530 15498 19
24656 25253 19
25253 49067 17
24681 39329 19
24813 28460 19
24819 3471 19
3471 2092 9
3471 41056 10
3471 34198 17
24833 44925 19
24866 18823 19
18823 15466 6
15466 15029 13
24878 34164 19
24921 37377 19
24982 15646 19
25016 4310 19
25132 18386 19
25136 15628 19
15628 16473 6
15628 2121 8
2121 657 11
2121 13859 13
13859 34484 12
657 179 15
657 43582 15
43582 4487 9
4487 31835 6
34484 25913 17
25913 39861 13
39861 42286 3
43582 14644 18
25273 8287 19
8287 14102 19
25312 24317 19
25331 47610 19
47610 27904 1
27904 10759 14
10759 36348 7
25383 30383 19
30383 16929 3
16929 28928 2
16929 33373 8
30383 39202 16
25525 388 19
25795 49318 19
25853 2782 19
2782 23196 6
25862 42349 19
25968 1378 19
25975 130 19
130 40875 7
25979 39458 19
26004 27308 19
26031 21806 19
21806 16961 8
26031 38644 19
38644 42409 13
42409 16713 13
42409 36247 14
26035 45439 19
26052 10313 19
10313 24524 8
24524 2314 6
2314 10900 1
10900 991 5
10900 17314 13
17314 22159 1
2314 1933 14
1933 311 8
311 37619 2
37619 16043 9
37619 2684 10
16043 16237 17
16237 14859 9
10313 7174 18
26063 25424 19
25424 16946 5
25424 42613 9
42613 39283 14
26100 45342 19
45342 38714 15
26130 36683 19
26240 42553 19
26314 16878 19
26337 11405 19
11405 2472 7
2472 27637 14
26356 24 19
26382 17908 19
17908 17603 11
17603 2459 3
26418 22804 19
22804 15671 8
26427 5605 19
5605 48471 19
26446 35969 19
35969 16300 3
16300 23574 16
23574 31362 5
31362 19073 1
31362 48078 16
48078 7543 10
7543 4775 6
4775 14293 5
48078 6000 14
26453 2891 19
26578 17238 19
17238 47458 13
47458 45193 4
45193 35317 1
47458 45515 13
45515 33510 9
33510 3348 7
47458 31114 15
47458 40250 15
45193 24016 16
26596 38668 19
26865 9497 19
9497 32874 9
26870 33369 19
26927 7357 19
27017 18776 19
27036 23309 19
27176 30794 19
27201 39112 19
27264 10713 19
27317 21418 19
27322 46428 19
46428 105 12
27373 17846 19
27376 17831 19
27432 39258 19
39258 18527 18
18527 20210 5
18527 12071 16
12071 5513 2
12071 35761 2
5513 13603 3
5513 47460 4
47460 48599 2
48599 28552 6
28552 47909 4
47460 35793 7
47909 41794 12
41794 17646 8
5513 24193 13
5513 3158 16
3158 13526 10
12071 13512 16
13512 41602 13
18527 12664 17
12664 43789 6
35761 18035 17
3158 5130 18
12664 7837 19
27433 5401 19
5401 26126 17
26126 26195 4
26195 14538 7
14538 8006 11
8006 911 10
911 35932 15
27444 28338 19
27521 8470 19
8470 42736 2
8470 2006 3
2006 4215 5
8470 44038 11
44038 34072 1
34072 37971 6
8470 40997 15
4215 41976 17
41976 48216 9
48216 17046 1
17046 35286 17
27543 6858 19
6858 29503 11
6858 46764 12
6858 29994 17
27547 14105 19
27550 9847 19
27638 27114 19
27670 32543 19
27682 9395 19
9395 19045 2
19045 13023 11
27750 18170 19
27782 37564 19
27905 46785 19
46785 19498 13
19498 31110 1
31110 1124 15
1124 34235 19
27928 33711 19
28037 44606 19
28168 17986 19
28236 30137 19
30137 35576 9
35576 31391 15
31391 4292 4
30137 4852 18
4852 36158 4
28239 15214 19
15214 37154 3
15214 20055 17
20055 30378 8
28250 10535 19
28404 1673 19
1673 5618 13
5618 44181 14
44181 16627 5
5618 49939 17
49939 1038 7
44181 8019 17
8019 15411 17
28423 31898 19
31898 26194 10
26194 16409 14
31898 47742 18
28443 7101 19
7101 14682 13
14682 11107 14
11107 34859 16
34859 33120 1
33120 27658 3
33120 16436 5
34859 46932 6
28453 25519 19
28516 31214 19
28540 21577 19
28541 20282 19
28625 22735 19
28641 14955 19
28741 41025 19
41025 9431 3
9431 27482 7
9431 43844 8
27482 24237 9
27482 24674 11
24674 3433 15
3433 25426 8
28830 11925 19
28837 35834 19
35834 21860 6
21860 20693 8
20693 25098 18
25098 14796 2
28883 3447 19
3447 8823 11
8823 12293 6
12293 34612 1
28907 21880 19
28928 27605 19
27605 29339 2
28935 43455 19
29030 21184 19
29144 11980 19
11980 14656 9
29187 39984 19
29276 39371 19
29301 45054 19
29320 45457 19
45457 42231 17
42231 18830 9
18830 44935 1
44935 14179 10
14179 28509 18
44935 28435 18
28435 49399 17
29328 32633 19
32633 43001 4
29566 4031 19
29587 22553 19
29736 40029 19
40029 14069 4
14069 31252 15
40029 6063 15
6063 33920 19
29826 34208 19
34208 12895 1
34208 7742 3
34208 44711 3
44711 10942 5
7742 18145 7
10942 26521 12
29837 16079 19
16079 46411 5
46411 11407 8
11407 36419 5
11407 16483 9
16483 11378 8
46411 39335 10
29911 47561 19
30003 8713 19
8713 6902 7
6902 45448 3
30050 18201 19
30062 43123 19
43123 33011 2
33011 23248 7
33011 48640 9
23248 40976 10
33011 23996 10
23996 42772 6
43123 13157 11
33011 46933 12
33011 6051 15
48640 13788 18
30069 14118 19
14118 2017 17
30172 3477 19
3477 17478 1
3477 8409 6
30207 9304 19
9304 20139 2
30224 39118 19
39118 42676 12
42676 9186 15
9186 7483 8
30281 47286 19
30289 12348 19
30291 31937 19
30390 17087 19
30405 27926 19
27926 33516 16
33516 47085 9
30430 11649 19
30577 26650 19
26650 37343 4
26650 7271 16
30595 23882 19
30638 18872 19
30823 47314 19
30847 14671 19
31040 48556 19
48556 41741 1
31077 4473 19
4473 27443 10
27443 15953 1
15953 30990 6
30990 20219 9
4473 14226 12
14226 31662 2
31662 44089 7
27443 34737 12
4473 49777 17
27443 43591 19
31082 36568 19
31092 13383 19
13383 9197 12
31125 22341 19
22341 30593 8
31265 19507 19
31373 41887 19
41887 990 2
31392 42765 19
31425 45217 19
45217 44391 9
44391 43742 13
43742 29162 8
31662 23909 19
31770 3514 19
3514 40294 2
40294 13093 5
40294 34607 7
31789 33371 19
31858 32417 19
32417 36059 3
32417 27039 15
32417 23412 18
31861 32273 19
32273 26684 4
26684 28811 8
31904 14191 19
14191 1925 14
1925 2386 16
2386 19467 11
19467 12703 5
12703 2219 11
2219 7995 5
7995 925 9
19467 33286 11
7995 8213 13
8213 37629 17
37629 9393 3
37629 26505 15
32047 34778 19
32107 37984 19
37984 37392 11
37392 45358 14
32112 18162 19
32141 18220 19
32386 49632 19
49632 40795 3
40795 29999 5
49632 9950 7
9950 24472 12
40795 2409 12
29999 35819 13
2409 32354 16
29999 18457 19
32397 12484 19
12484 6136 10
32443 288 19
288 46987 11
46987 34889 7
46987 17211 14
32503 20645 19
20645 2856 7
2856 17499 11
32512 38321 19
32515 39909 19
32597 7999 19
32676 3255 19
32704 36425 19
36425 46015 17
32728 27530 19
27530 30227 4
32954 46862 19
32986 12423 19
12423 17356 1
33198 38304 19
33319 20664 19
33348 49214 19
33423 36504 19
33459 9684 19
9684 39495 13
33468 25930 19
33491 7267 19
33638 3092 19
3092 23233 9
3092 662 10
662 28547 7
662 3495 13
28547 22787 15
22787 9755 5
9755 40481 1
9755 621 4
9755 35568 12
40481 22618 12
40481 27581 17
27581 29739 16
29739 19060 17
19060 29062 12
19060 28418 16
33753 33874 19
33846 11176 19
33999 35470 19
34003 29823 19
34086 39407 19
34122 31448 19
34166 21568 19
21568 11601 18
11601 17895 1
34230 45562 19
45562 38244 4
34287 23025 19
23025 46787 3
34294 32013 19
34345 26955 19
34358 18364 19
18364 44491 1
18364 12485 2
12485 8677 7
8677 47417 3
47417 22664 5
47417 27815 11
27815 39911 6
39911 35217 5
35217 21390 2
21390 49177 7
21390 4950 15
12485 12111 16
12111 22477 2
35217 22697 18
34364 33105 19
34375 35804 19
34389 18291 19
34391 29595 19
34396 25985 19
25985 22346 14
34431 37585 19
34478 34341 19
34341 48321 9
34545 1641 19
1641 41924 4
34612 45501 19
45501 32857 17
32857 8404 2
8404 35681 4
8404 12667 5
32857 26089 9
35681 20192 15
20192 31057 2
20192 4361 6
31057 24011 6
4361 5304 17
5304 32056 8
5304 26295 16
26295 29367 11
26295 28715 16
28715 33380 3
28715 38356 5
38356 5475 2
38356 1519 5
33380 29080 13
38356 4193 13
4193 3359 6
3359 9216 1
4193 7464 13
5475 1266 16
1266 16899 7
16899 28646 2
16899 49958 10
49958 47627 10
1266 9322 17
4193 32102 17
29080 21701 18
21701 39957 15
21701 28697 17
21701 34633 18
34633 25856 16
34720 31132 19
34903 24607 19
24607 43305 5
43305 20679 10
35087 22272 19
35108 48001 19
48001 46256 9
35152 13398 19
13398 29186 7
35178 37177 19
37177 3153 12
35450 20462 19
35484 21467 19
21467 37328 17
35506 24640 19
35628 39116 19
35776 47929 19
47929 39691 7
39691 48052 13
36100 42951 19
36255 18403 19
18403 42533 18
42533 28680 3
28680 1578 2
1578 1738 6
42533 5235 11
5235 12935 4
28680 30602 14
1578 35884 18
36256 21415 19
36312 43126 19
36330 47281 19
47281 40572 14
40572 9217 12
9217 23148 11
9217 45601 11
45601 11383 8
11383 39030 4
36334 39341 19
36513 8559 19
36524 5509 19
5509 47348 16
47348 17534 7
36612 34265 19
34265 48202 5
48202 23165 9
36724 7519 19
36730 47313 19
47313 47340 6
47340 16991 13
36743 11606 19
11606 43778 9
43778 23105 4
11606 2808 15
11606 41171 15
2808 490 18
490 18852 14
36802 33517 19
33517 29386 13
36950 20663 19
37049 23238 19
37068 39716 19
37130 42907 19
37265 47735 19
37277 37609 19
37609 34487 1
37609 4875 7
37346 48271 19
48271 18171 1
48271 9376 15
9376 32485 7
32485 20844 11
37427 5107 19
5107 41331 9
37455 49995 19
37513 1615 19
37644 16236 19
37671 40579 19
37913 38030 19
37937 40146 19
37943 26249 19
26249 45438 8
38043 48311 19
38050 510 19
510 39905 15
38169 22236 19
22236 25318 15
38209 23557 19
23557 9940 9
38213 47510 19
38230 23805 19
38240 48416 19
38385 46854 19
46854 5191 5
38537 39726 19
38585 3943 19
3943 1106 14
38634 37308 19
37308 18839 18
18839 37552 7
37552 24847 15
24847 30209 2
24847 35190 7
35190 33381 12
35190 18957 17
18957 37170 9
37170 24643 11
24847 44791 19
38648 6049 19
38847 49624 19
49624 46855 12
38870 34652 19
34652 16876 5
38894 7457 19
7457 5260 10
5260 10539 10
7457 9803 11
10539 42134 14
5260 49994 15
38979 42157 19
39041 5638 19
5638 30649 19
30649 39176 3
39176 47629 6
39176 32021 8
39176 30544 9
30544 17089 14
17089 24275 10
39098 8207 19
39108 26369 19
39362 7852 19
39464 44971 19
39478 20897 19
39478 31592 19
39500 1761 19
1761 49649 13
39514 30738 19
30738 3366 19
39517 43810 19
43810 18880 7
18880 40001 4
39524 33904 19
39596 43194 19
39609 11818 19
11818 34742 1
34742 38889 11
39610 6360 19
39639 39498 19
39498 10113 15
39769 29250 19
39834 17193 19
39887 6248 19
39945 20947 19
40027 45932 19
40071 9828 19
40078 46097 19
40101 13542 19
13542 22676 3
22676 24593 18
24593 27824 3
27824 10554 6
27824 37583 15
13542 19700 19
40242 13266 19
40299 41377 19
40362 3714 19
40504 22052 19
40515 26932 19
40627 9782 19
40634 14444 19
14444 6626 3
6626 49468 2
14444 6898 7
14444 16555 8
49468 36326 10
49468 44781 10
49468 26826 11
26826 4647 9
49468 45961 11
45961 41661 10
4647 3452 19
40645 45182 19
45182 2589 2
40661 40970 19
40970 33455 17
40695 34746 19
34746 45554 7
45554 22772 3
22772 46388 3
46388 29915 6
34746 7487 18
40740 48597 19
48597 40639 13
40828 28008 19
40873 6575 19
6575 33576 11
40873 25845 19
25845 46864 1
40894 4993 19
40925 29779 19
41087 44385 19
41221 18120 19
18120 8473 4
18120 43263 7
8473 27012 11
41256 16106 19
41293 23278 19
41419 40869 19
41506 48211 19
41602 28115 19
28115 46699 3
41621 23707 19
23707 47821 5
41742 19207 19
19207 20464 5
41797 35489 19
42082 28874 19
28874 48281 1
28874 25105 7
28874 21490 11
28874 46081 14
42082 49156 19
49156 2198 12
42131 28919 19
42305 38138 19
42357 29432 19
29432 23935 1
42384 41283 19
41283 39654 16
39654 41085 8
42550 23161 19
23161 23729 17
23729 34986 8
23729 45649 9
34986 19306 10
19306 22580 4
45649 37682 11
22580 23286 12
22580 24871 15
24871 24312 17
24312 40474 1
42562 44217 19
42583 16226 19
42595 39963 19
42636 7087 19
42732 15833 19
42831 43162 19
42891 48871 19
48871 19375 7
19375 7818 1
7818 26867 14
42929 33216 19
33216 29858 8
33216 27531 13
42932 46816 19
43097 33498 19
43157 26392 19
26392 15229 3
43178 30632 19
30632 17139 2
43189 18982 19
43194 48135 19
48135 2073 6
48135 21210 13
43214 41798 19
41798 9762 6
9762 2423 18
41798 26137 19
43259 34226 19
43284 5249 19
43330 24541 19
24541 8047 10
43332 47102 19
43386 18081 19
18081 4330 4
43425 21350 19
21350 47214 4
43437 36689 19
43446 44205 19
43528 26682 19
26682 21698 14
21698 48752 6
21698 36192 13
48752 35410 15
43619 27064 19
27064 32284 14
43631 29040 19
29040 37406 19
43721 36242 19
36242 39687 19
43827 47060 19
43836 4988 19
4988 34851 13
34851 23911 17
43889 42005 19
43942 28742 19
44065 41771 19
41771 770 15
770 1754 12
1754 40004 9
40004 29244 5
40004 33242 8
41771 23106 17
44215 14936 19
44291 13869 19
13869 15280 9
15280 33651 6
33651 18952 8
13869 10301 10
44295 27251 19
27251 30769 3
44311 21786 19
21786 27532 12
44324 14700 19
14700 4287 2
4287 8268 6
8268 17210 12
44391 37548 19
44397 14352 19
14352 12371 1
44420 25676 19
44435 27563 19
44506 550 19
550 47803 3
44576 35305 19
35305 38423 3
44645 28574 19
44736 28663 19
44771 32348 19
44854 48911 19
45047 29343 19
29343 40200 3
40200 18468 12
45078 17509 19
45113 605 19
605 597 13
597 38623 12
38623 10334 14
597 42435 16
42435 18315 6
45191 22929 19
45264 26818 19
26818 25431 3
26818 48008 7
45346 24489 19
45401 10811 19
10811 42195 13
10811 25198 16
45461 6313 19
6313 15019 9
45485 8726 19
45554 6424 19
45580 42582 19
45705 25358 19
25358 15952 14
15952 36551 1
15952 19071 6
15952 43423 8
19071 32949 12
19071 9650 14
9650 38166 8
9650 19998 15
19998 35446 3
45849 49116 19
46030 15324 19
15324 22568 9
46144 47875 19
46145 17045 19
17045 29843 19
29843 34900 8
34900 46224 5
46224 34985 13
46462 13622 19
46646 22105 19
46657 6820 19
6820 34832 5
6820 20790 17
46713 22689 19
22689 2327 4
2327 3536 7
46728 25679 19
46755 31009 19
31009 43580 6
46769 44472 19
46811 23759 19
23759 9859 17
46897 15583 19
15583 15285 19
15285 26667 14
26667 45969 15
45969 37696 15
37696 11073 15
15285 7332 19
46897 34011 19
46954 12948 19
46974 20643 19
20643 40046 1
47014 15793 19
47014 31793 19
47150 22116 19
22116 37744 1
47271 40214 19
40214 22571 12
47271 46542 19
47338 36749 19
47406 12182 19
12182 36646 7
36646 27602 8
27602 29293 5
29293 6785 6
36646 29825 11
47451 22462 19
22462 42140 8
47476 14156 19
47524 12517 19
47534 36632 19
47570 32567 19
32567 39705 5
47655 33523 19
47692 30178 19
47696 26055 19
26055 14529 18
14529 15746 13
15746 12858 4
12858 42695 9
47707 15843 19
15843 2532 14
2532 3657 16
2532 12247 18
47738 4048 19
4048 23999 9
23999 20573 11
20573 49183 2
20573 2663 14
47969 389 19
389 58 11
58 47774 7
58 41121 12
58 34 19
48045 18737 19
18737 33147 3
18737 22768 8
18737 33206 10
48106 19181 19
48111 49463 19
48331 14301 19
48337 28131 19
28131 20822 5
48395 25601 19
25601 7993 12
25601 27737 19
27737 30651 2
48553 39317 19
39317 31433 17
48592 38454 19
48622 44571 19
44571 24880 10
24880 29571 11
24880 38097 18
38097 48877 19
48857 17277 19
48985 42350 19
48989 33757 19
49166 47526 19
49184 16144 19
16144 7561 19
7561 17894 4
7561 30177 18
17894 14805 19
49238 40597 19
49241 40116 19
49258 27696 19
49309 37038 19
49501 32584 19
32584 27599 17
49635 44259 19
49642 21898 19
21898 12984 1
21898 17304 4
17304 131 18
131 47764 18
47764 11893 5
11893 41762 1
41762 27044 11
47764 17701 17
49789 12720 19
49908 21445 19
49911 26876 19
26876 15370 5
49936 26297 19
26297 15685 8
26297 27298 13
27298 10987 16
10987 3465 3
3465 39014 5
3465 40117 13
40117 15026 12
40117 25332 15
25332 12687 1
12687 15712 5
49980 32119 19
32119 31193 15
31193 38874 10
32119 43317 17
43317 9596 16
9596 1760 12
1760 21929 11
59 16933 20
69 29414 20
103 3152 20
120 14458 20
14458 32680 2
32680 22926 10
32680 5698 17
5698 30505 12
5698 8535 16
8535 27234 10
122 11936 20
11936 8659 15
131 3597 20
151 5073 20
5073 22911 13
167 20121 20
20121 21197 5
219 67 20
226 18862 20
18862 36314 16
253 13737 20
13737 17090 11
17090 17479 13
13737 22240 18
22240 35811 11
22240 36569 11
22240 11953 16
11953 24895 8
313 22781 20
344 28577 20
354 272 20
272 1674 6
272 44931 11
44931 18915 8
18915 39660 17
39660 43561 15
43561 22009 11
22009 49855 1
22009 27849 7
49855 39473 9
39473 19412 1
272 44125 19
44125 12180 10
19412 36393 19
375 9119 20
9119 32938 4
32938 15440 7
468 26649 20
26649 4086 3
510 6290 20
6290 43798 14
43798 40406 2
40406 12224 19
40406 48411 19
585 31086 20
31086 1522 3
591 48596 20
48596 24306 2
24306 35137 5
35137 15684 4
603 5363 20
621 45993 20
653 12919 20
12919 5335 10
5335 15755 7
655 35501 20
35501 4095 1
4095 4698 4
35501 49259 16
702 1255 20
702 1604 20
1604 29753 14
737 27260 20
759 21713 20
767 11066 20
791 1797 20
1797 21763 1
1797 2195 15
815 42674 20
819 12216 20
12216 28224 14
12216 24201 15
24201 4533 3
4533 36520 3
36520 44655 13
12216 40919 16
4533 7205 19
831 18437 20
18437 27009 3
27009 19212 2
19212 14531 13
890 24936 20
24936 47682 9
47682 4397 6
4397 40936 1
4397 19950 3
40936 27323 6
40936 20683 9
20683 18688 8
4397 39975 10
47682 32782 13
32782 36640 1
18688 12681 14
12681 13146 4
12681 34722 10
27323 27289 17
904 10102 20
10102 47695 7
10102 32201 17
32201 23813 8
23813 49737 1
47695 39140 17
32201 45480 18
943 38492 20
38492 9369 5
1033 9985 20
9985 24220 9
9985 3086 17
3086 34597 8
1053 493 20
1065 23096 20
23096 49673 9
1089 49931 20
1094 6852 20
6852 27374 5
1138 38975 20
1142 6282 20
1153 12295 20
1159 47147 20
1160 36047 20
36047 19781 4
19781 15115 8
1203 685 20
1237 32789 20
32789 10210 15
1250 38016 20
1285 48924 20
48924 36762 8
36762 21372 5
36762 28148 11
28148 31477 1
31477 37104 12
1322 36394 20
1355 49964 20
1365 2366 20
1420 5062 20
1422 18178 20
18178 20677 3
18178 19005 13
19005 23914 12
20677 6819 15
23914 17403 16
17403 31415 7
17403 8894 18
19005 19136 19
1437 24998 20
1440 2603 20
1486 13855 20
13855 45957 6
45957 10155 14
10155 3653 5
1523 31053 20
31053 9780 10
1537 32491 20
1538 10443 20
10443 48487 6
10443 27601 15
1621 8336 20
1642 8364 20
1656 26839 20
26839 17022 14
1697 711 20
1713 24504 20
24504 25163 14
1718 23584 20
1767 42145 20
42145 18925 5
18925 633 17
633 7121 11
7121 29765 2
633 935 12
935 47199 16
1808 590 20
1824 2836 20
2013 37037 20
37037 20431 17
20431 30945 17
2039 42754 20
2045 8738 20
8738 39859 7
39859 38681 9
38681 32000 3
38681 1653 9
38681 39899 9
39899 4338 7
4338 46365 12
46365 35655 8
39899 3363 13
35655 21137 14
21137 22470 15
35655 45767 17
2050 8080 20
8080 40156 1
2080 23263 20
2087 43534 20
43534 39440 5
43534 48122 6
43534 21836 9
21836 49042 7
2257 20319 20
2289 3199 20
3199 5740 17
2297 17901 20
17901 34907 12
34907 47158 15
2383 15550 20
15550 35743 14
2397 14483 20
14483 16806 2
2500 48581 20
48581 28713 11
2523 38811 20
2579 12565 20
2605 16607 20
16607 4808 8
4808 28042 5
16607 27297 9
4808 11755 14
11755 26935 2
11755 37182 2
4808 5056 15
5056 47172 7
2890 41058 20
2908 21547 20
21547 34707 13
2916 41190 20
41190 13113 17
3012 11246 20
11246 45798 18
3073 17031 20
3076 44168 20
44168 30149 6
3077 35698 20
3101 5179 20
5179 16875 9
16875 14648 14
14648 22208 14
3130 42203 20
3131 6617 20
3134 38991 20
38991 44554 3
38991 1292 10
3226 12716 20
3252 29284 20
29284 42277 12
29284 11007 17
3257 37108 20
3270 16650 20
3276 10733 20
10733 23084 3
3281 44031 20
3302 22510 20
22510 21619 1
22510 5190 12
3327 10283 20
10283 8903 10
3397 30570 20
3420 47330 20
47330 15708 10
47330 26400 10
26400 12407 4
12407 37837 7
37837 47589 4
26400 44721 10
26400 19966 11
47330 41281 18
41281 37033 15
3503 4179 20
3520 11793 20
3544 25256 20
3546 6457 20
3597 33461 20
33461 5960 10
5960 45537 10
33461 36808 15
3612 28335 20
3623 17502 20
17502 48516 3
48516 30148 3
48516 5148 12
5148 19440 1
19440 35719 7
3661 41253 20
3664 617 20
617 28517 1
28517 20789 6
3687 47061 20
47061 20633 18
3719 34459 20
3745 41259 20
3767 39327 20
3787 4670 20
4670 13001 4
13001 21064 13
21064 19695 4
19695 19557 6
19695 39320 13
19695 1043 19
3800 12062 20
3844 6531 20
6531 28308 1
6531 42560 3
28308 18559 7
42560 18380 16
18380 13393 8
18380 18188 17
18559 9010 17
9010 36024 6
9010 8492 7
8492 47080 6
9010 9469 10
9469 43080 4
18559 39164 19
3874 10673 20
3900 35723 20
35723 36033 5
3902 31187 20
3964 15954 20
15954 45065 12
3987 4230 20
4230 49655 9
4009 46569 20
46569 26280 2
26280 37873 12
4100 21684 20
4259 3249 20
4281 49532 20
49532 23048 13
49532 46425 16
4314 3133 20
3133 10701 2
3133 31504 2
10701 28107 9
28107 31855 9
3133 715 13
715 952 5
4324 11598 20
4347 6367 20
6367 31150 12
31150 31185 5
31185 47123 3
4393 26871 20
26871 30368 2
4451 4528 20
4506 6965 20
6965 16664 14
4575 45655 20
4601 16151 20
16151 17705 2
4693 13013 20
4720 16334 20
4852 3772 20
3772 12777 8
12777 31991 8
3772 42810 13
42810 27789 18
27789 47034 16
3772 1216 20
1216 23217 8
4856 18373 20
4856 37249 20
4859 35892 20
4864 12951 20
4901 49467 20
49467 26342 4
4978 6893 20
5038 37791 20
37791 44990 8
44990 42769 4
44990 33777 8
5074 27351 20
27351 28349 15
28349 7091 12
7091 7437 15
7437 6888 2
6888 23302 4
6888 24090 9
24090 38200 17
5123 40573 20
40573 33882 10
5168 38937 20
5190 48536 20
48536 25061 12
48536 20413 17
5247 26308 20
5262 42983 20
42983 25889 1
5269 8666 20
5337 37230 20
37230 9801 16
5348 42335 20
42335 21839 17
21839 45165 13
45165 10918 2
10918 41964 17
41964 9323 13
9323 15681 19
5453 5703 20
5703 48191 4
48191 26163 2
5703 13794 6
26163 1517 14
1517 26664 4
26664 12871 8
1517 40268 15
40268 28870 14
5575 25485 20
5578 18328 20
18328 25660 19
5581 39352 20
39352 13856 11
13856 28365 6
28365 49001 10
5604 14337 20
14337 2694 17
2694 781 12
781 2971 7
5616 9983 20
5696 2810 20
5708 13335 20
13335 25681 10
25681 11731 9
11731 39950 1
13335 49961 10
49961 5365 7
11731 49223 12
5708 35903 20
35903 40969 3
40969 12854 9
5731 30932 20
30932 5120 8
30932 15287 11
15287 48845 7
48845 31916 9
48845 11531 10
31916 27691 11
27691 46538 3
31916 29896 16
15287 3247 18
3247 3194 13
3247 22855 14
22855 48424 10
3194 48192 19
48192 48104 13
48845 33642 19
33642 36965 10
36965 38972 15
5766 19164 20
19164 21635 3
21635 39838 6
5772 16981 20
16981 24359 10
24359 8777 2
8777 32196 9
32196 30517 3
24359 13143 16
30517 44905 16
5773 37490 20
5841 43644 20
5953 7855 20
6009 29025 20
6170 28431 20
6172 45161 20
45161 3412 13
6289 19712 20
6302 20101 20
20101 22142 15
22142 21163 6
21163 11056 4
6359 45702 20
45702 28089 19
28089 43341 14
6384 17251 20
6392 23108 20
23108 25330 19
6401 40441 20
40441 25271 2
25271 11780 6
40441 21199 7
11780 17938 14
40441 33271 19
6526 19849 20
6533 42519 20
6562 32824 20
32824 44356 13
44356 37103 18
37103 17953 10
6641 42791 20
42791 46378 3
46378 30891 16
30891 15269 4
30891 23800 5
23800 18042 18
6641 49975 20
49975 49337 10
6722 41436 20
41436 47333 7
47333 16099 6
47333 28597 8
41436 42759 11
42759 10746 2
42759 21794 3
42759 48849 7
41436 30154 14
28597 16147 16
16147 13217 1
16147 46669 2
13217 27095 5
16147 31277 9
6754 4718 20
6767 42931 20
42931 30411 2
6803 1651 20
6803 6023 20
6817 45953 20
6897 37936 20
37936 26920 1
26920 17243 2
26920 18340 12
18340 48631 12
26920 24071 16
24071 31087 10
31087 46664 1
31087 9521 6
7009 41960 20
7052 36015 20
7057 11930 20
7078 46600 20
46600 32603 17
32603 41502 3
7081 30621 20
7198 3933 20
3933 47379 12
47379 33066 13
7201 11668 20
11668 4219 16
7241 1873 20
7243 36031 20
36031 27060 18
7244 44214 20
44214 44357 9
7261 43384 20
43384 27152 1
27152 23136 11
23136 35198 2
35198 25735 10
23136 41402 18
43384 3711 18
7304 44141 20
7309 3023 20
3023 18771 16
18771 45024 13
7313 16116 20
7447 36411 20
36411 14506 17
14506 21239 7
21239 10091 7
10091 36152 10
7471 40600 20
7487 27746 20
7537 4632 20
4632 8032 14
8032 25147 1
8032 23417 10
23417 6690 9
23417 4200 11
25147 43884 12
43884 31623 13
4200 9181 16
9181 49933 7
49933 35564 5
49933 28846 11
9181 25246 16
25246 3694 8
3694 9002 2
25246 44943 10
25147 38653 16
38653 38702 4
23417 21512 18
21512 19726 10
19726 7608 13
19726 22503 13
22503 49952 14
21512 45243 15
35564 37754 18
4200 18464 19
18464 39400 4
37754 14933 19
14933 49657 11
7558 42378 20
7582 46440 20
7583 23411 20
23411 24027 17
7600 8362 20
7659 14789 20
7670 42543 20
42543 42066 4
42066 47304 8
7680 39383 20
39383 15173 18
7697 22563 20
22563 48647 5
48647 45728 1
7734 11709 20
7735 9784 20
7761 14714 20
14714 13877 2
7769 30617 20
7857 43877 20
7888 17537 20
17537 46210 6
46210 24028 13
8013 26753 20
26753 6720 18
8067 2288 20
2288 39884 11
8096 35391 20
8116 31945 20
8150 12489 20
8270 7806 20
7806 11828 4
8338 40476 20
40476 31361 9
31361 4253 18
8352 7864 20
8367 1861 20
8397 9935 20
8456 28414 20
8457 15940 20
8470 42051 20
8648 1616 20
8706 28564 20
28564 30073 3
8751 15117 20
15117 7127 9
7127 8185 13
8773 9882 20
9059 32599 20
9091 43790 20
9101 20358 20
9177 29073 20
29073 48042 9
29073 21717 12
21717 32392 2
32392 25793 10
25793 24884 10
24884 40301 11
32392 27292 12
27292 14357 3
21717 9912 14
25793 6814 14
9912 20329 17
9912 42815 17
42815 1277 6
1277 43869 8
25793 34311 19
9198 1596 20
1596 24520 6
24520 13768 3
13768 3872 1
24520 8415 18
9210 33043 20
33043 4514 7
4514 23856 15
4514 21821 19
21821 44521 2
21821 9267 9
9218 30567 20
30567 10617 17
9336 33132 20
33132 45114 14
45114 31560 8
31560 38065 6
9369 6657 20
9398 23290 20
9416 21845 20
21845 24767 11
9574 20909 20
20909 9748 8
9748 14345 12
9748 41759 12
41759 43687 18
43687 16548 2
9580 49819 20
9611 39128 20
39128 31747 9
31747 13204 14
13204 22418 8
22418 38451 14
38451 45293 1
38451 2940 5
2940 615 4
38451 3779 6
3779 46193 5
46193 31594 9
31594 29544 6
46193 43174 10
43174 93 3
31747 7511 16
7511 21464 5
21464 27030 10
29544 18963 18
93 28204 20
7511 29677 20
9635 29679 20
9645 41018 20
41018 25011 12
25011 46604 3
46604 31985 17
31985 1281 10
9684 46665 20
9720 4196 20
4196 22276 15
9765 28351 20
28351 4848 2
9775 9255 20
9781 38999 20
9888 32140 20
9919 14800 20
14800 29666 3
14800 43785 8
43785 28143 1
29666 3251 10
3251 39733 3
29666 26793 12
3251 27810 13
27810 38867 11
38867 39087 9
27810 17974 13
43785 32361 13
32361 2203 15
9922 11625 20
11625 48903 5
11625 2823 14
2823 29077 14
2823 36787 20
36787 34754 11
34754 14369 7
34754 34158 14
34158 6615 3
6615 32012 4
32012 33548 3
32012 3973 9
6615 4560 13
4560 37590 12
33548 916 14
916 11444 15
33548 11221 18
37590 22071 18
9977 21034 20
9978 12119 20
9996 41060 20
9996 43939 20
43939 29653 15
29653 44449 11
10009 38550 20
10018 27270 20
10042 42750 20
42750 32065 10
10043 16485 20
16485 14046 11
10059 49481 20
10101 15321 20
15321 35481 14
10124 20871 20
20871 17794 2
10207 10883 20
10883 12422 17
10244 2126 20
2126 21029 2
21029 32965 1
32965 12980 6
2126 40509 8
32965 20761 8
32965 45298 11
32965 29570 13
40509 40982 14
45298 1118 14
1118 7943 3
40509 44476 18
7943 3861 19
3861 18207 6
18207 36786 9
36786 44352 11
44352 37514 8
10263 21484 20
21484 13565 9
13565 43837 2
13565 36459 4
13565 45133 7
13565 32940 14
13565 133 18
21484 24630 18
24630 23015 6
23015 517 8
23015 20814 8
517 16176 11
16176 16938 8
16176 7668 9
517 44567 16
44567 22656 1
16176 221 16
24630 48890 16
48890 28073 15
28073 27111 18
27111 36886 2
27111 23407 3
10269 15876 20
10431 5798 20
10452 25437 20
25437 5403 7
10483 47165 20
47165 31401 6
47165 29925 12
29925 44204 5
10491 16766 20
16766 35524 11
35524 5253 7
5253 4269 4
35524 7927 18
7927 27484 13
10526 21083 20
21083 6715 8
6715 22246 6
22246 29957 12
29957 11634 3
11634 14110 15
10591 41387 20
41387 10691 14
10643 41701 20
41701 46729 6
41701 48325 16
10669 39280 20
10718 21784 20
21784 38340 5
21784 30420 10
21784 1929 19
10749 14943 20
10752 11542 20
10856 24430 20
10881 8335 20
10938 23872 20
10958 5957 20
11051 35301 20
11056 19759 20
19759 25138 15
11256 49425 20
11603 22625 20
11626 30729 20
11647 4844 20
11687 55 20
11719 12802 20
11761 6546 20
11873 30413 20
11884 26592 20
11965 19563 20
19563 25619 5
25619 23624 16
11975 46947 20
46947 29654 9
29654 20277 6
20277 25297 10
25297 41299 14
12087 48973 20
48973 11521 3
11521 8388 15
12096 30527 20
12136 44695 20
12175 2607 20
2607 15806 1
2607 1338 12
2607 28030 14
12193 26605 20
26605 20229 8
26605 16888 9
12263 32218 20
12278 17260 20
17260 1970 18
12284 39271 20
12302 1307 20
1307 4053 4
12340 4593 20
12410 4498 20
4498 19180 1
4498 30962 4
19180 25912 12
25912 30011 5
12474 44372 20
12491 23049 20
12534 32414 20
32414 8245 9
8245 73 1
8245 39697 13
12539 36928 20
12587 31725 20
12675 31385 20
31385 41850 16
12695 15969 20
15969 3170 3
3170 24955 1
15969 12759 7
12759 12184 9
12184 24365 5
12184 6981 16
6981 16107 14
24955 15471 18
15471 41155 12
12759 13325 19
24365 23762 19
12848 29563 20
12893 7199 20
7199 2608 9
2608 6723 4
2608 19539 5
19539 35726 10
35726 35997 8
35726 19064 14
19064 14590 6
6723 1073 15
19064 8523 19
8523 36737 6
36737 43927 1
8523 29840 18
36737 9555 18
9555 49538 5
49538 33681 11
12962 44991 20
12966 25933 20
25933 13304 10
25933 22791 14
12971 43642 20
43642 21042 12
13025 9553 20
13055 457 20
13073 33987 20
13119 41617 20
13207 9592 20
13212 49595 20
13328 2369 20
2369 9113 14
9113 35669 4
35669 19317 9
19317 27256 9
13450 9880 20
13475 33209 20
13500 38736 20
13567 25860 20
25860 45393 8
45393 10314 2
45393 12137 3
45393 34152 5
34152 10679 17
10679 15569 3
15569 38875 12
10679 32920 19
13597 11622 20
11622 28592 3
28592 19800 7
11622 15642 13
13742 11774 20
13791 23081 20
13792 27414 20
13832 33303 20
33303 44709 15
13877 15596 20
13899 12197 20
12197 8366 19
8366 40154 17
13901 13924 20
13934 6743 20
6743 43383 2
6743 47268 5
13972 29374 20
13985 9036 20
9036 24398 16
14003 32308 20
14066 40259 20
40259 48342 4
48342 37206 7
37206 38856 11
40259 46222 11
14141 5433 20
14305 24363 20
14320 14746 20
14330 24459 20
14425 28856 20
28856 6529 12
6529 34448 4
6529 731 14
731 24881 12
731 41612 14
6529 6838 15
6529 4653 16
14615 45644 20
45644 48822 8
45644 23936 16
14643 858 20
858 5079 13
858 307 14
307 6083 15
6083 25464 13
14690 8357 20
8357 34440 15
14823 47941 20
47941 39055 6
39055 27329 15
14824 43182 20
14830 12023 20
14831 47440 20
14846 2545 20
2545 15822 9
15822 22064 12
2545 42715 16
42715 32162 16
42715 25417 19
2545 39501 20
14977 36726 20
14984 8379 20
8379 43410 10
8379 14484 14
14484 16846 15
43410 16070 15
16070 11497 8
11497 1732 15
11497 13436 17
16846 39486 18
15026 3607 20
15090 26694 20
15129 23961 20
23961 12888 13
12888 1175 16
12888 45351 16
45351 24826 16
12888 33112 18
15237 17426 20
15280 12656 20
12656 9330 20
15363 24865 20
15428 19057 20
15482 21787 20
15491 26878 20
15519 9947 20
9947 1506 6
9947 49938 7
15542 24107 20
15543 8527 20
8527 47384 5
15586 18652 20
18652 43524 15
43524 23403 13
15619 38387 20
15749 26092 20
15845 19706 20
19706 17648 18
15854 15931 20
15935 30173 20
16045 23932 20
16077 19367 20
16306 15723 20
15723 48026 17
16388 1352 20
1352 39323 1
1352 9453 4
9453 25971 4
9453 47152 6
39323 5554 12
16436 13650 20
16445 30716 20
30716 31058 18
31058 10579 5
30716 40546 19
16520 30546 20
30546 25877 14
25877 39308 12
16568 25026 20
16573 27956 20
27956 30532 3
30532 25536 9
16595 29097 20
29097 44656 6
16614 5357 20
16804 7423 20
7423 21921 9
16852 22865 20
17037 4189 20
17213 24383 20
17483 10692 20
17515 15665 20
17654 6829 20
17699 13583 20
13583 40665 12
17710 25450 20
25450 34608 6
17776 7226 20
17791 36265 20
17802 2661 20
2661 46805 4
2661 29235 18
17804 49997 20
49997 23598 9
17846 4282 20
4282 7072 18
17872 35218 20
35218 28920 3
28920 11766 14
11766 2698 9
35218 5911 15
5911 21956 3
21956 42445 7
42445 5796 7
21956 3071 8
5911 8167 19
8167 13682 6
13682 34901 4
13682 4813 13
4813 25959 11
13682 26756 15
34901 38575 19
38575 45074 15
17875 42959 20
42959 18194 3
18194 15067 12
17887 31700 20
17910 27908 20
17965 26893 20
18025 45523 20
45523 12845 1
45523 6930 2
18032 29149 20
29149 33201 14
29149 38793 16
38793 41554 6
41554 40480 1
40480 34611 4
29149 4669 17
18091 25698 20
18193 8472 20
8472 45627 14
18226 11416 20
11416 36510 3
36510 19668 17
19668 20548 2
20548 43590 19
18239 15988 20
15988 968 10
968 29929 3
968 7440 9
7440 16830 7
7440 10891 8
29929 27178 13
27178 29539 3
29929 45757 14
45757 13066 17
27178 23917 18
23917 47722 8
47722 30633 14
30633 21010 5
21010 25415 8
30633 41958 9
21010 18978 12
18978 36184 1
18245 35014 20
35014 15889 8
15889 36742 2
15889 43680 11
43680 4832 4
4832 710 4
43680 15668 7
15668 16422 13
16422 40124 6
710 45541 20
45541 47328 4
47328 6496 4
6496 39642 6
6496 4243 16
4243 24149 14
24149 35495 7
24149 6887 11
6887 25047 10
6887 32016 11
24149 35617 16
24149 1351 18
1351 933 5
1351 28580 9
28580 5965 13
5965 14981 5
14981 23722 3
933 39038 15
39038 31195 9
933 46093 20
46093 9540 15
18248 30033 20
30033 10305 19
18256 39123 20
18261 17121 20
17121 27280 16
18270 25215 20
18290 18596 20
18596 48808 15
18290 20809 20
18331 47069 20
47069 15849 7
15849 7564 7
18357 12733 20
18511 36493 20
18538 8750 20
18589 6567 20
6567 26675 16
26675 23137 17
26675 9586 18
18599 3703 20
18789 25564 20
25564 10482 4
25564 6843 15
6843 43583 16
43583 12736 16
12736 8297 13
12736 18093 15
18093 40312 1
18796 15904 20
19006 35297 20
19028 44289 20
19055 41227 20
41227 11165 8
41227 47137 8
41227 47449 19
47449 41426 3
41426 28824 7
47449 25685 8
25685 45938 3
25685 36101 4
25685 34966 13
34966 10441 3
19297 34009 20
19709 3892 20
3892 31194 10
19812 34732 20
19870 49824 20
19937 15154 20
15154 49852 10
19970 42711 20
20028 18634 20
18634 38654 7
20112 9414 20
9414 7462 5
7462 28242 7
28242 33077 8
9414 32350 20
32350 46668 8
20270 47066 20
20341 17749 20
20366 16065 20
20395 40522 20
20408 34131 20
34131 46480 17
20428 12939 20
12939 8864 4
20438 42392 20
20498 34336 20
34336 23649 1
34336 15209 3
20568 38535 20
20710 6061 20
20792 11564 20
20834 36602 20
20927 7877 20
20930 23871 20
21010 2241 20
21024 43576 20
43576 24647 17
24647 10366 10
24647 5140 18
21048 35691 20
21143 45555 20
21371 14739 20
14739 45151 5
21390 22460 20
22460 13241 18
13241 6609 8
21513 8982 20
21717 35327 20
21722 44953 20
21766 6882 20
21850 3271 20
22012 16718 20
22026 21339 20
21339 37097 3
21339 43997 19
43997 48086 14
48086 39805 8
39805 18181 14
22175 13175 20
22179 27949 20
22272 1148 20
22302 41642 20
22322 27525 20
22339 3912 20
3912 29156 20
22359 37711 20
22459 2514 20
22666 46110 20
22885 34096 20
34096 42198 17
42198 39923 1
39923 47230 6
47230 21610 17
21610 31975 4
31975 25784 11
21610 9211 18
9211 24967 3
22978 18074 20
18074 9964 9
9964 6066 3
22980 42580 20
42580 44006 3
23107 31926 20
23108 26615 20
26615 26846 9
26846 37451 6
26846 13214 7
23211 31509 20
31509 17245 13
17245 15930 4
23282 21330 20
23302 47335 20
23316 47795 20
23346 39187 20
39187 18449 2
39187 13561 4
13561 29042 9
29042 48227 6
48227 47520 2
29042 8587 12
8587 19190 8
19190 6741 8
8587 2211 13
13561 30889 14
30889 45504 6
45504 20405 12
6741 11558 19
11558 1736 7
23469 36703 20
23520 39216 20
39216 15762 7
15762 21695 3
39216 1729 8
1729 14536 7
1729 30693 16
30693 38789 8
39216 48022 17
48022 5719 2
48022 12475 3
48022 26021 5
26021 2643 5
2643 11764 8
11764 35006 6
12475 16228 10
16228 21776 3
5719 46285 12
2643 9725 13
48022 11729 14
11729 10149 6
10149 11023 4
2643 9200 16
10149 19983 16
46285 36856 19
36856 9229 7
36856 29672 7
29672 38569 3
38569 21838 4
23651 8824 20
23688 11016 20
23729 26992 20
23863 583 20
23900 10204 20
10204 41738 10
41738 13410 2
13410 37931 1
41738 12814 5
41738 44886 10
10204 650 15
23978 38785 20
38785 29533 9
24019 10015 20
24070 23501 20
24333 18241 20
18241 27575 18
24408 21986 20
21986 15354 9
24472 30569 20
24477 17184 20
17184 13904 4
13904 4579 8
4579 34809 12
4579 7070 14
4579 23674 15
34809 40550 16
23674 9968 19
9968 40607 13
24486 20987 20
24571 6623 20
6623 30490 5
24611 11704 20
24611 32723 20
32723 20073 4
20073 1249 11
24640 20233 20
24685 20569 20
20569 24301 1
24725 42902 20
42902 7343 7
7343 49274 2
24818 47421 20
47421 20220 1
24835 47796 20
24989 5209 20
5209 27156 3
5209 20147 4
27156 43741 13
25056 13150 20
13150 9636 17
9636 7654 7
7654 47741 2
7654 15729 6
7654 3220 10
9636 15637 17
13150 47238 17
25097 44398 20
44398 44470 16
44470 32301 4
25146 2335 20
2335 1286 6
1286 2364 2
1286 25610 15
25191 23308 20
25254 2525 20
2525 45603 13
45603 43630 7
45603 49224 8
25289 41695 20
41695 35900 17
25326 6069 20
6069 31617 11
6069 47619 11
31617 45634 14
45634 15216 5
15216 8935 12
25368 31757 20
31757 6253 10
25434 36399 20
25467 45386 20
25514 48050 20
48050 13049 17
25634 21364 20
21364 36488 8
36488 25287 1
36488 13251 15
13251 46656 2
46656 32236 6
13251 16245 10
16245 22273 6
16245 45691 10
22273 4817 18
4817 15970 13
21364 3695 20
25652 23550 20
23550 21975 12
23550 48101 18
25769 30790 20
25825 33238 20
25829 49475 20
49475 4354 6
4354 1224 2
1224 19205 2
25844 8110 20
8110 18718 1
25871 26243 20
26243 35089 14
26243 26985 15
26985 39700 5
25959 49450 20
49450 45420 5
45420 29183 6
25971 39325 20
26013 11920 20
26103 45815 20
26135 48115 20
26141 12069 20
26195 38780 20
26217 30241 20
26218 2075 20
26482 46795 20
26498 13584 20
13584 28598 16
26571 32703 20
32703 5828 19
26582 41483 20
26676 15291 20
15291 41765 19
26798 6388 20
6388 19324 8
19324 6988 5
19324 16292 13
26933 38744 20
38744 43279 17
43279 1472 18
26951 12754 20
26992 15878 20
15878 31016 8
31016 17610 5
15878 25288 16
26999 22104 20
27010 4034 20
4034 29415 4
4034 15300 6
29415 32671 6
29415 43108 6
32671 29712 8
4034 7551 11
29712 45531 13
29712 49858 14
4034 24961 16
24961 6903 6
45531 13415 19
4034 1312 20
1312 40587 5
24961 46511 20
27057 46856 20
46856 22871 6
46856 12191 7
22871 25410 8
25410 27576 12
46856 25708 16
25708 49102 19
49102 46433 1
27114 14718 20
14718 14646 7
14646 22627 6
22627 42009 19
42009 32405 19
27134 44872 20
44872 47568 13
44872 15448 14
15448 13884 20
13884 32385 1
27135 30672 20
27169 41680 20
27226 26203 20
26203 4925 8
26203 37223 16
27234 38160 20
27253 15758 20
27278 39142 20
39142 28026 4
28026 22091 3
39142 12985 6
28026 14836 8
14836 30298 1
14836 10367 2
22091 42266 12
42266 18433 10
27312 15225 20
27368 14668 20
27415 25770 20
27431 19725 20
27448 47169 20
47169 20326 10
20326 17318 5
17318 35789 4
20326 3610 6
35789 7342 15
7342 40569 2
3610 26189 17
7342 37819 17
27473 8987 20
8987 29770 13
27474 8420 20
8420 12039 15
27478 155 20
155 39090 11
39090 45909 7
27510 33534 20
27526 41252 20
41252 3914 1
41252 7406 1
7406 42799 13
42799 36300 9
36300 11694 13
11694 13754 12
13754 39925 1
39925 5230 8
13754 26142 9
41252 33205 14
33205 40715 11
40715 32662 14
39925 18586 16
18586 7850 15
5230 16566 17
7850 44497 19
44497 24013 2
44497 24746 2
24746 13897 3
44497 10026 10
27599 45331 20
45331 41480 1
41480 48141 11
48141 1066 6
41480 30804 19
27600 25242 20
25242 38531 11
38531 2269 18
2269 37197 8
37197 12606 2
37197 32809 18
27658 27287 20
27287 290 14
290 213 15
213 35654 3
27287 37855 20
28008 39944 20
39944 19787 17
19787 21485 3
28131 44545 20
28158 14274 20
28207 24993 20
28212 42778 20
28286 29977 20
28290 45319 20
28368 13624 20
13624 27804 16
27804 27309 2
27804 23224 3
27309 45626 7
23224 49916 9
45626 45176 11
45176 41289 4
27804 21657 12
45626 34570 12
27309 40909 13
21657 12803 15
12803 13045 3
12803 18196 11
18196 45965 1
45965 43517 1
43517 45880 1
45965 30165 3
43517 45764 5
18196 23104 15
23104 3994 1
23104 35572 10
35572 38075 3
35572 40754 8
40754 13053 1
40754 48163 9
40754 26671 10
38075 14598 13
13053 49297 14
23224 6246 15
6246 38641 4
38075 24615 15
13624 44994 17
18196 5925 17
5925 28054 17
18196 17327 17
17327 18569 13
13045 5193 19
6246 3903 20
28531 36138 20
28536 15545 20
15545 16094 9
16094 44699 19
28600 48546 20
28625 23475 20
28697 37739 20
37739 13114 16
28703 38767 20
38767 27447 10
27447 48852 15
28727 10176 20
10176 24785 6
28733 857 20
857 47381 13
28777 7153 20
28824 42438 20
28838 18454 20
18454 42912 5
18454 23454 6
28952 31341 20
28975 5431 20
5431 28280 7
28280 27031 5
27031 47024 7
47024 23513 3
47024 25214 4
27031 27833 12
27833 12477 11
5431 47988 17
47988 48560 16
28280 5947 17
5947 48717 15
27833 21461 19
25214 46058 20
46058 38440 18
27031 10573 20
28991 12223 20
12223 13974 15
29144 39515 20
29201 10145 20
29228 30095 20
29339 15896 20
29403 20998 20
29434 30254 20
29444 42653 20
29498 10745 20
29510 30641 20
30641 47126 8
29635 31224 20
29656 5515 20
29679 45942 20
45942 39416 10
39416 37899 15
37899 7187 7
37899 16882 10
16882 24283 8
29712 1176 20
1176 106 13
1176 46522 13
46522 28114 3
28114 5367 12
5367 11767 16
29727 5218 20
5218 45571 2
45571 2673 2
5218 40704 20
40704 48831 16
48831 13179 6
48831 1264 19
29728 43473 20
29736 38974 20
29825 19805 20
29840 26180 20
29860 10941 20
10941 10411 5
10941 15360 5
10941 16016 12
16016 19610 8
19610 41017 2
19610 28556 3
19610 5000 9
5000 7450 4
5000 34775 7
16016 20581 10
16016 3031 16
15360 45812 18
45812 37751 15
29937 42884 20
42884 42863 9
42863 7414 1
7414 32388 9
32388 38146 4
29959 31529 20
30004 49267 20
30048 31262 20
30072 5890 20
5890 36624 20
30104 28730 20
30154 20238 20
20238 46344 11
46344 150 18
150 35112 1
150 5385 4
30358 8780 20
8780 7331 14
30420 23414 20
30440 48390 20
30483 36037 20
30544 41218 20
41218 48573 13
48573 46401 8
46401 31284 3
31284 16647 1
31284 19114 9
19114 33543 15
33543 9280 9
9280 42123 2
30594 25075 20
30643 49025 20
49025 4318 12
30655 28945 20
30890 35369 20
35369 36540 14
30913 31020 20
30995 23672 20
23672 48549 3
48549 25593 14
25593 27568 11
27568 42119 15
25593 15601 20
31011 3828 20
31039 12631 20
12631 41744 7
12631 28081 16
28081 34944 17
31053 5642 20
5642 10012 1
31092 24945 20
31134 42287 20
31145 38947 20
31179 8568 20
8568 15357 17
15357 9437 20
31211 42579 20
42579 28673 4
31252 19505 20
31281 9465 20
9465 36898 1
31348 49735 20
31390 3669 20
31555 45380 20
31576 488 20
31614 37991 20
31617 44471 20
44471 32648 1
44471 47135 14
31646 16995 20
16995 25890 13
31757 12529 20
12529 5422 1
31781 19764 20
31781 31515 20
31515 23636 18
23636 8384 1
31803 30135 20
31809 46084 20
31818 15726 20
31917 33837 20
31955 36371 20
36371 8202 7
8202 17674 9
36371 3283 12
8202 23751 13
8202 46608 20
32078 11431 20
11431 21417 7
32239 34509 20
32284 4018 20
32286 39638 20
32354 45527 20
45527 41873 11
32445 36180 20
36180 4113 15
32461 9415 20
9415 8833 13
8833 9340 19
9340 27352 15
27352 9870 19
32532 43373 20
32539 42132 20
32633 13572 20
32647 11534 20
32718 43351 20
32798 31481 20
31481 27440 7
27440 36849 1
27440 17903 12
17903 30279 17
30279 18059 10
18059 22118 12
22118 4082 1
18059 6119 17
17903 12643 18
12643 39342 7
18059 27979 18
27979 32856 14
4082 12391 19
31481 11188 19
32900 39823 20
39823 48865 8
48865 48013 13
48865 39434 16
39434 13618 4
13618 46931 5
46931 42263 3
46931 21414 11
13618 39526 14
33034 17138 20
17138 19094 9
33163 6607 20
33206 8378 20
33220 30391 20
33271 28189 20
33303 6475 20
6475 29588 6
6475 26940 12
6475 2770 16
2770 12862 19
12862 40056 12
33310 14198 20
14198 36508 15
33366 18010 20
33445 9773 20
33457 25689 20
33529 3460 20
33570 46450 20
33590 39717 20
39717 33802 3
33660 5780 20
5780 15598 7
15598 48109 5
15598 21626 10
33699 15932 20
33742 8117 20
33750 33557 20
33806 13873 20
33908 19948 20
33918 49095 20
49095 25675 10
25675 4962 1
25675 43176 5
4962 6113 11
43176 40742 11
40742 15869 9
33940 46693 20
33951 33424 20
33963 24443 20
33969 39969 20
39969 32537 1
33981 42854 20
34039 29022 20
34048 42201 20
34116 19963 20
34117 13485 20
34130 18404 20
34168 1822 20
1822 23388 1
1822 14694 6
1822 12239 9
14694 36436 16
1822 5840 20
5840 46923 6
46923 24467 15
24467 19523 9
24467 18280 15
34216 18923 20
18923 41322 4
41322 5597 13
34311 39499 20
34613 43438 20
34660 21871 20
21871 43218 2
21871 4398 3
21871 49133 11
21871 11343 13
4398 28642 19
34749 40918 20
40918 43319 12
34775 11462 20
34820 43031 20
34843 19566 20
34862 34647 20
34647 10201 19
34865 31440 20
34877 7008 20
34879 11897 20
34883 37181 20
35062 24724 20
35128 39612 20
35178 4019 20
4019 39510 3
35204 17832 20
17832 9367 4
17832 29799 9
35244 40567 20
40567 9427 15
9427 21121 12
21121 33645 15
33645 34938 2
34938 29392 6
33645 45186 9
35295 27644 20
35330 34505 20
34505 47925 8
47925 37895 17
37895 35359 4
37895 13318 19
35345 8465 20
35453 6961 20
6961 42470 8
35506 23031 20
35512 39655 20
35569 38724 20
38724 16490 1
35570 36561 20
36561 36860 8
35743 49016 20
49016 34120 10
49016 28683 16
49016 23357 18
35789 32799 20
32799 41947 2
35797 35074 20
35852 35860 20
35860 20170 1
35885 18334 20
35936 33178 20
36008 22337 20
36024 2183 20
36083 32131 20
36099 28004 20
36192 40331 20
36216 28855 20
28855 44832 4
36227 33349 20
36402 20213 20
36409 12201 20
12201 17594 7
17594 19343 9
36411 26560 20
36482 37547 20
36637 37713 20
36748 23944 20
23944 49134 4
36866 40386 20
37029 14229 20
37068 22883 20
22883 29613 2
37071 9325 20
9325 29824 7
29824 28367 16
37085 24756 20
24756 18275 10
37262 9305 20
37536 13635 20
13635 5583 5
13635 8381 20
37656 1776 20
37708 48952 20
37751 34675 20
37814 30881 20
37849 9896 20
9896 17239 11
17239 1341 13
1341 2165 7
17239 15376 13
37854 6770 20
37875 36859 20
36859 37163 2
37163 49103 2
37163 40968 7
49103 36929 8
36929 19383 3
37163 1541 10
38058 15313 20
15313 6683 1
15313 49125 9
49125 17373 14
17373 42056 3
49125 39532 15
39532 2287 18
2287 26734 7
2287 22404 9
38146 3492 20
3492 46287 7
46287 16280 7
38173 39156 20
39156 787 16
787 31620 14
787 25956 17
25956 9227 5
38191 19177 20
38311 43291 20
38314 16328 20
38385 49561 20
38415 36850 20
38500 27758 20
27758 9151 20
9151 7525 15
38703 40878 20
40878 45433 17
38772 12151 20
38775 15610 20
15610 1991 8
15610 32617 18
32617 20348 7
20348 40135 7
40135 29705 2
38824 45302 20
45302 38388 13
45302 3441 18
3441 48456 6
3441 49991 19
39028 11332 20
11332 14717 7
11332 36161 13
36161 17506 1
14717 14900 14
14717 47397 20
47397 18409 14
18409 25055 17
39049 7095 20
7095 4285 10
39097 16551 20
16551 27268 6
16551 932 7
932 10004 10
10004 36023 10
39152 3391 20
3391 27343 10
27343 8135 6
8135 8669 2
27343 28496 19
8135 18425 20
39152 10636 20
39157 26095 20
39164 18931 20
18931 12373 3
18931 44459 6
44459 37131 5
44459 1898 9
1898 1441 3
1441 26064 3
26064 38144 3
18931 6160 12
39289 29874 20
29874 25015 8
39296 42496 20
39333 33285 20
39472 17030 20
17030 28868 6
28868 38402 10
39514 36412 20
39539 4726 20
39544 31285 20
31285 46815 15
39614 24517 20
39812 33144 20
39939 33733 20
33733 20086 1
40015 8471 20
8471 49005 15
49005 35549 4
40160 28489 20
40164 20708 20
20708 2033 16
40248 10545 20
10545 48588 13
40550 45363 20
40560 35029 20
40570 9155 20
40620 15913 20
40641 22569 20
40840 7452 20
7452 23850 17
23850 16719 9
40858 28170 20
28170 18668 16
18668 9674 6
40959 42643 20
42643 38966 16
38966 48355 12
38966 24528 15
24528 9618 11
38966 31971 19
31971 1841 12
1841 2899 18
1841 33414 18
41148 12149 20
12149 26812 1
26812 25814 3
41165 39484 20
39484 18444 4
39484 34868 4
34868 10567 8
10567 23735 14
41182 5047 20
5047 19547 15
41183 14402 20
14402 7265 18
7265 26740 19
7265 317 20
41252 48841 20
41256 20701 20
41275 8466 20
41341 20447 20
20447 20169 2
20447 11133 3
20447 1778 19
1778 9792 13
41374 39625 20
41564 17012 20
41593 43809 20
43809 30382 10
41601 37675 20
37675 6736 17
41635 9472 20
9472 45122 8
9472 25653 20
41665 45639 20
41709 30215 20
41717 39996 20
39996 7763 9
39996 47700 14
47700 47132 18
41756 38538 20
38538 33157 10
33157 30676 6
33157 36220 15
41769 3642 20
3642 41441 2
41441 27753 7
41840 1987 20
1987 41400 9
41871 12669 20
41874 11636 20
11636 44774 4
44774 47584 10
41967 4645 20
41970 30077 20
41978 6199 20
6199 4565 4
6199 47502 17
47502 46763 19
42023 39418 20
39418 16052 17
39418 37510 19
42054 21395 20
42091 30709 20
30709 29357 20
42133 33429 20
33429 27965 6
27965 2587 8
2587 4454 17
42336 28624 20
42447 506 20
42545 47433 20
42579 12324 20
12324 35394 13
42630 48124 20
42671 42319 20
42691 21402 20
42752 39427 20
42800 20254 20
42918 8026 20
42918 18064 20
18064 38404 9
18064 9290 15
43047 46611 20
46611 38833 3
46611 6451 4
6451 17709 10
43090 1599 20
1599 22428 5
22428 30705 19
30705 11632 13
30705 37117 15
37117 21798 12
21798 13400 16
13400 45526 2
1599 29792 20
29792 48561 18
11632 18666 20
30705 38533 20
38533 5216 15
43129 40206 20
43209 39895 20
39895 30261 20
30261 45824 9
45824 34350 18
43356 40258 20
40258 12226 16
40258 29885 17
12226 14724 20
43380 43287 20
43532 4232 20
43539 2911 20
43611 21086 20
21086 32825 7
43627 3259 20
3259 5369 8
5369 387 12
387 37888 14
43674 26712 20
43767 23254 20
43903 20128 20
44038 20920 20
44056 7215 20
44068 20686 20
20686 24800 11
24800 37355 10
20686 5487 17
44185 46946 20
44196 30372 20
44318 18547 20
44344 26244 20
26244 45014 17
44435 6315 20
44456 28759 20
44528 21754 20
44562 19852 20
44674 27296 20
27296 47900 14
47900 28788 1
28788 47195 4
47900 5054 9
5054 38548 8
5054 17532 9
44739 1304 20
1304 16405 3
1304 49656 10
1304 4115 18
4115 41175 7
41175 44250 7
44832 38961 20
38961 28987 11
44870 38064 20
44949 32742 20
44993 2208 20
2208 35120 3
45078 8156 20
8156 49181 1
45122 43236 20
43236 11947 6
45168 25005 20
45197 25076 20
45288 203 20
203 3889 11
45302 45756 20
45756 36978 4
36978 45203 5
45203 9363 8
45756 43233 14
45756 30759 19
45303 13830 20
13830 5457 4
13830 17579 7
13830 29341 18
45461 43820 20
45570 13713 20
13713 47645 11
45579 38220 20
45595 12020 20
45642 17096 20
45724 22452 20
22452 45820 4
45820 10198 8
22452 26115 10
45832 42088 20
42088 40099 13
40099 8887 9
40099 34259 11
8887 37544 12
37544 35027 19
35027 7480 20
45955 33115 20
46013 40472 20
46069 30211 20
30211 39046 13
30211 24282 15
46109 19240 20
19240 4368 15
19240 18089 20
18089 29737 20
46136 46282 20
46408 23330 20
46444 32320 20
46509 6368 20
46662 28319 20
28319 32360 17
32360 14875 8
46691 187 20
187 15961 2
187 39268 4
15961 994 4
187 966 6
966 18502 9
994 48767 9
994 42368 20
46741 3379 20
46764 25441 20
25441 8603 14
46895 15390 20
15390 28521 7
28521 30528 1
46900 42397 20
42397 38015 7
38015 19474 8
46987 12545 20
12545 43647 8
47004 35267 20
47027 41445 20
41445 42000 4
41445 35226 5
42000 15811 10
15811 6876 15
6876 5793 6
5793 16729 17
6876 13233 20
13233 47393 3
47034 24972 20
47233 32717 20
32717 36591 2
47275 7693 20
47375 24529 20
24529 45700 2
24529 27529 3
27529 17194 17
47387 35392 20
35392 34956 6
47399 26760 20
47426 6847 20
6847 30791 11
47450 44668 20
47664 15966 20
15966 36547 6
36547 8983 9
8983 13717 10
47693 38346 20
47734 41035 20
41035 23896 13
41035 39868 18
47738 20763 20
47777 16308 20
47888 46841 20
46841 44040 2
44040 24732 8
47901 12903 20
47907 37840 20
47980 17416 20
17416 26768 14
47980 45678 20
45678 6915 4
48022 39800 20
48059 20401 20
20401 40814 3
48113 40276 20
48164 9114 20
9114 17241 14
48211 23565 20
48237 23190 20
23190 24150 18
24150 6629 8
6629 2230 19
48281 44359 20
48428 28869 20
28869 36636 18
48523 21529 20
48545 28412 20
48569 12487 20
12487 35866 9
48608 41357 20
48686 49600 20
48784 30326 20
48797 24803 20
24803 36092 17
48813 26403 20
26403 33499 7
26403 26474 18
48889 12285 20
49011 30290 20
49052 13508 20
49105 40226 20
49116 10560 20
49348 12952 20
49357 43645 20
43645 9171 20
43645 27817 20
49401 48110 20
49422 47603 20
49486 15587 20
15587 5014 13
5014 8724 1
5014 19165 6
8724 37409 10
49506 24691 20
24691 18213 14
24691 25502 19
49524 17987 20
49611 46442 20
46442 33546 6
46442 32743 9
32743 19255 11
19255 27487 5
19255 16950 14
16950 34558 11
32743 44799 18
49618 27773 20
49637 27836 20
27836 19454 3
27836 42842 11
42842 48971 9
49718 47471 20
49892 45116 20
49910 9688 20
49982 15312 20
49984 21545 20
73 333 21
333 31196 1
75 44508 21
105 33315 21
33315 6472 16
6472 47441 2
6472 2282 12
115 17 21
155 527 21
527 36766 5
166 13952 21
202 12369 21
220 4132 21
273 6030 21
288 8114 21
8114 27491 11
27491 20879 3
20879 30500 4
27491 31031 5
27491 39356 6
39356 25627 12
25627 29576 5
20879 10986 13
318 5358 21
339 6059 21
390 21237 21
408 49661 21
427 557 21
440 16050 21
486 20936 21
20936 16225 12
497 49081 21
49081 34866 18
34866 37316 1
37316 38897 16
38897 5588 14
38897 40298 20
568 17000 21
590 25453 21
25453 47691 15
25453 28857 19
25453 43443 20
604 410 21
621 12666 21
12666 9284 19
9284 10277 12
630 39067 21
657 39275 21
39275 29879 6
29879 14391 7
29879 18593 11
39275 27874 12
29879 6547 20
737 24238 21
742 23329 21
23329 3742 5
23329 28998 8
3742 372 14
372 2131 1
2131 36248 10
3742 10220 18
10220 42015 19
864 12798 21
12798 45407 2
12798 37494 15
983 15092 21
15092 41311 16
15092 20351 20
15092 20815 20
20815 25996 15
1007 11156 21
11156 14394 10
1143 1410 21
1144 6832 21
1155 44187 21
44187 12282 14
12282 29902 2
29902 46481 1
44187 683 18
683 86 5
683 5451 21
5451 4091 18
1176 6696 21
6696 35366 18
1204 4328 21
4328 11447 17
4328 29931 19
1219 7472 21
1273 10574 21
10574 23553 19
23553 49129 14
1278 4755 21
1278 39937 21
1318 10533 21
10533 34678 16
34678 22400 9
1321 15724 21
1333 35447 21
1341 40735 21
40735 28494 1
40735 3890 2
28494 14975 3
3890 644 4
644 1783 11
3890 17111 15
1355 34930 21
34930 735 3
34930 15943 4
15943 3940 3
735 954 12
34930 2365 15
2365 42965 11
34930 49275 18
1538 15253 21
15253 3042 3
1538 42801 21
1566 4344 21
4344 5152 5
1673 24033 21
1762 34123 21
34123 17088 13
34123 45036 19
1772 6328 21
6328 7540 4
6328 26770 5
6328 19084 13
19084 46537 11
19084 48632 13
6328 7612 16
7612 40493 3
40493 17676 14
1794 9578 21
1818 1533 21
1533 38983 2
38983 29122 7
38983 12829 12
1820 5788 21
1875 21905 21
21905 21959 16
21959 11316 13
2022 14451 21
2036 1946 21
2061 17147 21
2066 39337 21
39337 35109 12
39337 25747 20
2142 29696 21
29696 4757 4
2268 5909 21
2315 21230 21
2410 20180 21
20180 20273 12
20273 700 20
700 4625 4
2423 33917 21
33917 41963 9
41963 2741 6
2741 839 14
839 45911 3
33917 8567 18
2428 31797 21
2447 37582 21
2503 14459 21
14459 1812 14
1812 11863 10
1812 49477 21
49477 31837 16
2528 9274 21
9274 19693 7
19693 25328 19
2533 21413 21
21413 11286 10
2657 28124 21
2686 820 21
820 3142 13
820 31595 20
820 49746 20
2691 34884 21
34884 940 10
2716 6205 21
6205 9454 13
9454 48165 7
48165 21888 3
9454 11790 14
11790 9744 3
11790 42444 13
2728 31298 21
2735 13823 21
2737 46209 21
2741 6252 21
6252 42958 4
2754 36078 21
2784 22892 21
22892 16790 19
16790 36171 15
36171 38624 9
38624 31602 14
16790 46177 16
46177 7251 2
46177 12825 13
2806 31914 21
31914 14045 6
14045 2756 17
2834 8142 21
8142 9923 16
2917 17388 21
2962 1293 21
1293 28039 17
1293 6505 19
3021 16522 21
16522 44495 5
3040 18515 21
3052 7707 21
3077 24650 21
3161 13903 21
13903 22517 16
22517 3916 1
22517 13706 9
22517 47474 9
3195 27276 21
27276 34799 9
3313 40219 21
3359 41223 21
3364 28982 21
28982 15908 17
15908 21902 13
21902 46706 5
21902 7526 17
7526 7373 14
7373 14213 8
14213 14879 1
14879 8290 1
8290 31351 4
14213 15416 4
7373 9712 12
14213 23044 15
3391 13744 21
13744 40453 7
13744 16215 8
16215 46049 2
3562 46463 21
46463 39619 6
46463 28401 10
3613 8253 21
3639 12015 21
3900 38203 21
4078 34666 21
34666 15405 19
15405 27744 17
27744 17360 18
4107 24582 21
24582 26828 2
26828 46958 20
4113 17998 21
4164 32335 21
4200 7223 21
7223 43145 8
4270 2582 21
4279 4892 21
4281 43300 21
43300 25325 19
25325 34662 7
4305 49830 21
4335 45487 21
45487 17627 5
4341 33972 21
33972 40967 12
4341 49567 21
49567 37482 3
37482 9786 7
4349 13679 21
4458 3759 21
3759 19308 12
19308 40309 11
4653 19322 21
4694 18783 21
18783 47958 17
4714 27687 21
4727 44140 21
4797 21009 21
4802 9945 21
9945 21915 2
9945 24762 10
4826 49056 21
49056 19194 10
4877 6080 21
4924 36197 21
4958 34271 21
34271 30098 15
30098 17320 9
17320 28297 16
28297 43937 16
4983 30484 21
5005 22657 21
5116 13845 21
13845 15650 1
15650 27174 7
27174 26390 3
15650 4633 8
27174 37604 8
4633 8137 14
26390 41586 14
13845 2387 19
5127 5606 21
5139 4221 21
4221 29333 15
5236 16694 21
5341 17681 21
5432 27120 21
5472 6301 21
6301 21060 11
21060 49965 14
49965 32181 1
5502 38023 21
5601 11581 21
5604 42391 21
5696 29667 21
29667 36596 15
5720 14684 21
14684 25292 20
5735 48578 21
48578 38223 9
38223 36159 6
38223 9278 13
5775 33173 21
5792 25658 21
25658 47843 1
5798 48648 21
48648 41546 6
41546 44159 3
41546 48591 12
44159 29785 16
5847 4568 21
4568 43318 1
6060 27916 21
6067 34768 21
6117 32962 21
32962 17789 7
17789 46930 1
32962 43900 12
32962 40765 20
6176 8489 21
8489 21721 11
21721 26326 17
26326 27857 12
27857 34710 1
27857 9078 4
9078 20289 6
27857 43604 14
27857 8954 15
6199 37506 21
6234 44747 21
6269 15767 21
6287 10637 21
6331 15094 21
15094 25375 8
15094 40911 20
6438 17851 21
6495 2866 21
6569 48517 21
6582 7384 21
7384 7841 20
6595 20610 21
20610 45471 3
45471 20757 16
20757 28161 8
6778 39600 21
6819 8977 21
6936 29904 21
7007 22305 21
7271 43385 21
43385 25150 4
7332 19736 21
19736 15984 15
15984 18888 10
18888 35079 8
35079 43946 12
7362 28132 21
28132 27898 15
7386 27950 21
27950 49898 15
7457 21812 21
7558 1608 21
1608 48766 3
1608 38315 7
38315 38527 2
38315 49061 8
38315 2496 9
38315 32555 14
1608 39423 16
7636 586 21
7713 14063 21
7730 19257 21
7785 14891 21
7829 46627 21
7894 49179 21
7957 27129 21
27129 45128 8
7973 44070 21
8013 23975 21
23975 38181 20
8104 13110 21
8184 17785 21
8194 43076 21
8200 8042 21
8042 3480 7
8276 29913 21
8318 7994 21
8364 16164 21
16164 3489 15
3489 654 17
654 17028 2
8376 13486 21
8382 36286 21
36286 30721 2
8512 5345 21
5345 8055 6
8055 12613 4
12613 35989 8
12613 5689 9
5689 5343 12
12613 48426 13
48426 25548 11
35989 35414 20
8545 41734 21
41734 42529 2
8596 31161 21
31161 25621 13
31161 4242 15
8698 41971 21
8702 13557 21
8744 35379 21
8751 45881 21
8824 13244 21
8881 3788 21
3788 7743 15
8881 41595 21
8922 37741 21
8933 18191 21
18191 33211 8
33211 13892 7
13892 11390 6
13892 15394 15
15394 30469 18
8999 33991 21
9029 6771 21
9034 29397 21
29397 32581 2
32581 45872 14
9065 31969 21
31969 13689 15
9149 25274 21
25274 25125 13
9189 4512 21
4512 29384 10
9202 48117 21
9221 30525 21
30525 26747 11
9278 20322 21
20322 22560 18
22560 9320 9
9309 23986 21
23986 28197 6
28197 23833 8
23833 47278 12
47278 19215 14
9358 19922 21
19922 22221 18
22221 32197 12
9360 23292 21
23292 47019 2
47019 46314 2
46314 41560 5
41560 14084 14
9426 14703 21
9450 36139 21
9458 14956 21
9511 47922 21
47922 34053 7
34053 3913 1
47922 23174 8
9521 10254 21
9590 40282 21
40282 25766 9
9717 40494 21
9786 27416 21
9800 41782 21
9807 34650 21
34650 44203 8
34650 6140 19
9820 20700 21
9945 32152 21
32152 17570 2
32152 17136 4
9962 12722 21
9972 14265 21
10011 21135 21
21135 8959 12
8959 43862 11
8959 3547 21
3547 4467 20
10015 39252 21
10121 15218 21
10123 21447 21
10132 34397 21
34397 37212 13
34397 15920 18
15920 33619 17
15920 10951 19
10133 19821 21
19821 4688 1
4688 28630 14
10143 17038 21
17038 19540 12
17038 19727 12
10177 48492 21
48492 41835 7
41835 37449 5
10225 4678 21
4678 37278 3
10238 44485 21
10291 42254 21
10305 18581 21
10389 33580 21
33580 29848 1
33580 5003 4
10400 44071 21
10425 37525 21
37525 9270 13
9270 3689 18
37525 39213 19
10443 47359 21
10446 20157 21
20157 5394 16
5394 17560 3
5394 19220 6
19220 12025 6
17560 5379 15
5379 40833 13
10462 31471 21
10465 31364 21
10483 9558 21
10496 20941 21
10510 9757 21
10629 44425 21
10646 5095 21
5095 7687 2
7687 39918 9
7687 8647 11
8647 27313 3
27313 34519 3
39918 28687 20
10702 41611 21
41611 20628 3
41611 46200 3
46200 47153 10
46200 44572 14
46200 45130 20
10709 8619 21
8619 29880 4
8619 34322 12
10759 6489 21
10888 28925 21
10947 45637 21
45637 6579 17
10985 16745 21
16745 2598 9
2598 1288 3
2598 3939 7
16745 42204 9
16745 37475 13
37475 40138 3
1288 20835 17
20835 44086 9
11005 32250 21
32250 33336 7
33336 3059 13
3059 1354 18
11131 27751 21
11144 19214 21
11176 5125 21
5125 32052 9
5125 18477 21
18477 37470 12
37470 31531 9
31531 31484 11
31484 28444 18
28444 36133 7
36133 40240 20
40240 20921 11
11327 7496 21
11351 13495 21
13495 13441 19
13441 24421 3
11411 45643 21
45643 6559 20
6559 10738 20
10738 44910 1
10738 14170 5
11447 23163 21
11454 13864 21
11457 26608 21
11482 29348 21
29348 18007 16
11510 34057 21
11699 24587 21
11734 4617 21
11836 1842 21
11855 18148 21
18148 37664 9
18148 35774 15
35774 25425 7
25425 30554 6
30554 24619 5
30554 21398 13
11921 19977 21
11940 5777 21
5777 42209 6
5777 40471 13
12028 33976 21
33976 132 3
132 8272 4
132 47219 7
132 45609 10
132 46727 14
12110 21673 21
21673 2862 16
2862 12481 9
12204 27715 21
12259 896 21
12291 40707 21
12338 26561 21
12375 43658 21
43658 13662 2
43658 25405 18
43658 6719 20
12423 7617 21
12433 46122 21
46122 31138 15
12496 42633 21
12557 7799 21
12571 13888 21
13888 48177 12
48177 14562 7
12573 24856 21
12584 33508 21
12585 41378 21
12607 3411 21
3411 9906 11
12613 42408 21
12624 9241 21
9241 22846 2
9241 33331 8
33331 10570 13
12634 30961 21
12657 44451 21
12661 31745 21
31745 38372 11
38372 20292 12
31745 29729 17
12693 34016 21
12760 29350 21
12794 10387 21
12862 28255 21
28255 9754 2
28255 11913 5
11913 11865 12
11913 10439 19
12880 6806 21
12909 24892 21
12925 14204 21
12948 3191 21
12953 28217 21
28217 2606 19
2606 30703 19
13047 47759 21
13058 34165 21
13092 3723 21
13149 15638 21
13222 3439 21
13249 27718 21
27718 29126 10
29126 34850 8
29126 14033 12
29126 29932 16
29932 14664 18
14664 25196 6
14664 19711 8
19711 27930 7
13291 3474 21
13335 19994 21
19994 22433 1
19994 33923 10
13366 6084 21
6084 15827 14
13367 11136 21
13484 24073 21
13501 13458 21
13521 27882 21
13754 41344 21
41344 20726 18
20726 39873 1
39873 3757 13
13792 17991 21
13864 22955 21
22955 41590 9
41590 10466 7
10466 2180 12
2180 252 19
252 41932 17
2180 31714 20
13991 13758 21
13758 36369 11
14015 20393 21
14100 41209 21
14142 20639 21
14161 37430 21
14227 26949 21
26949 26766 8
14253 37780 21
14318 48224 21
48224 1226 13
14388 11525 21
14396 1876 21
14414 48630 21
14418 7167 21
14431 18329 21
18329 14818 20
14818 45633 15
45633 28692 1
14454 34155 21
14550 46943 21
46943 32868 3
46943 33830 13
14637 27612 21
27612 11909 10
14717 21306 21
21306 17967 10
17967 15413 10
15413 17319 19
17967 2113 20
14774 42945 21
14839 5312 21
14846 8584 21
14898 33913 21
14900 21295 21
21295 14889 11
14904 47015 21
14975 44831 21
44831 36174 6
36174 3854 8
3854 43688 3
44831 40870 15
44831 47679 18
47679 27792 5
14985 36667 21
14994 10006 21
15080 41215 21
15105 37435 21
15117 6740 21
6740 40722 5
40722 35428 3
35428 14060 1
15124 27315 21
15162 29850 21
15182 8308 21
8308 32219 10
32219 10963 12
10963 30218 3
30218 37986 7
8308 18882 16
15201 25025 21
15210 10812 21
15296 29681 21
15311 22913 21
22913 17340 10
15331 32685 21
32685 10705 6
10705 16350 16
10705 41330 16
15333 34351 21
34351 8428 15
8428 11148 1
11148 33415 21
15341 43451 21
15465 20991 21
15503 49190 21
15531 25508 21
15534 47600 21
15548 41135 21
15603 49198 21
15638 30169 21
15699 45451 21
15704 13780 21
13780 22407 12
22407 43045 10
43045 14325 9
15723 22579 21
15744 34950 21
34950 28300 15
28300 38399 2
28300 23430 8
15802 35127 21
15836 27981 21
15861 24797 21
15904 25648 21
15940 11210 21
11210 24738 11
24738 18467 5
11210 5258 12
15982 8505 21
8505 26416 17
26416 23497 20
16056 42858 21
42858 25468 14
25468 9672 4
16073 24202 21
24202 46536 18
46536 46630 4
16127 20952 21
16141 43408 21
16171 9758 21
16172 48433 21
16276 2738 21
2738 24964 2
24964 40380 3
16291 29453 21
16332 3370 21
3370 30683 1
30683 42094 1
3370 47043 9
47043 14225 8
42094 23718 13
14225 7721 19
16408 39693 21
39693 11891 8
11891 29456 16
29456 47240 8
47240 8727 10
16422 32992 21
16468 21893 21
16509 21944 21
16534 27420 21
27420 45216 4
27420 48601 19
48601 38913 17
16578 48024 21
48024 42343 2
42343 35202 20
16605 6349 21
6349 43135 13
6349 45385 15
16648 4824 21
4824 15284 11
4824 11284 12
11284 17085 5
17085 7819 12
17085 18110 17
4824 42464 20
42464 31699 6
31699 44749 13
16786 4764 21
16798 36733 21
36733 37756 3
37756 27399 16
27399 31539 7
16803 1900 21
1900 12963 1
16849 7630 21
7630 27623 5
27623 39454 10
39454 47642 15
39454 40077 16
16938 36745 21
16952 34943 21
16959 13101 21
17055 31707 21
17093 34695 21
17094 28426 21
17170 7969 21
17196 45952 21
17343 20018 21
20018 44098 9
17388 30485 21
17507 21618 21
17513 29930 21
17514 719 21
719 37911 5
37911 48412 6
17545 25848 21
17634 8315 21
8315 27498 7
17696 32945 21
17730 36318 21
17819 42635 21
42635 38622 4
17837 43293 21
43293 44108 4
43293 18869 5
18869 23335 6
17881 35523 21
35523 42758 12
17930 32482 21
32482 13319 10
13319 39257 13
17950 30377 21
17950 40981 21
17971 31355 21
18125 41103 21
41103 447 4
447 1131 15
18183 22769 21
18293 41369 21
18437 40217 21
18453 37576 21
18464 49097 21
18478 42503 21
18491 32355 21
32355 22944 16
18502 37074 21
18737 31532 21
18739 42039 21
18876 9332 21
18894 48659 21
19071 8667 21
19077 32795 21
32795 10580 3
19157 13553 21
13553 26618 4
26618 5826 12
5826 41134 1
5826 35577 10
19254 38037 21
19260 19564 21
19564 491 7
491 1207 14
491 20510 15
19327 1263 21
19450 40492 21
19537 41172 21
41172 48007 1
19554 21585 21
19693 3319 21
3319 9526 6
19695 21419 21
19844 44298 21
19922 41122 21
19955 13019 21
19958 3285 21
3285 5536 11
19994 25498 21
20055 30040 21
20117 7180 21
7180 8733 4
8733 27261 7
20199 36740 21
36740 6593 12
6593 35929 5
20253 31658 21
20324 20522 21
20522 40064 3
20522 43057 6
43057 37889 15
20413 23332 21
20619 5177 21
20652 30285 21
30285 22970 16
20655 41544 21
41544 19635 8
19635 10553 17
10553 17639 4
20708 47410 21
47410 18942 17
20726 48886 21
20919 46715 21
20940 8649 21
20942 41570 21
41570 27763 16
20971 4345 21
4345 3685 10
4345 14558 18
21043 35063 21
21212 5584 21
5584 1209 11
21277 3791 21
3791 33344 2
21413 3956 21
21429 29839 21
21435 36515 21
21535 16345 21
21581 25555 21
21857 23927 21
23927 43757 1
21899 369 21
21921 30736 21
21956 39126 21
39126 14057 2
21969 48296 21
22260 22323 21
22425 48804 21
48804 7815 7
7815 2065 19
22444 18696 21
18696 43510 9
22533 49143 21
22654 23439 21
22802 34394 21
34394 44428 2
22916 9640 21
9640 3398 8
3398 19291 2
3398 39441 20
22975 8015 21
23047 1790 21
1790 33615 5
33615 44998 17
23053 28442 21
28442 27421 8
27421 47975 12
27421 23767 19
28442 45244 20
45244 44423 7
23124 8461 21
23172 44024 21
23201 25042 21
23280 8044 21
23281 19545 21
19545 5721 17
5721 19924 20
23355 15145 21
23356 49313 21
23376 25371 21
23380 47120 21
23384 32618 21
23408 12395 21
23489 43987 21
43987 3505 14
23533 46920 21
23636 31641 21
31641 4830 3
4830 35840 2
35840 19222 20
23761 14422 21
23846 8211 21
8211 28127 15
23867 11104 21
23889 12275 21
23926 45389 21
45389 31583 17
23969 47182 21
47182 7458 6
7458 49492 5
7458 13195 12
13195 16413 10
49492 37315 19
24015 10083 21
10083 2583 6
2583 25838 3
24147 39165 21
24169 40769 21
40769 14486 11
14486 13368 2
13368 20622 1
13368 5370 6
14486 21957 10
21957 2296 11
2296 14224 2
14224 11868 21
11868 7809 14
24265 49868 21
24327 24460 21
24460 41074 6
24357 666 21
24444 8994 21
24486 23713 21
23713 13295 12
13295 12859 11
23713 10072 16
24494 32053 21
32053 19976 7
32053 44601 16
44601 27045 15
27045 40246 11
19976 37702 18
37702 46905 9
46905 7889 3
7889 26511 18
24507 46189 21
24513 4534 21
4534 9980 21
24579 42007 21
24706 37683 21
24754 15265 21
24786 10654 21
24859 22682 21
24865 12262 21
24883 46624 21
46624 24670 11
24953 45665 21
24961 42625 21
24968 17237 21
24973 26107 21
26107 8320 7
25076 45126 21
25136 3603 21
3603 15345 7
25183 26228 21
26228 26996 14
26996 17141 3
17141 41917 3
41917 43401 7
26228 25749 15
25197 37505 21
37505 37589 17
25249 41555 21
25280 47504 21
47504 42507 2
25296 44526 21
44526 31123 9
44526 30974 12
44526 33594 14
31123 28142 17
28142 2238 10
44526 16637 17
25309 13497 21
25311 10320 21
25432 8187 21
8187 35134 8
8187 7928 11
8187 30862 12
25439 48692 21
25496 12635 21
12635 8801 13
25496 44641 21
25512 5494 21
5494 37294 17
25565 38758 21
38758 8636 5
25586 33320 21
33320 23102 2
25603 27108 21
27108 20067 3
27108 35278 4
25644 6243 21
25665 26587 21
25759 44270 21
25814 48949 21
48949 22438 15
22438 44090 19
25836 25399 21
26026 10388 21
26126 46506 21
26166 23883 21
23883 11344 20
11344 9206 3
26194 21325 21
21325 9048 12
26244 35225 21
26249 19086 21
19086 30425 2
30425 42265 2
26249 24897 21
24897 37720 1
37720 44113 7
26251 12336 21
12336 44933 7
44933 21223 8
12336 41240 21
41240 38709 9
21223 25188 21
25188 23491 9
26270 37087 21
37087 39929 13
26279 31678 21
31678 26544 5
26417 11414 21
11414 39530 19
39530 28722 2
28722 6073 4
39530 30384 16
30384 24653 8
26440 41459 21
26476 16269 21
16269 26598 10
16269 39368 10
39368 19573 5
26544 21271 21
26582 23193 21
23193 34601 18
23193 26162 19
26589 45887 21
26763 29213 21
29213 46217 12
26830 32829 21
26843 8094 21
26859 32706 21
32706 331 5
331 19022 16
19022 29657 9
19022 49646 17
19022 39402 18
39402 44986 15
49646 38484 19
27030 19460 21
27178 46326 21
27270 22015 21
27341 13044 21
13044 15039 14
15039 40652 11
40652 49722 11
27379 21733 21
27408 26997 21
26997 37684 14
27451 37701 21
27504 14175 21
14175 42151 13
27516 13705 21
27555 16639 21
27574 34863 21
34863 1723 4
1723 47361 13
47361 12364 16
27721 32578 21
32578 47717 7
47717 37627 5
37627 11174 6
11174 46458 9
47717 10518 14
10518 30870 9
30870 13359 1
30870 39281 8
39281 14200 8
11174 29742 20
29742 1725 9
29742 49051 19
49051 20155 13
27872 26637 21
27876 27396 21
27893 31402 21
31402 7773 11
31402 4042 12
4042 49517 3
49517 42187 7
31402 44190 18
44190 26942 3
26942 18645 20
28029 14150 21
28107 6842 21
28197 46044 21
28215 9798 21
28229 49977 21
49977 13593 6
28284 40473 21
28296 49850 21
28321 26076 21
26076 48906 13
48906 32830 17
28411 13645 21
13645 44131 7
13645 26351 13
26351 4897 5
28623 37267 21
28628 20868 21
20868 46011 10
20868 4596 15
4596 17574 17
28656 13870 21
13870 36967 4
13870 35193 13
28657 1715 21
1715 6517 7
6517 34446 3
34446 28140 2
6517 13824 7
6517 42779 11
1715 21078 14
13824 26294 16
1715 7694 18
7694 6114 9
6114 928 12
928 1717 11
1717 4721 3
1717 8789 4
28657 40797 21
40797 44045 12
40797 42717 19
28872 21014 21
21014 1104 8
1104 5501 1
1104 6889 9
21014 37408 17
21014 24686 19
28920 36290 21
36290 30922 8
30922 38869 4
38869 12870 1
30922 21119 9
38869 15230 10
21119 43640 11
38869 34618 14
36290 46517 16
29013 8683 21
29070 17853 21
29205 34065 21
34065 2048 11
29306 25261 21
25261 41019 13
29316 46514 21
46514 47903 12
47903 20486 6
47903 47723 12
29360 36625 21
29433 2685 21
29512 30162 21
29527 38625 21
29674 20840 21
20840 6950 6
20840 4073 12
6950 1623 15
29678 19242 21
29720 25533 21
25533 31578 8
29927 4299 21
4299 15249 8
15249 11872 2
4299 19795 13
11872 27151 18
4299 49788 20
29940 5271 21
29985 39853 21
29995 29043 21
30104 22115 21
22115 23166 3
22115 23507 15
23507 16354 15
30190 16839 21
16839 28105 13
28105 10547 18
10547 24212 11
24212 15973 7
30201 42061 21
30217 29309 21
30298 3099 21
30377 39893 21
30485 12075 21
12075 16433 8
12075 37125 9
12075 25666 12
25666 12327 20
12327 43464 2
30536 11557 21
30561 22423 21
30586 15136 21
30621 39788 21
39788 10506 6
10506 10831 7
10506 32739 21
30633 22696 21
30637 41886 21
30690 28629 21
30710 44822 21
30784 31545 21
31545 33708 12
33708 1357 11
1357 15514 21
30818 34628 21
30852 5580 21
5580 43465 19
30909 34215 21
30967 39907 21
31011 21013 21
21013 10954 6
21013 48855 13
48855 48991 12
31268 17992 21
17992 15446 3
17992 22476 7
31287 46937 21
31414 41091 21
41091 8203 19
31650 11676 21
31659 11769 21
31697 32763 21
31733 42539 21
42539 23118 20
23118 21894 9
31862 26007 21
31862 34390 21
34390 43866 18
43866 32044 9
32044 38257 1
43866 19381 19
19381 47499 17
31903 27842 21
27842 11854 8
11854 24699 11
24699 45692 6
32068 31710 21
32081 45950 21
45950 17720 3
17720 24096 3
17720 3887 5
3887 5026 2
5026 43242 10
32123 38883 21
38883 41442 9
32198 25987 21
25987 49613 1
49613 21427 2
25987 33222 11
33222 24592 1
33222 34996 1
24592 25071 18
25071 35634 15
24592 44862 19
32275 22717 21
32410 30243 21
30243 7986 13
7986 47762 7
30243 32093 15
47762 29583 17
29583 23590 18
23590 1430 21
32427 32885 21
32513 11943 21
11943 29857 9
11943 22988 12
22988 40278 13
32534 22478 21
22478 46607 1
32621 38717 21
38717 38263 12
38717 29303 13
32706 48270 21
32731 39168 21
32743 37826 21
37826 37044 9
32820 28281 21
28281 34228 13
32869 46230 21
32901 24148 21
24148 29363 12
32913 26750 21
32921 8260 21
32922 30486 21
30486 12217 9
12217 22371 10
32937 21089 21
32940 4047 21
4047 46776 7
46776 16609 3
46776 21471 11
21471 35382 19
35382 33743 5
35382 38987 19
38987 39848 7
39848 46543 17
33110 12378 21
12378 11123 12
33123 30673 21
30673 34408 17
34408 32001 11
33129 46944 21
33137 9708 21
9708 29458 1
9708 21765 9
21765 45657 10
29458 34217 15
33153 12316 21
12316 17996 13
33154 15043 21
33168 1436 21
33181 38779 21
33237 38852 21
38852 14610 20
33458 14862 21
14862 11727 11
11727 12412 3
11727 12492 9
12492 29580 3
29580 13701 2
13701 15190 14
14862 5298 19
5298 3287 5
3287 48780 3
3287 31321 7
5298 3880 12
48780 6488 16
48780 11829 19
33532 12380 21
12380 16636 10
12380 45340 11
33638 16562 21
33688 22190 21
22190 25602 3
22190 10660 19
33707 29083 21
33721 47500 21
47500 29418 3
29418 40865 11
40865 23325 2
29418 22330 19
34021 15096 21
15096 12455 12
34208 9587 21
34233 31931 21
34278 19866 21
19866 18606 17
18606 37556 4
34338 10611 21
10611 26937 10
34406 23885 21
23885 3014 3
3014 47285 6
23885 45739 9
34468 43156 21
34497 48634 21
34562 43636 21
43636 31000 10
34573 21051 21
21051 41851 6
34625 3634 21
34647 5566 21
34668 37802 21
34754 48329 21
34762 20048 21
34919 16945 21
35258 11158 21
35331 24345 21
35331 49684 21
49684 28096 3
49684 5122 16
5122 12060 9
49684 22499 18
35392 38726 21
38726 7165 6
35483 25248 21
25248 40549 18
40549 16049 9
35513 18669 21
35519 45803 21
35556 20381 21
20381 30566 3
35643 28123 21
28123 47035 20
47035 19681 15
19681 32329 12
32329 33729 5
33729 46322 6
32329 4038 7
33729 43470 12
43470 33064 1
33064 41324 2
33729 42792 16
19681 42360 18
42360 45674 2
42360 2406 12
2406 27508 12
45674 32434 13
19681 44512 21
44512 7292 17
7292 38194 3
7292 3710 11
3710 45436 5
45436 17477 14
17477 47705 3
3710 827 20
35699 23973 21
35863 40510 21
35897 5665 21
35913 26739 21
26739 610 11
26739 15087 11
15087 19511 4
610 4224 17
15087 45079 19
35991 10196 21
36107 15364 21
36119 23294 21
23294 13187 5
13187 47586 2
23294 29121 13
29121 44790 6
44790 32841 18
36125 12099 21
36165 7634 21
7634 10515 7
36419 7750 21
36439 39276 21
36551 20333 21
20333 34771 1
36571 26253 21
36638 16629 21
36714 42935 21
36742 47345 21
36748 39528 21
36795 26404 21
26404 19896 1
37015 23902 21
37040 36577 21
37305 24211 21
37342 8141 21
37392 17667 21
17667 28937 9
17667 29756 17
17667 4481 18
37410 36496 21
36496 17587 8
17587 10683 3
36496 22859 19
37484 28809 21
37513 10233 21
10233 15198 13
15198 1857 13
37526 47068 21
37528 28913 21
37570 35461 21
35461 30822 19
37576 25257 21
25257 41294 15
37651 3954 21
3954 972 1
972 19095 1
19095 36610 11
972 24660 14
3954 33255 15
33255 7624 5
37857 14233 21
14233 36711 8
37947 19975 21
37960 40932 21
38047 39855 21
38052 32353 21
32353 732 7
732 35696 5
38138 48195 21
48195 43853 15
43853 16837 5
38183 21699 21
38227 35102 21
38265 30089 21
38301 5338 21
38423 20337 21
38522 7708 21
38547 22849 21
22849 18775 1
38590 12238 21
38662 18295 21
18295 41195 9
39048 15168 21
15168 18629 12
18629 36363 15
39151 23142 21
23142 35367 19
39170 38655 21
38655 20782 11
20782 25719 12
25719 23063 14
38655 39568 20
25719 2306 21
2306 22713 2
2306 34548 10
39210 34154 21
39293 13243 21
39297 37549 21
39312 47897 21
39352 47392 21
39425 48044 21
48044 41166 12
39460 19913 21
19913 46148 9
39564 42554 21
39619 34803 21
39636 49516 21
39654 38903 21
39655 19731 21
39664 6684 21
39734 2877 21
2877 15791 5
2877 4063 6
39869 27856 21
27856 46790 9
40007 28002 21
40066 41836 21
40115 45398 21
40173 3342 21
3342 32582 10
40244 14070 21
40348 13919 21
40378 44740 21
40402 25255 21
40698 4484 21
4484 10108 15
40768 4604 21
40806 30991 21
40942 17353 21
40989 12319 21
41056 15621 21
15621 21437 13
21437 21656 2
21656 23571 15
23571 16913 2
41211 22877 21
41236 26086 21
26086 4449 5
4449 18709 1
18709 46168 2
46168 41418 6
41418 1183 6
41237 36398 21
36398 11786 16
41263 35657 21
35657 21318 4
21318 28440 10
28440 29125 4
41340 18389 21
18389 17865 11
17865 28371 19
41362 3885 21
41394 46863 21
41496 40383 21
41500 1764 21
41551 41478 21
41559 40287 21
41569 41433 21
41433 19328 13
41636 8840 21
41826 5727 21
41830 27769 21
42062 31514 21
31514 27886 14
27886 7797 6
27886 35858 7
35858 35197 19
35197 28027 5
7797 16586 21
42184 16320 21
42242 26574 21
42339 30153 21
30153 39141 3
42533 41901 21
41901 2244 10
2244 7090 3
42633 32713 21
42709 26757 21
26757 25872 18
42835 12928 21
12928 25341 17
25341 21497 11
42992 22271 21
43148 19940 21
19940 20859 16
43185 33042 21
43189 42979 21
42979 34963 10
34963 47319 3
47319 22210 14
22210 20766 3
20766 20760 5
20766 40963 8
43194 23076 21
23076 1086 5
23076 28861 15
28861 34772 1
28861 3262 7
43248 6147 21
6147 38210 5
38210 16268 17
43267 35813 21
43284 32753 21
32753 21320 12
43320 44121 21
43336 26851 21
43376 37946 21
43447 23240 21
23240 16262 12
16262 15419 6
43765 149 21
149 26936 18
26936 44177 10
43805 7975 21
7975 18943 13
43829 3579 21
3579 22288 15
22288 24830 10
24830 49342 3
24830 37982 18
43998 2841 21
2841 8235 5
2841 5951 14
5951 10949 9
10949 35554 10
35554 2825 4
2825 14287 2
35554 15516 13
8235 35638 14
2841 1926 17
8235 7688 17
44018 21105 21
21105 30597 11
44039 32906 21
32906 9716 17
44137 37348 21
44232 32780 21
32780 33614 6
32780 23394 15
32780 13646 19
13646 31645 16
31645 14436 21
44277 49167 21
44385 9106 21
9106 41671 6
9106 49440 8
9106 10209 15
10209 17299 5
49440 40092 18
44428 3630 21
44435 19577 21
44512 4443 21
4443 48094 10
4443 38992 16
44673 31124 21
44829 49653 21
44830 11455 21
44830 37012 21
44888 16317 21
16317 18022 9
18022 33289 1
44908 29139 21
44959 22643 21
22643 27429 9
22643 21652 15
21652 1221 6
21652 26097 21
26097 38912 9
38912 39144 4
26097 36785 11
36785 22242 20
44976 46777 21
45007 34982 21
34982 49849 6
45085 34059 21
45140 40213 21
45164 22447 21
22447 19622 3
45363 43500 21
45511 44596 21
45699 10741 21
45702 30150 21
45725 28094 21
45791 48386 21
48386 17174 17
45832 42108 21
42108 16696 4
45896 19229 21
19229 18175 14
46145 28543 21
46222 18851 21
18851 49623 11
18851 18159 16
18159 23891 7
23891 30208 11
46257 48681 21
46271 8178 21
8178 48199 19
46327 1945 21
46418 32046 21
32046 18024 5
18024 46820 6
46820 44671 9
46435 18405 21
46503 5999 21
46527 46935 21
46617 17918 21
46701 43432 21
43432 2954 2
2954 28990 13
46704 48590 21
46740 5296 21
46753 28854 21
46787 25946 21
46909 33700 21
47102 22296 21
47171 22285 21
22285 3329 18
3329 35845 7
35845 44387 17
47172 14242 21
14242 24297 16
47316 37879 21
47399 37652 21
37652 10061 6
47401 46207 21
47443 28983 21
47501 36641 21
47576 28478 21
47646 35636 21
35636 19718 16
47682 3595 21
3595 28162 4
3595 1208 15
28162 10187 15
1208 12937 16
47685 36798 21
47711 26894 21
47968 28931 21
47987 5989 21
48059 42861 21
42861 43792 20
48104 35780 21
35780 27522 5
35780 38376 6
38376 33986 21
33986 44399 8
44399 13063 13
44399 28966 16
44399 40507 19
40507 7675 2
48137 38993 21
48170 18636 21
18636 18215 15
48180 4676 21
4676 38682 21
38682 40174 3
40174 22146 1
40174 16925 8
16925 7040 16
48227 40513 21
40513 21444 3
48270 40991 21
48349 47606 21
48395 18990 21
48414 3609 21
3609 49400 20
49400 26012 20
48428 6845 21
6845 13777 5
13777 3633 6
3633 5520 4
5520 36916 11
48435 2543 21
48457 28522 21
28522 16231 16
28522 43989 19
48484 8536 21
8536 23434 4
48590 47065 21
47065 43667 4
47065 45738 21
45738 42125 10
42125 42241 3
48778 33432 21
33432 35095 4
35095 25556 18
25556 48139 7
48139 45077 21
45077 28007 2
28007 40965 5
40965 4505 1
45077 13153 15
48793 46998 21
46998 47326 12
47326 26958 4
48924 15107 21
15107 22427 5
22427 12473 12
48946 23079 21
48987 2076 21
49105 26140 21
49129 16635 21
16635 34992 12
34992 13751 11
13751 25672 4
49224 37063 21
49364 23114 21
49415 4055 21
49586 27150 21
49646 31404 21
31404 42258 20
49709 6518 21
49776 29982 21
29982 29133 11
49778 46307 21
46307 45879 13
49899 16294 21
49964 9124 21
49964 47671 21
16 741 22
741 20671 20
20671 46310 6
87 33522 22
149 17283 22
222 24498 22
24498 22527 18
253 42991 22
413 17298 22
413 25283 22
25283 28915 2
28915 41683 6
41683 30268 10
463 40102 22
527 22336 22
536 3201 22
3201 6126 10
6126 43044 14
6126 420 20
420 49905 9
43044 29916 21
29916 18904 12
18904 27013 20
546 34561 22
34561 25976 6
571 21889 22
21889 33267 17
641 8212 22
649 7625 22
7625 6447 14
669 11851 22
676 7320 22
751 48234 22
48234 5297 21
5297 27137 9
5297 19956 16
19956 26277 9
26277 9736 10
48234 10782 21
764 11896 22
11896 24857 8
11896 14059 20
776 20810 22
849 1758 22
854 49040 22
866 21770 22
21770 27145 1
21770 31166 15
920 7383 22
925 5234 22
5234 4546 1
1009 33359 22
1043 718 22
1062 23570 22
23570 29773 2
23570 14693 8
14693 19946 3
19946 48364 3
19946 12561 8
48364 35018 13
19946 38665 20
38665 1848 7
12561 32330 21
1063 2137 22
1107 3205 22
1161 49779 22
1241 31470 22
31470 12027 3
1259 47745 22
1288 6664 22
1327 46062 22
1355 16069 22
1361 11031 22
1373 608 22
608 16867 11
1502 22562 22
22562 14799 5
22562 20728 11
22562 18372 13
1523 1731 22
1578 1048 22
1671 34669 22
1680 39197 22
39197 47663 1
47663 41561 16
1745 3614 22
3614 4041 6
3614 49736 18
49736 41308 3
41308 31907 6
49736 48360 7
41308 19146 12
1751 4634 22
4634 39491 9
39491 33162 19
33162 19451 5
1752 3755 22
3755 18583 13
18583 25156 18
1793 40058 22
40058 4067 4
4067 16737 15
1819 40393 22
1822 18085 22
18085 25674 15
1917 49464 22
1920 28269 22
1931 208 22
208 5427 21
208 17597 21
1987 7536 22
1995 45102 22
2015 9066 22
9066 49627 13
9066 13365 17
13365 4977 11
4977 6095 6
9066 4301 21
4301 7572 3
2017 1787 22
1787 645 5
2053 6409 22
2110 7010 22
7010 45224 3
45224 34526 3
7010 20208 9
20208 37281 16
20208 43948 16
43948 6449 5
43948 38420 9
34526 49802 18
2121 40896 22
2143 10369 22
10369 24145 9
2176 5843 22
2193 17871 22
17871 30876 1
2242 35923 22
2254 30875 22
30875 27986 13
2264 5016 22
5016 26397 2
5016 34619 8
34619 26881 2
26397 33156 13
2273 4212 22
2501 3268 22
2586 36959 22
2607 3054 22
3054 33021 14
33021 49571 12
2642 11421 22
2702 8216 22
2706 19560 22
19560 16456 1
19560 38291 2
16456 46 10
2726 13228 22
2763 16177 22
16177 49236 9
2856 21614 22
21614 8241 8
21614 3721 17
3721 8857 16
8241 17076 19
17076 13089 10
13089 12431 13
12431 21363 3
21363 13246 2
13246 23630 6
13089 29113 13
2964 40404 22
40404 6737 19
6737 29554 21
3054 47812 22
3083 11476 22
3176 16002 22
3195 8590 22
3229 3317 22
3317 17379 8
17379 29362 10
3237 13627 22
3250 2025 22
3251 6793 22
3421 33017 22
33017 33324 7
33017 26172 16
3520 15238 22
15238 47965 5
47965 35870 7
15238 16400 14
16400 18732 16
16400 30237 18
16400 9957 20
9957 1565 20
1565 49048 9
47965 49027 21
3712 2542 22
3721 23117 22
3751 21546 22
3759 8380 22
3810 5311 22
5311 21802 10
3828 38766 22
3851 47505 22
47505 42892 18
47505 31189 20
31189 10117 4
31189 12233 6
10117 23057 7
10117 10795 19
3921 41049 22
3925 8198 22
8198 35713 18
4020 37508 22
4021 28813 22
28813 48196 18
48196 26555 11
48196 15955 13
15955 4973 6
4973 34947 5
34947 49185 8
49185 11714 3
11714 31437 5
49185 26727 7
11714 24983 20
24983 10544 16
10544 33714 13
10544 48796 21
48796 41030 10
41030 24429 10
24429 30125 4
4080 31403 22
4140 18592 22
4191 4503 22
4383 32396 22
32396 26792 9
26792 37759 11
4530 20968 22
20968 3207 16
3207 19538 14
4530 38756 22
4612 45272 22
4625 38473 22
38473 45353 18
4646 7323 22
4721 43800 22
43800 39835 1
43800 40365 12
40365 22160 2
39835 39094 17
4760 46320 22
4813 35597 22
35597 2671 4
2671 9299 6
4820 43623 22
43623 21928 15
4921 20252 22
20252 21946 10
4980 3605 22
4999 16808 22
5040 9292 22
5061 40412 22
5084 25786 22
5258 23402 22
5306 16914 22
5347 885 22
885 28701 20
5371 36497 22
5380 43223 22
43223 10896 9
10896 5892 10
5892 22066 11
5390 42567 22
42567 475 6
42567 38650 6
475 5093 10
38650 8410 10
42567 13021 18
5397 44626 22
5418 46473 22
5422 41860 22
5449 40696 22
40696 24325 1
24325 14689 6
40696 1863 7
1863 8392 3
14689 35544 12
35544 9038 3
14689 22123 18
9038 7504 20
7504 22991 1
7504 44073 14
44073 43562 16
40696 24597 21
5486 31871 22
5574 27307 22
5612 47025 22
47025 42946 9
42946 7146 16
47025 41126 17
41126 16712 3
5675 8796 22
5676 1601 22
1601 43431 16
5706 28510 22
5738 16067 22
5775 7549 22
5829 38546 22
5835 45456 22
5866 30439 22
5867 2835 22
5913 2858 22
2858 17989 2
6056 11942 22
6071 23470 22
23470 10639 18
6077 12005 22
6149 2985 22
6177 7570 22
6236 24515 22
24515 26902 14
6254 21290 22
6261 3799 22
3799 31549 10
31549 34761 2
6300 20175 22
20175 49039 6
20175 10173 21
6349 42165 22
6403 7909 22
7909 29853 8
6454 48475 22
6500 3997 22
3997 46037 10
46037 8219 8
6512 25469 22
25469 25505 16
25505 42161 19
6524 43973 22
6628 10697 22
10697 43883 14
43883 26098 11
6631 20533 22
20533 32572 4
32572 15483 15
6677 11015 22
11015 13126 18
6733 28327 22
28327 43034 12
6785 3211 22
3211 16698 15
6790 41116 22
41116 25517 5
41116 13707 11
6812 1655 22
6909 31325 22
31325 15741 5
15741 19107 10
7032 5428 22
5428 29817 10
7034 37953 22
7118 26643 22
26643 28083 7
28083 24565 14
24565 38439 14
7154 7463 22
7463 4713 7
7170 3769 22
7313 28408 22
28408 4927 3
28408 31494 17
7328 28376 22
28376 22119 4
7423 46095 22
46095 35173 16
35173 19238 20
7432 17167 22
17167 21308 9
7505 39017 22
39017 3665 11
3665 5558 8
3665 2071 19
7532 38971 22
7549 12268 22
7601 5194 22
7606 7516 22
7713 11888 22
7734 48447 22
48447 39706 7
7763 35393 22
7775 7816 22
7816 39974 18
7847 12921 22
12921 1528 19
1528 793 15
793 18346 6
7930 48674 22
48674 31563 4
8041 25983 22
8062 8255 22
8255 941 1
8255 44984 1
44984 5146 5
5146 4249 4
5146 5155 4
941 33394 14
5155 10284 14
4249 38768 15
5155 18071 20
8085 14471 22
8128 32247 22
8256 15916 22
8398 13492 22
8447 25584 22
8453 5585 22
8541 20422 22
8615 32158 22
32158 2731 4
2731 6470 3
2731 30816 5
8742 46085 22
46085 8106 7
8106 42282 12
8791 41196 22
41196 42011 20
42011 31928 20
8859 12089 22
8869 37048 22
8977 35054 22
9001 16735 22
16735 36477 16
9024 24134 22
24134 22432 20
9089 1380 22
9089 24669 22
24669 32449 4
9173 23517 22
23517 8978 1
8978 13589 10
9186 24701 22
9239 4222 22
4222 24981 7
4222 39633 20
9319 11655 22
9421 36773 22
36773 38757 13
9520 15500 22
9607 1505 22
1505 40074 8
1505 9908 22
9650 49660 22
9662 154 22
9717 36055 22
9831 17113 22
17113 26117 21
26117 47263 1
26117 33618 2
47263 46259 2
26117 425 4
425 11922 4
47263 45425 6
46259 32533 10
46259 45443 13
46259 45668 13
11922 25534 20
25534 21963 17
9895 9629 22
9962 12828 22
10022 40290 22
40290 41597 11
10048 11274 22
11274 35130 1
11274 40405 7
40405 34196 15
10126 23474 22
23474 8899 3
8899 42396 16
42396 18958 13
18958 17390 21
10286 5265 22
5265 8046 21
10338 25546 22
10400 49792 22
10417 3123 22
10457 4061 22
4061 409 21
409 1589 1
409 45192 15
10597 10548 22
10548 37491 6
10700 14957 22
14957 48534 13
48534 37551 1
10741 30191 22
30191 13419 10
10795 18276 22
18276 45618 10
45618 39424 2
39424 31670 4
31670 32221 10
32221 28566 13
28566 6658 8
39424 20218 13
31670 37989 18
37989 5776 17
10870 45275 22
45275 3453 10
10884 19862 22
10896 11809 22
11809 22230 1
22230 35035 7
11809 37834 10
10898 45410 22
45410 42048 3
10927 1556 22
1556 31141 1
10928 4377 22
10931 39942 22
10933 48236 22
48236 39575 16
39575 48312 16
48312 17027 20
10986 49483 22
10991 38525 22
38525 2937 7
38525 8720 19
8720 284 20
284 4319 22
11009 25691 22
11114 18608 22
11147 48340 22
48340 9087 14
11251 15184 22
15184 31408 18
31408 19910 3
31408 27115 4
19910 45374 21
11255 27186 22
27186 31905 9
31905 36971 21
11293 16032 22
11365 13658 22
11450 24596 22
11454 25850 22
25850 6333 2
6333 10476 13
11454 28578 22
11459 46628 22
46628 49172 6
46628 545 8
49172 23431 12
11501 29718 22
29718 32227 7
29718 13686 10
11507 15372 22
15372 11323 10
15372 28397 11
28397 11453 4
11526 35020 22
35020 43996 4
43996 2944 14
2944 17999 6
17999 7208 4
11660 11205 22
11704 26632 22
11771 3650 22
11894 8494 22
11984 26552 22
12022 48651 22
12031 49827 22
12102 42155 22
42155 43702 13
43702 38316 14
12121 41443 22
41443 30170 1
30170 44962 21
12122 3355 22
3355 4466 14
4466 19061 9
4466 918 13
12173 14500 22
12454 42872 22
12457 37966 22
12480 6839 22
6839 42172 7
42172 1862 4
12523 22908 22
12536 9104 22
12546 37578 22
12558 31761 22
12574 49279 22
12829 18665 22
18665 9499 1
18665 18829 7
18665 9004 13
18829 11235 13
9499 23168 16
23168 28112 6
28112 7372 5
12842 10130 22
10130 36173 3
12852 10707 22
10707 34088 10
10707 20543 16
12902 26065 22
12941 31207 22
12957 25004 22
12968 32677 22
12981 48092 22
48092 31021 17
13009 4685 22
4685 22812 6
22812 33481 3
13197 22136 22
13229 13358 22
13247 26669 22
26669 42666 2
26669 43125 2
42666 47527 18
47527 39560 4
47527 49307 16
13337 8704 22
8704 23673 13
23673 18630 19
13346 26224 22
13368 22785 22
13414 23221 22
13460 12765 22
13517 11157 22
11157 17397 6
13710 28267 22
13899 44228 22
44228 38996 20
38996 24920 10
14116 14561 22
14561 31119 1
31119 29354 3
29354 7371 5
14561 3795 12
7371 19340 13
29354 28910 14
28910 5771 12
29354 44801 16
14561 30618 17
30618 37422 3
37422 49578 14
7371 4171 19
14122 25139 22
14204 14351 22
14241 46120 22
14245 14076 22
14076 31171 13
14271 25182 22
14330 43614 22
14487 2379 22
2379 2994 2
14491 39091 22
14526 13226 22
14532 27406 22
27406 9924 14
9924 24200 1
14623 11134 22
11134 20435 2
11134 9921 14
9921 25760 16
25760 3428 8
3428 6277 6
6277 13969 19
3428 28889 21
28889 3493 17
3493 39587 8
39587 5880 11
3493 28693 12
14658 21468 22
21468 47548 1
47548 6746 21
6746 45651 6
45651 10262 2
14714 2260 22
14777 29786 22
29786 29134 7
14804 27385 22
14863 46232 22
15035 26977 22
15089 32530 22
15118 34018 22
15162 45966 22
15175 5530 22
5530 19072 22
19072 7025 4
7025 46218 6
46218 30942 6
15196 33826 22
15241 48936 22
48936 48023 9
15379 28467 22
28467 26493 16
26493 19543 8
15457 23169 22
23169 26081 19
26081 21354 18
15457 33463 22
15458 43361 22
43361 4626 8
4626 18300 3
15538 9894 22
15582 43327 22
15586 40951 22
15673 14437 22
14437 39605 19
39605 39722 2
39722 49795 10
49795 31118 16
31118 32138 21
32138 27785 19
27785 49719 15
15757 18824 22
15835 24342 22
24342 40093 2
24342 23000 18
15848 34203 22
15956 38878 22
38878 26011 13
38878 33130 15
33130 10664 12
10664 3362 3
3362 24393 11
24393 42967 16
3362 6021 19
6021 20000 4
20000 16535 21
16078 24466 22
24466 11460 21
11460 41524 7
41524 48308 5
41524 47143 10
16090 17050 22
17050 42673 16
16203 18314 22
16318 4898 22
16383 11370 22
11370 1187 22
16414 40427 22
16445 33277 22
33277 41853 3
33277 3045 8
33277 42261 19
16492 47769 22
16588 40680 22
16685 27311 22
16690 11569 22
11569 27609 12
27609 5631 17
16833 39617 22
16860 41482 22
41482 45283 8
45283 8563 7
8563 1112 15
1112 10810 15
10810 21456 4
16872 33464 22
33464 30320 13
30320 13462 4
13462 19030 12
16907 3081 22
16952 3867 22
17076 3924 22
3924 24588 5
24588 41146 10
17113 1375 22
17166 34324 22
34324 19135 3
17245 36720 22
17289 5598 22
5598 6879 2
6879 19002 5
5598 28175 7
5598 12290 8
28175 13914 8
28175 18469 17
18469 11065 20
17291 26042 22
17309 23056 22
23056 37436 7
17311 43441 22
17417 10962 22
17446 27794 22
27794 35941 17
35941 17900 10
17457 48586 22
48586 7396 18
48586 12424 19
12424 24840 15
12424 43216 20
12424 14008 22
17477 31366 22
31366 33637 13
33637 7942 20
7942 7812 7
7812 34413 9
7812 381 21
381 26057 12
381 5227 15
381 1313 16
1313 26685 6
1313 4728 8
1313 44964 11
17481 45841 22
17506 31881 22
31881 47270 3
17548 32602 22
32602 37817 21
37817 18532 11
17650 37957 22
37957 35341 13
17810 5289 22
5289 29983 12
29983 45400 16
45400 30351 12
17819 2873 22
17849 30130 22
17947 36873 22
36873 29445 8
17996 42994 22
18032 4841 22
4841 21021 2
18040 34523 22
18066 35933 22
18197 12751 22
12751 4639 3
18228 39578 22
18264 43421 22
43421 21785 5
18273 47823 22
18438 46896 22
18460 8947 22
8947 30409 5
8947 38967 16
18470 15539 22
18490 2083 22
2083 26306 8
26306 22506 14
18538 43109 22
18624 36990 22
36990 45772 19
45772 20754 16
20754 48248 17
48248 34894 19
34894 35469 1
35469 30611 2
30611 34037 5
18640 40738 22
40738 20269 4
18756 49180 22
18763 22414 22
18782 49580 22
18798 13559 22
13559 3352 3
18823 36014 22
36014 33776 3
36014 17336 7
36014 34427 13
18850 23663 22
18943 39054 22
39054 48056 1
39054 28438 21
18946 22070 22
19151 8316 22
19235 1347 22
1347 1869 15
19238 7736 22
19330 35126 22
19420 31400 22
19467 7066 22
7066 36115 7
7066 24912 16
19505 19132 22
19538 1211 22
1211 36518 9
19577 27665 22
19663 28724 22
28724 43328 21
19679 18086 22
19802 9858 22
9858 35241 9
19810 26559 22
26559 21583 9
21583 17324 12
17324 16428 9
19915 29192 22
19921 28434 22
20100 11692 22
20131 14970 22
20149 4138 22
20459 3970 22
20520 41398 22
41398 6031 15
6031 37571 2
20759 31034 22
20908 31384 22
31384 20607 5
20909 39816 22
20931 12936 22
21014 38712 22
21060 28462 22
28462 39801 20
39801 45814 20
21062 37384 22
21135 38011 22
21179 19441 22
21192 39451 22
39451 34569 7
34569 29538 1
29538 14642 5
34569 31300 13
29538 118 14
118 36022 7
118 144 17
144 41053 9
31300 24334 18
118 237 22
237 25372 19
21413 31562 22
31562 35907 11
35907 38800 2
21419 30952 22
30952 46578 13
21485 37898 22
21497 4739 22
4739 19578 21
21533 25110 22
21576 6356 22
21620 25334 22
21749 33593 22
21872 9331 22
21872 37399 22
21873 15140 22
15140 29196 12
15140 26285 14
21926 47303 22
22060 29225 22
29225 11389 9
22063 32546 22
22126 44560 22
44560 29804 8
44560 43984 15
44560 25907 18
22241 15530 22
22328 43246 22
43246 23957 4
22332 47697 22
22376 10356 22
10356 34274 19
22431 26263 22
26263 40153 2
40153 29387 20
22476 32249 22
22515 41854 22
41854 23923 4
22588 3682 22
22642 47078 22
22673 30817 22
22750 3950 22
3950 20227 1
20227 40032 4
20227 18474 12
3950 28917 21
22799 11871 22
22818 13161 22
22848 7233 22
22878 18975 22
22935 12438 22
12438 30475 16
23093 25803 22
23152 29724 22
29724 11022 9
11022 23820 14
23205 29232 22
29232 19885 1
23275 2088 22
2088 135 20
135 4658 18
4658 34506 4
34506 26491 21
23317 13160 22
23436 34591 22
34591 35979 2
35979 9053 20
23511 30188 22
30188 46304 17
23536 28364 22
23551 45345 22
45345 45792 10
23553 10415 22
23590 36674 22
23743 31639 22
23749 41581 22
41581 34743 6
41581 7967 14
7967 40467 14
40467 43265 17
43265 35814 1
35814 15504 9
23756 7242 22
7242 30328 21
30328 46586 5
30328 35734 19
23892 18705 22
23973 5799 22
24030 26329 22
24096 2216 22
2216 10517 19
24107 3591 22
24202 30070 22
30070 28651 20
24226 8612 22
24301 17993 22
17993 26481 9
26481 13848 6
24316 21139 22
21139 23779 10
21139 45372 18
24357 21316 22
24379 27223 22
27223 43904 11
43904 37416 4
24615 394 22
24627 26957 22
24629 46710 22
24889 36487 22
36487 44489 4
44489 48942 1
25168 7339 22
7339 9893 2
25271 25518 22
25518 46948 13
25518 43280 15
43280 12799 4
43280 6660 15
25518 27564 18
27564 5203 13
46948 17442 21
25277 38749 22
25317 7316 22
25465 17227 22
25494 32625 22
25514 4254 22
4254 49299 12
49299 38530 1
38530 42527 17
25830 9631 22
25833 27698 22
25848 49588 22
49588 33538 7
33538 5838 9
25879 8976 22
8976 4174 10
8976 47159 10
47159 12822 8
4174 19705 19
19705 46853 11
46853 40142 6
46853 27056 18
27056 13612 7
19705 34241 19
25929 12320 22
26002 29926 22
29926 9676 18
26157 43164 22
26242 10605 22
10605 33141 10
33141 43540 7
43540 23654 13
23654 17801 7
17801 26394 4
26394 6990 6
26252 41538 22
26254 11304 22
11304 42385 10
11304 21391 17
21391 40926 8
21391 14852 12
14852 38435 11
14852 35516 18
40926 48900 20
26316 43736 22
26595 8396 22
26793 22644 22
22644 19874 10
19874 5169 13
5169 46758 17
26806 32708 22
26814 9130 22
26838 22348 22
26969 5299 22
27064 23730 22
23730 6411 13
23730 28774 21
28774 6286 17
27065 30421 22
30421 32878 4
30421 45958 11
45958 36764 11
36764 29612 1
29612 8464 8
8464 27619 22
27619 9144 4
27131 48387 22
48387 879 3
879 8280 21
8280 10704 15
10704 21008 12
27152 32896 22
32896 25768 3
27362 16125 22
16125 11847 15
27440 32256 22
32256 23043 6
23043 24589 6
27446 32492 22
27448 19832 22
27574 18682 22
27574 45684 22
27634 23313 22
23313 21299 15
27638 41255 22
41255 12771 2
27751 11193 22
11193 20741 5
20741 35527 9
35527 22424 4
11193 29382 18
11193 10773 19
22424 22967 19
27779 28479 22
27785 36422 22
27937 25473 22
25473 48498 10
25473 12944 22
12944 40648 7
40648 12595 21
27957 26122 22
26122 17573 20
28102 39222 22
28229 31493 22
31493 24303 8
31493 28378 8
28378 41889 4
41889 43402 12
28527 3267 22
28634 45780 22
45780 18845 5
28660 37649 22
28660 39190 22
28772 29028 22
29028 43237 21
43237 12531 3
28869 48741 22
28941 37686 22
28980 38771 22
29034 15683 22
15683 49249 3
49249 32027 7
32027 48683 19
48683 48663 9
29062 19594 22
19594 32063 19
29113 1663 22
29188 22839 22
22839 37234 6
29244 5028 22
29459 39631 22
29538 46445 22
46445 31154 7
29605 32811 22
29606 22966 22
29686 5273 22
29714 26821 22
26821 43321 7
26821 36598 22
29736 30176 22
29748 20480 22
29882 10393 22
29934 21312 22
21312 29545 3
30007 42164 22
30083 25141 22
25141 9279 21
9279 1090 7
9279 22443 10
30116 33403 22
30145 41563 22
30178 4093 22
4093 34887 15
30179 33236 22
30226 35230 22
30346 35633 22
30405 4975 22
30482 8311 22
8311 14564 7
14564 43110 3
8311 15103 10
30496 4228 22
4228 7469 6
7469 34317 22
30521 20650 22
20650 37070 20
20650 39896 20
39896 29322 21
30536 10901 22
10901 1054 6
1054 31746 10
10901 6922 11
1054 22958 12
31746 23204 16
23204 1622 9
1622 9349 19
1622 34185 21
30567 29049 22
30571 17339 22
17339 1963 7
1963 17697 3
17697 18702 1
17697 5882 2
17697 36912 12
17697 34518 15
36912 40670 15
40670 24784 7
40670 48827 9
17697 6716 17
6716 4711 5
4711 32467 6
32467 23544 18
48827 14160 19
24784 31909 21
1963 421 22
30679 29876 22
29876 9111 22
9111 41114 16
30769 33215 22
30836 44199 22
30879 4621 22
30969 8010 22
31060 15380 22
15380 45287 8
15380 47870 19
45287 12140 19
12140 32188 16
31119 47816 22
31144 22171 22
22171 14361 2
14361 19198 6
19198 46020 1
46020 23788 6
23788 3464 13
31207 8192 22
8192 12555 11
12555 26771 11
8192 49182 16
49182 9343 6
49182 31893 11
31366 33449 22
33449 17148 17
17148 40466 20
40466 34379 19
34379 38932 12
34379 11014 21
11014 11544 19
31381 1534 22
31479 39313 22
39313 10136 9
39313 28222 11
39313 41009 11
31507 35111 22
35111 49848 7
49848 13960 15
13960 45985 22
31560 46641 22
46641 32422 18
32422 47575 16
31612 23701 22
23701 4882 13
4882 4083 5
4083 46548 3
23701 13674 14
46548 30691 20
31677 30949 22
31709 27185 22
31713 39857 22
31717 17949 22
31732 11815 22
31831 41619 22
31908 48602 22
48602 22113 18
22113 16407 2
16407 35510 1
32001 14726 22
14726 26808 3
26808 38325 11
14726 17257 20
32134 36490 22
32181 23656 22
23656 19311 13
32247 3917 22
32312 19847 22
32350 8129 22
32402 38881 22
32419 46127 22
32481 30940 22
30940 35457 4
35457 43699 16
32679 14514 22
32685 13878 22
13878 43549 14
32706 10161 22
10161 18150 14
18150 47411 7
47411 45314 2
18150 36991 11
10161 49361 18
49361 11678 18
11678 47825 13
32804 23297 22
32831 35888 22
35888 36042 21
32859 9855 22
32899 4985 22
32948 12051 22
32949 40261 22
40261 30886 16
32978 28507 22
33146 6054 22
33310 44184 22
33324 34400 22
34400 1687 9
34400 34753 18
33528 33577 22
33593 49815 22
33690 40088 22
33690 44213 22
44213 34450 1
33793 25460 22
25460 30350 13
33797 24064 22
33830 31371 22
31371 14411 10
14411 26928 16
26928 15279 2
33881 9660 22
9660 39060 19
34106 41997 22
34133 24131 22
34228 32168 22
34474 22023 22
34617 39148 22
39148 30636 2
30636 31264 7
34656 22259 22
22259 46451 17
34881 24864 22
34944 30094 22
34989 35630 22
35094 16464 22
16464 46589 4
46589 21569 1
16464 48547 6
46589 29271 8
46589 27906 9
21569 44354 11
35137 23742 22
23742 34238 1
35162 36444 22
36444 26703 11
26703 5104 6
5104 49137 12
49137 44569 11
35267 16484 22
16484 27255 2
27255 3819 9
35298 11686 22
35370 12002 22
12002 14235 14
14235 44233 10
35401 7077 22
35626 4440 22
4440 35322 14
35956 25945 22
35989 39659 22
36041 25978 22
36112 11354 22
36262 31989 22
36402 45556 22
36411 39715 22
36496 21087 22
36589 13898 22
36618 40187 22
40187 2016 1
2016 39032 3
2016 2556 21
2556 10261 22
36632 44347 22
36711 5782 22
5782 20857 8
36747 46592 22
36770 37976 22
36875 44786 22
44786 13765 8
37159 2729 22
37193 20948 22
37289 26430 22
37358 19262 22
37369 35385 22
37424 7023 22
7023 8756 3
7023 43978 8
8756 28334 8
43978 41991 9
7023 40898 16
37472 803 22
803 44630 16
37472 26566 22
37474 45589 22
37543 1843 22
1843 17504 20
37562 43442 22
37592 12131 22
12131 34435 5
37599 6065 22
6065 2585 9
37599 49607 22
37610 34782 22
37746 5264 22
5264 33482 3
5264 41194 14
41194 13303 16
37776 33572 22
33572 37489 14
37989 22532 22
38025 9237 22
38049 17363 22
17363 27598 1
38081 39948 22
38130 32037 22
38140 31513 22
38396 22429 22
22429 47058 8
38441 12535 22
38481 43985 22
38515 27774 22
27774 46733 4
38712 42275 22
42275 21362 11
38891 44394 22
39106 13467 22
13467 1605 3
1605 28720 2
39206 34187 22
34187 24806 18
39212 2256 22
2256 48461 2
48461 36528 15
36528 6667 9
6667 42280 9
36528 6068 16
39212 5902 22
5902 18821 4
39428 10051 22
39570 27684 22
39589 41775 22
39655 30133 22
39659 25272 22
39714 42813 22
42813 40321 1
39866 367 22
367 101 9
101 44701 9
44701 49385 12
40046 24422 22
40074 30800 22
40117 43067 22
40229 23604 22
23604 29359 4
29359 20423 17
23604 47016 20
40240 30280 22
40347 34688 22
40371 24369 22
40396 42681 22
42681 3705 21
40469 17128 22
17128 15814 18
17128 18672 21
18672 22101 21
40473 48726 22
40541 3789 22
3789 35924 22
40588 37831 22
40596 31638 22
40693 14356 22
40703 23368 22
40840 25741 22
41082 40610 22
41187 10785 22
10785 46172 11
41198 28757 22
41214 49414 22
41280 14259 22
41380 10603 22
41492 37964 22
41553 45828 22
41665 41125 22
41125 45548 10
45548 15733 20
15733 45082 10
41868 40790 22
40790 41999 9
41933 912 22
42167 4371 22
42226 18891 22
42313 21774 22
21774 21373 6
42479 49937 22
42546 18186 22
18186 12055 22
12055 22228 13
42568 6397 22
42582 49978 22
42663 2182 22
2182 38564 13
38564 36019 7
42814 38310 22
38310 27533 3
27533 15243 20
38310 40274 22
40274 22990 16
42829 7420 22
42991 30706 22
43017 9481 22
43144 46621 22
43238 31137 22
31137 47498 13
43283 34284 22
43319 17366 22
43346 2067 22
43411 42436 22
43539 43399 22
43544 16810 22
43710 5981 22
5981 6513 18
43772 48706 22
43898 29299 22
43963 2151 22
43980 44211 22
44211 29224 9
44181 40332 22
44194 9670 22
44236 30612 22
30612 37310 2
44382 40924 22
44472 49582 22
49582 22325 7
44774 17281 22
17281 32521 2
44872 47954 22
44926 41567 22
44981 41212 22
44985 25039 22
44998 46003 22
45003 43504 22
45028 34529 22
45033 21142 22
21142 33103 14
45164 13957 22
45222 27690 22
45224 11266 22
45328 10838 22
45342 42179 22
45423 18939 22
45622 36813 22
45675 14545 22
14545 33361 19
45719 21475 22
45948 41598 22
45977 16424 22
46066 34794 22
46273 43954 22
46329 45063 22
45063 5546 18
5546 10835 16
45063 40881 18
40881 48073 6
48073 39406 3
39406 24141 5
24141 39847 22
46608 17615 22
46712 14624 22
46787 28254 22
28254 39173 6
28254 45144 14
46817 15632 22
15632 44551 21
44551 25942 3
25942 29247 6
29247 45450 15
47149 9226 22
47281 16603 22
47333 12506 22
47399 47154 22
47453 48687 22
47553 25903 22
47575 32972 22
47676 39643 22
47693 40687 22
47707 42547 22
47843 10534 22
47865 5795 22
5795 5527 5
47896 15231 22
15231 19366 17
47926 28690 22
47936 49654 22
49654 44468 13
48044 29295 22
29295 16267 2
29295 46048 4
48071 9632 22
9632 37442 4
9632 46498 20
48102 15066 22
15066 39817 17
48118 31148 22
48182 19470 22
19470 29521 14
29521 47780 3
29521 26362 18
48290 7253 22
7253 25726 1
7253 42373 22
48387 34684 22
34684 20698 11
20698 32592 13
48434 38823 22
38823 3335 2
38823 10322 14
48447 38868 22
48593 33696 22
48649 16314 22
48653 46797 22
48717 38351 22
38351 28339 13
38351 11680 18
48853 39119 22
39119 967 20
967 37992 13
48913 22072 22
22072 28877 8
28877 17274 18
48954 5701 22
5701 14749 15
49014 5415 22
5415 46387 8
49104 1450 22
1450 17169 20
49393 49667 22
49667 35887 20
49416 47478 22
47478 45959 12
49436 36814 22
36814 16202 4
49500 20848 22
20848 28585 13
49727 7618 22
7618 25022 6
49772 39042 22
49962 25504 22
40 26215 23
26215 20132 18
78 2307 23
2307 45811 18
96 618 23
115 2896 23
155 312 23
312 19762 9
158 28911 23
206 47719 23
241 13426 23
13426 23370 20
316 43847 23
43847 25228 14
346 3589 23
3589 14230 18
367 10769 23
379 2432 23
409 27588 23
548 34326 23
34326 32682 16
34326 44754 16
613 663 23
677 11997 23
11997 29150 8
849 32342 23
860 9109 23
9109 19906 2
9109 20115 4
19906 15718 13
15718 14760 10
15718 6996 13
20115 13886 15
13886 2462 2
13886 3731 10
14760 48015 20
6996 21528 21
890 49384 23
1021 31181 23
1110 16686 23
1146 37220 23
1150 34952 23
1157 15023 23
1190 9525 23
1269 48136 23
1276 19376 23
1277 14124 23
14124 38950 18
38950 20986 19
20986 16900 10
16900 29120 10
1320 30772 23
1391 19371 23
1440 43088 23
1451 21309 23
1553 8507 23
1802 10519 23
1839 21663 23
1849 40618 23
40618 26223 13
40618 15993 21
1981 2425 23
2425 6218 4
6218 25070 9
25070 27648 3
27648 32701 11
32701 34189 15
34189 31450 14
2425 4853 18
2166 19188 23
19188 22493 2
22493 40899 22
40899 38513 12
2181 26033 23
26033 16031 3
26033 31874 3
26033 21174 12
2211 18710 23
2263 39849 23
2300 27493 23
2328 30867 23
30867 43835 20
2396 4603 23
2396 49703 23
2403 10614 23
10614 15981 2
15981 8435 8
2411 33194 23
33194 44444 18
2418 45612 23
2485 18279 23
2587 5108 23
2637 29692 23
29692 20345 13
2679 41177 23
41177 40452 8
40452 35008 8
35008 19773 17
2702 27907 23
2793 43158 23
43158 34541 4
43158 10089 19
10089 27347 19
2800 48188 23
48188 49785 8
2831 20539 23
2880 34308 23
2924 47630 23
2963 47847 23
2981 8034 23
2986 5705 23
3026 24416 23
3105 46666 23
46666 6553 12
6553 31036 15
3182 31173 23
31173 35377 12
31173 36666 14
36666 39394 16
39394 14841 17
36666 3848 21
36666 30959 22
30959 39043 4
30959 6182 18
3189 33552 23
3268 24581 23
24581 49000 21
49000 35571 22
35571 19724 10
19724 27910 2
3285 42116 23
3320 45662 23
3334 40585 23
3347 8506 23
8506 46890 13
3376 42540 23
42540 25941 7
42540 20719 18
20719 26286 7
20719 43429 16
43429 26360 7
3559 45732 23
3602 1788 23
1788 12359 18
3639 5377 23
5377 17750 22
17750 43120 5
17750 9277 8
17750 20977 10
20977 15568 14
3682 23447 23
3700 28372 23
3855 4135 23
4135 26588 1
3861 45758 23
3946 5202 23
5202 28001 20
28001 47669 13
47669 36017 10
3957 18003 23
3968 40038 23
4007 28825 23
4104 32914 23
32914 3778 11
3778 26340 7
4138 49065 23
4252 21279 23
21279 36937 1
36937 17787 9
36937 45690 11
4261 45010 23
4279 38106 23
4298 45084 23
45084 25461 17
4322 2433 23
4361 27795 23
27795 39221 4
4594 23950 23
23950 11875 21
11875 48708 19
4677 36727 23
4705 10002 23
10002 37980 11
37980 46043 11
46043 41361 12
4738 17064 23
4748 8938 23
8938 46240 18
4758 4399 23
4902 13599 23
13599 29794 19
4936 22108 23
22108 16585 13
16585 47189 22
4944 45462 23
45462 41319 19
41319 17772 6
17772 22140 14
41319 769 19
5003 49328 23
5030 18544 23
5080 1971 23
1971 11204 14
5158 39710 23
5186 17459 23
17459 39743 4
39743 29800 5
39743 7959 14
7959 13723 3
17459 20507 18
5270 42839 23
5433 37904 23
5544 26877 23
5717 4749 23
5764 18971 23
18971 25495 17
25495 31200 12
25495 43841 18
43841 10665 15
10665 45270 17
5771 11466 23
5777 32803 23
5779 47581 23
5812 35378 23
5860 35081 23
35081 20943 10
20943 9425 14
6066 6993 23
6147 21149 23
21149 37306 22
6256 14832 23
6280 8348 23
6359 8257 23
6497 2018 23
6500 33799 23
33799 15298 13
15298 35600 11
15298 48263 12
35600 10260 15
33799 48093 20
35600 33082 20
6561 46924 23
6562 12215 23
6588 30986 23
30986 35339 17
35339 48795 12
48795 1117 9
6716 44798 23
44798 10378 12
10378 3393 10
3393 4750 17
4750 19040 14
6730 14158 23
14158 40843 9
6827 38108 23
6856 18520 23
6910 16454 23
16454 1075 1
16454 26109 4
26109 49282 7
1075 20537 23
20537 32040 3
20537 25785 4
32040 12157 19
12157 11395 22
6927 35374 23
35374 48848 4
6930 5628 23
5628 30064 21
30064 41758 4
41758 45846 1
6942 36925 23
6957 17755 23
17755 8630 3
6962 30143 23
6991 18626 23
6995 49678 23
7030 25310 23
7138 44821 23
7218 1789 23
1789 12426 2
1789 17131 4
1789 30296 17
30296 42075 13
7222 9878 23
9878 9824 7
7352 28398 23
7420 4178 23
7449 3849 23
7484 4380 23
4380 6376 11
6376 24930 3
6376 40543 21
4380 9581 23
4380 23133 23
23133 41447 8
41447 19483 1
23133 10131 12
7634 47614 23
47614 16916 6
16916 38371 20
47614 15223 20
7670 44920 23
7708 3129 23
3129 10977 3
10977 2454 14
10977 27655 21
7738 40430 23
7759 19416 23
19416 20758 13
7810 15754 23
7820 10995 23
7893 11050 23
7930 19141 23
7959 1844 23
8024 4409 23
8048 43165 23
8093 12674 23
8093 36313 23
8117 18435 23
8274 44978 23
44978 36772 6
44978 45056 11
8280 33719 23
8295 13183 23
8327 14782 23
8439 3671 23
3671 21991 22
8507 11087 23
8543 24748 23
8558 42043 23
8626 23568 23
8711 11717 23
8740 2540 23
2540 3149 19
8786 42993 23
8824 17516 23
17516 4049 1
17516 24812 5
4049 36761 21
9021 47758 23
9044 9112 23
9152 40108 23
40108 44439 7
9256 16266 23
16266 19182 10
9347 4504 23
9385 15449 23
9512 6916 23
9546 10662 23
9581 41651 23
41651 10361 10
9647 1212 23
1212 11187 6
11187 15893 22
9690 7933 23
7933 22914 7
7933 44307 9
44307 6443 15
6443 48502 23
9724 21129 23
21129 47995 17
9835 20072 23
20072 3619 9
3619 31045 10
31045 33031 9
9842 49889 23
9911 13520 23
9983 8860 23
8860 42027 19
10079 31342 23
31342 15560 6
15560 14636 10
10107 10804 23
10112 16847 23
16847 49725 6
16847 5351 7
49725 25491 12
25491 40143 21
40143 25774 5
25774 25048 15
25048 6826 14
6826 24723 12
10217 44053 23
44053 18205 11
44053 17912 16
10255 48372 23
48372 1180 2
1180 47390 8
47390 27461 11
1180 11992 13
11992 31499 5
31499 41416 8
41416 16731 1
41416 4703 10
4703 26227 8
4703 24084 17
48372 27380 18
27380 32014 13
47390 3311 19
24084 48607 21
10306 5831 23
5831 19920 11
5831 17035 20
10327 29094 23
10368 7580 23
10373 6926 23
10403 21495 23
21495 43570 20
21495 29431 21
43570 46705 21
46705 24608 17
10447 25041 23
25041 22844 16
22844 34062 9
25041 11540 17
34062 39421 21
10472 33752 23
10487 28225 23
10491 14085 23
10592 25896 23
25896 38935 13
38935 2740 3
2740 1658 2
1658 3541 13
1658 48265 21
10651 11499 23
10655 6196 23
10723 8418 23
10750 16248 23
16248 16124 18
10752 27819 23
10764 21383 23
10833 17588 23
17588 27170 12
10846 27136 23
27136 4558 2
27136 39463 19
10885 41345 23
41345 21328 11
21328 8334 9
41345 47166 16
10892 30541 23
10899 15248 23
10965 10222 23
10222 24253 6
10977 46757 23
46757 1340 1
10981 19871 23
11080 18677 23
11165 39122 23
11274 15369 23
11307 21002 23
21002 14349 11
14349 38638 12
11328 40603 23
40603 639 9
639 45926 7
11483 48729 23
11526 35036 23
11577 39574 23
11600 21045 23
21045 24278 16
11649 38093 23
38093 5039 21
11655 10384 23
10384 40957 9
11679 39953 23
11729 37926 23
37926 27007 1
37926 18237 20
11790 12065 23
11791 13894 23
11805 15881 23
11838 3219 23
12074 13826 23
12080 1915 23
1915 23596 16
12084 509 23
12222 4798 23
4798 29531 3
12252 12409 23
12409 27853 2
27853 35532 9
35532 49390 17
12271 25684 23
12343 22748 23
12421 47140 23
47140 21272 1
12498 35822 23
12546 15189 23
15189 27692 13
27692 2517 18
15189 12772 20
12772 403 13
15189 43547 22
43547 35454 2
12576 20262 23
20262 11657 11
11657 6426 6
6426 16906 14
11657 37248 22
12614 21621 23
21621 9547 14
12637 44809 23
12693 28973 23
12769 22662 23
12849 8524 23
8524 47831 7
12853 16048 23
16048 17332 17
17332 33327 11
16048 9168 22
9168 36281 11
36281 1724 6
1724 3332 9
1724 49193 13
49193 8229 4
49193 19529 8
19529 7756 9
7756 37811 13
12890 33158 23
12970 45600 23
13100 29246 23
13123 22749 23
13145 48460 23
13196 29254 23
29254 18818 4
13200 16010 23
13259 14346 23
13462 9538 23
13479 49550 23
13518 7169 23
7169 34751 16
13695 14978 23
14978 18173 8
14978 45613 21
13846 17231 23
13866 45992 23
45992 44922 5
13878 10028 23
13900 4334 23
14045 41674 23
14066 44530 23
44530 30031 6
44530 36282 17
14118 8170 23
14404 45685 23
45685 23037 2
14406 49295 23
14432 25388 23
14434 30501 23
14451 26358 23
26358 3291 20
14494 16774 23
16774 38507 19
38507 3654 1
3654 45715 9
14611 44902 23
44902 41942 2
14634 11423 23
14759 24877 23
24877 40098 17
14861 19541 23
14958 25363 23
25363 8974 8
8974 10167 22
15133 15319 23
15319 30901 11
30901 17428 6
17428 4836 2
30901 17013 15
17013 12390 5
4836 11408 21
15165 32166 23
15200 2565 23
15225 20590 23
15451 45068 23
15543 29787 23
29787 28804 18
28804 6227 11
28804 45972 21
6227 14064 22
15579 34310 23
15642 17741 23
15727 38523 23
15788 8836 23
15937 45219 23
15945 36359 23
15950 16091 23
16091 25133 21
15966 18077 23
16079 13837 23
13837 21304 18
16096 24487 23
24487 26638 15
26638 32946 17
32946 38909 21
16207 19794 23
16236 32215 23
32215 26150 5
26150 8909 1
8909 8029 5
32215 2932 12
16318 12050 23
16460 39110 23
16481 10999 23
10999 8395 15
16586 12026 23
16600 37452 23
16635 40755 23
40755 22099 5
16639 29411 23
16720 17825 23
16743 47012 23
16749 16834 23
16834 42354 18
16798 9886 23
9886 22989 16
22989 16212 17
16814 22382 23
16861 8960 23
8960 18989 3
17017 6220 23
17061 43793 23
17272 34554 23
17344 16563 23
17364 36668 23
36668 631 18
36668 19765 19
19765 12292 18
19765 22373 18
36668 45569 21
17388 21659 23
17494 35717 23
17533 38750 23
38750 31759 18
17554 42433 23
42433 34383 13
17569 43901 23
43901 40958 17
40958 7992 13
7992 6870 5
6870 8208 19
8208 33595 2
33595 18560 13
18560 6573 3
6573 31452 15
31452 11025 17
6870 15109 22
17576 12650 23
12650 49354 16
17746 20280 23
20280 45712 15
17766 11509 23
11509 6637 5
6637 45214 4
6637 43949 9
45214 23605 16
45214 21438 22
17830 44589 23
17883 12770 23
12770 10634 22
17991 33312 23
17995 16921 23
18136 15261 23
18174 8389 23
18175 17670 23
17670 20291 12
20291 9861 18
9861 34793 11
17670 42136 21
42136 23035 18
18205 14968 23
18247 21489 23
18320 44138 23
44138 23462 6
44138 43111 17
43111 26183 13
18423 33172 23
18447 24769 23
18490 22320 23
18517 15841 23
18622 41199 23
18651 1081 23
18727 16841 23
18761 26847 23
18828 46341 23
18888 29960 23
18909 28562 23
18912 6594 23
18968 23685 23
19000 39085 23
19003 25032 23
19062 18914 23
19169 4608 23
19188 39903 23
39903 19584 15
19207 33479 23
19215 20457 23
19233 12323 23
19247 39630 23
19258 37920 23
19282 19101 23
19101 2910 2
19101 27458 16
19568 36512 23
19641 27834 23
19703 29280 23
19724 34298 23
34298 1289 22
1289 2093 1
2093 39534 17
19792 30019 23
19814 34555 23
20351 1332 23
1332 18965 7
1332 21273 9
1332 33002 23
33002 4840 2
20377 27733 23
20432 37215 23
20458 29877 23
20741 37113 23
37113 26725 12
26725 31758 20
31758 34926 11
20758 49301 23
49301 10362 1
10362 23921 5
23921 27912 4
27912 33740 12
33740 6958 12
20837 5971 23
20945 17391 23
17391 14153 10
14153 42973 13
20965 25077 23
21013 15590 23
21104 6772 23
21224 20044 23
20044 37028 11
21265 27745 23
21277 25796 23
25796 37115 1
21310 25444 23
21343 23110 23
21379 41940 23
21387 49371 23
49371 35034 13
21426 22000 23
21493 18221 23
21535 9329 23
9329 25554 18
25554 29142 2
21574 32267 23
32267 16285 7
16285 39875 3
21576 244 23
21608 3592 23
21667 20034 23
20034 32059 4
20034 48589 11
48589 39354 2
48589 47808 10
39354 10974 15
10974 34849 11
20034 30057 21
21685 27660 23
27660 25012 12
25012 23415 6
21704 11859 23
11859 43852 23
43852 29558 12
29558 22144 9
22144 14594 10
21757 1404 23
1404 16134 10
16134 47481 13
1404 22338 18
22338 5834 20
21762 12605 23
21770 24035 23
21788 16932 23
21803 2261 23
2261 962 17
21887 37389 23
37389 8039 13
21912 35585 23
22063 16011 23
16011 25024 23
22073 45616 23
22079 40571 23
22104 38302 23
22169 12439 23
22224 23359 23
22239 49034 23
22246 39227 23
22261 44020 23
22315 14565 23
14565 37092 11
22374 36141 23
22397 8214 23
8214 8893 13
8214 29473 21
22429 22726 23
22493 9291 23
9291 38677 7
22550 14595 23
22666 48288 23
22723 39671 23
39671 37667 22
22787 46403 23
22977 17747 23
23043 5261 23
23154 48467 23
23208 16471 23
23254 42686 23
23302 40999 23
23369 33514 23
23447 8901 23
8901 47541 7
8901 3410 14
8901 20853 21
8901 22889 21
3410 9703 23
23488 43895 23
43895 28632 22
28632 33698 20
33698 38692 16
23551 24771 23
23615 11132 23
11132 5450 13
5450 36433 18
36433 18884 11
11132 20317 21
20317 47636 2
20317 44750 13
36433 47813 22
23668 2521 23
23751 35522 23
23847 3341 23
23933 37106 23
37106 30242 16
30242 45498 16
45498 13660 22
13660 34151 6
34151 11518 2
11518 16591 17
24109 11825 23
24141 47377 23
24174 6363 23
24179 32029 23
32029 22035 7
24211 34766 23
34766 33604 1
34766 46768 7
33604 10025 8
10025 41396 14
24315 47712 23
24331 16218 23
24332 40702 23
24409 32862 23
24463 18399 23
18399 48368 2
18399 28896 6
48368 37804 14
37804 20010 11
28896 22808 20
22808 41832 16
41832 36189 7
24486 25174 23
24508 35038 23
24638 48138 23
48138 28213 9
24639 38626 23
38626 10044 3
24717 12512 23
24755 14813 23
24811 31303 23
24836 8385 23
24857 13220 23
24865 35671 23
35671 31568 13
35671 11624 22
11624 19888 20
11624 31766 21
31766 49433 12
31766 22017 15
22017 46575 8
31766 24224 19
24865 38167 23
38167 48765 10
24912 26247 23
25077 48762 23
25097 8692 23
25167 42890 23
25386 3702 23
3702 697 9
25395 29651 23
25422 33441 23
33441 3568 11
25428 45255 23
45255 38599 10
25524 7006 23
25584 26298 23
26298 29763 10
25776 386 23
25778 41639 23
25849 41955 23
26099 11449 23
11449 42893 4
11449 8346 15
8346 10128 15
11449 44058 21
26317 25343 23
26393 23943 23
26399 20972 23
20972 15886 1
26425 13375 23
13375 37612 14
37612 22019 7
26429 47327 23
26546 38448 23
38448 18966 9
26582 33598 23
33598 46973 1
26684 37893 23
26685 28963 23
26718 48338 23
26804 46227 23
26847 38082 23
26923 23083 23
23083 19144 5
26958 14599 23
26980 14276 23
27085 36765 23
27174 2536 23
27267 789 23
789 6150 3
27284 10437 23
10437 20359 11
10437 43021 11
10437 22269 14
27334 43650 23
27403 17644 23
27427 28104 23
28104 18168 15
27450 22919 23
27658 39551 23
27666 14803 23
27746 44644 23
44644 1113 6
27835 49775 23
27899 20439 23
27906 28240 23
28240 42299 7
28006 36651 23
28206 36619 23
36619 9084 9
9084 44557 18
44557 38178 7
44557 46752 22
28229 36635 23
36635 18512 11
28272 48684 23
28352 39736 23
28355 14261 23
28417 26406 23
28516 7897 23
7897 14389 6
14389 16877 9
14389 27549 10
14389 16020 18
7897 5977 20
5977 45121 12
5977 17955 18
28540 34566 23
28913 45424 23
28981 43795 23
29040 27124 23
29070 4508 23
4508 5976 22
5976 31685 19
4508 11472 22
29136 40673 23
29205 44165 23
29250 44635 23
29270 47446 23
29301 46867 23
29338 6216 23
29348 33475 23
33475 42730 11
42730 12764 15
29383 44010 23
44010 42346 10
42346 36657 7
29423 40359 23
40359 4966 22
29456 37737 23
29488 27534 23
27534 20400 4
20400 45716 2
20400 21777 20
29500 33247 23
33247 31080 9
29547 43257 23
43257 3265 9
3265 49851 2
43257 45052 12
29587 35346 23
29636 32943 23
29799 599 23
599 25771 23
29825 46026 23
29885 31152 23
31152 32724 17
32724 43886 13
29915 44510 23
29983 27025 23
29986 41365 23
41365 18 8
41365 37763 8
37763 25028 19
25028 17068 19
30007 8528 23
30016 23328 23
23328 45787 4
23328 18230 19
18230 15138 7
30082 14176 23
30084 46324 23
30089 26357 23
30278 5164 23
5164 19640 2
19640 14639 12
30326 25773 23
30490 6482 23
30587 49044 23
49044 13111 22
13111 856 2
30722 47054 23
47054 48440 10
48440 29944 10
48440 45693 13
45693 16208 15
16208 30152 10
29944 39233 19
30772 13097 23
30821 2449 23
2449 2993 8
30909 14250 23
14250 40224 19
30936 42747 23
42747 12462 9
12462 48254 12
30953 19551 23
19551 37598 1
19551 21623 2
19551 20344 20
20344 22343 19
22343 36884 2
22343 41596 20
41596 39766 12
30977 8928 23
8928 2767 10
2767 3272 2
2767 811 10
30999 21211 23
21211 1966 1
31013 26234 23
26234 33878 10
26234 37743 15
37743 37597 14
37597 39053 21
26234 41497 22
41497 26336 16
26336 39211 17
39211 46197 3
31068 48925 23
31191 5389 23
5389 10593 6
31242 30811 23
30811 35517 6
31341 29446 23
31347 43092 23
31348 24635 23
31547 947 23
31859 47220 23
31884 28964 23
28964 24693 10
32198 30755 23
32215 47675 23
32226 42873 23
42873 48323 13
32276 42068 23
32318 6600 23
32330 9316 23
9316 11308 10
32346 48375 23
32464 41652 23
32504 15816 23
32533 5639 23
32627 14649 23
32685 10829 23
32729 45971 23
32832 40629 23
32873 9766 23
32979 28900 23
28900 34291 6
32979 33745 23
33156 13819 23
13819 16598 3
13819 12590 5
12590 37731 7
33172 5617 23
33270 39077 23
39077 49885 20
49885 13986 14
33319 9222 23
33514 15962 23
33624 33561 23
33561 26610 5
33628 15407 23
33739 27828 23
33812 22491 23
33901 26164 23
33951 8228 23
34075 30357 23
34106 35547 23
34344 25171 23
34493 12172 23
34544 25119 23
25119 43396 23
34587 36179 23
36179 12739 5
34746 45736 23
34825 36305 23
36305 44784 15
36305 30955 21
30955 9771 9
34982 38272 23
34995 36900 23
35030 46738 23
46738 6428 5
6428 22279 4
46738 30727 19
35055 35975 23
35151 44819 23
35261 28798 23
35297 16827 23
16827 31666 19
31666 1795 13
16827 26093 23
26093 35353 16
35506 21932 23
35506 40584 23
35536 6395 23
6395 19664 4
19664 41514 17
41514 36448 3
35552 26034 23
26034 48304 17
26034 44369 18
35579 25320 23
35585 38348 23
35759 19713 23
19713 30892 21
30892 14381 16
35820 42761 23
42761 43204 9
42761 46901 13
35840 47241 23
35932 47130 23
47130 15215 9
15215 9751 5
9751 16439 8
47130 23396 13
23396 3304 10
3304 7018 13
23396 47540 15
47540 15705 21
15705 32738 6
32738 41808 17
36078 34248 23
36145 24680 23
36157 4076 23
36211 29218 23
36248 25568 23
36300 26106 23
36384 45748 23
45748 11765 16
45748 8359 21
36404 26641 23
36432 46289 23
36482 41193 23
36503 689 23
689 642 18
642 36734 23
36503 29340 23
29340 11787 21
36522 8929 23
8929 36973 13
36973 35981 7
36582 12240 23
12240 36931 12
36637 37584 23
36715 15387 23
15387 28750 21
36818 15047 23
36857 36331 23
37034 26575 23
37181 40320 23
37329 42188 23
37511 33412 23
37552 10175 23
37713 23476 23
23476 27483 15
37748 38745 23
37883 20331 23
38042 914 23
914 38445 17
38075 24710 23
24710 19872 16
38144 34224 23
38252 3842 23
3842 4040 6
38304 7635 23
7635 31111 17
38426 36397 23
38448 10997 23
10997 21474 1
38602 35157 23
38613 32626 23
32626 10543 23
38618 28330 23
38629 38358 23
38637 41647 23
38741 32452 23
38791 7642 23
38791 11858 23
38938 11275 23
39003 28831 23
39028 18406 23
39036 45737 23
39080 20975 23
39086 36594 23
36594 1121 17
1121 30229 3
39098 40950 23
40950 20430 7
20430 47049 17
47049 21664 3
21664 32894 7
39191 15398 23
39292 24003 23
39301 16447 23
16447 12030 17
39497 5320 23
5320 15059 2
39517 11506 23
39602 2505 23
39971 15928 23
39983 17074 23
17074 44124 14
40032 11289 23
11289 18097 10
18097 41690 5
18097 35988 18
40128 49495 23
49495 37026 5
37026 19905 5
19905 10872 7
10872 37914 4
19905 27182 8
27182 32092 4
49495 35972 19
40169 36391 23
40231 23344 23
40234 34332 23
34332 23599 11
34332 3098 15
23599 29173 17
40268 14044 23
40369 49195 23
49195 43154 10
40392 11480 23
11480 26721 5
40402 25040 23
25040 33790 16
40495 36268 23
40510 30695 23
40556 41086 23
41086 34795 17
34795 12973 20
40955 15622 23
40987 23420 23
23420 6651 8
6651 38965 5
6651 39886 11
41029 12076 23
41062 838 23
41094 42159 23
41305 8972 23
41383 37109 23
37109 31603 7
31603 12465 5
37109 4204 16
41390 37434 23
37434 31336 7
31336 18740 18
41396 20699 23
41420 1940 23
41426 36557 23
36557 47480 4
41473 17176 23
41554 43545 23
41596 30166 23
41624 26884 23
26884 11584 11
41709 42770 23
42770 11750 8
41842 12402 23
12402 21793 20
41881 21807 23
41928 46530 23
41942 22275 23
42048 8455 23
42057 24666 23
42057 28050 23
42140 46106 23
46106 17737 18
42151 12551 23
42303 42516 23
42346 5770 23
42387 47648 23
42515 44332 23
44332 34867 10
44332 13847 12
42609 24079 23
42630 35508 23
42637 39674 23
42743 41046 23
42950 31980 23
42983 16133 23
43081 26374 23
43115 17630 23
43127 16956 23
16956 4386 20
4386 11938 6
16956 38549 20
43239 35865 23
43268 33338 23
43327 41691 23
41691 6079 23
6079 20194 1
43339 10271 23
43429 12620 23
12620 35624 23
43514 18476 23
43549 5398 23
5398 39692 21
43628 32818 23
32818 33964 4
32818 23477 17
23477 30238 19
43823 1809 23
43953 7891 23
44116 17739 23
44147 8566 23
44245 31122 23
44347 16984 23
44362 28614 23
44397 29895 23
29895 3676 6
44449 19148 23
44459 42601 23
44492 18166 23
44569 48132 23
44579 5542 23
5542 13696 16
44623 22665 23
22665 37032 16
44926 12350 23
44940 32589 23
44959 21477 23
44978 23041 23
44991 2555 23
2555 38857 19
38857 15021 4
45112 12063 23
12063 31929 10
31929 38693 18
31929 10223 20
10223 41634 10
10223 20776 14
20776 40829 15
20776 44360 17
44360 15559 11
45146 12325 23
45156 48763 23
48763 36354 17
48763 1899 18
48763 39065 21
45221 33849 23
45256 23972 23
45259 30664 23
45371 32297 23
45398 5071 23
45663 39753 23
45722 21052 23
21052 36913 10
45727 37607 23
45729 31006 23
45747 2058 23
2058 5681 4
45879 31037 23
46238 35351 23
46437 4770 23
46508 49355 23
46618 22222 23
46637 48613 23
48613 40772 17
46643 11500 23
46670 31572 23
31572 19772 20
19772 8930 21
46753 41422 23
46806 34367 23
46928 7664 23
7664 35689 18
7664 29749 19
46941 17410 23
46941 41509 23
46967 10528 23
10528 41643 19
41643 38543 5
47108 43105 23
43105 39583 11
47255 2918 23
2918 18388 4
2918 42240 8
42240 48076 6
18388 6427 9
6427 2677 7
2677 15581 1
2677 33052 4
2918 15697 10
18388 26075 13
47306 24329 23
47337 12303 23
12303 27778 3
12303 49455 14
47451 11464 23
11464 7297 3
47500 30830 23
47524 8701 23
47537 46658 23
47574 27946 23
47673 28427 23
28427 11819 14
47709 20110 23
20110 20166 4
47739 17049 23
17049 35748 19
47750 7264 23
47871 43417 23
47990 33772 23
33772 30323 6
30323 24077 3
33772 37813 8
48041 44461 23
48098 24243 23
48156 44885 23
48214 3561 23
3561 41764 3
3561 25827 22
48276 19616 23
19616 45378 8
48323 42102 23
48327 6855 23
6855 21476 17
48386 39047 23
48414 29172 23
29172 23519 19
23519 23717 6
23717 38092 13
23717 12599 20
12599 4891 21
4891 41676 12
48428 30869 23
30869 10501 4
10501 22110 15
22110 13362 8
13362 11150 8
11150 41622 12
10501 19941 16
13362 24977 17
24977 29323 10
22110 19634 18
19634 36951 14
36951 33676 1
33676 34417 10
13362 38381 21
24977 25126 23
48474 26593 23
26593 10565 15
48517 33897 23
48583 33744 23
33744 42919 1
48607 39573 23
39573 19457 15
48741 36839 23
36839 39072 9
36839 1416 15
48793 3013 23
3013 23198 5
3013 8656 22
49215 48552 23
49315 17278 23
17278 30733 2
49334 31548 23
31548 39576 13
31548 32128 23
32128 13048 7
13048 24677 15
49396 14480 23
49491 47562 23
47562 20753 2
47562 638 3
49560 15167 23
15167 12627 20
49724 1948 23
49731 11762 23
11762 21028 10
49745 7429 23
49827 49031 23
49842 8149 23
8149 565 13
8149 13588 13
49875 14548 23
49883 578 23
578 48267 21
49972 8018 23
49973 44578 23
44578 16896 9
16896 9296 16
9296 16221 6
16221 39549 2
44 85 24
85 263 16
85 709 18
709 19784 17
19784 45623 8
135 6198 24
163 5256 24
177 34911 24
34911 14409 5
14409 14882 8
192 432 24
432 4302 6
310 459 24
326 426 24
339 4800 24
415 25898 24
454 46039 24
478 306 24
306 10716 3
306 7 4
486 32505 24
32505 35601 13
32505 3122 16
35601 46633 17
46633 17585 14
17585 44047 6
550 45334 24
45334 28348 5
611 14911 24
629 20665 24
656 19510 24
677 8843 24
8843 37632 2
791 39372 24
812 10816 24
858 2506 24
2506 39615 3
872 48658 24
968 25457 24
1001 1235 24
1235 43518 14
1086 1703 24
1106 5099 24
1142 29222 24
1189 38188 24
38188 36570 2
1204 38460 24
1240 9418 24
1262 11941 24
1338 26389 24
1381 14043 24
1444 25972 24
1445 11892 24
1482 15678 24
1549 9302 24
9302 7195 14
1578 20068 24
1670 41931 24
1675 14030 24
1759 19419 24
19419 27143 7
19419 25578 13
27143 6111 15
6111 36820 1
6111 22683 2
36820 13474 4
1804 44083 24
1870 31159 24
1878 36865 24
36865 31679 1
31679 34147 20
1895 8252 24
1927 29420 24
1931 44281 24
1966 6702 24
6702 22097 7
2013 22474 24
22474 19720 6
2050 26470 24
2170 3181 24
2393 48120 24
2485 357 24
357 14651 7
357 48694 12
14651 41679 22
2485 21017 24
2537 25947 24
2578 42420 24
2651 32895 24
2659 4246 24
4246 6590 2
2681 14524 24
2824 1060 24
1060 21759 9
2866 20532 24
20532 17957 2
2884 29954 24
2922 41167 24
41167 14619 16
2929 620 24
3077 8805 24
8805 32451 12
8805 31127 21
3122 40637 24
3140 32251 24
3207 46719 24
3310 3388 24
3388 24216 1
3388 8324 5
24216 29970 9
3313 46201 24
3314 2179 24
2179 47382 7
47382 32193 9
47382 22331 22
3315 21514 24
21514 6622 7
6622 36353 1
21514 6385 14
6385 4151 22
4151 38077 9
3376 32257 24
32257 45762 14
3376 41827 24
41827 22316 5
22316 30692 23
3461 45166 24
3500 18959 24
3510 27689 24
27689 17596 16
3539 1666 24
3639 10477 24
10477 35607 16
3654 24387 24
3811 32028 24
32028 29215 3
3847 33083 24
3851 2322 24
2322 9474 21
9474 46505 18
46505 41490 14
3870 48215 24
48215 37486 4
3874 28961 24
3896 46431 24
3972 18497 24
3990 5496 24
5496 36901 14
36901 10099 5
4067 4411 24
4411 14890 12
4077 1856 24
4114 25204 24
4175 36085 24
4208 34726 24
34726 17549 23
17549 8058 7
17549 23271 12
4216 11208 24
11208 12813 17
4286 21724 24
21724 45848 6
4343 31724 24
4493 20145 24
20145 28210 1
4603 40191 24
4666 40203 24
40203 4627 7
4627 4532 6
4627 14196 16
4766 27803 24
4817 4548 24
4850 11713 24
4877 32136 24
5186 29832 24
5211 36104 24
5275 15520 24
5325 14744 24
5337 24863 24
5342 42744 24
42744 31869 9
42744 4589 21
5346 22442 24
22442 9204 10
9204 19606 15
19606 29234 2
19606 41354 22
5415 2021 24
5441 4717 24
4717 21744 21
5455 37166 24
5601 17192 24
17192 20623 5
5787 23878 24
23878 44412 1
23878 25109 10
23878 46294 23
5792 1100 24
1100 43912 18
5873 6774 24
6774 36378 15
5982 22182 24
6051 8134 24
6133 22278 24
6195 36056 24
6208 31567 24
6253 33326 24
33326 39695 11
6327 30365 24
30365 34178 12
34178 13165 6
6341 31353 24
31353 15079 7
15079 42163 6
15079 19427 9
6397 13442 24
13442 13265 9
13265 10581 5
10581 3730 5
3730 12904 2
3730 7619 5
12904 13035 14
13265 18787 19
13035 13890 20
6402 33480 24
6412 3415 24
6438 44544 24
6474 44189 24
6488 35257 24
6509 22538 24
22538 40895 16
6519 32657 24
6548 25391 24
6605 35955 24
35955 28061 18
35955 49109 20
49109 14478 8
6685 35201 24
6829 6976 24
6998 48183 24
7008 43212 24
7031 9019 24
7129 9659 24
7162 16714 24
16714 2354 1
2354 2957 15
7285 46012 24
7321 1902 24
7375 8491 24
7381 32490 24
32490 42689 12
7490 10235 24
7560 32566 24
32566 45285 6
32566 7610 7
45285 39656 7
7602 20593 24
7654 36499 24
7733 9215 24
9215 18607 6
7823 1231 24
7833 35291 24
7873 43632 24
7950 48285 24
7999 17687 24
17687 16275 18
16275 40141 15
8038 29195 24
29195 18037 7
29195 1771 22
8194 15065 24
8209 2108 24
8528 7132 24
7132 29046 15
29046 13821 1
13821 13137 6
13821 4585 15
13137 4810 20
4810 46620 4
4810 25160 12
4810 28817 14
28817 43294 2
13137 22753 22
8589 4792 24
8810 42045 24
8827 25569 24
8830 38861 24
38861 35815 6
8901 39267 24
8946 4773 24
8985 1646 24
1646 31604 24
9061 12177 24
9112 37573 24
9174 47177 24
47177 32622 4
9234 17325 24
9234 38260 24
9265 36579 24
36579 34501 3
9297 15224 24
15224 12330 9
12330 1635 7
12330 47067 20
9334 13334 24
13334 20736 7
9372 42811 24
42811 16194 18
16194 42591 3
42591 1699 4
16194 48478 11
42591 18653 13
42591 47914 22
47914 16505 20
9411 29104 24
9426 8065 24
9535 33466 24
33466 29886 2
9554 36280 24
36280 34504 5
34504 25973 18
9573 30071 24
30071 29750 1
29750 26745 12
26745 31580 6
30071 33952 12
31580 38101 13
9581 22716 24
9623 34616 24
34616 32483 4
32483 37574 10
37574 10998 1
9755 13943 24
9814 44724 24
9820 6493 24
6493 13519 1
6493 39051 3
6493 32838 18
9988 29637 24
10008 15352 24
10038 21095 24
10163 3228 24
10203 20372 24
10304 39782 24
10344 6492 24
10392 10039 24
10429 45890 24
10433 6365 24
6365 44096 14
44096 21631 13
6365 41450 22
41450 12969 19
10446 41059 24
41059 20224 10
10519 44254 24
44254 5349 2
44254 2678 12
2678 13802 1
5349 26831 21
10548 12404 24
10605 14138 24
10720 32156 24
32156 12145 2
12145 21981 21
10811 7468 24
10939 32086 24
10984 26773 24
11091 2368 24
2368 19448 4
11111 999 24
11118 34121 24
11157 23179 24
11256 44833 24
11300 24075 24
11309 1282 24
1282 25575 14
11336 18254 24
11534 15186 24
15186 6914 10
11544 36196 24
11679 5832 24
11697 11486 24
11720 32595 24
11766 40937 24
40937 45901 16
11805 46831 24
46831 14719 8
14719 47840 16
11827 2451 24
2451 43546 17
43546 4290 6
4290 19519 11
4290 38988 17
38988 19089 1
19089 9589 16
9589 17572 1
17572 33358 9
11845 15401 24
15401 8912 13
11864 38330 24
38330 2960 22
11897 33588 24
11939 27959 24
12072 3704 24
3704 30037 13
12075 22231 24
12084 11443 24
11443 28876 21
28876 38192 19
38192 35539 14
35539 43245 6
43245 298 8
12084 13547 24
12085 44720 24
44720 17200 8
17200 12208 2
12206 18103 24
12207 23131 24
12241 8440 24
8440 30147 9
30147 25045 23
12272 27978 24
27978 40624 1
12300 25336 24
25336 2057 1
12326 39604 24
12328 36702 24
12340 20174 24
12518 4827 24
12562 10934 24
12611 38813 24
12615 12400 24
12400 31801 22
12630 34040 24
12689 44479 24
44479 44481 1
12692 15326 24
12739 18753 24
18753 30849 11
12839 29468 24
13046 8487 24
8487 5853 3
13063 31962 24
13099 10813 24
10813 6994 5
6994 25347 23
25347 40251 13
13194 77 24
13231 23003 24
23003 11355 13
13237 18570 24
13333 38514 24
13341 23610 24
13381 24177 24
13384 23060 24
23060 14115 12
13401 35321 24
13411 31091 24
31091 14768 20
14768 49239 8
13448 14493 24
14493 10150 20
10150 17808 21
13540 14549 24
14549 48409 15
13566 15286 24
15286 6010 20
6010 27172 4
6010 5078 10
15286 10287 23
10287 878 4
13590 31983 24
31983 46031 23
13707 29137 24
13768 42807 24
13776 49451 24
13855 17726 24
17726 12509 19
13989 40461 24
14058 33451 24
14059 14056 24
14128 47628 24
14193 21612 24
14229 41897 24
14260 20091 24
14416 36848 24
36848 49086 14
14490 2646 24
14490 24788 24
14577 37477 24
14578 49659 24
14618 38828 24
14659 41939 24
14745 39661 24
14831 17140 24
14841 40062 24
40062 6294 3
15025 47111 24
15033 48378 24
15096 36358 24
15174 40871 24
15338 32527 24
15395 24545 24
24545 5328 23
5328 6545 3
5328 7587 8
15402 37958 24
15426 36676 24
36676 43817 17
43817 13296 12
15428 14727 24
15645 45534 24
45534 21767 5
15718 27573 24
27573 46300 23
46300 17718 20
15873 41511 24
41511 29455 11
16096 23823 24
16118 45202 24
45202 30944 4
16222 18744 24
18744 35648 9
16263 13961 24
16306 3635 24
16351 23348 24
16405 32418 24
16446 29805 24
29805 33606 3
33606 20902 10
20902 24241 1
24241 12553 5
24241 41472 15
24241 31480 18
31480 35645 9
16609 20967 24
16694 38593 24
38593 5533 11
16739 43391 24
16822 34202 24
16857 47107 24
16858 45237 24
16917 38177 24
38177 30018 2
30018 4128 2
30018 47569 2
17121 29836 24
29836 35745 8
29836 44438 16
17123 35105 24
17136 17432 24
17432 19527 2
19527 11368 7
11368 43093 5
11368 11911 9
17152 30792 24
17178 39670 24
17236 36472 24
17466 17778 24
17576 34568 24
17592 18259 24
18259 37266 21
17943 33679 24
18022 18635 24
18066 42197 24
42197 34579 13
18095 19373 24
18195 20917 24
18356 17941 24
17941 45529 22
18419 30373 24
30373 10793 22
10793 5547 13
5547 44602 14
10793 31439 21
31439 18929 17
31439 23307 23
23307 46830 7
18445 23285 24
23285 45816 1
45816 14817 3
18457 6047 24
18718 26784 24
18722 43187 24
43187 20016 4
18871 12857 24
12857 41820 11
18923 20437 24
18962 19978 24
18976 9161 24
18980 44154 24
18988 32968 24
32968 47059 14
47059 15041 9
32968 36295 17
36295 44804 6
44804 48662 7
19017 42469 24
19041 43306 24
19162 46688 24
19205 37897 24
19312 14809 24
19319 13498 24
19330 45184 24
19472 4723 24
19641 24056 24
19679 22309 24
19702 14733 24
14733 37503 15
19854 46739 24
46739 33193 18
20095 43371 24
20144 37297 24
20154 9970 24
20232 23853 24
23853 34899 2
20359 23086 24
20422 42112 24
42112 32041 8
20451 15297 24
15297 33227 13
20547 9821 24
20606 30330 24
21032 49864 24
21082 45435 24
21142 41191 24
21167 24605 24
21186 18260 24
18260 48064 1
21649 41145 24
21759 46354 24
46354 48888 10
21767 42718 24
21771 39901 24
21850 7585 24
22144 44691 24
44691 29178 20
29178 15400 5
29178 46239 7
22260 28312 24
22391 42720 24
22591 41346 24
22627 34821 24
22631 9649 24
9649 7945 8
9649 41974 8
22632 35354 24
22802 6781 24
22808 33738 24
22878 47064 24
22884 22705 24
22705 21600 7
22954 5259 24
5259 17144 10
23078 17440 24
23117 47052 24
23172 45464 24
23174 48761 24
23234 30489 24
23310 40376 24
23313 21827 24
21827 1921 20
1921 3740 15
23403 18378 24
18378 10292 4
23422 47047 24
47047 16986 17
23492 42206 24
23539 16587 24
16587 21449 7
23585 30941 24
23854 44276 24
23936 47883 24
24159 48782 24
24241 3508 24
24250 16643 24
24278 32069 24
24348 8442 24
8442 14854 19
14854 36953 9
24385 33284 24
33284 3463 7
24472 9572 24
24486 39871 24
39871 31613 7
31613 30337 7
31613 27243 10
27243 37935 1
37935 46412 7
24504 29863 24
24534 41520 24
24703 23350 24
24735 3322 24
24758 49774 24
24823 33988 24
24862 6601 24
6601 12753 19
12753 20672 10
24959 22910 24
25004 9509 24
9509 17544 11
17544 45883 8
25015 22699 24
25069 41185 24
41185 4724 7
25175 41034 24
25244 27661 24
27661 49511 13
25273 22450 24
22450 27480 1
27480 25852 18
25325 14263 24
25327 15435 24
15435 39143 9
15435 10721 22
25410 16657 24
16657 18473 2
25415 16051 24
25503 44598 24
25555 33351 24
33351 46571 17
25568 4807 24
25648 41747 24
25713 13515 24
13515 45520 21
25852 45159 24
45159 25552 15
25866 17968 24
17968 7221 13
26019 15774 24
26130 47109 24
47109 14236 16
14236 11099 1
11099 15008 10
15008 21601 8
15008 46821 16
11099 21466 17
21466 48551 17
15008 24926 21
24926 13562 23
26197 27453 24
26326 37134 24
26374 38737 24
26392 32564 24
26442 27121 24
26586 16431 24
26710 20162 24
20162 33511 3
20162 29223 24
26731 48951 24
26926 3565 24
3565 9154 5
27169 28803 24
27219 49540 24
27275 10478 24
27451 48149 24
27513 13156 24
13156 20478 8
20478 22454 9
27648 36833 24
27990 45362 24
28054 14338 24
28054 45402 24
28290 26246 24
28378 43660 24
28393 46779 24
28450 2236 24
28597 17827 24
28642 6971 24
6971 7228 11
6971 41580 15
28716 31695 24
28853 48240 24
28869 3144 24
3144 3186 16
28873 14108 24
14108 32382 9
14108 44292 20
44292 29481 16
29033 11560 24
29039 44005 24
29100 9785 24
9785 24556 8
24556 29923 24
29198 34788 24
29236 45560 24
29437 41909 24
41909 2114 10
29563 43498 24
29569 24246 24
29758 23591 24
23591 39242 6
29794 8708 24
29808 29351 24
29932 8109 24
30004 44338 24
30090 28464 24
28464 26729 3
28464 31830 9
30128 14775 24
14775 3512 5
30200 49207 24
49207 8686 12
30378 23375 24
23375 41446 9
30480 30338 24
30338 42563 15
30555 15421 24
30582 47242 24
47242 47005 16
30592 24366 24
30706 42857 24
30790 33635 24
30898 21922 24
31004 15837 24
31028 29102 24
31046 4876 24
31155 22286 24
31303 21351 24
21351 24729 3
24729 24085 1
24729 27375 10
27375 25739 15
21351 30292 23
30292 25408 1
31425 7125 24
7125 37617 9
31516 11537 24
31548 18597 24
18597 42018 17
31603 43671 24
43671 31823 14
31861 44647 24
31893 35733 24
31909 48856 24
48856 36287 6
31990 5489 24
31997 14711 24
32009 44080 24
44080 33958 14
33958 24485 6
33958 36053 16
32104 22709 24
32133 40352 24
32167 31490 24
32235 39784 24
32263 24553 24
32297 32463 24
32348 44323 24
32404 7183 24
7183 26388 10
32519 26030 24
32521 44207 24
44207 28098 3
28098 49569 18
32531 5239 24
32569 20260 24
32882 37123 24
32900 2435 24
2435 11077 22
11077 22363 4
32901 35203 24
32981 31655 24
33173 34512 24
33270 42144 24
42144 22076 23
33298 5846 24
33357 9528 24
33358 28263 24
33361 48273 24
33403 45432 24
33436 31314 24
33548 7296 24
33591 18487 24
33649 38570 24
33714 37438 24
33727 23818 24
23818 8488 21
33837 36869 24
33851 39215 24
33894 34327 24
33924 39803 24
39803 29698 10
29698 43485 11
33975 49004 24
34143 46844 24
34449 7043 24
34472 40428 24
34619 10266 24
10266 9669 9
9669 48151 14
34619 26661 24
34645 35110 24
34674 45231 24
34687 24125 24
34941 38134 24
38134 16150 13
35154 11247 24
35290 42776 24
35471 24518 24
35559 37896 24
37896 17508 21
35582 47912 24
35732 18152 24
18152 9354 5
9354 11900 5
35815 41521 24
41521 17951 14
35986 15423 24
36055 44629 24
44629 3139 4
44629 38666 23
36100 46612 24
46612 15055 16
36175 14341 24
36289 19021 24
19021 33848 4
33848 32384 3
19021 1665 19
36362 47674 24
36438 1324 24
36524 49913 24
49913 33087 10
36787 41303 24
36873 23391 24
23391 15506 14
23391 7728 20
36960 46275 24
37200 7360 24
7360 13447 23
37355 15949 24
37493 34377 24
37582 23050 24
23050 5759 2
23050 27159 3
37746 43577 24
37974 30434 24
38065 4847 24
4847 44182 4
38085 39744 24
39744 8906 11
8906 11929 1
8906 25054 7
8906 42593 19
38098 21521 24
38250 8302 24
38365 6645 24
38396 42025 24
38547 41616 24
38555 45067 24
38611 2997 24
2997 4192 4
38670 6191 24
38729 35146 24
38732 9709 24
9709 41264 1
38948 21791 24
38967 8695 24
39008 10122 24
10122 40606 3
10122 45557 12
39035 18198 24
39037 10185 24
39046 37466 24
37466 44529 3
39144 27038 24
39260 47810 24
47810 21392 10
39266 24509 24
39297 35133 24
39335 24478 24
39367 45920 24
45920 24775 21
39438 37100 24
39501 17944 24
39611 21596 24
21596 43993 5
21596 6281 7
39773 27497 24
39830 42542 24
42542 4518 7
42542 7044 16
7044 16137 6
7044 5025 7
16137 26179 9
16137 39521 9
39946 1460 24
1460 494 21
1460 31204 24
40009 21758 24
21758 15088 20
15088 1405 4
15088 12805 22
40019 7107 24
40075 44974 24
44974 30858 8
30858 34268 24
34268 20146 1
20146 17656 11
40142 34382 24
34382 42278 19
42278 33028 22
40164 28310 24
28310 45606 20
40353 42623 24
40474 44286 24
44286 25483 9
25483 35753 3
25483 17447 24
40494 3517 24
40588 35418 24
35418 10676 4
10676 18133 1
10676 6564 14
6564 2232 6
35418 14797 14
2232 3047 23
40590 49087 24
40724 43466 24
40880 2857 24
2857 30355 21
30355 37061 15
37061 28216 4
40922 40488 24
41121 43352 24
41169 41055 24
41592 12972 24
41643 14517 24
14517 2925 2
2925 5217 2
5217 46660 12
41796 17297 24
41848 8770 24
8770 9327 13
8770 6671 20
6671 13844 1
6671 23265 4
8770 14038 23
41926 32835 24
41943 12432 24
41993 1168 24
1168 30022 14
42131 46047 24
42285 36495 24
42310 44803 24
42313 26645 24
42488 43521 24
43521 48829 2
48829 7298 11
42543 5323 24
5323 6624 3
5323 19562 8
42563 4117 24
42616 16209 24
42678 21598 24
42785 24271 24
42845 14884 24
14884 127 10
42863 20038 24
42867 17214 24
42907 14364 24
42938 46818 24
43078 28251 24
43079 48415 24
43093 16253 24
43479 32918 24
43510 47252 24
47252 40954 5
43511 46579 24
43564 35478 24
43611 40893 24
43793 25279 24
43836 39214 24
43849 28314 24
43963 13314 24
13314 48557 13
48557 48650 12
44018 32403 24
44458 35940 24
44510 49209 24
49209 20735 2
20735 49753 21
44623 9079 24
44755 26906 24
26906 8638 3
44798 49489 24
44845 23283 24
23283 48246 3
44960 20676 24
44963 42137 24
44970 23772 24
23772 25692 13
44975 10771 24
10771 15800 19
44990 33116 24
33116 26823 5
33116 47437 11
26823 25906 13
26823 10395 15
25906 5498 16
5498 28459 15
10395 6933 22
6933 9043 23
45008 3832 24
45176 44946 24
45234 31930 24
31930 34811 1
45264 46965 24
45275 46833 24
45358 28885 24
28885 48377 14
48377 15606 23
15606 37689 5
45454 6242 24
6242 33102 18
33102 24223 8
33102 19067 21
19067 49871 13
19067 44797 24
45492 46476 24
45557 30859 24
45619 34781 24
45756 49537 24
45795 21687 24
45813 25647 24
25647 20011 4
45963 5468 24
5468 9424 6
5468 43814 19
45988 45110 24
46042 32307 24
46085 41785 24
46135 14270 24
14270 15452 2
46183 23952 24
23952 37009 19
37009 40150 19
46197 12649 24
46240 22518 24
22518 10197 24
10197 31618 21
46337 10755 24
46410 26646 24
26646 11362 3
26646 20264 12
46621 28943 24
46625 14766 24
14766 44887 19
46846 43202 24
43202 48993 24
46895 46460 24
47106 17303 24
47179 48448 24
47463 38487 24
47505 8225 24
47512 6732 24
6732 12360 17
47539 19365 24
19365 33413 8
33413 33582 13
33582 44537 6
47595 8956 24
47726 46302 24
47769 46697 24
46697 22968 16
47899 5198 24
48216 38182 24
38182 17711 24
17711 26264 14
48256 3846 24
48279 9834 24
48308 38671 24
48342 19163 24
48401 24744 24
48477 20320 24
48495 39244 24
48610 14340 24
48865 35706 24
35706 3684 13
48949 28033 24
28033 39113 7
39113 25643 1
25643 31742 1
28033 20978 16
20978 12696 14
12696 10858 14
10858 21878 12
48992 27955 24
49051 12281 24
12281 38326 10
38326 22088 18
22088 38589 17
22088 7105 22
49107 42291 24
49139 33175 24
49157 44535 24
44535 18777 22
18777 33929 16
49180 31886 24
49406 40834 24
49432 42110 24
49441 22985 24
49486 3264 24
3264 43527 12
43527 34023 5
43527 21934 13
43527 39124 24
39124 48313 7
49572 33263 24
33263 41946 18
41946 48725 3
41946 23483 7
48725 13726 23
49827 36383 24
36383 15972 9
49915 11313 24
11313 9262 2
9262 44183 1
49916 28859 24
53 15273 25
83 265 25
265 6659 17
265 14954 20
14954 29010 13
114 36652 25
226 242 25
242 26796 6
228 46035 25
46035 24457 4
230 35744 25
35744 15251 9
268 46735 25
312 11547 25
319 524 25
524 21448 6
320 29035 25
372 6881 25
380 761 25
761 32336 12
32336 26663 24
398 39001 25
405 9276 25
443 31085 25
31085 48383 2
48383 9478 24
9478 45090 16
450 13399 25
453 4438 25
509 9075 25
547 48676 25
48676 30674 7
48676 45228 21
45228 24642 7
24642 19996 3
30674 40137 23
19996 47793 24
24642 18516 24
611 21453 25
21453 6954 9
618 42250 25
42250 29114 4
635 3882 25
694 14896 25
737 46910 25
1113 4917 25
1223 32002 25
1236 47588 25
1261 44195 25
44195 44907 21
44907 7839 1
7839 49208 11
44195 40872 22
1385 1923 25
1923 27642 5
27642 40450 1
1923 14552 12
1412 19425 25
1421 14489 25
14489 14077 12
14077 20035 6
1433 38066 25
1470 48737 25
1556 602 25
1566 32548 25
1619 14507 25
1633 27771 25
1695 17142 25
1714 3572 25
1740 1283 25
1283 47559 1
1814 16232 25
1890 25093 25
1966 2482 25
1975 17421 25
1977 46392 25
2178 2700 25
2700 46875 15
2181 49225 25
49225 47357 24
47357 44149 2
47357 38664 3
47357 45051 3
47357 35752 9
38664 30699 14
30699 33890 22
33890 45902 11
45902 27212 15
2394 20153 25
2456 24976 25
2557 39728 25
39728 17092 14
2584 32026 25
2586 34135 25
2634 32634 25
32634 11878 5
2669 20126 25
20126 38472 24
2768 7628 25
7628 49527 13
49527 37865 6
49527 6089 17
2789 8553 25
8553 13386 2
8553 5878 18
5878 34066 7
34066 39007 13
39007 13907 8
39007 22494 13
8553 23147 22
3033 27515 25
27515 32797 15
32797 24578 4
3067 39603 25
3198 44519 25
3419 10882 25
3439 5208 25
5208 2162 2
5208 5421 8
2162 46301 14
3577 7856 25
7856 38236 16
3629 19161 25
19161 5857 21
3637 26432 25
3639 30340 25
3687 988 25
3749 7754 25
3783 38190 25
3828 39448 25
3877 1475 25
1475 40934 14
3893 1858 25
3917 36263 25
3925 40013 25
4003 44628 25
4029 17330 25
17330 27760 5
4044 324 25
4123 455 25
4173 19225 25
19225 39321 22
4184 22216 25
4210 2928 25
2928 26971 14
2928 17842 20
4211 28447 25
4284 11488 25
4304 4476 25
4336 8699 25
4357 7211 25
4488 17163 25
4491 8479 25
8479 12900 13
12900 956 1
4532 9281 25
4536 16321 25
4605 42895 25
42895 15864 8
42895 20836 15
4622 12355 25
4665 5106 25
4746 34410 25
4781 8301 25
4787 8790 25
8790 10790 23
10790 26296 14
26296 27075 17
27075 45514 6
45514 34192 6
45514 49663 9
10790 24255 21
24255 30752 8
30752 45536 6
30752 3845 11
3845 6751 8
27075 36549 21
4820 20825 25
4968 40491 25
5092 10542 25
5310 22411 25
22411 10142 15
5318 44988 25
44988 347 17
347 42577 5
347 45442 5
45442 38542 3
38542 3109 20
3109 24338 2
42577 48514 24
48514 40622 14
5324 45016 25
45016 45489 17
5369 4059 25
5370 17026 25
5423 5245 25
5443 39770 25
39770 44725 10
5529 47418 25
5550 6394 25
5608 8319 25
8319 43325 8
5619 47168 25
5710 6007 25
6007 24999 1
24999 44212 10
24999 13457 12
13457 46926 5
46926 5757 20
5713 2457 25
5714 16606 25
16606 40609 22
5843 45061 25
45061 28289 6
28289 8896 3
5887 19886 25
5909 21855 25
5981 24041 25
6112 10694 25
6137 15001 25
15001 37005 2
6153 5154 25
6168 13631 25
13631 3511 16
3511 31294 18
3511 2070 25
6192 22005 25
6436 647 25
6607 7461 25
6658 10916 25
6658 38164 25
6791 15012 25
6845 47533 25
6854 6213 25
6943 30918 25
7044 41513 25
7046 39420 25
39420 14847 7
7137 49306 25
7264 46515 25
7277 16429 25
7370 46709 25
7442 1845 25
7506 15180 25
15180 40578 8
40578 38413 4
40578 23130 22
7665 32939 25
32939 38978 7
7709 20876 25
20876 32237 6
7732 27207 25
7766 23564 25
7768 34515 25
34515 37459 15
37459 17760 17
7795 20368 25
7821 30989 25
30989 20318 24
20318 10290 4
7865 25935 25
7928 4501 25
7943 17422 25
7986 7424 25
7424 1594 17
1594 13417 10
8151 14794 25
8346 31226 25
31226 26151 9
31226 15502 11
8485 47633 25
8897 29056 25
8900 33128 25
8924 15489 25
8997 9272 25
9272 38026 15
38026 33251 7
33251 18648 15
18648 17817 1
18648 23019 5
38026 19513 21
19513 47037 4
9049 35017 25
9113 46496 25
46496 23135 13
46496 23821 15
23821 22581 21
9129 41770 25
9259 18506 25
9339 48421 25
9360 45473 25
9418 22204 25
9431 17162 25
9466 4109 25
4109 19556 9
4109 12298 15
12298 16111 24
9467 38595 25
9581 16162 25
16162 19967 10
19967 7931 12
9669 28317 25
28317 9745 1
28317 26726 4
9691 27796 25
9819 24584 25
9870 10527 25
9870 30352 25
9883 13828 25
9920 45218 25
9973 46466 25
46466 30819 17
10068 21804 25
21804 19643 5
10202 38496 25
10234 10169 25
10169 16725 21
10236 35171 25
10419 37462 25
10449 49428 25
49428 16506 21
16506 40127 20
10519 20255 25
20255 12024 5
12024 34190 1
12024 28626 14
10568 36025 25
10940 39775 25
11030 44100 25
11040 42222 25
11189 44694 25
44694 7862 5
44694 20473 18
11211 32905 25
11248 25964 25
11473 46270 25
46270 2746 13
2746 28725 19
11502 5006 25
5006 11848 17
5006 9258 22
11547 19431 25
11583 34542 25
11626 16289 25
11628 26529 25
11639 6804 25
11761 31755 25
31755 48142 12
48142 46325 7
11766 13731 25
11865 8674 25
8674 7389 8
7389 1345 14
1345 19118 20
19118 42454 9
12103 33767 25
12125 32963 25
32963 13461 21
12197 1427 25
1427 1323 3
1427 38480 23
38480 35765 23
35765 24704 1
24704 23623 19
23623 29211 3
29211 39688 4
29211 31247 21
31247 48983 4
31247 43707 21
43707 44634 10
44634 17698 15
44634 48213 18
31247 33980 22
43707 27477 23
12247 43725 25
43725 4943 2
12302 20592 25
12317 31581 25
12375 28422 25
12470 21486 25
21486 37801 4
12475 27377 25
12485 14053 25
12485 21558 25
12500 24126 25
12626 18996 25
12757 37172 25
12837 45418 25
12918 28515 25
12940 34453 25
13045 4957 25
13239 3145 25
3145 7491 21
3145 7426 23
7426 25714 15
13270 11732 25
13310 9031 25
9031 19768 10
9031 7896 11
7896 21368 6
7896 19555 13
13356 39104 25
13372 42472 25
13394 42825 25
13408 29375 25
13432 33376 25
13475 49900 25
13508 48745 25
13518 42784 25
42784 1036 4
1036 14306 23
13576 4854 25
13607 8436 25
13636 17932 25
13658 14377 25
14377 41927 24
13682 28247 25
13979 48444 25
14069 11906 25
14158 40110 25
14218 40103 25
40103 36105 20
36105 15544 14
14402 32651 25
32651 25654 7
25654 38458 11
14478 30868 25
30868 21155 10
14556 25035 25
14594 13760 25
13760 40159 8
14629 20666 25
14725 13088 25
13088 11724 14
14799 34126 25
14844 38747 25
14936 10937 25
14953 45808 25
14992 12874 25
12874 41157 16
12874 21270 20
15006 13397 25
13397 45323 5
15055 27885 25
15111 45229 25
15142 8717 25
8717 47465 1
15142 27975 25
15202 37977 25
15362 37733 25
15403 39384 25
39384 18711 1
15440 9103 25
15442 49525 25
15453 16580 25
15483 39637 25
15634 43596 25
15759 30008 25
15845 2325 25
15858 15171 25
15171 11229 11
11229 32678 16
15863 7139 25
7139 12490 3
7139 27018 20
15863 42665 25
15944 19490 25
15993 20007 25
16033 8349 25
16034 48004 25
48004 44682 11
16111 5167 25
16126 47651 25
16141 6029 25
16216 6226 25
16409 11139 25
16456 5293 25
16473 33860 25
16508 40962 25
16515 13634 25
16539 24453 25
24453 16628 5
16579 2895 25
16614 22687 25
16624 31559 25
16649 11422 25
11422 29640 9
29640 38914 15
11422 45645 21
16846 29740 25
29740 43846 6
16983 25961 25
17021 45664 25
17170 9926 25
17176 18029 25
17228 40220 25
17289 21584 25
21584 778 18
778 4628 17
17447 42293 25
17524 15437 25
17534 36719 25
17628 25576 25
17755 6224 25
17843 6042 25
17844 11954 25
17958 32137 25
32137 16425 14
17963 29961 25
29961 7729 18
29961 38152 20
38152 10374 1
38152 46492 21
18239 2097 25
2097 11926 2
11926 4570 13
18305 24228 25
18386 20695 25
18547 12916 25
12916 41700 4
18619 6103 25
18654 11474 25
11474 23389 12
18675 36880 25
36880 17624 13
18696 5906 25
18834 24205 25
18846 10103 25
10103 1956 10
10103 39300 17
39300 43161 15
18940 12750 25
18986 2837 25
19127 16661 25
19358 25268 25
19469 6057 25
19500 3763 25
3763 25406 2
19539 24382 25
19568 42742 25
19572 29810 25
19616 39459 25
19696 47801 25
19808 46105 25
46105 503 12
503 2653 2
2653 30364 6
503 24344 20
19821 17671 25
19888 20001 25
20001 39808 8
19971 11520 25
11520 8628 5
8628 43969 5
20146 16871 25
20189 31918 25
20226 34520 25
20282 44518 25
44518 41804 13
41804 6167 21
20322 28028 25
28028 25252 9
20333 22439 25
20383 10861 25
10861 4482 8
4482 9891 10
4482 3748 15
3748 25936 11
25936 32536 5
25936 39804 6
39804 36722 11
36722 37596 9
37596 42256 10
20460 4180 25
4180 46248 5
20571 47264 25
20594 20410 25
20624 21377 25
21377 23945 3
21377 12779 22
20640 48238 25
48238 49810 17
20691 2483 25
2483 13317 21
2483 28621 21
20710 31273 25
31273 23460 20
20714 33472 25
20914 20896 25
20896 34264 13
21008 38422 25
21060 14134 25
21116 26478 25
26478 32296 4
32296 46613 5
21121 30416 25
21177 12773 25
12773 49335 8
21200 18119 25
18119 17219 4
18119 16415 14
21211 27535 25
21277 8721 25
21519 45394 25
21596 23642 25
21644 4195 25
21653 26083 25
26083 5748 3
21672 32169 25
21694 25563 25
21695 20657 25
21847 18956 25
21877 28711 25
21934 6941 25
21936 21494 25
21965 27676 25
27676 17714 23
17714 44865 19
22014 47538 25
22131 43833 25
22231 35800 25
35800 22801 20
22271 12077 25
22309 27464 25
22439 31197 25
22571 37703 25
37703 38557 13
22576 42703 25
42703 47142 6
42703 35701 12
22609 14062 25
22618 36821 25
22717 25115 25
22744 8618 25
22840 6460 25
6460 14976 20
22850 12623 25
12623 19582 6
19582 34428 11
34428 1407 13
22897 38110 25
38110 24144 16
24144 6952 3
22962 41753 25
41753 46959 20
23016 25957 25
25957 30435 21
23081 49998 25
23086 13600 25
13600 49398 11
23127 14685 25
14685 43049 3
23254 1000 25
1000 1672 9
1000 11112 20
23283 19175 25
23354 49154 25
23476 44036 25
44036 43828 14
44036 45581 18
45581 30573 3
23499 49515 25
49515 5131 14
5131 2270 22
23516 1359 25
23568 3079 25
23590 13344 25
23630 31438 25
31438 41673 15
41673 17939 8
23637 28381 25
23696 36142 25
23727 42697 25
23759 45019 25
23780 8849 25
23838 43551 25
23857 436 25
436 21076 3
21076 44961 16
21076 43745 25
43745 20551 12
23915 34373 25
24064 26616 25
24296 41115 25
24311 28875 25
24428 34730 25
34730 12572 20
24452 10529 25
10529 17051 18
10529 47894 19
47894 26495 19
24607 17159 25
17159 505 2
17159 31436 3
24749 9433 25
24785 48619 25
48619 23425 16
48619 23503 23
24845 31979 25
24891 48366 25
48366 2298 23
2298 21674 4
24959 47531 25
24961 44517 25
25046 37747 25
37747 18344 2
25047 21861 25
25201 11835 25
11835 14249 8
11835 39253 13
25221 21025 25
21025 29451 7
25293 4702 25
25334 45337 25
25531 12406 25
12406 17389 14
25685 46465 25
46465 23314 20
23314 22403 4
25790 8591 25
8591 34498 3
25838 32357 25
32357 60 12
25879 28670 25
26012 17651 25
26014 35730 25
35730 26448 9
26448 28815 9
26028 15301 25
26047 24562 25
24562 20380 13
24562 9583 22
26057 10343 25
26090 35413 25
35413 44880 16
26103 17897 25
26149 34199 25
34199 41026 3
41026 12987 16
26221 6709 25
26227 30689 25
26745 16552 25
26845 8951 25
27087 7824 25
7824 42766 1
27092 18518 25
27464 21875 25
27600 33282 25
33282 44505 3
33282 35077 16
35077 39892 8
35077 11887 21
11887 41949 8
27714 11448 25
11448 49322 22
27761 32262 25
32262 49351 9
27841 47431 25
27911 39419 25
27961 16764 25
28011 25251 25
28028 21361 25
28073 32927 25
32927 12308 19
28134 49003 25
28165 18736 25
28276 44627 25
28417 29448 25
28506 45177 25
45177 34103 22
28510 43686 25
28551 31796 25
28585 21948 25
28626 48131 25
48131 49927 4
48131 15923 18
49927 43253 24
43253 14915 16
28781 41000 25
41000 13297 11
28852 49834 25
49834 28415 24
28415 36386 23
36386 18381 4
28891 24730 25
24730 46076 2
29143 17786 25
17786 19834 18
29170 44243 25
29216 29267 25
29267 42713 12
29230 29772 25
29323 47467 25
29363 17640 25
29380 18533 25
29403 25480 25
29439 7141 25
29457 19755 25
19755 41310 4
19755 21671 5
21671 42975 6
42975 44061 10
42975 5640 12
41310 45117 17
29475 5314 25
29527 37768 25
29763 32254 25
29996 11278 25
11278 37165 1
37165 38394 7
11278 3651 17
3651 20644 2
30004 38931 25
30038 16230 25
16230 19106 11
16230 27348 11
30117 2822 25
30127 6919 25
6919 31374 3
30183 6240 25
6240 38920 21
6240 25122 22
30282 2152 25
30301 48902 25
30314 23704 25
23704 14093 12
14093 34598 7
23704 32122 17
30543 12731 25
12731 44944 6
44944 29887 17
29887 22826 18
22826 24277 4
22826 31654 7
22826 7595 24
30791 26759 25
26759 22055 25
30853 31426 25
31122 2978 25
31305 49518 25
31345 37520 25
31356 34511 25
31423 30459 25
31560 12528 25
12528 22318 6
22318 16402 23
16402 38854 13
31642 29616 25
31709 15933 25
15933 35747 5
31756 34489 25
31885 37318 25
32002 28331 25
32036 27838 25
27838 7556 10
7556 35417 7
35417 27801 5
32155 12989 25
32409 47115 25
32433 35965 25
32484 23967 25
32530 45397 25
32605 3831 25
3831 37558 20
32720 41822 25
32754 46675 25
32795 24924 25
24924 13466 15
13466 7567 14
7567 12187 8
32911 34729 25
33064 12835 25
12835 35383 15
33154 46563 25
33338 15571 25
33432 44507 25
44507 6076 1
6076 39973 22
33436 40908 25
33441 28512 25
33535 8033 25
33561 8495 25
8495 14447 16
33577 11437 25
11437 25009 16
33608 46534 25
46534 36536 23
36536 42885 4
42885 44135 6
33732 34902 25
34902 40783 11
33758 46255 25
46255 22177 24
33835 37892 25
33945 48190 25
48190 18126 12
34009 19140 25
34209 11917 25
34273 48289 25
48289 20158 13
34298 20109 25
34312 32915 25
32915 45940 24
45940 3148 5
34334 33477 25
33477 37815 3
37815 38803 21
34408 38554 25
34520 35318 25
35318 7479 20
34547 14017 25
14017 41440 1
34703 27585 25
34766 26450 25
26450 1527 24
34767 89 25
89 45687 25
45687 18572 6
34945 10736 25
10736 1730 5
35024 25633 25
25633 35784 2
35784 30020 4
35029 19446 25
35089 22920 25
35108 40172 25
35160 28409 25
28409 41173 18
35554 13509 25
35702 44030 25
44030 23468 22
23468 20023 8
20023 29519 7
23468 11968 18
35753 38390 25
35816 28538 25
28538 18908 17
35924 20355 25
20355 18117 25
18117 11319 1
18117 22860 11
18117 8828 12
22860 32253 21
36016 23948 25
23948 46531 4
36027 12784 25
12784 13170 21
13170 18281 9
18281 47091 22
47091 15454 8
36030 40631 25
36033 40716 25
36075 37882 25
36245 16284 25
16284 13472 3
16284 10096 14
36256 7578 25
36314 22918 25
36362 43211 25
36376 45108 25
36557 24401 25
36666 26507 25
36759 15974 25
36824 33671 25
33671 18671 11
33671 45775 11
37231 34261 25
37239 49770 25
37260 1014 25
37675 26458 25
26458 16000 6
26458 45475 24
37740 15396 25
37904 45297 25
38059 41954 25
38126 36469 25
38265 10030 25
38286 46880 25
46880 36458 5
38304 30221 25
30221 9622 16
38441 42251 25
38609 27354 25
38702 36889 25
36889 14829 10
38763 33710 25
33710 26714 12
26714 14339 11
14339 18324 15
26714 48179 17
38864 34571 25
38948 1586 25
1586 24789 1
24789 3179 21
3179 48067 23
39368 31730 25
31730 35783 14
35783 24996 13
39447 8858 25
39541 44523 25
44523 20748 5
44523 42762 10
44523 43353 10
39643 42606 25
39730 33069 25
39895 41723 25
39908 7168 25
39944 10902 25
39958 1239 25
39965 18964 25
39967 38397 25
40021 40580 25
40078 11959 25
11959 35531 23
35531 9925 2
35531 13734 18
13734 5406 9
13734 38161 16
38161 26134 11
38161 28603 18
40134 11335 25
11335 38579 24
40229 12041 25
40299 43567 25
40310 3735 25
40342 44316 25
40393 3137 25
40452 1689 25
1689 33810 18
40464 25798 25
40771 22122 25
40897 21315 25
41026 49053 25
41111 14125 25
41403 23225 25
23225 9694 3
41563 10451 25
41667 39245 25
41765 20680 25
41776 35710 25
41959 26341 25
26341 6435 7
42064 8115 25
8115 38306 1
8115 13329 7
8115 15555 19
42115 9187 25
9187 33795 10
9187 19934 15
9187 29489 21
42154 30203 25
30203 2326 8
30203 13345 16
42214 22583 25
42287 6885 25
6885 37622 5
42400 49117 25
42505 27919 25
27919 48562 23
48562 32855 14
32855 20241 16
42549 18072 25
42637 13011 25
42801 3830 25
42813 49164 25
42827 42326 25
42893 20502 25
42955 48847 25
43044 44049 25
43132 43655 25
43655 49535 3
43655 41072 19
43281 19082 25
43387 23808 25
43543 41727 25
43562 35598 25
43571 49596 25
43600 45836 25
45836 33966 8
43740 32495 25
32495 30864 20
30864 19587 23
19587 6180 25
43784 10737 25
43862 43008 25
43999 28644 25
44025 34864 25
44180 11550 25
44215 40975 25
44218 37587 25
37587 43531 9
37587 26774 14
37587 32866 14
37587 28388 23
28388 23140 1
44243 34237 25
44248 22018 25
44269 43838 25
44344 7200 25
7200 22300 6
44359 35954 25
35954 25294 10
35954 45481 24
44455 32313 25
44683 49 25
49 4772 16
4772 47207 13
44831 48887 25
44940 47320 25
45107 20167 25
45342 10350 25
10350 45167 1
10350 17735 13
17735 12499 9
12499 44904 18
10350 47202 25
45377 28285 25
45413 38619 25
45554 45205 25
45657 1092 25
45756 48628 25
45768 23156 25
23156 19624 18
45775 35616 25
45833 42162 25
42162 41630 4
45928 33337 25
33337 43348 18
43348 39798 23
45956 9148 25
46075 8904 25
46097 24313 25
46226 7188 25
46233 10049 25
46377 40136 25
40136 43147 7
46519 9707 25
46612 7740 25
46873 16795 25
46924 37987 25
37987 18941 6
18941 19535 10
46969 7722 25
7722 32187 10
32187 14641 5
14641 5996 3
32187 21602 6
5996 41919 7
21602 11586 10
14641 43347 19
43347 10796 24
10796 33639 12
33639 37461 9
10796 38949 21
38949 32619 10
32619 24641 4
47052 44348 25
44348 2965 4
47207 48146 25
47213 45866 25
47388 20658 25
20658 11353 16
20658 21564 22
47444 17098 25
47779 4895 25
47866 11950 25
47958 11721 25
11721 7869 9
7869 26129 19
26129 22191 13
22191 21158 18
21158 18100 13
21158 49711 16
18100 22542 22
11721 48521 23
48521 18349 15
48014 341 25
48016 22025 25
48069 10502 25
48093 18999 25
18999 8294 21
8294 25008 6
48270 45406 25
45406 47374 17
48274 47048 25
47048 8433 9
48517 49767 25
48521 39382 25
39382 36244 4
36244 39584 9
39382 43563 16
48639 43738 25
48805 29870 25
48823 45694 25
48911 1272 25
48961 38944 25
38944 16290 13
49021 38567 25
49248 37512 25
37512 43166 11
49350 47395 25
47395 15314 12
15314 5499 1
5499 10830 13
15314 46126 17
10830 43770 22
15314 29801 22
49711 19741 25
19741 27995 13
27995 28421 24
28421 4062 21
49737 38746 25
38746 28109 6
49865 2340 25
2 10620 26
17 28533 26
28533 31661 4
20 26 26
66 6355 26
105 47618 26
151 35751 26
35751 42474 10
42474 15615 24
179 23024 26
189 18881 26
207 1580 26
239 1950 26
1950 47557 24
285 38224 26
300 16200 26
354 5901 26
422 27631 26
438 695 26
492 19851 26
567 32125 26
571 12058 26
587 7338 26
699 27138 26
708 3224 26
770 2342 26
911 6215 26
6215 14292 9
14292 49289 5
6215 24535 12
24535 45306 22
14292 18421 25
976 32935 26
1035 41981 26
1053 28017 26
28017 45403 2
45403 16825 2
45403 1504 3
1504 889 10
889 25551 11
1064 40049 26
1078 2212 26
1119 1457 26
1150 19485 26
19485 44987 8
1161 33820 26
33820 23033 13
23033 37532 9
37532 33377 5
1193 20223 26
20223 24239 8
20223 41754 25
1213 5532 26
1291 28446 26
1293 18147 26
1331 37090 26
1335 41043 26
1357 38509 26
1410 28581 26
1592 35299 26
1710 29687 26
1786 36744 26
1806 23898 26
1898 20833 26
20833 3372 13
20833 45284 18
20833 39702 19
1915 27203 26
1945 2620 26
1948 12778 26
1948 48171 26
1956 40055 26
40055 21360 11
21360 49294 1
49294 13198 6
13198 26504 11
26504 26428 18
26428 48425 21
1971 26963 26
1996 2617 26
2071 45375 26
2106 4308 26
4308 14075 15
14075 32702 6
2211 31973 26
2231 4231 26
2247 2213 26
2318 41987 26
2387 24521 26
24521 18317 15
2389 3777 26
2394 32875 26
2399 46192 26
2482 11758 26
2553 28363 26
2652 34034 26
34034 38683 7
34034 19268 11
2655 2167 26
2708 30966 26
2862 21792 26
21792 24407 3
21792 20098 18
2868 46659 26
2908 3793 26
2934 9832 26
9832 18500 25
18500 15701 6
2993 28860 26
3219 45032 26
3258 23695 26
3269 5484 26
5484 10036 21
3457 4549 26
3813 31912 26
31912 21344 9
21344 38055 6
38055 21688 2
3864 42619 26
42619 90 23
90 8331 11
8331 20119 15
20119 9432 20
9432 24761 2
8331 16564 25
3908 5603 26
5603 31790 23
4017 42731 26
42731 23055 4
4034 43507 26
4063 19109 26
19109 10619 22
4248 21811 26
4315 38318 26
38318 41176 21
41176 3094 25
4481 36169 26
4540 18760 26
18760 8680 3
4618 44842 26
4626 9135 26
9135 38437 21
4711 31498 26
4749 40267 26
4809 47184 26
4913 48503 26
4951 19682 26
4951 35953 26
4989 16616 26
5018 9881 26
9881 38469 3
38469 33775 13
5025 17859 26
17859 45878 7
5029 48934 26
48934 49859 9
5184 43309 26
5198 27500 26
5246 26545 26
5270 21639 26
21639 22497 2
5361 30399 26
5403 26207 26
26207 49268 9
26207 12156 11
12156 7796 10
5449 5465 26
5479 16060 26
5506 49590 26
5573 49363 26
5625 19719 26
5638 26939 26
26939 24055 13
5653 35593 26
5812 39554 26
5936 42017 26
6066 25231 26
25231 34293 12
6087 24734 26
6434 38238 26
6444 15445 26
6814 1521 26
1521 23890 16
6877 30713 26
6881 44686 26
6920 46019 26
6942 1490 26
1490 2373 16
6990 28850 26
7022 19491 26
19491 24718 10
7061 12082 26
7082 11358 26
11358 28176 10
7119 35144 26
35144 24683 3
24683 2184 11
7341 5064 26
5064 36148 5
5064 37081 24
7446 19875 26
7537 32585 26
7552 45954 26
7585 49766 26
49766 9094 9
49766 44375 11
7641 1721 26
1721 11935 1
11935 38532 16
38532 31815 5
11935 38449 24
1721 17217 25
17217 32209 24
7857 18144 26
18144 1034 4
8011 48701 26
48701 20407 1
8193 42461 26
8227 38322 26
38322 7299 7
8313 7056 26
8341 45209 26
8352 29404 26
29404 22437 18
8366 17994 26
8512 11535 26
11535 33012 23
33012 31395 8
33012 23300 21
8525 45752 26
8603 2811 26
2811 23112 10
23112 24825 22
2811 47864 26
8673 1040 26
8701 9169 26
9169 40856 3
40856 484 3
40856 13117 3
40856 27788 21
8791 10116 26
8814 16832 26
8819 36682 26
36682 9150 17
9021 28793 26
9031 49324 26
9108 30334 26
9113 30547 26
9122 23218 26
9144 49036 26
9154 31248 26
9227 18400 26
9368 4339 26
4339 40151 3
4339 14780 10
9481 19935 26
9492 31579 26
9540 36240 26
9614 15573 26
15573 24048 10
9735 44817 26
9762 30782 26
30782 23518 21
9775 47791 26
9806 48874 26
48874 13437 4
9843 21097 26
9883 42292 26
9935 17114 26
9942 25763 26
25763 9563 23
10144 23763 26
10151 44796 26
44796 19272 2
44796 32715 16
19272 49110 19
44796 20501 21
20501 9938 2
44796 17498 23
10277 47579 26
47579 35741 15
10427 12349 26
12349 11298 4
12349 20134 6
12349 29976 20
10472 41142 26
41142 20094 15
20094 35803 22
10473 47185 26
47185 49687 16
10510 47706 26
10743 678 26
10755 41749 26
10759 11402 26
11402 20367 10
20367 48208 16
10778 13354 26
10805 45804 26
45804 36751 10
10865 42957 26
11033 13655 26
11086 16513 26
11269 38858 26
38858 28150 5
11271 5231 26
11325 28905 26
11351 42467 26
11456 19776 26
19776 24222 16
24222 26059 2
11587 6705 26
11622 45163 26
11806 29690 26
11828 27635 26
27635 42877 2
11955 1883 26
1883 35898 6
11981 47879 26
11995 21500 26
21500 37195 5
12044 31558 26
12054 11575 26
12089 49886 26
12131 36253 26
36253 6382 10
6382 46121 10
6382 20785 23
46121 44866 23
44866 1667 18
12338 22151 26
22151 49251 18
12776 39566 26
12848 47800 26
12969 23716 26
12995 21353 26
13009 26783 26
26783 32851 25
13134 2349 26
2349 24335 18
13161 48423 26
48423 44021 3
48423 13887 8
48423 22770 19
22770 18451 13
13204 22650 26
13259 16470 26
13397 38939 26
13416 21107 26
21107 28201 16
13485 21128 26
13489 1694 26
1694 36626 10
36626 34671 5
13506 12503 26
13512 33907 26
13569 21916 26
21916 35503 7
35503 26827 14
13588 30112 26
30112 21241 4
21241 26420 9
26420 44075 4
13678 45806 26
13700 47681 26
13821 3062 26
3062 43907 25
3062 16341 26
13927 17916 26
13998 15648 26
15648 41276 15
41276 3758 11
41276 43831 23
43831 10783 6
43831 9042 23
14095 4926 26
14201 48189 26
14261 14670 26
14366 33957 26
14458 951 26
14489 41065 26
41065 10955 23
10955 37208 15
37208 10657 8
10657 16017 10
37208 34584 12
10657 20969 19
14747 28764 26
14805 49007 26
14943 26068 26
15048 29281 26
29281 903 17
903 6997 1
15135 26422 26
26422 49554 20
49554 15051 17
15239 46689 26
46689 5444 10
46689 44242 18
15303 38594 26
15372 11688 26
15377 42953 26
42953 41004 22
15395 38418 26
15426 12707 26
15437 7980 26
7980 9263 15
9263 41574 26
15449 13268 26
15515 1186 26
1186 49764 8
15619 1244 26
15660 18354 26
15698 40387 26
15708 29979 26
29979 39877 5
39877 22923 6
15775 17512 26
17512 16442 5
17512 25709 10
15828 42406 26
15916 23529 26
16000 40752 26
16142 34280 26
16152 34998 26
16172 46342 26
16248 28828 26
28828 49160 18
49160 10078 17
49160 39825 21
16400 47913 26
16563 49349 26
16591 2638 26
2638 10551 2
10551 31429 18
16603 48410 26
48410 28666 5
28666 17425 13
17425 42787 8
16695 33821 26
16732 46131 26
16851 25977 26
16933 11160 26
17025 35708 26
17170 40885 26
17221 7843 26
7843 2850 13
2850 13671 16
2850 16392 17
17305 13964 26
17441 14596 26
17529 30939 26
30939 17129 12
17129 17961 7
30939 18333 25
18333 45592 15
17650 13582 26
17692 5445 26
17764 27643 26
27643 11651 5
11651 29135 6
17814 37228 26
17919 41326 26
17958 14107 26
18171 16174 26
18220 22435 26
22435 8776 17
18368 19796 26
19796 35426 2
18400 47203 26
47203 42040 6
18409 6576 26
18428 19831 26
18507 24449 26
24449 48300 1
18649 39980 26
18679 40749 26
40749 7913 1
7913 42847 13
40749 48091 14
48091 18492 2
18691 45081 26
18767 6146 26
18883 29210 26
18901 22453 26
22453 21815 22
21815 48749 14
18969 39959 26
39959 47493 11
47493 33789 3
47493 22128 24
18979 19171 26
19004 958 26
958 21648 8
19109 1661 26
19124 12045 26
12045 13424 5
19559 462 26
19631 26810 26
19696 28379 26
19705 41861 26
41861 38411 15
19966 28337 26
19974 12926 26
12926 17354 21
20049 14298 26
20075 32105 26
32105 48332 11
20081 44345 26
44345 2191 3
2191 3581 16
3581 46872 1
46872 15212 11
2191 35031 17
20097 8475 26
20273 7108 26
20482 42417 26
20583 45740 26
45740 14254 20
20609 975 26
975 18485 22
18485 31157 10
20633 41681 26
41681 43276 8
20763 32687 26
20787 18837 26
18837 13563 4
13563 48721 21
48721 37235 12
20813 38215 26
38215 5141 25
5141 40529 18
20867 21824 26
21008 3715 26
21097 11126 26
21192 43091 26
21215 37869 26
21361 26528 26
21445 18099 26
18099 47308 13
47308 11710 5
11710 40857 8
21447 10434 26
10434 2424 15
10434 19359 19
10434 25819 21
25819 1243 13
25819 29243 15
21563 43388 26
21720 46036 26
46036 42942 2
46036 42536 17
21747 14645 26
21862 31719 26
21872 27572 26
27572 33977 19
22060 42640 26
22094 47134 26
22136 11798 26
11798 42233 4
22179 3155 26
3155 10070 12
10070 38405 26
38405 17769 2
17769 24328 26
22206 31741 26
22215 32373 26
32373 7278 21
22275 2150 26
22406 11883 26
22480 10661 26
22536 36020 26
22617 8754 26
22655 12403 26
22908 18013 26
23160 13338 26
13338 49828 23
49828 36021 25
23253 45141 26
23321 33133 26
23344 45522 26
23379 42244 26
23552 41588 26
23793 38734 26
23969 33503 26
24064 48485 26
24148 44172 26
24206 22754 26
24394 19372 26
19372 40775 1
24458 35812 26
24537 22492 26
24668 28452 26
24681 27059 26
24690 1518 26
24813 18034 26
25022 25436 26
25436 40313 21
25099 35405 26
25214 20266 26
25282 14031 26
14031 5663 6
5663 36010 3
25638 41517 26
41517 31772 8
25711 11989 26
25723 11904 26
11904 3178 19
3178 4446 9
25725 2626 26
25816 31067 26
25896 31310 26
31310 42072 13
42072 44649 3
26024 26017 26
26017 23575 10
26017 27310 24
27310 9915 13
27310 20118 16
23575 31319 26
26050 49121 26
26168 40398 26
26331 22520 26
22520 10001 9
10001 18656 11
18656 2821 6
22520 38904 23
26522 30061 26
26561 34959 26
26585 43670 26
26605 14683 26
14683 47082 26
27033 27992 26
27039 45100 26
45100 22319 7
22319 5948 9
45100 49316 14
27124 4671 26
4671 40438 16
27285 12781 26
27415 29003 26
27881 26903 26
26903 45005 26
45005 24838 13
24838 17145 7
17145 19038 3
17145 12920 9
28114 15695 26
28407 2632 26
28455 15073 26
28900 6587 26
29154 29867 26
29329 49063 26
29426 4571 26
29456 38955 26
38955 18720 7
38955 18660 21
18660 16969 1
29688 12133 26
12133 26998 24
26998 28744 2
29756 19150 26
29767 31255 26
31255 23531 20
29855 44849 26
44849 23197 9
29949 32924 26
32924 40537 3
29950 32326 26
30010 830 26
30102 18249 26
30176 17601 26
17601 49445 10
17601 4158 12
4158 41242 8
41242 27855 22
30294 41941 26
30365 43762 26
43762 26801 14
30397 10085 26
30536 12861 26
30545 5662 26
5662 4576 24
30631 18995 26
30651 31184 26
30664 33542 26
30764 24173 26
30808 21324 26
21324 13801 6
21324 48838 24
30857 42853 26
42853 47164 8
30886 45104 26
31031 31839 26
31839 48713 23
48713 7990 18
48713 26463 20
31120 43499 26
31250 32580 26
32580 14617 10
31354 18698 26
31368 34234 26
31461 38679 26
31504 12014 26
31509 6602 26
6602 22350 2
31582 13933 26
31661 12994 26
31760 40535 26
31988 7419 26
32016 38482 26
32291 45717 26
32329 16779 26
32420 38331 26
32502 38560 26
38560 24267 11
32613 14278 26
32622 8158 26
8158 3594 6
3594 5031 7
32640 10976 26
10976 5437 21
5437 19251 3
5437 10071 26
10071 113 23
113 16214 9
32929 41505 26
32990 19110 26
33217 24980 26
33417 29024 26
29024 23331 8
33619 29117 26
33700 7772 26
33852 44305 26
33939 23490 26
34025 8886 26
8886 3093 17
34150 19620 26
34297 31948 26
34317 16604 26
34403 30861 26
30861 508 5
508 17484 19
508 16371 22
34545 25656 26
34713 32730 26
34769 32153 26
34800 43941 26
43941 19435 20
34874 23036 26
23036 19465 16
34962 48039 26
34982 31832 26
35297 23177 26
23177 8499 21
35417 14504 26
14504 9860 10
35524 24113 26
35528 22209 26
35662 47157 26
47157 3308 24
3308 30596 9
3308 23792 19
23792 20398 5
20398 43868 18
43868 31870 15
31870 15958 11
35773 8481 26
35809 32916 26
32916 21943 2
21943 45830 21
35823 45160 26
35997 21930 26
21930 9058 20
9058 43780 9
36047 8604 26
36118 48833 26
36161 43493 26
36386 37823 26
36467 48341 26
36621 19927 26
36667 36035 26
36668 48876 26
36743 23876 26
23876 8283 10
36781 5541 26
36793 2590 26
2590 39746 19
39746 17558 19
36823 5060 26
5060 49963 15
36849 19508 26
19508 28382 9
19508 29811 20
19508 34610 21
34610 30059 3
34610 39452 17
37022 44928 26
44928 15859 3
44928 26537 15
37137 12287 26
12287 15911 21
37163 6642 26
6642 40221 6
40221 35550 13
37169 19901 26
37260 22817 26
37377 32456 26
37511 15075 26
37786 8068 26
37935 41872 26
37948 33400 26
38013 36032 26
38589 48473 26
48473 43191 14
38595 36835 26
38664 27845 26
38791 251 26
251 28702 8
251 11384 22
39004 15005 26
15005 17850 13
17850 30947 10
39091 15968 26
39126 36957 26
39164 17625 26
17625 22083 3
22083 29330 19
39239 15616 26
39293 10921 26
39298 18819 26
39357 31442 26
39425 13043 26
39728 32477 26
39758 28694 26
39931 15771 26
39969 47728 26
47728 18088 1
18088 20339 14
40004 43484 26
40152 7924 26
40259 38021 26
40285 1514 26
40634 8916 26
8916 32670 8
8916 6592 9
40644 42710 26
40787 47405 26
40831 1301 26
1301 9139 4
9139 14509 23
40863 10253 26
10253 35563 7
40957 6528 26
41125 13920 26
41247 32880 26
41249 38433 26
41335 27293 26
41645 6175 26
6175 14870 15
41650 26758 26
41748 25515 26
41782 13090 26
41788 17053 26
17053 44661 4
41832 19070 26
41897 16525 26
42010 20138 26
42036 41507 26
42088 27247 26
27247 45123 22
42441 32473 26
32473 17702 20
17702 38080 2
42479 1016 26
42707 34370 26
42713 15264 26
42788 1049 26
1049 17845 20
1049 6901 26
6901 15330 2
15330 41682 5
42853 44948 26
42859 16440 26
43155 13339 26
13339 11492 1
43346 16793 26
43378 14756 26
14756 4052 9
14756 8263 13
43597 8452 26
43637 25189 26
43643 23822 26
43798 12094 26
43805 45628 26
45628 10363 6
10363 39621 23
39621 29873 1
43898 7899 26
7899 13300 20
43898 49013 26
49013 6142 14
6142 3803 10
3803 31976 24
31976 18567 14
44091 1801 26
44232 23020 26
44254 3395 26
44262 31165 26
31165 4903 6
44269 45895 26
44502 34179 26
44543 41637 26
44617 33673 26
44688 1630 26
44778 30915 26
30915 17458 4
44872 37481 26
44913 35682 26
44945 31819 26
31819 48468 17
48468 31834 14
31834 35139 7
45082 33677 26
33677 20313 1
20313 32526 13
45117 19261 26
45169 48417 26
48417 48585 5
45202 19596 26
19596 3472 12
19596 24470 14
45328 15108 26
45685 38770 26
45826 38115 26
45839 27304 26
45932 14557 26
46037 9633 26
9633 4759 6
4759 19349 4
4759 688 10
46099 48522 26
46266 38651 26
46389 21487 26
46399 20697 26
20697 30034 17
30034 16475 21
46561 41208 26
46673 34641 26
34641 8687 1
46699 39079 26
46935 29141 26
47001 30171 26
47040 48506 26
47203 18685 26
47283 27197 26
47652 17775 26
47665 15907 26
47854 44690 26
44690 20444 20
48086 44263 26
44263 22321 22
48159 21393 26
48293 34841 26
48311 7874 26
48549 12179 26
48670 33889 26
33889 13953 18
48806 6072 26
48807 22875 26
48977 41306 26
49132 18041 26
49197 13112 26
49378 7859 26
7859 16602 10
49382 26532 26
49466 45038 26
49960 22531 26
39 14135 27
72 40168 27
75 45770 27
91 201 27
91 35043 27
235 46262 27
296 43338 27
395 37555 27
513 34444 27
34444 28031 5
579 6048 27
6048 33726 21
33726 4011 19
589 16794 27
590 32876 27
692 36669 27
699 34067 27
719 23617 27
23617 21775 20
21775 35770 2
744 17077 27
768 47125 27
1066 9209 27
9209 25307 13
9209 10555 20
1116 19515 27
1224 36891 27
36891 20204 19
20204 43746 5
1449 18330 27
1573 8147 27
8147 24506 25
24506 32189 25
32189 32741 3
1877 9380 27
2042 11102 27
2089 24232 27
24232 30681 3
2266 44064 27
2349 45347 27
2514 42683 27
2529 8519 27
2537 6972 27
2648 39792 27
2723 1099 27
2844 29835 27
2900 172 27
172 42610 20
2931 37560 27
2964 31344 27
2990 13004 27
3051 2002 27
3106 20946 27
3188 38545 27
3190 9032 27
3191 48688 27
3203 4141 27
3297 5461 27
5461 3200 22
3319 42658 27
3329 39025 27
3335 3357 27
3357 16057 7
3352 43266 27
43266 449 6
449 35886 24
3599 19797 27
3645 38581 27
3692 5667 27
3711 35334 27
3918 22786 27
22786 13420 9
4058 29962 27
29962 27701 17
4110 11523 27
11523 47710 26
4374 10571 27
10571 25299 21
4522 32836 27
4534 49708 27
4586 44283 27
4595 33868 27
33868 40562 4
4644 28502 27
4716 19980 27
4735 41487 27
4800 29031 27
4964 22778 27
5068 21416 27
5079 6900 27
6900 29626 6
5345 35200 27
5397 9552 27
9552 41658 26
41658 31251 22
41658 8632 23
5652 28756 27
5680 22192 27
5706 40334 27
5742 3986 27
3986 25614 10
5801 15294 27
5853 15756 27
5919 48868 27
6083 6421 27
6172 19237 27
6358 37051 27
6483 2724 27
6509 43516 27
43516 30473 4
6520 44378 27
6552 34477 27
6616 9000 27
6616 16382 27
6674 36478 27
6779 39248 27
39248 23964 26
23964 1317 4
6783 33949 27
6852 28770 27
6866 10339 27
10339 32488 5
6895 10912 27
6895 26396 27
6940 28192 27
28192 37771 16
7100 32815 27
32815 45916 1
7157 5691 27
7190 17331 27
7272 27552 27
27552 42520 3
42520 41990 14
41990 2769 14
7279 49325 27
49325 42489 24
42489 20598 26
7345 40726 27
7423 17936 27
7470 27607 27
7720 44540 27
7774 21534 27
7794 25673 27
7946 24172 27
24172 16182 26
16182 21319 2
16182 8575 17
8014 49838 27
49838 26488 26
26488 47188 15
8095 28681 27
8140 27654 27
8252 24564 27
8546 24156 27
8587 43052 27
8589 5518 27
5518 12185 8
5518 21590 25
9073 33032 27
9130 42879 27
9173 9689 27
9689 30829 8
9226 4312 27
9287 23928 27
9299 26465 27
9426 978 27
978 28466 5
9469 33694 27
9623 22701 27
22701 48544 9
48544 41254 8
22701 17104 21
9909 46112 27
9948 22291 27
22291 42186 20
42186 45320 23
45320 23231 14
45320 37073 26
9963 10471 27
9986 8467 27
8467 42927 11
10173 37792 27
37792 49564 6
10276 34774 27
10598 19244 27
10625 36162 27
10750 47554 27
47554 4751 1
10925 18127 27
10959 14761 27
10987 2718 27
2718 28553 17
28553 27951 2
28553 30646 13
30646 1887 23
27951 8361 26
8361 11092 12
8361 23276 13
11230 15990 27
15990 13779 23
11472 47254 27
11566 49152 27
11620 11706 27
11677 45591 27
11722 17485 27
11756 48116 27
48116 36374 3
11828 38631 27
11923 44536 27
11993 16063 27
16063 13670 3
13670 27519 9
13670 49636 9
13670 12763 15
12090 43146 27
43146 14678 25
12141 44625 27
12224 40421 27
12364 16977 27
16977 46674 3
46674 47873 16
12423 29733 27
12429 574 27
574 30796 5
12520 11986 27
11986 20989 10
12531 5332 27
12605 24985 27
12638 20025 27
20025 16922 26
12822 9723 27
12865 46265 27
12963 31486 27
12981 25177 27
25177 30534 25
13225 44877 27
13256 49884 27
13324 33730 27
13370 21235 27
13418 10114 27
10114 39494 10
13434 4582 27
13462 46235 27
46235 12705 26
13495 39752 27
13507 9530 27
13613 13838 27
13672 40972 27
13808 48860 27
13826 35269 27
13842 23419 27
13854 18920 27
13905 18307 27
13962 41298 27
14029 32903 27
14233 28971 27
28971 44076 3
44076 31280 18
44076 11663 20
14304 18540 27
14310 23327 27
14484 37417 27
14491 36146 27
14500 40266 27
14551 17614 27
14625 29933 27
14676 15093 27
14731 23748 27
14908 47223 27
47223 7710 4
14912 14407 27
15081 22252 27
15366 42572 27
15526 20830 27
15646 28258 27
28258 19320 7
19320 23681 16
23681 35148 4
35148 37001 6
37001 25539 24
15681 11032 27
11032 48108 7
15745 16201 27
16201 13798 8
16201 26261 24
26261 48262 11
26261 16019 17
26261 48834 23
48262 16701 25
15797 17402 27
15920 17375 27
17375 39295 2
17375 18703 3
16162 6456 27
16357 40988 27
16454 43286 27
16477 40426 27
16548 31388 27
31388 27233 18
16554 6480 27
16594 30131 27
30131 37465 7
16762 38551 27
16791 11038 27
16830 32177 27
16902 42915 27
16942 41950 27
41950 35635 1
35635 20831 7
41950 29221 9
35635 8676 26
17138 8511 27
17289 19014 27
17380 2742 27
17521 39040 27
39040 46651 8
17565 31788 27
17705 7522 27
17736 42716 27
42716 2849 12
17818 22024 27
22024 8217 19
17870 39195 27
17911 32494 27
18085 44296 27
18089 4654 27
18104 16843 27
18203 38312 27
18207 42101 27
42101 22915 23
18226 38090 27
18254 30744 27
18267 18781 27
18298 38266 27
18340 32457 27
32457 44239 8
18448 24499 27
18458 8594 27
8594 25815 23
18668 15690 27
18879 4385 27
18957 16823 27
16823 12118 3
12118 29593 19
29593 18549 15
19030 41572 27
19118 16972 27
16972 17155 14
19132 34032 27
19145 32983 27
19168 2158 27
19182 21853 27
19301 29264 27
29264 7917 2
19485 45620 27
45620 43709 19
19562 25121 27
19924 9072 27
19941 22505 27
22505 41338 25
41338 34965 13
20121 36585 27
20139 22504 27
20174 16082 27
16082 33961 10
20179 22773 27
20290 4825 27
4825 4030 7
4825 25033 8
25033 35303 24
20378 19657 27
19657 38464 4
38464 11669 6
11669 24720 3
19657 39620 14
11669 12568 23
20401 24263 27
20401 32242 27
20464 36753 27
20496 37252 27
20500 41207 27
20586 6131 27
20589 9100 27
9100 43625 6
9100 26652 15
26652 13950 2
43625 40442 15
26652 35515 20
35515 7310 25
43625 44366 26
44366 11356 25
20948 24576 27
20989 48439 27
21010 45292 27
21159 11902 27
11902 20243 10
21237 13022 27
13022 27706 25
21259 6110 27
6110 12946 2
6110 30047 19
21285 39349 27
21323 26887 27
26887 48472 10
21426 32087 27
21430 9663 27
9663 16879 27
21439 47311 27
21534 18803 27
21568 41428 27
41428 40632 10
41428 28360 25
28360 40923 18
40923 25260 20
21813 5725 27
5725 8119 6
8119 15860 6
21880 33246 27
22277 12399 27
22330 13915 27
22369 26257 27
22373 35158 27
22383 33080 27
22418 12001 27
22482 8792 27
8792 32182 1
32182 18856 4
18856 48075 16
22527 26709 27
22573 41337 27
22616 25788 27
25788 342 14
22805 16707 27
16707 3948 13
23074 32860 27
23142 47752 27
23249 40636 27
23328 25173 27
25173 27246 10
25173 22100 17
22100 26741 3
23341 701 27
701 1807 27
1807 11988 23
11988 47031 16
47031 28063 15
47031 40243 19
40243 3937 24
11988 33997 25
23469 11262 27
23526 27476 27
23580 20821 27
20821 29980 19
23696 35005 27
35005 36379 21
36379 2826 24
23736 35431 27
23804 26899 27
26899 49713 19
49713 27436 6
49713 25573 24
23884 9493 27
9493 3187 12
3187 7822 22
7822 39162 8
24041 34302 27
24079 15323 27
15323 20747 14
24156 31712 27
31712 21974 25
24217 34004 27
24463 48921 27
24585 45493 27
24609 6223 27
24633 42499 27
42499 48079 12
24655 8578 27
8578 23984 22
24728 12419 27
24791 40478 27
24883 41536 27
24951 17032 27
24952 13272 27
24986 9899 27
9899 13749 14
25160 12873 27
25192 2471 27
25272 9849 27
25302 31534 27
31534 29981 25
25381 35281 27
25448 12898 27
25594 16358 27
25694 29044 27
25816 21678 27
26155 35422 27
26164 10046 27
10046 22451 23
26306 44906 27
26430 18892 27
26525 34912 27
26592 15667 27
26610 21156 27
21156 8107 18
26676 34323 27
26885 19453 27
19453 6874 21
6874 9582 11
26901 25224 27
26940 27344 27
26997 12610 27
12610 10850 3
27003 19203 27
27125 35799 27
27206 38450 27
27217 1597 27
27233 39794 27
27274 537 27
537 43871 17
43871 6396 8
27483 17456 27
17456 32298 5
27494 4453 27
27647 42805 27
42805 276 22
276 16062 6
16062 33587 25
27726 49959 27
49959 11376 24
27739 16257 27
27966 27894 27
28109 15511 27
28140 27653 27
28145 26785 27
28219 35910 27
28236 40973 27
40973 25369 15
28536 3127 27
28568 21216 27
21216 8890 12
8890 9498 1
8890 37742 7
37742 48771 1
48771 48894 9
28589 10585 27
28603 38165 27
38165 43560 19
43560 10686 14
10686 28700 20
28719 32375 27
32375 19130 26
19130 33787 22
28935 17001 27
29250 28763 27
29423 49126 27
29485 7220 27
7220 2385 4
7220 34677 11
2385 22306 13
29758 45980 27
45980 21356 25
21356 3853 17
3853 11352 19
29835 28669 27
28669 30175 7
30175 17536 4
29878 1325 27
1325 22134 20
29904 37390 27
29980 24044 27
30190 42353 27
30215 10968 27
10968 46290 3
30274 8261 27
8261 39741 23
30409 12856 27
30488 26728 27
30511 4369 27
30567 48623 27
48623 14991 8
30699 26383 27
26383 24261 21
30811 12344 27
12344 7842 15
7842 12442 15
30913 32365 27
32365 43720 12
43720 31609 13
30954 8948 27
30967 33228 27
31083 33059 27
31215 43684 27
31224 33074 27
31283 12068 27
12068 2956 18
31298 22827 27
31316 46024 27
31434 16376 27
16376 23530 12
23530 1079 21
1079 13438 10
31562 26976 27
31789 32272 27
31869 25910 27
31891 15781 27
31984 29719 27
32119 38926 27
32373 7970 27
32469 24455 27
24455 16310 11
16310 47269 6
32723 31349 27
31349 30610 25
32738 45354 27
32898 17252 27
32915 42737 27
32932 5985 27
5985 5136 9
33012 27685 27
33026 5752 27
33369 17215 27
33465 37064 27
33586 41627 27
33901 8939 27
8939 37919 6
37919 16514 2
33998 18442 27
34096 2633 27
34163 21919 27
21919 10423 14
34198 8761 27
34273 28318 27
34387 3159 27
3159 46375 12
34569 8841 27
8841 3679 12
8841 9913 15
34846 17666 27
17666 30779 2
30779 24132 18
35143 30980 27
35161 22940 27
22940 19039 3
19039 25384 25
35278 32108 27
32108 18605 10
35369 48641 27
35635 46254 27
35787 42079 27
35789 11579 27
35924 20939 27
20939 2111 16
2111 13988 21
36179 10645 27
10645 21375 22
36316 37634 27
36352 44320 27
36428 48178 27
36448 14571 27
36489 9930 27
36540 45934 27
36556 49340 27
36588 16270 27
36596 41204 27
36901 43050 27
43050 8266 3
8266 39865 16
37012 11075 27
37059 47567 27
47567 47660 20
37296 10936 27
37480 42997 27
37535 1629 27
1629 5407 2
1629 27190 18
27190 27722 22
27722 1544 24
1544 837 22
837 28080 18
28080 27921 19
27921 49509 19
5407 48097 26
37559 22732 27
37650 42183 27
37836 32231 27
37858 47656 27
37984 22931 27
38239 23227 27
38328 46034 27
38381 11972 27
38538 26120 27
38580 17753 27
38584 11738 27
38663 39207 27
39207 7247 18
7247 1962 13
7247 39385 15
39385 45317 11
38726 40319 27
38917 30105 27
38980 22933 27
39018 20804 27
39045 36462 27
39167 37859 27
39304 20703 27
39312 3082 27
3082 40948 26
40948 42191 23
42191 33938 24
39461 37687 27
39482 23603 27
39612 3983 27
39651 25291 27
39662 42647 27
39777 16081 27
16081 42363 25
39823 44312 27
44312 36198 22
39911 21040 27
39942 42199 27
39980 17126 27
40040 35191 27
40156 2977 27
40164 3003 27
40306 48351 27
40397 42376 27
42376 35408 4
40425 25587 27
40464 42207 27
40583 45071 27
40595 15600 27
15600 22745 22
40670 41154 27
40697 41523 27
41523 46798 8
46798 31776 2
40709 42733 27
40869 38156 27
38156 24949 14
24949 46393 10
40877 48303 27
48303 25143 20
41107 33329 27
33329 20491 21
41111 35373 27
41403 39409 27
41837 39997 27
41846 36847 27
42062 49862 27
42121 37126 27
42253 43616 27
42335 16666 27
42444 18446 27
42536 5939 27
42678 37830 27
42750 39318 27
43058 21516 27
43177 41703 27
43257 28753 27
43544 31808 27
31808 26096 5
43607 16955 27
16955 11279 12
43868 10915 27
10915 23195 17
43923 8743 27
44011 38303 27
44561 46726 27
46726 42453 22
44754 22415 27
44798 8958 27
44914 19982 27
19982 38860 27
45144 43694 27
43694 7229 25
45173 21874 27
45267 27409 27
45303 23456 27
45374 18339 27
45448 29875 27
45538 44001 27
45655 26069 27
26069 39828 20
45743 41427 27
41427 20872 11
41427 25148 22
45747 33722 27
45774 38836 27
45788 5204 27
5204 48932 5
48932 11703 10
45923 23289 27
46049 12476 27
46100 21994 27
46163 43203 27
46350 31128 27
31128 23667 16
23667 39324 17
46481 16014 27
46493 28604 27
28604 6604 8
6604 24280 18
46534 36127 27
36127 1516 10
1516 1139 11
1139 16510 17
46591 938 27
46768 20668 27
46882 48187 27
48187 22511 3
22511 25031 18
22511 49691 20
46968 11277 27
47126 474 27
47218 43143 27
47247 42866 27
47285 25924 27
25924 16968 26
16968 26572 24
47319 27063 27
47367 25870 27
47413 13523 27
47682 1398 27
47728 27452 27
27452 5045 3
47915 22613 27
48196 29008 27
48231 21074 27
48236 17322 27
17322 49986 24
48262 13733 27
48553 40424 27
40424 41714 1
48560 38034 27
48616 22896 27
49135 42213 27
42213 43457 15
49361 12273 27
49498 2802 27
49660 43014 27
49725 37128 27
37128 15459 1
49757 21938 27
49809 10587 27
10587 17292 15
17292 10045 1
49820 47934 27
49932 21219 27
38 48577 28
179 17495 28
179 26118 28
203 6534 28
306 24559 28
346 3103 28
452 39145 28
39145 5790 27
531 22891 28
553 42834 28
617 530 28
747 37411 28
1025 22409 28
1031 18610 28
1058 44441 28
44441 38583 9
1122 18394 28
18394 48974 4
1239 8551 28
1313 24741 28
1498 37331 28
37331 24009 24
1530 1017 28
1637 40559 28
40559 43227 25
1667 48525 28
1672 30640 28
1734 12956 28
1862 38119 28
1867 29294 28
29294 35899 12
1890 13867 28
1953 31290 28
31290 45625 1
45625 24561 4
31290 43486 16
1968 25894 28
25894 38259 2
25894 19494 9
25894 14336 11
14336 30481 12
2026 41464 28
2042 33283 28
2400 24900 28
2466 41137 28
2478 28731 28
28731 25841 9
2496 47324 28
2558 1896 28
2679 7206 28
2710 9608 28
2734 47342 28
2738 30687 28
30687 20874 23
2792 30427 28
2863 44896 28
2889 1349 28
1349 47046 6
1349 5559 11
5559 42358 17
42358 43288 4
1349 32661 28
2932 886 28
2963 33245 28
33245 32099 17
32099 38848 7
38848 34030 11
3051 36126 28
3107 9157 28
3114 4362 28
3135 4126 28
4126 38807 2
3135 48350 28
48350 34527 10
3202 37492 28
37492 13018 20
13018 45574 20
3261 29413 28
3366 1648 28
1648 5556 6
3400 4862 28
3486 23631 28
3610 38596 28
3634 3696 28
3669 42276 28
3793 38905 28
3870 41384 28
3887 25002 28
3887 29897 28
29897 36271 14
36271 48810 13
48810 12855 3
48810 42600 9
3962 37670 28
4139 10003 28
4278 7591 28
4337 46541 28
4356 45044 28
4391 3814 28
4411 36310 28
4593 3095 28
4659 20893 28
20893 18481 10
4728 14457 28
4760 542 28
4856 41705 28
5069 25 28
5079 21848 28
21848 24622 8
5121 7983 28
7983 1775 5
7983 44241 18
5273 4010 28
4010 21201 25
21201 19756 20
5366 19444 28
19444 33781 12
5410 16022 28
5472 40361 28
5542 15927 28
5564 13815 28
5695 14993 28
5851 35859 28
5895 11295 28
5951 36435 28
5962 36838 28
5966 9916 28
6120 39921 28
39921 24540 26
6136 27192 28
6190 29410 28
6207 3035 28
6211 3865 28
3865 35533 9
35533 21465 6
35533 26487 21
26487 20673 17
20673 38285 6
20673 21059 7
38285 10522 20
6422 34875 28
6464 28544 28
6496 12594 28
6514 41697 28
41697 41844 8
6541 10211 28
6755 15997 28
15997 30924 16
6823 4600 28
6914 10853 28
6914 48785 28
48785 49790 4
48785 14627 7
6961 47370 28
7062 7287 28
7287 8312 9
8312 740 14
8312 32447 14
32447 35283 14
7129 32062 28
7200 35496 28
35496 5171 4
7274 41965 28
41965 41825 5
7335 30260 28
30260 2773 22
7363 16611 28
7659 38659 28
38659 33406 22
7829 8236 28
8041 9022 28
8085 47667 28
47667 32974 16
32974 36332 2
36332 37676 3
32974 28171 15
28171 9179 8
8231 17480 28
8348 35766 28
35766 6314 2
8389 43179 28
8581 14324 28
8645 24781 28
24781 20008 23
8670 7216 28
8815 35545 28
8855 35253 28
8914 14482 28
9054 40917 28
40917 2544 6
2544 28129 4
28129 9833 1
28129 40325 4
2544 20487 6
9074 6511 28
9093 47931 28
9121 39622 28
39622 43565 10
9292 36542 28
9328 33404 28
9589 18299 28
18299 5946 6
5946 2516 18
9670 4181 28
4181 37383 21
9707 12296 28
9803 40082 28
9814 19100 28
19100 49672 7
49672 17154 5
49672 47026 15
47026 1591 10
1591 32106 2
17154 9069 20
9857 27862 28
9942 26332 28
10269 41918 28
10379 19378 28
10449 20382 28
10515 3797 28
10652 9740 28
9740 17487 13
17487 33559 4
10696 15929 28
10839 48501 28
10941 8070 28
10991 29450 28
11168 14421 28
11477 44712 28
44712 29088 13
11784 48388 28
11836 49510 28
11893 2969 28
11969 21727 28
12045 40024 28
12173 42374 28
12224 35073 28
12503 46529 28
46529 7501 8
46529 23699 27
12530 43390 28
43390 20356 8
12629 12924 28
12716 17056 28
17056 12086 16
17056 49726 21
12768 12447 28
12885 11487 28
11487 37918 9
37918 13681 12
12901 18001 28
12984 21501 28
21501 6273 13
13025 13795 28
13241 16160 28
16160 24324 23
13426 7392 28
13521 29480 28
13673 41425 28
13703 14041 28
13763 10552 28
10552 45551 11
45551 42587 13
13849 49836 28
49836 43779 22
13974 30797 28
30797 22085 11
14045 33385 28
33385 39556 17
39556 39198 25
14320 30271 28
14510 1191 28
14708 16316 28
16316 17058 3
14809 17310 28
14948 48269 28
15023 34153 28
15040 28810 28
28810 12612 27
15152 36120 28
15154 40448 28
40448 11548 26
15257 34029 28
15260 7800 28
7800 7498 3
15465 18227 28
15465 44129 28
15466 34145 28
15626 6387 28
15685 31 28
15938 30553 28
15947 20039 28
15996 41685 28
41685 22552 11
22552 45742 21
16048 48441 28
16120 18779 28
18779 45348 20
45348 8370 5
16251 3369 28
16270 6555 28
17398 46845 28
17449 38436 28
38436 26185 22
26185 14892 26
14892 11243 9
17481 27394 28
17485 18039 28
17501 35810 28
35810 38855 3
17578 16653 28
17597 19011 28
17741 27704 28
27704 24843 21
17815 26016 28
17913 36867 28
36867 33339 1
33339 17462 3
17462 34581 8
36867 40847 21
18057 20093 28
20093 42780 22
18135 38540 28
18140 12367 28
12367 9949 2
12367 13074 5
9949 38102 8
18172 26074 28
18183 46754 28
18437 32854 28
18664 3162 28
18898 13429 28
18966 18108 28
19048 23032 28
23032 24905 20
19091 17980 28
19123 1852 28
1852 439 21
19282 14553 28
14553 6801 23
19354 3340 28
19364 25479 28
19485 6299 28
19563 35474 28
35474 1888 9
1888 14398 8
14398 34266 13
14398 4609 20
19603 32408 28
19661 49232 28
19694 21428 28
21428 49203 8
49203 30111 26
30111 28829 10
30111 29514 11
19729 21702 28
19861 43199 28
19867 10208 28
19873 43007 28
43007 10416 19
10416 41915 24
41915 13781 27
13781 39776 14
13781 47583 16
47583 42513 4
42513 16272 22
19966 24570 28
20115 41471 28
20168 27918 28
27918 27506 24
20261 25345 28
20471 24204 28
24204 32658 9
20533 45138 28
45138 43945 27
20580 22606 28
20603 40733 28
20668 39446 28
20678 32890 28
20704 40420 28
20726 20045 28
20742 17599 28
20753 12389 28
12389 23445 27
20764 17016 28
20874 37963 28
20932 7037 28
20997 13127 28
13127 18463 22
21146 30835 28
21648 43012 28
21714 39442 28
39442 43811 16
21838 7080 28
7080 41042 8
7080 22501 28
21927 16344 28
21994 38899 28
38899 43587 10
43587 41217 12
41217 7695 7
41217 32520 7
22201 43208 28
43208 31225 19
22278 11749 28
22278 40613 28
22296 16675 28
22391 3321 28
22416 38597 28
22735 49619 28
49619 1020 26
1020 17423 19
1020 34270 26
22920 30777 28
30777 23082 17
22921 44911 28
22951 13820 28
13820 7346 11
7346 36172 13
36172 16204 11
13820 5404 15
23124 49701 28
23217 46165 28
23283 24415 28
23385 30749 28
23586 31888 28
23636 9086 28
23670 19241 28
23813 33470 28
23824 24943 28
24943 38457 3
24943 49262 9
49262 9850 21
23919 21831 28
21831 23954 9
23924 37718 28
37718 47032 1
23933 29427 28
24022 36093 28
24192 24792 28
24246 15432 28
24394 15924 28
24444 24782 28
24782 39470 23
39470 25477 5
24838 21307 28
25241 2765 28
2765 38887 4
25242 14628 28
25318 44879 28
25363 44418 28
44418 20796 27
25539 48654 28
25846 48507 28
25877 36851 28
26532 23879 28
26543 28358 28
26708 46398 28
26711 15852 28
26714 48253 28
48253 29663 13
26773 43806 28
26826 32079 28
27186 47190 28
27365 31229 28
27368 16041 28
16041 16819 20
16819 12253 5
27451 33354 28
33354 31652 25
31652 33039 13
27535 16744 28
16744 35003 5
35003 15986 22
27562 43150 28
27608 26214 28
27662 17244 28
27782 46574 28
46574 5448 3
27789 47155 28
27987 21543 28
28062 41807 28
28086 9008 28
28240 49123 28
49123 11908 24
11908 2246 16
28427 7845 28
28563 36919 28
28642 13665 28
28692 36116 28
36116 45786 14
28777 36476 28
28883 12552 28
28888 26732 28
26732 38989 10
38989 46054 21
46054 26619 12
28926 31520 28
28963 11374 28
28986 44290 28
44290 15049 16
29050 19675 28
19675 4791 3
19675 35619 19
29065 36581 28
29118 30581 28
29218 28295 28
29382 7089 28
29409 47258 28
47258 9438 16
9438 35792 8
35792 2530 15
2530 14850 3
2530 32508 12
35792 18580 22
18580 19644 9
14850 7701 24
7701 37850 20
29469 47765 28
47765 41791 1
29611 18415 28
29739 40238 28
30126 37624 28
30173 37251 28
30312 9634 28
30437 12860 28
30516 23187 28
30534 48730 28
30574 48242 28
48242 38738 4
30716 2199 28
30722 12288 28
12288 20103 23
30732 3753 28
30756 8755 28
30919 47785 28
30949 33473 28
31012 35245 28
31031 23537 28
31123 30668 28
30668 24787 11
30668 12365 12
31225 16336 28
31408 9145 28
9145 21562 22
9145 10017 25
31438 41064 28
31579 18169 28
18169 37851 8
31815 32994 28
31905 24743 28
31916 31538 28
31924 48791 28
48791 39557 5
39557 9933 13
9933 47984 24
47984 4814 1
4814 38921 13
32068 47635 28
32323 6361 28
32413 45817 28
32797 41243 28
32831 8867 28
8867 49458 1
49458 28183 1
49458 42225 8
32836 40770 28
32837 31610 28
33022 46546 28
33034 36292 28
33229 28519 28
33310 18367 28
33349 29797 28
29797 39153 5
33391 46149 28
33413 21204 28
21204 15872 1
33544 2955 28
2955 47604 14
33622 41698 28
33646 37695 28
33655 43902 28
43902 5172 22
33934 1409 28
34337 23956 28
34428 31014 28
31014 15999 16
34648 36576 28
34651 4886 28
34776 42173 28
42173 22803 10
34870 44452 28
35048 19133 28
19133 35249 28
35249 44744 17
35074 47385 28
35101 24591 28
35128 40844 28
35300 38799 28
38799 43337 26
35359 9594 28
9594 28392 4
35388 43771 28
35680 24636 28
35692 1432 28
1432 12146 26
35966 46395 28
36012 47594 28
36045 20071 28
36054 14162 28
36183 29019 28
29019 31002 3
31002 2160 21
2160 42812 5
29019 37246 25
36333 43061 28
36375 49395 28
36500 25458 28
25458 42477 3
25458 49749 18
49749 19671 8
36509 47930 28
36725 13752 28
36794 1267 28
1267 26088 18
36867 34602 28
37123 29745 28
37202 40516 28
37275 41729 28
41729 33779 6
37283 5223 28
37401 27339 28
27339 43864 15
37652 39763 28
37844 39731 28
37943 41672 28
38155 15384 28
38233 30457 28
38431 39363 28
38806 48884 28
48884 36841 25
36841 44335 4
44335 42111 22
39041 28921 28
28921 7593 18
7593 18534 25
7593 49159 28
39142 38968 28
39320 42524 28
42524 13494 25
39453 4796 28
39506 17135 28
17135 33867 19
39508 20357 28
39634 33388 28
39707 7307 28
39796 15192 28
39826 9244 28
39901 16018 28
16018 32245 20
32245 3044 4
39918 33274 28
33274 18020 11
39946 49409 28
40133 35602 28
35602 47432 10
40328 43065 28
40352 3974 28
40353 26701 28
40480 25965 28
25965 19928 17
19928 20521 6
20521 44226 5
19928 11375 9
11375 49890 8
20521 22464 13
40499 9588 28
40572 32282 28
40593 17209 28
17209 41934 27
40616 32195 28
40621 25276 28
25276 9285 6
40692 9064 28
40775 31030 28
40854 34534 28
41036 29233 28
41046 21913 28
41101 36710 28
41143 26395 28
41191 19917 28
19917 33079 25
33079 49615 5
41438 27257 28
41506 44941 28
41579 12583 28
41697 27538 28
41864 18715 28
42105 39519 28
42192 3737 28
3737 37655 26
42197 36203 28
42246 34300 28
42405 47248 28
47248 23340 22
23340 25561 22
25561 10678 20
10678 18855 10
18855 20066 15
20066 37423 25
23340 41350 27
42470 35432 28
35432 43215 12
43215 34100 13
35432 19581 14
42539 47300 28
47300 21244 8
21244 18206 15
18206 32300 8
18206 37691 28
42680 43876 28
42950 12884 28
43036 23324 28
43061 36767 28
43092 46686 28
43223 43140 28
43371 22811 28
43780 37668 28
37668 5842 21
5842 31422 4
5842 15821 9
5842 40121 10
43790 46893 28
46893 11638 2
43944 36285 28
43973 47273 28
43990 48835 28
48835 16507 6
48835 45929 13
44067 43083 28
44301 31337 28
44325 12032 28
44399 19769 28
44420 6135 28
6135 45318 25
44487 38296 28
44495 7268 28
7268 32074 12
44612 21592 28
21592 4479 24
44672 7840 28
7840 26795 20
26795 29164 20
44698 17682 28
44760 21870 28
45003 49204 28
45385 7771 28
45515 40184 28
45723 3166 28
3166 30429 28
45803 24065 28
24065 26622 13
45821 3214 28
45934 40367 28
46055 29914 28
46121 49869 28
46140 712 28
46142 34708 28
34708 32645 11
46409 38916 28
38916 9934 3
38916 29928 4
46499 42738 28
42738 48280 19
48280 20730 5
20730 6417 19
46688 22759 28
46738 14554 28
14554 11058 3
11058 15501 16
14554 29249 16
29249 47977 28
47977 39246 2
46749 43861 28
47197 959 28
47302 31201 28
47318 21499 28
47341 41412 28
47526 21065 28
47532 34565 28
47562 26419 28
26419 37398 18
47598 33384 28
47975 14264 28
14264 41607 16
41607 47923 19
47923 22597 22
48147 40455 28
48328 40485 28
48338 7503 28
48460 22847 28
22847 29515 13
22847 44874 19
29515 22964 23
48549 33926 28
48581 40275 28
40275 17647 7
48859 33392 28
33392 36470 20
48897 26576 28
26576 44663 22
48933 17693 28
49099 32424 28
49171 11998 28
49519 14039 28
49791 14282 28
14282 14051 18
14051 30930 10
14282 33933 20
49889 30375 28
30375 34942 27
49901 13981 28
49957 46214 28
32 28480 29
28480 12745 3
53 46500 29
90 3075 29
3075 19943 16
3075 39063 23
103 32587 29
106 7288 29
7288 24628 20
7288 41061 20
151 43605 29
43605 48074 3
48074 44041 23
194 5144 29
231 14025 29
235 188 29
188 6283 22
247 37715 29
374 3043 29
3043 554 8
395 21153 29
436 47249 29
637 3100 29
690 22872 29
698 41641 29
727 24285 29
24285 45391 20
930 2429 29
933 46419 29
46419 46366 14
954 34068 29
34068 30927 15
996 38361 29
1037 48920 29
1337 29430 29
29430 22184 21
1345 19360 29
1350 7135 29
1398 48615 29
48615 43407 6
1409 3979 29
1420 39979 29
1514 40960 29
40960 24602 1
24602 28126 9
1613 12277 29
12277 48085 25
1677 5963 29
1728 750 29
1776 32610 29
32610 8778 13
1779 35542 29
1809 7067 29
7067 13711 11
1897 5579 29
2050 2465 29
2465 37276 17
2100 35415 29
2126 3125 29
2198 17678 29
2210 8372 29
2320 46009 29
2426 28139 29
2549 4756 29
2567 29909 29
2576 14344 29
2744 6521 29
2760 5944 29
2801 31663 29
2815 46976 29
2835 41110 29
2880 27210 29
2958 7683 29
3108 18887 29
3128 46843 29
46843 14801 20
3179 19838 29
3221 5854 29
3338 5085 29
5085 12686 3
3345 18938 29
3376 13481 29
3455 23835 29
3457 40437 29
3502 21834 29
3667 4170 29
3691 46677 29
3709 41810 29
3799 13263 29
3825 3822 29
3850 31704 29
4076 7013 29
4104 43063 29
43063 11440 1
43063 23176 2
43063 34177 27
4125 33330 29
4283 30780 29
4304 14696 29
14696 23269 27
4343 46614 29
4536 32191 29
4556 5009 29
4633 11177 29
4654 7182 29
4704 34423 29
4709 35411 29
4785 3930 29
4787 49926 29
4860 23960 29
5165 38020 29
5373 31065 29
5426 44643 29
44643 7144 27
5497 18591 29
5507 26925 29
5561 27052 29
5653 23215 29
5785 21666 29
5950 16960 29
6013 9872 29
6045 47572 29
6083 6929 29
6140 5733 29
6191 49773 29
6224 27254 29
27254 24909 23
6251 10021 29
6516 31694 29
31694 2464 3
6541 19504 29
6546 18918 29
6561 29440 29
6584 45925 29
45925 19461 3
6619 2569 29
6704 41882 29
6791 23834 29
6994 29174 29
29174 38506 16
7019 29119 29
7044 25104 29
7123 17833 29
17833 5651 4
7214 31949 29
31949 38225 8
7348 11789 29
7546 39338 29
39338 16101 16
7560 9071 29
7588 6662 29
6662 36628 25
7649 17586 29
7675 6244 29
6244 29757 27
7679 38995 29
38995 38795 18
38795 34661 23
7682 20828 29
7710 15551 29
7898 36836 29
7971 35099 29
35099 11616 27
11616 11485 10
11485 18827 4
7982 38801 29
8025 880 29
880 45583 21
8027 1395 29
8303 11505 29
8384 6425 29
8656 31487 29
31487 47784 18
8688 17347 29
8914 35927 29
35927 35725 22
35725 12701 11
8930 23777 29
23777 31017 4
23777 25233 10
8963 10822 29
10822 36166 6
9040 5920 29
9315 34927 29
34927 10428 20
34927 27501 27
27501 43395 22
9396 27693 29
9442 22069 29
9639 5991 29
9832 24671 29
9936 41278 29
10314 8199 29
10342 33541 29
10352 39189 29
10433 49344 29
49344 48618 5
48618 4960 15
4960 48065 11
48618 42427 16
10519 38936 29
38936 20570 9
20570 27927 23
10530 46908 29
10593 37723 29
10711 23437 29
10815 47631 29
10893 46101 29
11010 27141 29
27141 16131 15
11207 560 29
560 40286 26
11297 7329 29
7329 10239 2
10239 44600 14
11308 10894 29
10894 41662 22
11339 41713 29
11441 2145 29
11500 21515 29
11531 31205 29
11559 43471 29
11674 49381 29
11732 29894 29
11738 33579 29
33579 10087 1
11925 49782 29
11995 30404 29
30404 18337 2
12110 38956 29
12241 6618 29
6618 32673 8
6618 31070 16
12364 31239 29
31239 16736 12
12564 29018 29
12596 27250 29
12623 43221 29
12686 20108 29
20108 32222 24
12734 4057 29
12790 47898 29
47898 35566 16
35566 1515 16
12867 31783 29
12923 5326 29
5326 24554 3
24554 28805 5
12946 35106 29
35106 4606 13
12965 10944 29
13095 24166 29
24166 39088 28
13391 45865 29
13423 24292 29
13439 45329 29
13467 16198 29
13665 20343 29
20343 36370 26
14033 18214 29
18214 49576 14
14111 4005 29
14206 48291 29
48291 3507 21
14225 13000 29
14333 49090 29
14344 27282 29
14364 28200 29
14411 30844 29
30844 16159 21
14439 18266 29
14854 8237 29
14934 42618 29
42618 43669 2
15099 39208 29
39208 30299 7
15185 44640 29
15225 40297 29
15246 43258 29
15369 31102 29
31102 8533 15
31102 9037 16
15519 29790 29
29790 39990 21
29790 19302 24
15727 17886 29
17886 5923 24
15727 29559 29
15924 13580 29
15931 15472 29
15472 39358 6
16048 295 29
295 49149 13
295 107 25
107 1145 21
1145 44132 3
16120 35113 29
16326 41124 29
41124 238 20
238 6734 11
238 6837 11
16568 31936 29
16596 30662 29
16798 19697 29
16945 32220 29
17112 29899 29
17207 48123 29
48123 15834 15
17282 1512 29
1512 34473 4
17309 21964 29
21964 43054 19
43054 30888 1
17326 47643 29
47643 7875 21
17333 1743 29
17348 8049 29
8049 21941 11
8049 39264 26
17450 14331 29
17454 21900 29
17458 37640 29
17549 11478 29
11478 8872 19
11478 8549 28
8549 3443 10
17588 16901 29
17648 27132 29
17670 44249 29
17740 29921 29
29921 26648 2
26648 13349 1
17762 26293 29
26293 7838 12
17819 18723 29
17825 36735 29
17921 2250 29
18030 25791 29
25791 48200 2
18097 12811 29
12811 35132 20
18128 25882 29
25882 27822 25
27822 20887 14
27822 42838 22
27822 29694 25
18233 38031 29
18234 23433 29
18380 33254 29
33254 22065 19
18663 21745 29
21745 9495 17
9495 36521 11
18919 38205 29
38205 5649 17
38205 15661 19
19116 15217 29
15217 25938 9
19264 32667 29
19408 23648 29
23648 26032 13
23648 4389 20
4389 13984 13
13984 9544 21
19829 18674 29
18674 30060 3
19908 39572 29
20048 3396 29
3396 43310 10
20071 47761 29
20211 44171 29
20268 746 29
746 41745 6
20328 27754 29
20432 49872 29
20468 48458 29
20621 11101 29
20730 36418 29
20760 45373 29
20855 19882 29
19882 40419 17
40419 49529 11
40419 9700 17
20870 14013 29
21045 42418 29
42418 48143 17
48143 41432 22
21080 43925 29
43925 17797 3
21082 28736 29
21265 43703 29
21280 27357 29
27357 3038 10
3038 35206 3
35206 24760 5
24760 41876 9
41876 27649 16
3038 10370 17
27649 1969 23
27649 28038 27
21335 33258 29
21689 46832 29
21713 47580 29
21926 4395 29
4395 9648 18
22027 22843 29
22069 24873 29
22140 20524 29
20524 46970 9
46970 22516 15
20524 39649 29
22202 32364 29
22267 5984 29
5984 38479 4
38479 28675 13
38479 6006 24
22267 49897 29
22290 42450 29
22501 9301 29
22573 41385 29
22591 15513 29
15513 1027 22
22607 33648 29
33648 39724 25
22680 47714 29
22782 16527 29
23052 39009 29
39009 33234 11
23092 29345 29
23313 37188 29
23683 23457 29
23761 23848 29
23848 9892 11
23808 13085 29
24028 35368 29
24336 10860 29
24359 35651 29
24467 32588 29
32588 3532 23
3532 35999 5
35999 19903 12
3532 35856 28
24535 24546 29
24571 29987 29
24905 12525 29
24985 12200 29
24998 14362 29
25135 32923 29
32923 11760 5
11760 25526 23
25422 31901 29
25627 17225 29
17225 21022 9
25758 21732 29
25957 17500 29
26028 26480 29
26105 8560 29
26341 17839 29
26378 26866 29
26866 44637 19
26476 5402 29
26556 29064 29
26570 1765 29
1765 25915 2
26777 32887 29
26895 9324 29
26937 30270 29
30270 28340 24
27023 31692 29
27263 33627 29
27357 15347 29
27381 38403 29
27392 28120 29
27443 32090 29
27478 15114 29
27556 43515 29
27636 12444 29
27637 10359 29
27861 30715 29
27901 15016 29
27924 34127 29
28056 7004 29
28098 24262 29
24262 14083 15
28418 34047 29
34047 22314 22
28523 4730 29
28563 26226 29
26226 26746 2
28694 4121 29
28783 44582 29
28814 23303 29
23303 37778 3
37778 17186 14
28895 41092 29
29130 23907 29
29139 10809 29
29326 23725 29
29405 26199 29
26199 43183 11
26199 5644 20
5644 25657 13
29432 25065 29
25065 43992 15
43992 46671 21
29554 35306 29
35306 48967 3
29702 35199 29
29812 21300 29
29881 15346 29
29915 32850 29
29916 35275 29
30093 38254 29
30334 28762 29
28762 5753 7
28762 26435 16
26435 31421 12
30435 46023 29
46023 31203 8
30631 30163 29
30710 34691 29
30793 21507 29
21507 5517 7
30879 43038 29
30957 47010 29
31029 39618 29
39618 34723 8
34723 24351 16
31101 47235 29
31193 28501 29
31304 43691 29
43691 33836 12
31305 46488 29
31476 17914 29
17914 6712 13
31691 39933 29
39933 25106 19
31917 16581 29
31949 43761 29
31957 1510 29
1510 49288 17
32079 24580 29
32097 35314 29
32269 29659 29
29659 30934 2
32364 9802 29
9802 7705 7
7705 41314 2
7705 32471 22
33086 37568 29
33120 19822 29
33180 26492 29
33243 33631 29
33598 26875 29
26875 9728 15
9728 33654 9
33677 13042 29
13042 34161 16
13042 15121 28
33767 45995 29
34035 36843 29
34135 10964 29
34323 23842 29
34588 47133 29
34594 27072 29
35091 45060 29
35146 21849 29
35235 49365 29
49365 41655 22
35484 22392 29
35580 42688 29
42688 33090 21
35642 45452 29
35700 44934 29
35740 32694 29
35836 44260 29
36012 37575 29
36092 20105 29
36160 6535 29
36181 47030 29
36194 38491 29
36415 44769 29
36499 3339 29
3339 18498 26
36516 4889 29
36740 48359 29
36913 17248 29
36990 48301 29
37294 24995 29
37448 7673 29
7673 13056 9
13056 8564 18
8564 17738 19
17738 49704 3
7673 29412 28
37541 17406 29
17406 40368 19
40368 44864 7
44864 12441 18
12441 14395 5
12441 43490 22
12441 47981 28
40368 26705 28
37580 47215 29
37581 8300 29
37582 4615 29
37721 19480 29
37832 36544 29
36544 4967 20
4967 5001 20
37937 45059 29
37988 16526 29
38108 19042 29
38273 25052 29
38299 22794 29
38319 37333 29
38396 22205 29
22205 10630 2
38515 25710 29
38542 16059 29
38783 15272 29
38848 43854 29
39060 6681 29
39441 14913 29
39479 21138 29
39653 5086 29
5086 21725 8
39959 40089 29
40301 15693 29
15693 26820 8
40901 12010 29
12010 11420 18
40916 31996 29
40927 49847 29
41018 33865 29
33865 21833 6
41046 34074 29
41112 13510 29
13510 29649 16
41267 47970 29
41285 24890 29
41484 16943 29
41518 11895 29
42007 23669 29
42407 33892 29
42548 40892 29
42760 36597 29
42857 18365 29
18365 39721 9
42945 14905 29
42960 17925 29
43005 9408 29
43075 46407 29
46407 45593 23
45593 13269 20
43127 11833 29
43174 21551 29
43352 31889 29
31889 22853 10
43365 38242 29
43369 9026 29
9026 44777 17
43439 3756 29
3756 19945 5
19945 26023 17
43443 26455 29
43572 39856 29
43670 49331 29
44246 24809 29
44365 43285 29
44941 49029 29
49029 40411 16
45036 41629 29
45046 12912 29
45345 28936 29
28936 44062 25
45736 19323 29
45852 8164 29
8164 5452 14
46076 40728 29
46529 11232 29
46543 9115 29
46622 32304 29
46643 34149 29
46976 11064 29
47270 46638 29
47505 49801 29
49801 22509 19
47521 2154 29
47682 7966 29
7966 23963 6
48141 35606 29
48793 12124 29
48845 3000 29
48925 31791 29
49039 24414 29
24414 14211 22
49673 1491 29
49788 7254 29
49833 36806 29
49954 34430 29
4 9678 30
119 38576 30
38576 5250 2
161 45905 30
190 34955 30
197 32352 30
32352 6178 29
459 5889 30
580 35423 30
654 33634 30
685 43601 30
43601 23392 4
23392 49695 19
756 9163 30
799 1593 30
941 46164 30
1000 40260 30
40260 31636 5
1082 45304 30
1235 3204 30
3204 24820 28
1255 4065 30
4065 29747 25
1510 199 30
1585 19627 30
19627 46021 16
19627 43588 27
1654 42694 30
1683 36301 30
1817 39988 30
1850 21254 30
1941 27220 30
27220 41869 10
27220 32070 22
2064 49903 30
2155 44863 30
2161 12254 30
12254 39981 22
2308 35768 30
2337 25729 30
2386 8100 30
2529 2670 30
2670 27738 22
27738 48839 12
2546 15348 30
2638 47492 30
47492 37501 28
2643 36111 30
36111 14335 15
2662 44442 30
2717 25620 30
25620 44267 29
44267 40044 14
40044 33101 18
33101 35703 3
44267 13568 23
2774 18539 30
18539 30327 21
2934 12550 30
2954 13240 30
13240 15547 22
15547 29735 22
29735 21085 23
2997 14763 30
3152 36716 30
3317 7527 30
7527 16313 28
3339 11239 30
3452 35439 30
3539 29324 30
3611 24727 30
3689 25229 30
3729 363 30
3785 16072 30
16072 45710 5
3806 3760 30
3829 6202 30
3844 2255 30
2255 8644 8
3873 47022 30
47022 8309 7
3918 14971 30
4208 2479 30
2479 8477 29
2479 41334 29
8477 46654 29
4279 42627 30
4284 36876 30
4309 49360 30
49360 34205 12
34205 2771 9
4469 14371 30
14371 5850 14
5850 4274 23
4484 1855 30
4540 22638 30
22638 28714 21
4571 4327 30
4634 23925 30
4782 8602 30
4953 24189 30
5120 47315 30
5191 16135 30
5234 30444 30
30444 11985 24
5355 14567 30
5386 14881 30
5480 16023 30
5501 12879 30
5510 29546 30
5604 2303 30
5896 49243 30
5958 18949 30
6110 20956 30
6286 14127 30
14127 35893 11
6316 36264 30
6331 19402 30
19402 47483 7
47483 4352 1
6344 25438 30
6351 43106 30
6430 17361 30
6592 34457 30
34457 26930 16
6602 14295 30
6622 2927 30
6663 22672 30
6935 49821 30
49821 47626 5
7156 49846 30
49846 498 15
498 38499 21
7200 48537 30
7300 21503 30
7633 11122 30
7643 36298 30
7649 8620 30
8620 43160 28
7695 27582 30
27582 21582 4
7878 48320 30
7942 23069 30
7998 3236 30
3236 4325 7
8002 45567 30
8162 25550 30
25550 22486 10
8280 34702 30
8538 43018 30
8561 14353 30
8824 35424 30
35424 14130 8
9135 3290 30
9139 29355 30
9640 13482 30
13482 48566 6
13482 12931 20
12931 8940 1
9845 19503 30
9984 8878 30
10082 7952 30
10168 37516 30
10272 35731 30
10475 29123 30
10505 35142 30
10529 8098 30
10724 31090 30
10777 29536 30
10832 41628 30
10852 6398 30
6398 46167 1
46167 5372 16
46167 47951 27
5372 42783 28
10883 49507 30
10930 35232 30
10973 8631 30
8631 29553 2
29553 41140 28
10998 15769 30
11163 19748 30
11279 38003 30
11446 36858 30
11451 23423 30
23423 40730 21
40730 33046 20
11465 24291 30
11597 16412 30
11645 24264 30
24264 41265 9
24264 26009 27
11755 30584 30
11779 33573 30
11794 19335 30
11859 45524 30
11922 14860 30
12056 24203 30
24203 25693 6
12072 16632 30
12219 42841 30
12310 14631 30
12312 39647 30
39647 47104 1
12501 11570 30
11570 24086 4
12523 14216 30
14216 27890 20
12636 46828 30
12744 5132 30
12843 44188 30
44188 274 25
12993 42247 30
42247 48690 28
13236 28780 30
28780 38281 13
13637 18176 30
13767 12186 30
12186 29438 5
13805 302 30
13829 12832 30
13839 21561 30
13878 18529 30
13896 40429 30
40429 31868 10
13947 31098 30
14063 17183 30
17183 7615 16
7615 25765 6
14153 19892 30
14287 4413 30
14649 44782 30
44782 43059 26
14704 919 30
14735 36755 30
14917 39369 30
14953 14834 30
15186 41272 30
15539 49050 30
15778 31370 30
15809 24138 30
15860 281 30
16063 17707 30
17707 25511 10
16082 46623 30
16140 25396 30
16261 41292 30
41292 46544 1
41292 43334 2
46544 13235 10
16286 16271 30
16271 18471 16
16271 12766 22
16288 28819 30
16310 21693 30
21693 45721 8
16348 37631 30
37631 23765 2
16393 13331 30
16466 1329 30
16508 12934 30
16592 7860 30
16671 32425 30
32425 15714 19
16790 24816 30
24816 28708 13
16943 32696 30
17085 35867 30
35867 32084 26
17087 34690 30
34690 6188 5
17269 34475 30
17320 42174 30
42174 13261 25
17321 27445 30
17410 1456 30
17882 17256 30
17256 15478 13
17256 22181 26
18007 9506 30
18188 27740 30
27740 7134 18
27740 6477 19
18328 20798 30
18385 34395 30
34395 24595 17
18402 6924 30
18533 46695 30
18662 28601 30
18803 3150 30
3150 45962 2
18830 36514 30
18865 32604 30
18920 28962 30
19082 29422 30
19219 13605 30
19219 15153 30
19384 12227 30
12227 49570 14
49570 33015 27
33015 10242 23
19407 22624 30
19437 11733 30
19527 22054 30
19557 47183 30
19919 2829 30
20033 16775 30
16775 44235 1
20423 42367 30
20516 13675 30
20572 42236 30
21023 42257 30
21091 45549 30
21389 22953 30
22953 48134 14
21486 36895 30
21521 36574 30
21537 6448 30
21537 41884 30
21570 46400 30
21580 41353 30
41353 36276 9
21735 38701 30
21834 31136 30
21992 22611 30
22122 25149 30
22301 23435 30
22339 17313 30
22426 30258 30
30258 49946 27
22493 14091 30
22541 42741 30
22696 5562 30
5562 34010 22
22968 29908 30
29908 26764 25
23022 19274 30
23178 37794 30
23199 39793 30
23213 13536 30
23231 41104 30
23247 43254 30
23340 49098 30
23342 35827 30
23366 8709 30
8709 24326 7
23427 23815 30
24051 13374 30
13374 3449 28
24442 48255 30
24582 28951 30
28951 32115 12
24614 21660 30
21660 46647 25
24816 4026 30
24873 22867 30
25100 46889 30
25191 43225 30
25290 2127 30
25621 47771 30
47771 23744 13
25766 31860 30
25890 33395 30
26023 18407 30
26109 17382 30
26171 2828 30
2828 22981 3
2828 4974 11
4974 29967 25
26182 40747 30
26448 9362 30
26539 15299 30
26634 41720 30
41720 44087 7
44087 42490 1
41720 775 14
26884 12697 30
26939 46490 30
46490 43116 1
27104 47470 30
27120 8221 30
27336 12978 30
27689 23980 30
27917 8161 30
27985 42176 30
28077 37694 30
28153 6491 30
6491 27786 17
28213 23116 30
28364 37808 30
28534 27720 30
28620 24632 30
28754 23364 30
28948 43130 30
43130 13323 11
13323 13353 3
13353 30701 10
13323 37345 12
37345 24987 10
24987 37476 6
28949 27820 30
27820 43622 18
28992 14154 30
29001 30781 30
29104 48927 30
29119 34207 30
34207 17132 24
29129 47967 30
29258 17065 30
29694 20518 30
20518 40094 16
29769 18687 30
29803 13096 30
13096 35140 13
29812 15787 30
30023 16220 30
30171 20690 30
30200 44322 30
30211 20816 30
30223 44802 30
30283 2630 30
30302 25984 30
30563 10520 30
30564 9991 30
9991 19817 14
9991 21462 30
30670 44450 30
30723 32740 30
32740 32058 26
30756 12037 30
30841 15831 30
30913 32766 30
30967 35288 30
31075 40635 30
31163 45838 30
45838 44552 25
31262 15518 30
15518 18501 9
15518 45251 12
31305 27996 30
31431 32393 30
31536 12213 30
12213 26907 5
26907 35754 11
26907 20684 17
20684 47551 24
12213 30523 27
30523 9668 26
9668 29673 10
9668 16100 17
30523 18384 30
31666 35000 30
31678 36479 30
31853 27933 30
27933 29238 24
29238 48530 20
31884 31615 30
31998 21037 30
32255 42565 30
32274 10054 30
32425 48968 30
48968 25456 8
48968 47811 13
25456 29253 16
47811 42818 24
25456 47819 25
32584 34801 30
32653 18302 30
18302 12761 14
32761 8500 30
8500 28612 21
28612 4176 12
4176 19495 29
19495 8037 28
33263 46750 30
33336 42575 30
33388 25952 30
33445 45900 30
45900 13286 5
33721 40763 30
33795 43030 30
33974 14299 30
14299 36800 6
36800 37995 7
33976 4090 30
34009 36164 30
36164 31653 5
31653 28615 29
34291 49233 30
34585 32579 30
34670 13342 30
13342 12992 1
34703 34252 30
34711 1225 30
34723 46272 30
46272 49634 4
34768 42476 30
34904 26691 30
26691 10932 3
34909 36603 30
36603 47160 2
34994 15002 30
35034 27772 30
35075 17452 30
35115 42269 30
35202 17896 30
35366 38942 30
38942 47221 14
35461 27681 30
35921 39522 30
39522 6884 27
36143 33597 30
33597 44728 20
36173 43541 30
36204 24176 30
36285 35166 30
36502 29732 30
29732 3020 8
36701 37394 30
37394 40277 18
36949 13653 30
37178 48277 30
37197 13327 30
37276 26072 30
37304 34182 30
37329 9575 30
37492 47099 30
47099 45379 19
47099 16462 20
37615 18566 30
37637 8731 30
37718 32834 30
37836 37561 30
37561 48948 30
48948 36565 10
37886 22327 30
37960 27748 30
27748 27847 24
27748 30078 26
37992 28773 30
37992 38308 30
38116 44176 30
38209 21731 30
38246 16547 30
38551 42410 30
38599 21410 30
38638 20617 30
38643 18199 30
18199 38398 6
38816 16283 30
38958 1551 30
38995 12313 30
39003 22390 30
22390 43169 30
43169 5105 21
39100 47284 30
39252 43635 30
39453 33000 30
39454 28154 30
39584 31295 30
31295 45851 16
45851 7716 28
39769 18157 30
18157 16163 23
39983 22003 30
40102 2715 30
40127 46524 30
40341 41288 30
41288 28384 1
41288 39397 3
28384 11556 21
28384 25699 29
40477 12088 30
40665 18482 30
18482 34376 3
40739 29466 30
40840 35509 30
40858 20445 30
40862 2672 30
41353 18784 30
18784 17590 18
17590 6857 14
6857 29132 4
29132 19284 6
17590 34968 21
41720 47251 30
41745 29400 30
29400 12333 27
12333 10754 1
10754 33712 26
33712 43481 27
41897 31339 30
42007 24941 30
24941 19853 10
24941 43419 18
42584 15161 30
42662 4379 30
42739 23693 30
43001 47430 30
43158 38635 30
38635 9293 14
43382 15028 30
43391 11391 30
11391 17952 15
11391 32398 20
43419 17784 30
43692 22722 30
22722 26267 12
26267 35441 1
22722 38925 27
43802 46396 30
44118 19840 30
44136 28806 30
28806 26368 19
28806 45919 28
44224 23365 30
44311 34482 30
44379 12942 30
44681 14055 30
44781 24229 30
44939 18680 30
45065 48356 30
45079 24081 30
45237 23463 30
23463 2595 3
45370 28087 30
45444 7486 30
7486 21819 24
45589 45349 30
45592 3217 30
3217 34251 7
34251 35491 1
3217 4834 25
4834 9092 25
45927 46708 30
45944 13084 30
45953 29259 30
46068 26952 30
26952 30871 18
46383 33062 30
33062 24433 23
46474 23563 30
46592 41823 30
46704 32598 30
46946 18603 30
18603 24849 18
46961 36934 30
36934 18158 2
18158 32369 2
36934 11052 23
11052 7112 3
11052 24802 9
46975 29798 30
47081 49543 30
47173 19345 30
47275 32848 30
47373 25314 30
47599 40131 30
47910 10455 30
47998 11932 30
11932 159 14
159 23922 28
48119 33410 30
48141 13075 30
48355 15434 30
48401 15522 30
48533 37121 30
48558 19617 30
48620 43920 30
48664 19597 30
48698 27149 30
48718 19859 30
48908 16663 30
49078 5875 30
5875 22456 7
49134 40977 30
49196 22013 30
49206 30988 30
49278 7408 30
49392 18902 30
49402 37010 30
37010 1712 20
49481 41235 30
49594 28071 30
49627 19855 30
49633 25540 30
25540 44197 21
49662 21962 30
267 37863 31
364 215 31
403 43048 31
43048 30431 5
30431 24053 9
422 233 31
479 6278 31
662 33526 31
785 36595 31
823 8282 31
872 26689 31
979 7979 31
7979 25225 27
25225 12826 24
984 19436 31
1103 36987 31
1263 12368 31
1341 39182 31
39182 40120 26
1361 47687 31
1437 46685 31
1532 3275 31
1564 17075 31
1566 32552 31
32552 44415 29
44415 46849 29
1577 30478 31
1731 41877 31
1762 46196 31
46196 4351 7
1823 49621 31
2055 10380 31
2381 6400 31
2398 13967 31
2412 45602 31
2468 901 31
2813 44337 31
3090 9871 31
3189 6104 31
3443 21405 31
3486 30265 31
3510 37643 31
3590 27591 31
3651 30770 31
3654 22266 31
3915 7554 31
7554 11250 1
4069 30877 31
4213 14469 31
4285 19496 31
4337 46470 31
46470 20479 1
4351 3668 31
4360 42232 31
42232 47232 18
47232 40436 14
42232 30783 21
30783 2174 30
4567 2947 31
4568 43463 31
4576 29368 31
4677 5315 31
5315 22932 24
4690 38382 31
4802 36117 31
36117 31458 1
5064 49302 31
49302 37437 2
37437 33771 28
5104 11311 31
5257 42070 31
5269 15609 31
5352 18155 31
18155 27371 25
5495 20461 31
5563 14965 31
14965 19209 11
14965 18522 28
5585 10950 31
5640 12318 31
5781 15737 31
15737 44287 26
5826 28735 31
5961 16353 31
6084 47366 31
6200 17800 31
17800 34503 3
17800 42281 28
6223 18900 31
6497 37846 31
6517 30539 31
6569 41205 31
6684 24372 31
6703 29625 31
6773 33006 31
6792 34433 31
34433 35660 24
6814 11843 31
6887 35632 31
6894 8414 31
6899 27208 31
6910 9295 31
9295 261 26
261 49317 7
7029 19265 31
19265 42471 16
42471 20427 25
20427 10972 15
10972 18397 1
7067 18318 31
7171 41583 31
41583 4025 13
7229 32439 31
7236 16954 31
7256 18867 31
18867 31467 25
7267 30964 31
7298 10000 31
7355 37847 31
37847 31644 20
7369 22936 31
7421 12236 31
12236 24726 22
7431 16399 31
7490 30144 31
7505 7686 31
7512 18335 31
18335 46626 14
7572 6608 31
7656 6682 31
7666 7996 31
7996 29082 11
29082 41675 23
7717 5865 31
5865 12228 31
12228 43335 14
7860 8111 31
7873 22899 31
22899 6868 8
7918 24795 31
24795 9110 16
8241 27825 31
8425 34705 31
8593 27118 31
8629 16642 31
8741 27989 31
8791 19025 31
8835 6821 31
8863 25697 31
25697 39150 12
8963 45325 31
45325 42790 24
42790 39232 30
9016 27330 31
9136 8690 31
9332 36046 31
9433 48519 31
9436 9515 31
9525 49073 31
9719 12266 31
12266 16730 28
16730 44732 18
9907 38818 31
9927 36356 31
9974 31525 31
9979 35159 31
10024 14167 31
10164 27626 31
10341 3981 31
10362 11276 31
11276 37374 7
10375 1617 31
1617 24405 27
10392 31847 31
10506 30450 31
10558 8043 31
10570 6955 31
10731 5537 31
5537 13891 25
10871 16710 31
16710 34426 20
11375 12743 31
11504 39034 31
39034 12130 4
11627 11424 31
11766 7531 31
11780 6510 31
11895 11063 31
12001 21035 31
12168 49681 31
12208 17222 31
12233 40391 31
12241 32735 31
12272 20404 31
20404 41232 26
41232 49935 17
12426 27089 31
12568 14452 31
12720 7521 31
12939 45765 31
13032 10521 31
10521 11849 25
13115 48272 31
13138 41295 31
13159 7096 31
13294 30385 31
13324 16451 31
13360 8995 31
13688 6543 31
13951 44029 31
14039 30895 31
14080 47325 31
14164 30068 31
14179 6124 31
14242 36039 31
36039 39109 17
14578 48048 31
14596 37366 31
14704 28468 31
15126 17198 31
15370 21835 31
15639 49257 31
15707 27106 31
15835 11857 31
11857 33571 2
15841 44648 31
15929 39910 31
15969 41858 31
15972 35835 31
15978 4976 31
15996 19806 31
16015 26322 31
16237 32674 31
16276 17990 31
16443 28732 31
28732 20042 17
16529 19187 31
16541 11013 31
11013 17195 28
16585 7454 31
16764 41109 31
16790 14858 31
16795 25083 31
16829 3164 31
16898 47620 31
17118 10285 31
17181 47084 31
17227 39481 31
17364 14899 31
17416 36484 31
36484 31015 13
17540 16815 31
16815 30700 3
17738 49142 31
17746 19652 31
17912 12581 31
18020 18393 31
18393 13378 18
18393 49741 20
18026 45136 31
45136 29364 2
18444 39205 31
18527 36306 31
36306 34064 12
18810 47457 31
18936 17381 31
17381 36546 15
18980 45673 31
45673 17729 7
17729 20555 7
17729 20495 23
19014 24910 31
24910 9448 9
24910 27639 27
27639 11154 16
19116 21924 31
19142 23128 31
19168 8191 31
19628 25980 31
19973 20845 31
20255 15170 31
20267 11643 31
11643 44936 27
20287 39379 31
20495 49113 31
20572 16161 31
20665 25921 31
20766 32635 31
32635 7616 26
20782 20411 31
20833 31468 31
20929 39068 31
21005 31288 31
21037 800 31
800 1668 13
21070 1479 31
1479 35216 26
21192 37719 31
21259 10732 31
10732 37138 1
37138 28419 1
21321 41803 31
21546 25407 31
21814 8990 31
8990 38237 17
22384 15631 31
22594 4519 31
22702 6145 31
22704 15675 31
22955 39985 31
39985 46379 12
23135 45697 31
24000 6713 31
24356 8842 31
24375 23498 31
23498 48393 18
48393 34095 27
24536 28648 31
28648 39259 16
28648 38264 30
24922 48476 31
24945 23802 31
25408 12851 31
25605 7394 31
7394 7749 28
25629 33967 31
25854 10511 31
10511 17783 18
25866 21550 31
25902 9298 31
26018 13068 31
26143 44693 31
26169 39294 31
26453 44743 31
44743 25953 15
25953 31686 15
31686 1720 19
1720 27717 7
44743 3856 25
3856 49247 10
25953 3002 28
3002 21246 28
26511 47116 31
47116 13027 15
26522 14014 31
26605 17202 31
17202 13602 9
26682 36663 31
26873 23768 31
27020 18910 31
27126 12196 31
27270 30607 31
30607 6890 27
6890 11206 13
6890 29421 26
27309 31892 31
31892 26514 6
27336 31680 31
31680 42740 30
27360 20032 31
27444 35943 31
35943 40465 24
27481 12163 31
12163 45734 16
27898 41857 31
28141 5590 31
28330 35808 31
28515 34822 31
34822 34445 12
28566 38639 31
28569 30950 31
30950 24893 14
28713 37787 31
28910 10186 31
29127 29697 31
29130 39492 31
29201 10139 31
29215 33993 31
29456 45322 31
45322 46502 27
29545 39247 31
39247 38430 30
29766 7364 31
30030 7627 31
30178 31922 31
31922 46211 26
30308 15427 31
30310 39346 31
30326 40440 31
30420 13543 31
30445 26304 31
30491 49887 31
30514 34212 31
30649 34897 31
34897 21716 30
30782 19368 31
30783 33107 31
31478 6650 31
31694 30970 31
31906 6956 31
31947 46940 31
32071 34052 31
32114 31982 31
32453 2887 31
2887 9732 18
32601 40816 31
32891 49866 31
32921 8136 31
33000 38700 31
33006 30899 31
30899 33760 1
33032 8076 31
33269 24688 31
33285 46491 31
33298 43264 31
33439 35659 31
33444 32688 31
33468 2819 31
33673 31754 31
33984 31473 31
33989 29662 31
33993 11919 31
34040 41392 31
34056 4088 31
34223 43659 31
34455 31243 31
34591 32208 31
34759 38544 31
35132 38434 31
35373 42138 31
35408 45986 31
35502 15397 31
35574 49520 31
49520 14737 7
49520 35603 8
14737 30766 25
30766 39732 4
35768 41465 31
35827 16258 31
35929 27982 31
35933 40837 31
36152 4416 31
4416 30908 22
36641 29862 31
36825 20448 31
36864 43774 31
43774 8888 4
37041 45249 31
37195 25275 31
25275 10463 23
37200 39021 31
37208 44812 31
44812 38202 21
37215 46982 31
37223 9549 31
37315 48348 31
37494 43308 31
37622 39311 31
38008 6371 31
38031 2196 31
2196 30466 26
38150 48346 31
38297 2384 31
38749 9699 31
39171 20076 31
20076 24512 8
24512 47097 12
47097 25466 22
20076 40339 25
39193 30576 31
39309 41847 31
39679 38837 31
38837 25690 4
25690 41041 13
38837 2713 27
39748 21157 31
39757 34604 31
39927 38587 31
39984 38074 31
38074 10910 10
40121 24793 31
40275 21049 31
21049 18728 15
18728 37273 20
37273 46879 18
40581 42612 31
40995 45366 31
45366 14785 1
41211 42181 31
41218 32324 31
32324 32321 10
32324 17003 17
41292 26656 31
41584 25609 31
41677 47634 31
41752 15305 31
41894 47680 31
41898 33155 31
42011 23008 31
42279 36918 31
42351 38529 31
42734 42065 31
43038 20003 31
43225 47436 31
43582 10740 31
10740 28616 21
43644 19321 31
43685 43051 31
43897 17143 31
17143 38802 1
38802 26577 13
43941 18217 31
18217 21613 10
18217 20718 24
20718 20667 9
20667 37909 26
44017 44416 31
44119 7508 31
44133 11837 31
44150 35326 31
44304 25346 31
44432 27294 31
44451 26123 31
26123 38142 3
44715 38691 31
44770 45704 31
45173 41141 31
45205 5761 31
45223 29095 31
45249 34236 31
45468 19626 31
45943 8089 31
8089 25227 9
25227 25082 20
45966 25338 31
46184 41032 31
46193 36757 31
46446 48286 31
46502 1111 31
1111 34138 15
34138 25137 16
1111 34044 29
46870 42267 31
47008 38777 31
38777 19747 22
19747 21263 6
47175 25266 31
47273 33054 31
47278 41011 31
47677 46077 31
46077 49060 13
47988 20151 31
20151 48051 4
48186 19059 31
48221 18430 31
48269 17374 31
48330 8586 31
48414 30186 31
30186 47542 19
47542 25078 16
48674 36151 31
48729 38607 31
38607 41813 3
48745 10127 31
48765 260 31
260 34835 11
260 18897 30
18897 9484 15
48855 5212 31
5212 28451 12
5212 40249 15
49124 17826 31
49135 14722 31
49153 34603 31
49568 43400 31
49663 48470 31
49778 47438 31
49874 39917 31
39917 21442 12
201 3001 32
348 31228 32
364 8222 32
434 27438 32
546 8190 32
676 43492 32
699 16349 32
16349 41904 5
699 47192 32
718 30583 32
721 16499 32
16499 18412 19
18412 7136 12
7136 7293 7
750 38571 32
920 43487 32
966 17725 32
1036 3686 32
1090 2812 32
1191 15736 32
1371 36338 32
1534 41488 32
41488 39373 15
1650 6473 32
1659 2666 32
1775 21844 32
1785 21805 32
2119 29508 32
2122 40750 32
2167 33431 32
2172 13968 32
2202 2693 32
2693 24426 2
2213 2568 32
2262 28794 32
28794 42871 28
2401 33854 32
2506 32103 32
32103 18625 29
2557 39787 32
2632 31387 32
3067 21779 32
3091 25478 32
25478 40035 19
3242 30471 32
3343 9235 32
3354 2488 32
3491 18250 32
3541 45360 32
3631 49688 32
3710 24848 32
3710 37002 32
37002 45607 12
3842 15076 32
15076 28960 8
3845 22127 32
4190 7991 32
7991 48399 10
4473 3764 32
3764 36400 11
4540 38882 32
38882 29725 1
4576 11001 32
4600 48176 32
4638 33788 32
4677 7045 32
7045 1840 18
4781 47844 32
4799 47301 32
47301 9818 1
47301 26231 5
26231 33195 21
33195 48443 5
4951 32999 32
32999 34110 11
5172 3063 32
3063 2278 30
5237 22111 32
22111 17836 8
17836 40792 16
5261 28726 32
5288 34896 32
5378 24381 32
5516 25991 32
5677 41852 32
5691 42152 32
42152 32238 20
5735 8271 32
5857 14215 32
5859 29564 32
29564 22053 6
5953 26116 32
26116 46253 27
46253 13585 11
6002 24649 32
6366 48358 32
6499 28113 32
28113 40782 14
6538 19449 32
6638 33600 32
33600 29021 12
6706 37168 32
6724 10801 32
10801 37688 15
10801 20755 24
6750 36553 32
6795 19585 32
19585 6757 2
6807 34129 32
6813 38462 32
38462 37921 2
6927 9675 32
7029 10331 32
7066 32783 32
7217 10364 32
7333 35727 32
7385 23486 32
7441 5023 32
7644 34934 32
7714 26700 32
7818 32416 32
8032 9624 32
8511 28416 32
8528 37999 32
8593 48402 32
8656 37099 32
37099 46786 3
8772 32270 32
9000 25588 32
25588 43040 6
9039 10406 32
10406 38378 5
9176 8875 32
9206 24258 32
9233 45568 32
9403 5327 32
9509 13050 32
9537 726 32
9567 47661 32
9617 533 32
533 27353 30
9623 26005 32
9757 14192 32
9903 11475 32
10021 1233 32
1233 29152 23
29152 47781 20
10048 12392 32
10051 1828 32
1828 43776 2
43776 5291 5
43776 12907 23
10118 22028 32
10144 5087 32
10223 17419 32
10283 7259 32
7259 30225 4
30225 34917 23
10836 7418 32
10861 16788 32
10891 25103 32
11078 13218 32
13218 26456 2
11498 32035 32
11537 45279 32
11673 12229 32
11695 49966 32
11921 21817 32
12332 28699 32
12682 19370 32
12685 43311 32
13101 29542 32
29542 3175 5
29542 28712 11
13112 29517 32
13241 28156 32
28156 35381 28
35381 23401 16
13260 17414 32
13279 5709 32
5709 45871 10
13386 35584 32
13514 1965 32
1965 18814 3
13819 18769 32
13916 21399 32
13938 10767 32
14292 22218 32
14329 2905 32
14552 40374 32
14807 8664 32
8664 29347 29
14945 42614 32
14948 3218 32
3218 30656 21
3218 7027 23
7027 13104 21
30656 20201 31
15045 10319 32
10319 1182 8
15128 42724 32
42724 20838 28
20838 16963 6
15231 30702 32
15271 36670 32
15376 12497 32
15817 46153 32
16074 39956 32
16173 49640 32
16628 46707 32
16748 28892 32
17140 35032 32
17243 28839 32
17748 16066 32
16066 7542 20
17786 26954 32
17904 28662 32
17930 47039 32
18140 29971 32
18444 49811 32
18716 7117 32
18718 49359 32
49359 8788 24
18828 30851 32
18901 35728 32
35728 42171 6
19042 47889 32
19103 22587 32
19118 9452 32
19510 39814 32
19598 47708 32
19657 27749 32
19917 22162 32
22162 10735 3
20180 44445 32
20347 19083 32
20562 25154 32
20575 48310 32
48310 41733 5
20664 27503 32
20827 6697 32
21003 24474 32
21217 11799 32
21755 23810 32
21945 19716 32
19716 40057 19
22396 49604 32
22451 28638 32
28638 21560 15
21560 13606 20
22885 35358 32
23151 22837 32
22837 31737 23
31737 48803 20
23324 14990 32
23604 30931 32
30931 23534 27
23534 8101 29
23705 22295 32
22295 37705 12
37705 22349 31
23871 31690 32
23898 21332 32
24431 30262 32
24455 48535 32
24513 28097 32
24573 19442 32
24598 34169 32
25078 49305 32
25341 17653 32
25649 22399 32
25720 35736 32
25721 11467 32
25883 18351 32
26142 33675 32
26255 35338 32
35338 28053 30
26277 44651 32
26308 29537 32
26316 12029 32
12029 6515 25
26524 33705 32
26674 41404 32
26687 25782 32
26797 46649 32
27366 43445 32
27384 2063 32
27728 35990 32
27881 45376 32
27893 30971 32
27954 1205 32
28027 10489 32
28114 33281 32
28175 28561 32
28194 22360 32
28292 43909 32
28438 15989 32
29148 18398 32
18398 43070 7
43070 35621 7
18398 4682 12
4682 27457 2
29225 38610 32
38610 8040 5
29376 35240 32
35240 23825 9
23825 8368 16
29538 32806 32
32806 41957 7
41957 19049 3
41957 41437 9
29709 22993 32
22993 10557 7
10557 31981 13
29808 25668 32
30014 33547 32
30020 45343 32
30089 48524 32
48524 18794 20
30091 7047 32
30097 15915 32
15915 44274 18
44274 40801 24
30132 14728 32
30348 11630 32
30426 20924 32
30588 12617 32
12617 42826 13
12617 38893 30
30881 28246 32
31493 32279 32
32279 41757 28
31615 33143 32
33143 26614 3
31925 3425 32
31979 24411 32
24411 32111 23
32094 35458 32
32124 7890 32
32152 33761 32
32266 25435 32
32713 31372 32
32951 44400 32
44400 49222 14
49222 20217 30
33046 28430 32
33080 11705 32
11705 48939 29
48939 15431 9
33196 35950 32
33355 42395 32
33434 9729 32
33449 4591 32
33547 14677 32
14677 48956 14
33553 25344 32
33618 47535 32
33835 21326 32
33887 16646 32
33934 21108 32
34067 8429 32
34574 20951 32
34791 41379 32
41379 20062 30
34805 37827 32
34812 20762 32
34899 30029 32
35115 14572 32
35240 38463 32
38463 46778 3
46778 32758 22
35252 44111 32
35278 36627 32
36627 34513 13
35475 11214 32
35609 2649 32
35698 19869 32
35700 27069 32
35739 48907 32
36191 25006 32
36225 43768 32
36337 8206 32
8206 29242 20
36459 23687 32
36463 16360 32
16360 27915 19
27915 7393 24
7393 44419 1
36471 48379 32
36491 43850 32
36772 5855 32
36984 27301 32
37001 39059 32
37105 47051 32
47051 8340 21
37106 23861 32
23861 5119 16
37156 4650 32
4650 23679 3
4650 28738 22
37182 33922 32
37310 42228 32
37338 24252 32
37437 2894 32
37690 41666 32
37751 43073 32
43073 14709 8
37761 48154 32
38442 40668 32
38545 27026 32
27026 49523 23
38572 17520 32
38686 46007 32
38788 258 32
39241 42797 32
42797 44563 27
39406 46902 32
46902 11801 27
11801 44631 29
39419 31307 32
31307 25570 15
39427 21047 32
40137 36685 32
40377 43261 32
40783 48858 32
40954 46837 32
41001 19119 32
41020 30675 32
30675 45999 3
41134 8550 32
8550 13293 18
13293 23219 20
41274 7065 32
7065 24575 7
41429 39961 32
41538 36347 32
36347 37770 31
41592 15862 32
15862 26518 29
41725 27426 32
41809 26655 32
42050 15277 32
42711 37983 32
37983 49310 26
49310 26051 12
42936 15706 32
43391 41696 32
43461 16196 32
43965 40247 32
44196 26040 32
44500 14621 32
44777 10851 32
44817 35076 32
35076 14825 17
14825 30015 9
44915 31938 32
44978 34439 32
45167 20309 32
45186 12663 32
45485 21907 32
21907 43825 15
43825 38511 19
45622 36673 32
36673 25522 10
25522 38642 2
45729 40445 32
45761 21322 32
45847 16873 32
46018 45006 32
46036 40679 32
46164 38817 32
46776 15130 32
46884 45794 32
47287 16936 32
47478 38790 32
38790 2897 22
47651 20160 32
48165 19029 32
48179 13983 32
48287 44130 32
48292 27757 32
48491 39219 32
48531 4955 32
4955 4311 8
4311 21536 8
4311 46221 24
4955 16080 30
48624 32075 32
48827 20188 32
48992 11882 32
49306 27620 32
49391 14442 32
49463 19246 32
49500 38964 32
38964 6265 12
49931 29684 32
49981 8082 32
52 42423 33
42423 35065 17
256 32629 33
407 19907 33
414 3533 33
427 18232 33
472 28167 33
28167 49303 6
485 34699 33
548 20012 33
679 4475 33
683 19172 33
707 14530 33
14530 47416 18
872 22080 33
964 1088 33
1066 3438 33
1155 13608 33
1164 18546 33
1345 34939 33
1407 9214 33
9214 40524 5
1467 40399 33
40399 7051 16
1486 23400 33
1541 4584 33
1558 41090 33
41090 2038 26
1690 46682 33
1738 26733 33
1801 3025 33
3025 8031 19
1876 27944 33
2134 40744 33
2433 46166 33
2458 11666 33
2629 36930 33
2709 17527 33
2792 12748 33
2936 33640 33
3173 11291 33
3420 6100 33
3582 21846 33
3645 27302 33
27302 27695 28
3814 23787 33
23787 3725 6
3931 25925 33
4271 21094 33
4356 42984 33
4653 20338 33
20338 47178 30
4810 35337 33
5001 32264 33
32264 40853 19
5259 29708 33
5379 30424 33
5386 27271 33
5418 37291 33
5523 19230 33
5596 6377 33
5753 48168 33
5774 26048 33
5864 20467 33
5924 45095 33
5996 20910 33
20910 38934 13
6053 48926 33
48926 48339 2
48339 25193 11
6434 16820 33
6467 43959 33
6596 22668 33
6682 4940 33
6878 19138 33
19138 17926 5
19138 30353 6
6884 46188 33
6906 6763 33
7127 44980 33
7603 30316 33
7639 44680 33
7731 29628 33
29628 41736 21
7736 9479 33
9479 18961 28
7876 22561 33
8123 23844 33
23844 9677 18
8265 22050 33
8302 10827 33
8408 10854 33
8617 15342 33
8674 34014 33
34014 29609 25
9010 45200 33
9094 40407 33
9239 535 33
9263 3418 33
9406 9462 33
9462 9931 31
9931 12538 30
12538 15777 10
12538 10994 32
10994 32295 7
9428 18094 33
9536 14136 33
10224 22725 33
10386 1284 33
1284 2205 8
10497 21016 33
10612 17723 33
10919 9056 33
10995 14152 33
14152 43804 27
43804 49904 21
11093 40113 33
11229 28380 33
11392 6357 33
11463 11702 33
11702 43488 27
11561 38196 33
38196 28721 16
11654 35925 33
11664 35926 33
11884 45266 33
11984 43887 33
12151 19786 33
12181 8057 33
12447 44616 33
12510 22107 33
12831 27402 33
13030 18795 33
13567 31263 33
13648 37810 33
37810 8813 32
13847 46469 33
13850 34552 33
13852 27867 33
13855 46792 33
13895 44591 33
44591 45258 7
13924 38067 33
13955 6980 33
6980 2687 2
14101 38041 33
14131 12910 33
12910 16560 7
12910 7517 30
7517 42517 17
14324 33334 33
14394 16037 33
14444 35854 33
14452 22983 33
14476 22866 33
14510 34256 33
14847 47704 33
47704 20682 11
15015 30202 33
30202 45703 3
45703 48449 5
15145 45505 33
15219 49427 33
15433 30589 33
30589 35668 8
30589 8926 27
30589 11861 30
11861 38981 33
38981 14573 20
15777 13591 33
13591 48166 8
15797 39795 33
15928 37816 33
16037 48243 33
16256 11763 33
11763 37567 6
11763 43196 29
43196 45636 14
16424 35352 33
16429 40803 33
16526 37944 33
16710 24110 33
17075 42913 33
17316 13036 33
17695 44284 33
17718 25300 33
17838 22721 33
17909 22960 33
22960 49057 15
18094 25240 33
18273 16978 33
18390 19964 33
19964 21396 23
19964 32568 26
32568 45679 22
18405 49321 33
18540 27594 33
19034 45002 33
45002 5359 22
19075 40291 33
19159 45430 33
19279 16259 33
19394 49893 33
19410 23684 33
19436 33833 33
19515 21012 33
21012 43634 6
19686 4260 33
19706 46679 33
46679 46202 12
46202 25646 7
20085 40533 33
40533 15120 32
15120 28362 8
15120 18765 22
20141 25366 33
20693 40718 33
40718 32180 12
20740 42804 33
21067 47927 33
21298 11821 33
21350 39069 33
21504 48976 33
21695 39339 33
21746 22006 33
21871 32252 33
22143 11885 33
22580 35093 33
22583 41234 33
22707 49970 33
22760 22795 33
22892 38510 33
38510 9123 3
23050 17556 33
23272 47814 33
23287 40574 33
23532 4240 33
4240 26289 23
23639 37569 33
37569 24542 2
24542 29194 28
23942 9954 33
23974 30803 33
24229 15488 33
24291 46891 33
24605 35104 33
24902 40921 33
25082 43578 33
25425 25194 33
25558 28865 33
25560 23299 33
25576 45240 33
45240 31553 31
25724 11777 33
25853 48830 33
48830 44811 3
25921 7765 33
7765 18684 17
25942 23157 33
25977 27767 33
25984 23633 33
26119 46087 33
46087 43957 8
46087 45870 11
26219 9756 33
9756 141 21
26231 3812 33
26851 37463 33
37463 49593 13
27105 36235 33
27118 13527 33
27241 20631 33
27421 24914 33
27655 22081 33
22081 18294 14
22081 14010 25
27913 47516 33
28041 37324 33
28119 22969 33
28181 46246 33
28231 35068 33
28484 29562 33
28634 30748 33
28754 12729 33
28906 35485 33
35485 44706 27
28911 35656 33
28914 47360 33
28973 30045 33
28987 3096 33
28995 39146 33
29492 49536 33
29593 7817 33
29916 25095 33
30234 9205 33
30336 42413 33
30468 16524 33
30780 46251 33
30818 24018 33
30908 18056 33
31068 33749 33
31117 44004 33
31237 38329 33
31335 5173 33
31612 39137 33
31733 18480 33
31763 43398 33
32045 30055 33
32056 35026 33
32079 20865 33
32169 15882 33
32325 25705 33
32373 47354 33
32411 19202 33
33112 20877 33
33330 39947 33
33510 32886 33
33755 49956 33
33798 40860 33
33872 44684 33
34381 15487 33
34537 28799 33
34582 31537 33
31537 16688 4
31537 31550 17
16688 35980 19
34619 38170 33
34737 44584 33
34938 39412 33
35194 47906 33
35545 26602 33
35549 15494 33
36452 44376 33
36670 16652 33
36813 46420 33
36916 38698 33
37135 48403 33
37371 22854 33
37712 1748 33
37946 36498 33
36498 46386 21
38055 8267 33
38197 38730 33
38493 33291 33
38761 45118 33
39073 31107 33
39535 8016 33
8016 30423 8
39794 18343 33
39835 31731 33
39911 25333 33
25333 26327 2
40103 37456 33
37456 14660 22
40129 42298 33
40665 49573 33
40963 49895 33
41040 30479 33
41132 43526 33
41212 25779 33
41272 27645 33
41417 28801 33
41477 49999 33
41572 19223 33
19223 27391 14
27391 49147 14
27391 25742 24
41584 11834 33
41739 28370 33
28370 11964 1
41847 23188 33
41865 31798 33
41868 41184 33
41184 43505 33
41999 30134 33
42142 39169 33
39169 28439 29
42256 11563 33
42285 28834 33
28834 30099 21
42511 11914 33
42560 16087 33
42677 10372 33
42925 42939 33
43083 40827 33
43566 29935 33
43784 20216 33
43798 41244 33
41244 36103 11
41244 39235 17
43865 28897 33
28897 35138 13
44183 45621 33
45621 39285 23
44285 14190 33
44617 40215 33
44729 27713 33
27713 42262 26
44945 47783 33
47783 19813 26
45189 7303 33
45202 1481 33
45219 30522 33
45249 28904 33
45425 31041 33
45671 30745 33
45914 22882 33
46036 28848 33
46048 12079 33
46103 24484 33
46164 19826 33
19826 27709 24
27709 8613 31
8613 41290 19
46206 2135 33
2135 3616 23
46388 31944 33
46414 28974 33
46562 35438 33
46912 44556 33
46961 39729 33
47096 39960 33
39960 42541 8
47160 34414 33
47433 38231 33
38231 42699 5
47868 17970 33
48036 40868 33
48116 12188 33
12188 37148 15
48227 35964 33
48249 49205 33
49205 44929 9
44929 30575 25
48532 41231 33
48556 16726 33
48757 36424 33
36424 39287 23
48950 3683 33
3683 7099 32
49580 15328 33
49631 20183 33
20183 27580 2
49665 33965 33
49745 36426 33
49756 28878 33
28878 12117 31
75 9864 34
101 49685 34
228 2645 34
260 39096 34
39096 41664 13
39096 18843 31
310 15677 34
564 45395 34
45395 18816 21
18816 11912 20
45395 14584 22
583 49140 34
603 4303 34
4303 7715 6
699 6022 34
813 48723 34
917 43730 34
1131 49023 34
1297 8868 34
1475 2175 34
1989 15917 34
15917 24227 21
2190 31396 34
31396 36144 25
2214 17465 34
2238 3698 34
2354 30185 34
2426 47972 34
2540 41646 34
41646 2611 21
41646 35083 26
2656 36782 34
2758 20949 34
20949 22092 33
2763 17460 34
2782 32440 34
3193 25402 34
3399 368 34
3502 29622 34
3550 15883 34
3680 34087 34
3809 6429 34
3962 32455 34
4075 32863 34
4144 5362 34
4150 40846 34
4169 3368 34
4186 4510 34
4261 8356 34
4296 43392 34
4425 40538 34
40538 41100 6
4495 43368 34
4652 41003 34
4948 28930 34
5026 39127 34
5226 13643 34
5371 32228 34
5683 6670 34
5715 35756 34
5757 11994 34
11994 37978 27
6185 32770 34
6538 43729 34
43729 11190 9
11190 26761 10
7048 43452 34
7206 25490 34
7275 32435 34
7404 40500 34
7469 28059 34
7548 9203 34
7612 8000 34
8278 17010 34
8309 33060 34
8360 39455 34
8412 38137 34
38137 17294 11
8468 14208 34
14208 15846 3
8563 20996 34
8574 29693 34
29693 25992 23
8702 44614 34
8746 13343 34
8751 21832 34
21832 11631 24
8818 36958 34
8908 28593 34
8985 5845 34
9014 10668 34
9138 4129 34
9182 47103 34
9663 21837 34
21837 48638 15
9690 43307 34
43307 48572 20
9887 21769 34
9919 34734 34
10111 46281 34
10529 47322 34
47322 29591 30
10582 35236 34
35236 44570 13
44570 30252 4
10651 18313 34
11255 12742 34
11486 24136 34
24136 19413 28
11673 11618 34
11712 35364 34
11790 49024 34
12376 45530 34
45530 29497 6
12855 22630 34
12927 41349 34
41349 22213 5
12973 34826 34
12996 48896 34
13027 24526 34
24526 5381 2
24526 45733 13
5381 21289 32
13062 33784 34
13157 7185 34
13233 23702 34
13240 6320 34
13244 37962 34
13620 27113 34
13628 33884 34
13631 40552 34
13632 26850 34
13653 41304 34
41304 30472 15
13887 46146 34
46146 31299 12
14043 19571 34
14107 41161 34
14140 6370 34
14421 17475 34
17475 907 7
14446 4462 34
14555 7086 34
14725 18577 34
15358 33047 34
33047 47974 22
15421 28979 34
15442 47445 34
47445 17265 14
15705 9943 34
9943 13882 4
15895 25179 34
16122 17134 34
16216 38112 34
16464 27079 34
16775 35234 34
16784 29901 34
17076 25617 34
17156 37101 34
37101 10905 8
10905 20861 2
17648 25186 34
18276 19294 34
18428 11004 34
18612 16495 34
18674 7689 34
18809 29307 34
18881 44271 34
18937 48422 34
19030 40714 34
19105 38147 34
19160 20040 34
19283 32096 34
19486 48930 34
19582 29171 34
19868 37841 34
20155 2513 34
20342 48479 34
20400 3243 34
20855 27565 34
27565 4982 14
4982 11282 8
20904 41912 34
21192 10784 34
21306 47186 34
21312 30180 34
21548 38274 34
21877 4051 34
21879 24234 34
22297 19305 34
22333 44319 34
22346 10595 34
22484 33253 34
22679 30923 34
22716 10218 34
10218 20938 2
20938 37519 5
22728 45409 34
22812 47201 34
47201 18947 8
22823 39217 34
22911 48563 34
23215 46925 34
23298 23525 34
23381 15072 34
23420 18857 34
23456 2441 34
23535 16754 34
23584 33345 34
23646 31637 34
23845 33233 34
24126 31688 34
24629 39677 34
24723 10909 34
24800 7356 34
7356 42819 21
25057 31631 34
25296 32331 34
25547 47892 34
25591 33672 34
26025 24072 34
26101 21931 34
26161 9028 34
26363 41370 34
26411 43766 34
26648 37842 34
26840 33704 34
26930 25158 34
27395 19499 34
27472 12417 34
12417 28457 13
28009 43732 34
28117 35149 34
28188 11084 34
28296 7725 34
28558 40650 34
28638 27583 34
28737 48446 34
48446 6324 25
6324 46231 3
28965 32576 34
29653 18146 34
18146 39779 26
39779 26673 28
29696 27858 34
27858 26311 31
29855 5763 34
29911 20307 34
20307 20284 7
29984 34765 34
30066 31313 34
30155 39976 34
39976 42745 18
30322 33483 34
30339 9556 34
9556 37072 1
9556 35403 8
30344 27742 34
27742 28984 17
30440 28610 34
30518 28315 34
28315 33446 9
28315 24844 33
30584 42031 34
30710 27046 34
27046 49084 12
30846 35320 34
30887 25592 34
31098 45426 34
31422 21818 34
31513 7184 34
7184 24106 3
31600 29007 34
31893 31822 34
31961 33494 34
32413 14424 34
32464 30276 34
32469 8606 34
32518 37736 34
32752 29452 34
32898 10849 34
10849 2221 30
32964 33435 34
33112 40182 34
33211 41920 34
33499 22757 34
33503 40685 34
33647 42631 34
42631 33070 25
33671 25731 34
25731 45301 27
33689 22577 34
22577 42327 34
42327 27545 10
33844 48429 34
34243 39437 34
34450 1874 34
1874 3732 24
34604 10596 34
34619 37453 34
34620 14137 34
34655 45918 34
34881 47830 34
34882 43024 34
34958 14838 34
35055 32772 34
35086 41007 34
35095 31343 34
35154 38159 34
35179 6578 34
35268 33737 34
36009 5430 34
5430 1798 1
36197 45042 34
45042 33804 24
33804 38100 14
33804 44741 18
36280 14732 34
36343 19399 34
19399 9959 18
19399 46204 28
36572 45086 34
36652 38459 34
36668 38694 34
38694 16574 21
36946 29818 34
37034 32600 34
32600 7422 6
37659 37045 34
38178 26245 34
26245 47887 8
38242 40063 34
38806 8289 34
39061 22556 34
39071 28110 34
39259 33244 34
39474 43791 34
39647 1719 34
40314 48431 34
48431 3049 3
40648 27367 34
41216 9682 34
41401 38018 34
41470 17606 34
41514 24549 34
41541 8060 34
8060 817 15
41654 20716 34
20716 34785 17
34785 43519 25
41827 49028 34
42018 39783 34
42044 17472 34
42112 41286 34
42267 40318 34
42630 18286 34
42660 30506 34
42731 33982 34
43182 17577 34
43409 40719 34
43489 7939 34
7939 523 33
523 20029 24
43598 12850 34
44132 29920 34
29920 26564 23
44164 12872 34
44490 39832 34
39832 29285 33
44730 35023 34
44791 37945 34
37945 14334 22
14334 40338 31
40338 19424 9
44982 20228 34
45354 24612 34
45436 41910 34
45459 34974 34
34974 26660 26
45847 19960 34
46064 38088 34
46337 5113 34
46754 13902 34
47016 18681 34
47990 23959 34
48101 45472 34
48173 25202 34
48203 31649 34
31649 18799 31
18799 30246 12
48368 37209 34
48475 8927 34
48497 10609 34
48524 17057 34
49297 43840 34
49508 44321 34
49664 29047 34
29047 32080 15
25 9 35
259 47105 35
278 27437 35
372 1201 35
395 12698 35
12698 30591 18
487 7844 35
557 2966 35
877 37143 35
903 3593 35
3593 41486 27
1041 42411 35
1049 19654 35
19654 33260 7
19654 38416 9
1095 43117 35
1152 31393 35
1306 3781 35
1338 49075 35
1441 18759 35
1479 9652 35
9652 47077 31
1499 10268 35
1532 3165 35
1535 14378 35
1555 10421 35
1597 22829 35
1683 10788 35
2090 27305 35
2127 45021 35
2152 6276 35
6276 11840 8
2243 2267 35
2397 34657 35
2520 17733 35
2716 4933 35
2743 45253 35
2844 36456 35
2958 3197 35
3187 7907 35
3192 10712 35
10712 43737 28
3312 22888 35
22888 48455 5
48455 16331 3
3528 1135 35
3540 18967 35
3550 49006 35
49006 373 11
49006 17878 21
3552 5391 35
3996 47007 35
47007 31462 11
4178 383 35
383 28498 17
28498 41117 24
4191 42063 35
4422 47623 35
4482 4888 35
4888 49017 12
4684 31109 35
4899 20296 35
5065 35013 35
5427 5995 35
5465 30455 35
5534 18729 35
5591 22468 35
5676 6959 35
6036 9532 35
6134 37334 35
6166 40888 35
40888 21182 22
40888 36517 25
40888 20976 31
20976 47503 14
6456 43502 35
6459 42359 35
42359 34481 3
6638 23441 35
6753 45656 35
7049 10050 35
7290 36989 35
36989 21079 13
21079 46799 12
7454 7050 35
7462 30248 35
7825 5928 35
7979 43873 35
8050 36344 35
8206 27428 35
27428 16862 14
8292 41819 35
41819 11470 32
8295 16474 35
8314 11573 35
8612 27668 35
8624 9060 35
8776 4122 35
9007 7249 35
9233 31019 35
31019 25750 3
9272 41653 35
9280 49765 35
49765 26125 20
9374 7662 35
9427 25359 35
9476 9761 35
9482 5278 35
9488 47282 35
9509 11201 35
11201 34352 13
34352 40845 1
40845 33374 4
33374 1749 7
9809 21942 35
21942 31939 33
9965 30360 35
10266 47571 35
10424 11572 35
10811 13440 35
11025 49796 35
11189 20768 35
20768 35452 22
11230 12064 35
12064 25661 1
12064 24322 14
11302 16242 35
11431 21331 35
11483 37357 35
11499 4812 35
11745 1831 35
12481 10256 35
12543 42126 35
12595 22229 35
12890 37388 35
37388 16908 7
12926 8195 35
12993 29419 35
13399 19531 35
13475 26053 35
13635 28135 35
28135 16005 4
16005 23664 1
13926 28682 35
13941 35575 35
13966 13463 35
14206 6506 35
14246 36562 35
14632 48680 35
14862 41106 35
14881 26506 35
14983 42113 35
15210 36620 35
36620 20340 4
20340 20181 5
20181 47861 18
20340 855 22
855 33955 22
15494 15605 35
15605 39880 25
15665 38174 35
15715 14810 35
16071 42156 35
16104 43552 35
16195 24007 35
16408 13560 35
13560 39885 29
39885 48917 30
16459 49694 35
16760 971 35
971 6688 13
16997 47110 35
17255 39209 35
17283 39772 35
39772 37284 2
17378 43535 35
17517 33845 35
17804 9266 35
17939 44421 35
17974 26373 35
17979 11280 35
11280 37440 21
18012 47804 35
18314 44046 35
44046 338 15
338 39874 12
39874 7882 29
18333 20396 35
18392 40111 35
18704 23645 35
18896 25999 35
18928 49145 35
19059 36671 35
19182 20165 35
20165 37848 32
19924 46305 35
20038 5755 35
20095 29660 35
20121 34528 35
20190 47609 35
20340 46810 35
20383 12358 35
20435 49721 35
20444 24208 35
20458 48126 35
20969 10192 35
21000 27622 35
21151 30874 35
21323 43956 35
43956 36091 32
21689 23010 35
23010 41313 7
23010 24831 18
21960 31584 35
31584 38924 22
22726 44718 35
22866 9373 35
23258 20811 35
23268 48800 35
23290 32864 35
23291 8851 35
23443 28835 35
23562 18752 35
23813 15220 35
15220 24087 16
23870 3331 35
23914 5159 35
24047 39374 35
24172 47817 35
24266 39955 35
24296 27732 35
24466 30775 35
24492 11633 35
24598 8573 35
25077 42706 35
42706 33467 9
42706 5979 21
5979 7150 21
7150 45891 10
25161 43173 35
25297 34333 35
25533 45904 35
25765 26707 35
26105 24975 35
24975 17975 11
26129 43520 35
26196 8661 35
26418 18848 35
26967 8413 35
27133 6348 35
27178 48365 35
27277 17052 35
27284 25117 35
27876 26697 35
26697 1056 4
27934 42227 35
28079 22164 35
28142 43037 35
28253 40304 35
28315 40777 35
28692 17486 35
28712 2845 35
28792 21625 35
28944 35541 35
35541 38695 3
38695 42924 16
28994 41163 35
29000 24794 35
29246 25867 35
29267 38373 35
29432 26460 35
26460 21090 34
21090 42622 4
29572 43753 35
43753 39882 10
29955 31169 35
30096 20675 35
20675 31069 12
31069 16095 12
30256 20116 35
30322 43167 35
30363 43315 35
30401 23194 35
30933 29189 35
30972 17216 35
17216 5222 32
5222 27160 7
31090 27880 35
31141 5814 35
31431 37783 35
31662 15456 35
32099 45066 35
32110 15113 35
32125 27166 35
32459 20866 35
32632 38541 35
32813 39751 35
32814 23628 35
23628 9015 14
32943 33813 35
33015 13067 35
33142 12306 35
33285 26496 35
26496 11387 1
34280 43020 35
34349 32432 35
34389 41879 35
34440 5885 35
5885 20973 11
34584 2541 35
34592 39915 35
34638 37764 35
34948 34282 35
34993 27032 35
35369 39762 35
35416 47292 35
35441 12519 35
35569 10699 35
35609 48107 35
36053 47062 35
36178 25007 35
36189 17157 35
17157 12449 28
36199 48582 35
36301 2107 35
2107 5471 6
2107 1524 13
36747 9722 35
36835 23236 35
36888 21463 35
37090 25919 35
37151 17683 35
37326 25831 35
37334 37781 35
37774 33460 35
37917 44381 35
37948 43934 35
43934 29782 5
29782 44244 25
37953 18065 35
18065 26715 19
38549 33592 35
38680 48029 35
39036 12726 35
39074 25817 35
39089 48720 35
39156 10982 35
10982 43043 29
39734 49948 35
39886 21859 35
40078 2234 35
2234 39608 31
40233 36193 35
40352 40000 35
40682 21700 35
40977 4101 35
4101 48695 12
4101 1464 32
4101 23228 35
23228 37391 12
41053 14876 35
41349 18149 35
41387 20890 35
41392 42712 35
41720 31112 35
41978 29975 35
41997 42356 35
42128 30531 35
42295 30462 35
30462 41023 13
42632 49362 35
42679 34206 35
34206 3955 26
42941 38669 35
43144 6375 35
43232 15960 35
43478 38136 35
38136 29630 11
43892 16601 35
43930 22335 35
44037 27766 35
27766 16674 25
44132 42773 35
44991 20484 35
45182 31778 35
45492 44947 35
44947 29888 26
45589 29428 35
29428 37322 22
45715 14119 35
14119 9404 3
45933 20424 35
20424 16722 3
16722 33912 28
16722 31420 30
46074 6015 35
46230 10880 35
46417 330 35
46471 8250 35
46556 40688 35
40688 34113 31
46650 38863 35
46674 47347 35
47027 16342 35
47368 5973 35
47518 32179 35
47810 28303 35
48429 17408 35
48561 16948 35
48678 43509 35
48703 38688 35
48811 23576 35
49011 44234 35
49147 43698 35
49309 37446 35
49589 19623 35
9 46999 36
63 14707 36
252 36707 36
447 21753 36
639 30342 36
30342 35796 13
900 26236 36
1082 3878 36
3878 19259 25
1114 38073 36
1151 37577 36
1332 15580 36
1512 3927 36
1968 38172 36
2115 28374 36
2369 38922 36
2605 22715 36
22715 32993 32
2740 4182 36
4182 44894 18
2861 15057 36
15057 18926 4
2985 3112 36
3192 40996 36
3298 12713 36
3650 4753 36
3659 37336 36
37336 43885 15
3697 47587 36
3880 20856 36
3906 23424 36
3940 41201 36
4115 12242 36
12242 15801 32
4600 36791 36
36791 28976 33
4628 25037 36
4853 5233 36
4885 14919 36
4955 18548 36
5117 21999 36
5294 45069 36
5451 16904 36
5451 44364 36
5478 31814 36
5697 42212 36
5771 6661 36
5813 29655 36
29655 43618 10
6010 5746 36
6136 21506 36
6500 16516 36
6713 34595 36
7125 46252 36
7175 12679 36
7283 4778 36
4778 25306 11
7361 1685 36
7494 47638 36
7627 17893 36
17893 25824 11
7764 8712 36
8712 48049 25
7770 40662 36
7788 32334 36
7860 49860 36
8367 42948 36
8549 30028 36
30028 44163 19
8724 27098 36
8731 12513 36
8812 43136 36
8885 23929 36
23929 44112 11
44112 38620 3
9006 7026 36
9062 46363 36
9187 42311 36
42311 20962 4
9224 6266 36
6266 4452 15
9391 32995 36
9413 6970 36
9652 13918 36
9767 49015 36
9797 30603 36
10573 33960 36
10641 28294 36
10660 39738 36
10687 11149 36
10730 27711 36
10837 17488 36
10973 33313 36
10994 26526 36
11080 21166 36
21166 48736 34
11225 46570 36
46570 10589 13
10589 16165 29
46570 3413 30
11399 43322 36
11496 26517 36
11532 1768 36
1768 1390 32
12129 3022 36
12150 30751 36
30751 37415 27
12486 39701 36
12773 38201 36
12793 2511 36
13183 45289 36
13593 16549 36
14103 33819 36
14208 13716 36
14223 35386 36
14251 23398 36
14319 15315 36
14927 11609 36
15079 28845 36
15397 32800 36
15415 27931 36
15431 5879 36
15454 45868 36
15550 33363 36
15577 20508 36
15749 41373 36
41373 49812 10
15771 38007 36
15823 46348 36
46348 3713 27
15859 7060 36
15924 47908 36
16398 5438 36
16571 47057 36
16573 12289 36
16851 16550 36
16896 34739 36
34739 35207 20
16931 16824 36
17215 49079 36
17421 20332 36
17449 9522 36
9522 38649 26
17727 37602 36
37602 42638 32
17776 44764 36
17957 47422 36
47422 49094 21
18071 11644 36
18096 39284 36
18392 45009 36
18426 24888 36
24888 29269 3
18603 9030 36
18708 24386 36
19328 23080 36
19504 48605 36
19574 49584 36
49584 42097 7
19704 23671 36
23671 40727 13
40727 37062 30
40727 32609 32
19854 37704 36
37704 14392 17
19916 38753 36
38753 49286 32
20289 12384 36
12384 20080 29
20501 24527 36
20670 27811 36
20701 5637 36
21194 33834 36
21409 40431 36
40431 12127 4
12127 601 32
21575 24341 36
21610 18244 36
21847 31794 36
21862 8347 36
8347 32368 15
22076 28723 36
22100 29048 36
29048 21228 29
22434 15898 36
15898 36340 3
23053 30371 36
23071 43689 36
23137 36942 36
23270 30367 36
23285 12382 36
12382 38516 11
12382 40677 31
40677 40119 27
23334 36505 36
23437 43046 36
23653 41460 36
24246 48826 36
48826 46228 4
48826 24123 14
24123 20611 33
24353 45714 36
24919 36291 36
24952 39989 36
25275 15527 36
25665 30925 36
30925 20078 12
20078 16403 4
16403 44106 13
25734 4986 36
26186 20599 36
26285 22922 36
26406 22605 36
26855 32608 36
26863 38278 36
26938 41515 36
27129 4367 36
27143 36691 36
27475 44463 36
27526 24171 36
28422 48869 36
48869 38636 14
28574 42239 36
28678 11124 36
28691 36819 36
28939 6632 36
29386 29746 36
29557 22368 36
29742 34289 36
29873 30635 36
30255 23134 36
30288 41937 36
41937 8066 20
30627 27852 36
30670 45587 36
30710 40604 36
40604 32747 35
30853 48510 36
30887 40835 36
40835 37730 17
30907 25667 36
30934 37225 36
30977 26897 36
31744 46565 36
46565 46834 19
31855 27053 36
32061 41102 36
32241 37337 36
32434 39720 36
32979 15409 36
33009 36811 36
33022 27973 36
33079 23747 36
23747 41893 30
33108 22555 36
33249 40254 36
33851 12954 36
33949 32214 36
34262 15439 36
15439 23429 16
34287 34328 36
34339 45190 36
45190 31235 22
34351 29889 36
29889 41755 11
41755 17566 8
34442 29589 36
29589 13041 18
34522 37658 36
37658 1882 9
34866 10353 36
10353 29168 30
34906 37805 36
37805 27671 24
35161 49010 36
35287 29890 36
35901 14214 36
35946 27807 36
36049 21982 36
36260 19780 36
36362 3518 36
36491 25809 36
25809 33370 29
36619 24531 36
36719 9190 36
37151 36658 36
37502 21190 36
37731 34686 36
38072 12746 36
38558 37183 36
38897 39194 36
39194 46155 10
39138 6979 36
39171 16691 36
16691 23795 17
39499 48000 36
48000 14355 20
39605 32614 36
39679 21247 36
21247 24039 14
40245 43523 36
40355 28605 36
28605 33910 6
40712 10183 36
40838 38689 36
41429 322 36
322 47891 25
41486 42876 36
41994 32017 36
42320 44499 36
42350 48057 36
42441 27998 36
42673 40830 36
42744 6373 36
43063 36234 36
43405 45022 36
43950 6028 36
43998 28199 36
44261 4418 36
44355 44652 36
44355 46881 36
46881 23066 29
44435 48621 36
44497 27061 36
44801 49046 36
44932 47331 36
44998 15919 36
45056 27248 36
27248 38327 17
45380 43556 36
43556 20452 17
45595 47809 36
45990 23781 36
23781 21208 1
46694 21407 36
47048 29390 36
47067 40317 36
47127 7237 36
47433 49983 36
47453 29447 36
29447 48505 27
47465 11234 36
11234 45939 14
47487 45050 36
47663 2719 36
48168 33029 36
49374 43068 36
49518 26778 36
49542 46487 36
49677 37089 36
41 32955 37
101 21979 37
276 16903 37
542 23442 37
812 2436 37
924 40990 37
1236 17188 37
1414 47558 37
1442 38794 37
1499 10688 37
1543 40490 37
1665 39393 37
1765 31773 37
1852 23323 37
1890 35749 37
1954 33840 37
1991 47113 37
2066 40498 37
2198 44294 37
2729 35107 37
2914 37207 37
3011 14665 37
14665 10288 25
3070 12301 37
12301 10383 29
3333 40011 37
3449 2991 37
3592 32288 37
32288 38633 16
3593 28078 37
3675 44401 37
3753 18616 37
3767 17067 37
3828 12645 37
4429 38723 37
4512 4881 37
4630 12047 37
5023 4689 37
4689 24010 33
24010 42851 8
5086 42124 37
5284 17562 37
5527 31202 37
5541 36932 37
5813 37145 37
5871 23901 37
23901 12183 10
6009 44818 37
6031 44008 37
6650 3674 37
6712 32826 37
32826 17205 1
17205 11069 26
6781 35915 37
6823 6151 37
6869 24167 37
6894 33870 37
7006 25948 37
7067 13185 37
7220 13320 37
7569 19032 37
7726 43801 37
8093 24776 37
8227 7901 37
8234 153 37
8325 38911 37
8374 4648 37
8456 1487 37
8463 42746 37
8477 45698 37
8717 47948 37
8811 47466 37
8889 44092 37
9068 7262 37
9393 25367 37
9442 41098 37
9586 17811 37
9890 8955 37
9962 41481 37
10079 37353 37
10094 18820 37
18820 43812 16
10314 22724 37
22724 30557 27
30557 30776 14
10674 49114 37
10748 13738 37
10890 8905 37
10986 28633 37
11011 6259 37
11131 9011 37
11223 44746 37
11250 29777 37
11267 26284 37
11274 16709 37
16709 1691 5
11467 32466 37
11670 42514 37
11894 2972 37
11983 39645 37
12473 16659 37
12581 287 37
12585 24221 37
12591 40855 37
12664 23453 37
12779 29199 37
12810 16620 37
12922 6580 37
13126 48394 37
13211 25677 37
25677 36395 36
36395 49780 31
13694 14078 37
14078 20525 4
13868 39388 37
14037 49763 37
49763 48959 6
14348 37190 37
14556 26073 37
14619 30284 37
15207 22001 37
15432 16796 37
15448 14928 37
14928 17686 35
17686 46636 5
15481 6777 37
15668 36704 37
15726 17568 37
17568 48587 9
15756 31765 37
15893 44050 37
15963 28934 37
28934 22251 14
16027 37136 37
16121 14133 37
16297 42928 37
16439 48915 37
16915 49062 37
17251 13477 37
17491 39330 37
17709 23508 37
18393 28099 37
18604 44342 37
18896 3337 37
3337 47828 20
47828 16129 28
18924 786 37
19179 32170 37
19252 8516 37
19334 16644 37
19446 10216 37
19647 37488 37
19933 26973 37
20472 41160 37
20506 42462 37
42462 47944 24
20533 33620 37
20634 47217 37
20779 5303 37
21167 19899 37
21325 22283 37
21348 15807 37
21552 39577 37
21620 9254 37
21707 46807 37
21923 38176 37
22083 48840 37
22242 45210 37
22327 23887 37
22580 46782 37
22689 42988 37
42988 18503 30
22734 43089 37
23132 36732 37
23415 29147 37
23847 26408 37
23880 30806 37
30806 8509 17
23962 38614 37
24048 40083 37
24207 36451 37
24439 44583 37
44583 15730 13
24648 27071 37
24769 31932 37
25026 7485 37
25278 19276 37
25486 3934 37
3934 38336 3
3934 24957 9
25692 17220 37
25817 28635 37
25841 28752 37
26225 12019 37
26406 12819 37
26591 9658 37
26825 27806 37
27079 45207 37
27138 39854 37
39854 33279 18
27319 12809 37
27621 27200 37
27200 8953 26
8953 43278 12
27916 42168 37
28763 32557 37
29189 16953 37
29232 46118 37
29515 32784 37
29713 36983 37
29724 46001 37
29784 2893 37
29824 24469 37
24469 38139 12
30135 14835 37
30237 48336 37
30303 28044 37
30793 45170 37
30838 27929 37
31037 39485 37
31177 19462 37
19462 48204 29
31340 35265 37
31740 47295 37
31965 32496 37
32142 9990 37
32412 47872 37
32457 17063 37
33014 4526 37
33028 44413 37
33097 37189 37
33291 46331 37
33384 34813 37
33403 31047 37
33416 15532 37
33920 12385 37
33995 13128 37
34877 37925 37
35932 38292 37
38292 45404 34
45404 17133 33
17133 17631 9
17631 9816 2
35996 36985 37
36070 11377 37
11377 30616 2
36169 27517 37
36288 19316 37
36469 14894 37
36502 37635 37
36794 8248 37
37364 33250 37
38190 44486 37
38955 37088 37
39853 30324 37
39857 4919 37
40119 5722 37
40187 43219 37
40213 30667 37
40592 28513 37
40812 14155 37
40833 47959 37
40984 42530 37
41144 34946 37
41415 49993 37
41469 7651 37
41554 46332 37
41655 20808 37
42112 43415 37
43415 46362 10
46362 40628 34
42146 40410 37
42192 20122 37
42261 38151 37
38151 12559 16
42454 29399 37
29399 45091 3
42550 24187 37
42822 24162 37
24162 10190 34
42884 49144 37
43988 9306 37
44212 20596 37
44399 36777 37
36777 33617 3
44405 26657 37
44521 30335 37
44547 3833 37
44911 20970 37
45010 3208 37
45377 38350 37
46919 42030 37
47225 31267 37
47387 46971 37
47837 7977 37
48064 16487 37
48215 9869 37
9869 40105 9
48436 42237 37
48615 46760 37
48620 16103 37
48841 38267 37
48966 11029 37
49275 5888 37
5888 29260 6
275 49698 38
340 1832 38
359 47937 38
452 47961 38
596 21238 38
699 32828 38
767 21611 38
21611 18598 13
18598 44358 12
21611 43000 15
855 5020 38
877 7645 38
939 1045 38
985 21939 38
995 47964 38
1806 38295 38
1984 18620 38
2102 34973 38
2118 41013 38
2223 13668 38
2532 36792 38
2543 14475 38
14475 43653 14
2593 41393 38
2758 11685 38
2781 30436 38
2932 46742 38
2957 26557 38
3161 49253 38
3203 5594 38
3273 17024 38
3574 8892 38
8892 41153 1
3775 4499 38
3868 27860 38
4217 34836 38
4394 30051 38
30051 16246 9
16246 48121 32
4831 23895 38
4968 40270 38
40270 7510 12
5038 34808 38
5338 47344 38
5414 45659 38
5525 31728 38
31728 48604 1
5598 36131 38
5785 48712 38
5932 13284 38
5967 50 38
6047 37638 38
6329 29474 38
6382 42089 38
42089 42648 16
6590 41529 38
6697 47517 38
6792 9158 38
9158 48722 11
7160 42696 38
42696 29389 25
42696 35276 37
7606 15146 38
8226 10200 38
8278 42383 38
8808 39013 38
8810 5672 38
8819 38994 38
8836 3111 38
9074 18774 38
9327 11305 38
9350 41468 38
9406 14539 38
9507 7932 38
7932 21113 18
7932 26914 23
9713 44191 38
9731 14916 38
9804 15521 38
10421 48802 38
10746 6647 38
10887 26303 38
10903 40517 38
10988 14321 38
11325 6678 38
6678 14177 9
14177 35380 21
35380 7586 7
7586 35995 21
11611 25038 38
12188 34563 38
12206 5354 38
5354 48251 10
48251 37685 1
12243 42586 38
12378 23026 38
12430 21147 38
12811 8807 38
8807 23990 27
12879 9976 38
12947 39842 38
39842 49191 30
13131 13282 38
13282 20620 37
13149 49641 38
13499 15620 38
13539 19033 38
14126 44753 38
14339 46781 38
14457 28822 38
14647 36434 38
36434 43673 17
14807 19518 38
15336 25988 38
15725 47882 38
15961 9264 38
16054 26282 38
26282 17805 30
16062 35015 38
16374 13059 38
16657 11192 38
16727 9562 38
9562 33661 5
16839 12930 38
12930 38733 23
16872 17039 38
17140 9900 38
9900 31500 24
17317 34099 38
17677 25969 38
17711 11076 38
17755 22030 38
17834 24384 38
17980 30619 38
18456 34536 38
18463 20013 38
18907 24505 38
18929 22639 38
22639 22887 19
19010 27793 38
19031 14385 38
19035 20397 38
19578 16883 38
16883 47943 25
19625 36311 38
36311 29648 12
19764 38386 38
19888 18734 38
19989 47884 38
20134 10879 38
10879 29525 6
20328 45577 38
20427 20315 38
20440 29398 38
20676 4507 38
20935 26344 38
21346 6816 38
21411 9534 38
21445 10215 38
21532 32736 38
21575 46678 38
22392 24462 38
24462 27455 30
22506 27800 38
27800 42493 15
42493 38076 5
22537 418 38
418 27541 30
22571 37521 38
22661 33150 38
22724 21572 38
22907 26807 38
22997 9642 38
23113 33232 38
23294 29059 38
29059 48633 5
23767 47209 38
24635 49955 38
25105 45946 38
25228 23799 38
25461 19139 38
19139 12740 7
25726 16387 38
25789 2745 38
26052 43579 38
26131 26723 38
26348 17672 38
26383 2797 38
2797 46151 8
26508 4845 38
26610 38347 38
26739 8610 38
26846 15123 38
26870 46751 38
26940 10562 38
26982 29936 38
27005 47274 38
27155 36763 38
27473 39820 38
27480 909 38
27529 6310 38
27554 27262 38
27262 48709 3
27784 37036 38
27855 10098 38
27858 39781 38
28148 41800 38
28166 47976 38
28364 25615 38
28755 19589 38
29337 21408 38
29616 28203 38
28203 38796 12
38796 44751 13
38796 21629 14
29910 31108 38
31108 32628 26
32628 40344 5
30296 28518 38
30770 46080 38
30911 10459 38
31575 49556 38
31651 24128 38
24128 47845 21
31662 45869 38
32176 7699 38
32471 11918 38
33043 10672 38
33149 21126 38
33919 19583 38
34048 48682 38
34183 47403 38
35190 36372 38
35425 11396 38
11396 32773 37
32773 28164 19
35564 26788 38
35592 25928 38
25928 21291 19
36647 42639 38
37460 31051 38
31051 7528 7
37922 19315 38
38405 40527 38
39420 48282 38
39907 43098 38
40004 9402 38
40243 33686 38
41111 37900 38
37900 31259 22
41733 18643 38
41817 40177 38
41954 29991 38
42444 21990 38
21990 47545 35
43069 10602 38
43148 40526 38
43220 47191 38
43412 43615 38
43929 42109 38
44236 34050 38
44284 48644 38
44321 10480 38
44773 46086 38
44867 42465 38
45083 11870 38
11870 48923 16
45244 42430 38
45259 40758 38
45390 8787 38
45786 29442 38
45805 20466 38
20466 7690 28
7690 44527 10
46703 13872 38
47656 28695 38
47713 40883 38
47747 36677 38
48224 37630 38
48972 25542 38
64 12838 39
93 2120 39
96 18465 39
160 45463 39
671 31062 39
780 7234 39
995 45158 39
1551 38409 39
1713 30251 39
30251 25745 18
2253 33856 39
2298 24960 39
2434 14762 39
2495 25611 39
2514 28505 39
3185 11173 39
3267 34787 39
3361 16234 39
3445 48707 39
3466 47672 39
3558 42899 39
3662 38354 39
38354 30499 20
3715 31878 39
4048 41953 39
4828 34043 39
34043 34028 31
5101 1059 39
1059 44615 19
1059 30318 22
44615 8883 32
5223 45686 39
5385 15252 39
5601 34979 39
5633 36615 39
5801 37031 39
5983 33386 39
6352 25780 39
6354 14315 39
14315 8165 19
8165 46871 21
46871 49035 22
6591 38282 39
6749 8369 39
6803 29460 39
29460 7962 26
6970 47198 39
7358 30454 39
7714 36643 39
8235 48490 39
8282 34013 39
8293 9764 39
9764 6044 34
8612 40345 39
8710 26786 39
26786 16109 1
16109 18008 9
8715 5744 39
8955 45545 39
8962 1967 39
9031 6844 39
9066 36065 39
9087 11832 39
9246 39365 39
39365 43731 16
9640 47698 39
9809 7115 39
9840 11299 39
10056 27903 39
10144 20616 39
10526 10924 39
11500 23577 39
11777 11397 39
11965 44816 39
12440 4969 39
13076 33040 39
13387 25626 39
13408 48705 39
13847 20027 39
14102 15784 39
14214 8562 39
14604 27999 39
14750 44587 39
14758 34704 39
14891 11053 39
15250 44482 39
15510 42837 39
16218 25800 39
16479 48711 39
16535 28220 39
16609 13753 39
13753 8556 26
17169 36190 39
17283 36834 39
36834 13166 18
17387 36933 39
17692 33045 39
17764 12877 39
17767 4424 39
18154 43995 39
18858 32387 39
18927 41452 39
19000 35114 39
19704 20983 39
19762 32430 39
19904 47396 39
21138 15381 39
21219 33792 39
22400 43839 39
22453 38485 39
22823 41424 39
23752 31272 39
23963 31413 39
24107 40418 39
40418 42862 16
24369 35231 39
24864 28571 39
24869 28259 39
25024 47767 39
25296 46722 39
25308 13911 39
13911 47086 17
25705 9557 39
26491 31049 39
26565 49929 39
26793 35427 39
27105 42578 39
27175 8961 39
27443 32020 39
27805 34329 39
28183 28249 39
28249 7305 37
28253 33555 39
28533 47415 39
28747 32663 39
29356 44942 39
29416 9641 39
9641 17956 29
29446 37557 39
30037 21627 39
30170 46927 39
30277 46601 39
30525 46045 39
30589 42621 39
30596 46829 39
30907 29754 39
30999 32615 39
31053 26531 39
26531 30293 3
31142 38175 39
32274 14525 39
32282 37242 39
32287 40666 39
32536 45682 39
33204 44341 39
33536 30109 39
33599 9070 39
33794 9050 39
33849 44768 39
33856 28545 39
34407 41930 39
34512 38676 39
35079 15399 39
35298 29778 39
35734 47489 39
47489 14640 7
36323 36072 39
36541 27047 39
36701 14419 39
14419 46770 8
36891 3230 39
36894 48459 39
37700 49412 39
37737 17384 39
37763 28205 39
38152 45211 39
38393 14089 39
14089 46939 30
38784 36723 39
36723 31913 25
38814 37669 39
39768 41870 39
39811 21069 39
40313 10281 39
41103 32309 39
41376 7073 39
41424 13504 39
41599 32547 39
32547 16338 7
41830 48769 39
42941 20058 39
43101 11665 39
43650 26146 39
26146 11728 19
43828 31501 39
44109 31570 39
44315 20702 39
20702 39243 8
44316 27349 39
44509 32980 39
44763 36401 39
36401 10635 3
36401 22739 18
44942 36555 39
44949 7916 39
46148 12677 39
46401 43646 39
46440 13977 39
46513 10775 39
46531 9307 39
46839 49639 39
47958 49041 39
48212 46346 39
46346 5545 7
48819 7054 39
7054 48941 18
48886 45876 39
49258 26436 39
49517 14372 39
49658 15227 39
15227 47456 20
49711 22766 39
49981 33295 39
49997 33109 39
22 32638 40
100 28396 40
739 26385 40
887 46343 40
1428 33898 40
1518 47802 40
1888 35196 40
2030 1914 40
2049 34679 40
34679 32175 4
2321 37852 40
2361 33971 40
2363 41455 40
2914 36956 40
3291 40512 40
3366 5232 40
5232 47591 3
3457 20880 40
3775 25412 40
4143 49798 40
4550 38719 40
38719 42389 25
4853 48229 40
4974 11241 40
5104 47694 40
47694 27997 11
5381 43782 40
5508 6908 40
5604 40070 40
5720 1916 40
5773 18063 40
18063 30666 12
6113 24898 40
6259 11737 40
6539 25000 40
6622 47163 40
6636 35493 40
6789 14317 40
7059 43970 40
7362 3254 40
7692 13528 40
8009 19224 40
8085 43331 40
43331 16299 7
16299 31506 7
8162 3600 40
9178 27000 40
27000 12478 21
12478 9195 24
9385 48567 40
9471 36599 40
9647 46547 40
10478 43629 40
10668 16684 40
10723 40521 40
10745 6148 40
6148 10090 15
6148 28020 36
10852 20503 40
11422 43469 40
11460 25315 40
11501 17605 40
11738 37997 40
37997 7938 36
11861 28232 40
12258 15553 40
12340 23606 40
12816 47332 40
12890 16406 40
13047 16742 40
13058 33068 40
13883 43678 40
14889 26321 40
14891 31160 40
15874 31363 40
31363 23404 12
16422 17898 40
17898 39906 22
16569 35210 40
16644 40501 40
16657 28406 40
16659 32559 40
16769 32556 40
17068 16711 40
17745 49521 40
18231 25380 40
25380 30056 16
30056 17675 25
17675 11512 21
18316 43131 40
18688 31693 40
18739 29610 40
19069 40939 40
19143 9992 40
19225 15629 40
19345 18278 40
20063 25950 40
20610 25340 40
21254 15368 40
21616 2563 40
21945 10308 40
10308 24768 11
22189 2494 40
22514 20557 40
22732 36810 40
23341 41903 40
23561 48625 40
23657 28025 40
23963 10137 40
24262 44230 40
24263 30331 40
24408 47863 40
24430 28448 40
24981 40269 40
25006 37677 40
25070 24807 40
25224 15367 40
25482 22727 40
25658 29310 40
25702 45576 40
25776 32151 40
26109 28841 40
26571 18236 40
26585 34221 40
26763 22771 40
26840 29268 40
27076 44313 40
44313 28413 13
27383 47514 40
27652 45099 40
45099 24805 18
45099 27627 30
28628 19418 40
28818 37657 40
29076 26819 40
29315 11748 40
29992 32529 40
30122 27350 40
30179 8884 40
30232 42508 40
42508 38214 7
30280 23661 40
30351 30826 40
30355 42230 40
30488 26990 40
30664 25088 40
31060 38186 40
31362 18524 40
31468 24759 40
31545 39390 40
31625 15097 40
15097 46540 23
31851 28095 40
32075 24305 40
32507 47749 40
32529 36945 40
32641 5699 40
32663 26696 40
26696 8258 27
32701 27923 40
32770 32816 40
32946 27370 40
33883 20371 40
34696 15885 40
35079 23319 40
35205 17621 40
35680 26799 40
35691 11220 40
35903 26802 40
36137 37302 40
37575 46981 40
46981 13435 2
37880 45996 40
38042 32174 40
38467 46464 40
38695 48406 40
38761 13451 40
38775 1837 40
39171 49120 40
39580 38009 40
39710 937 40
39917 23455 40
40116 18223 40
40420 11874 40
40511 29107 40
41277 39328 40
42556 45296 40
42801 47307 40
42924 35070 40
42965 19018 40
43688 35071 40
44182 19658 40
19658 37910 6
44268 17773 40
44408 31727 40
44451 16911 40
44766 1750 40
44960 25813 40
45036 33610 40
45176 30840 40
45377 49930 40
45964 15308 40
46301 4768 40
46531 47775 40
46592 21171 40
46592 31571 40
46695 14695 40
47138 27359 40
47391 41410 40
41410 30937 13
47418 20711 40
20711 28842 6
47910 34717 40
34717 39952 32
39952 27195 17
47998 10332 40
48132 37753 40
48546 42561 40
49048 23920 40
49142 10715 40
10715 24907 7
49675 32977 40
378 37052 41
37052 37351 12
37351 42283 7
42283 30345 7
37351 41821 28
403 16826 41
913 38444 41
1102 40190 41
1170 17796 41
1286 16958 41
1356 40941 41
40941 14024 39
1410 25859 41
25859 15914 39
1960 4920 41
4920 19614 9
19614 16759 25
16759 15647 19
2002 13714 41
13714 48828 1
2162 32206 41
2352 34097 41
2456 31561 41
2490 10432 41
2534 31665 41
2730 47260 41
2826 3036 41
2958 45236 41
3303 17435 41
3529 15030 41
3978 8764 41
4340 33824 41
4468 13141 41
5263 19310 41
5402 25794 41
25794 38588 11
5462 36232 41
5596 41594 41
6307 29182 41
29182 18312 13
6336 600 41
6452 32444 41
6476 17149 41
6708 28881 41
6733 41164 41
7306 5820 41
7401 19430 41
7475 16817 41
7906 43295 41
7961 31271 41
8042 21229 41
8516 27216 41
8739 24294 41
8983 43230 41
9429 16957 41
9450 34107 41
9497 25807 41
25807 47323 36
9953 47494 41
9968 21369 41
10001 32655 41
10124 11288 41
10632 1362 41
10913 26970 41
10961 42995 41
11080 44143 41
11237 21434 41
11622 19961 41
11841 19493 41
12193 33902 41
12248 40576 41
12406 22557 41
13112 45517 41
13271 5990 41
13279 29633 41
13448 25733 41
13539 22752 41
13683 40720 41
13719 40106 41
14223 39914 41
14360 25020 41
25020 48481 20
14382 30538 41
15028 42868 41
15254 28074 41
15554 6542 41
15827 29504 41
16385 40435 41
16873 28106 41
28106 35387 14
16900 13232 41
16930 20694 41
17239 21530 41
17958 16967 41
18147 23336 41
18192 4006 41
18528 8622 41
8622 25943 21
18631 1370 41
1370 42501 30
19188 34354 41
19602 27797 41
20747 13992 41
20951 36993 41
21474 10618 41
22350 10842 41
22554 41519 41
22606 19732 41
23739 40793 41
23858 27281 41
27281 7934 6
7934 45115 23
7934 38751 27
7934 27228 30
23910 22602 41
24139 38105 41
38105 45254 39
24544 34701 41
24648 48374 41
48374 22223 3
24703 26501 41
24933 33574 41
33574 15672 4
33574 19296 18
33574 35497 33
25022 34092 41
25124 34634 41
25229 6621 41
26526 3160 41
27182 17368 41
27186 26361 41
27195 39739 41
27704 13371 41
28204 40746 41
28254 10484 41
28478 5794 41
28658 39531 41
28706 22971 41
29683 17924 41
29759 38251 41
30691 43609 41
30745 29220 41
30775 37116 41
37116 41456 34
30870 21420 41
31690 46812 41
46812 24461 30
31888 17079 41
33292 39750 41
33308 9853 41
33351 44447 41
33464 40256 41
40256 49161 15
40256 45215 37
33465 45831 41
34779 48820 41
34890 40945 41
35079 21145 41
35368 10600 41
35685 9739 41
35867 22086 41
36541 44520 41
44520 40300 6
44520 13453 16
36688 37083 41
36828 46061 41
37654 30341 41
38002 17493 41
39650 4142 41
40117 29851 41
40643 21154 41
41603 21102 41
41705 44875 41
41980 30613 41
42236 43960 41
42346 46640 41
42366 47055 41
42520 40385 41
40385 41045 21
42575 7638 41
42650 24320 41
24320 7758 27
42760 30983 41
30983 13921 25
43258 26438 41
26438 25079 16
44556 42074 41
44739 23903 41
23903 17019 32
44853 35890 41
45092 47280 41
45128 26833 41
45249 28871 41
45298 42708 41
42708 44592 5
45370 26475 41
45636 21431 41
45681 28816 41
46136 40789 41
46453 46071 41
46556 5111 41
46698 35309 41
48282 49881 41
48432 39467 41
48465 40081 41
48599 28550 41
48629 16816 41
49063 14663 41
49574 29791 41
206 24617 42
362 7436 42
377 42457 42
470 20635 42
556 992 42
602 32186 42
719 9808 42
721 3717 42
3717 48127 39
1172 5702 42
1355 1872 42
1804 1466 42
1865 29513 42
2070 38685 42
2355 28647 42
2465 47841 42
2589 8763 42
3061 36195 42
3418 30902 42
3617 8088 42
3828 30993 42
4001 11231 42
4084 4553 42
4421 43506 42
43506 32486 38
4854 45479 42
5028 17427 42
5047 49813 42
5607 26629 42
6663 25492 42
6784 18067 42
6841 14560 42
7086 23184 42
7124 5316 42
7221 32630 42
7273 11043 42
7828 39255 42
8210 24346 42
8683 16389 42
8804 27283 42
8821 10525 42
9037 11795 42
9196 40315 42
9313 24078 42
9333 3587 42
9463 20883 42
9911 13409 42
10350 35805 42
35805 34697 22
10368 39673 42
11048 1612 42
11367 13729 42
11821 24557 42
24557 36213 29
12137 31716 42
12530 1406 42
12559 21302 42
13048 13827 42
13231 7367 42
13266 36284 42
13479 38608 42
13495 15064 42
14063 34792 42
14671 24020 42
14779 23998 42
14816 42916 42
15018 46092 42
15116 39131 42
39131 41608 32
15413 18387 42
15445 44642 42
15690 29369 42
29369 14183 1
16073 20630 42
20630 46936 3
16208 10717 42
16519 16046 42
16718 24752 42
16978 22763 42
17033 24901 42
17337 33316 42
17884 24947 42
18340 16169 42
18999 46990 42
20014 44966 42
44966 16501 1
20426 20721 42
21813 35967 42
21933 49285 42
21956 37662 42
22105 43537 42
22253 47098 42
22305 13428 42
13428 46813 9
22365 29263 42
22595 40545 42
23365 32465 42
23724 30741 42
24125 13219 42
24404 30678 42
24544 31035 42
31035 33540 21
24711 44475 42
24729 39084 42
25254 46917 42
25856 28051 42
25857 13581 42
25878 13350 42
25927 35310 42
26355 16889 42
16889 16185 10
26638 34148 42
27166 17307 42
27192 26483 42
27457 39839 42
27684 36273 42
28021 3863 42
28992 43620 42
29301 7547 42
29739 2614 42
29992 30760 42
30512 37057 42
30616 33309 42
30998 45614 42
45614 17127 29
31074 30319 42
31111 45998 42
31685 49861 42
32852 20659 42
33183 21996 42
33314 46472 42
33880 20511 42
34173 23567 42
34562 2259 42
35330 38157 42
35374 594 42
36555 45810 42
36615 36797 42
37683 15584 42
38362 23794 42
39193 35355 42
40464 24076 42
40939 25131 42
41099 24240 42
41133 28607 42
41458 44689 42
44689 45073 36
41775 39582 42
42082 35618 42
42713 36129 42
42816 45000 42
43090 20795 42
20795 42143 1
43464 27991 42
43887 39864 42
44053 35896 42
45038 26538 42
45297 47622 42
45384 23432 42
45529 42809 42
45828 17643 42
45997 40123 42
40123 23966 39
46636 11555 42
46915 22195 42
22195 46663 2
47503 32726 42
47749 18283 42
18283 2116 7
2116 23560 36
2116 12162 42
47883 38845 42
48033 47329 42
47329 45271 34
48040 13789 42
48727 396 42
48971 43358 42
49666 41395 42
41395 46877 36
49760 11751 42
439 2945 43
494 1803 43
1803 18565 7
634 49460 43
669 39888 43
39888 37241 39
843 44676 43
1267 6034 43
1349 46577 43
1616 25623 43
25623 33257 39
1761 11539 43
1837 17329 43
1984 40414 43
2198 31260 43
2653 39115 43
2959 4401 43
3610 27540 43
27540 9862 28
4091 35311 43
35311 33962 16
4672 39860 43
4743 20245 43
20245 18806 36
4903 14701 43
5049 34405 43
34405 30199 35
5124 31048 43
5600 47181 43
6565 28306 43
28306 12533 34
6768 11203 43
6809 2163 43
2163 4120 41
7177 33659 43
7348 14935 43
14935 31527 32
7500 45268 43
7536 5176 43
8398 40147 43
8414 21692 43
8470 29715 43
8937 7584 43
9021 26309 43
9849 47716 43
47716 19400 20
9890 431 43
10335 21993 43
10468 33207 43
33207 45744 41
11123 19676 43
11453 20894 43
11579 34605 43
34605 14169 12
14169 41366 23
11775 10299 43
11862 3296 43
12619 21908 43
12823 12752 43
12975 22838 43
13028 26631 43
13591 16863 43
13891 7691 43
14317 13033 43
14445 12974 43
14766 17823 43
17823 49438 27
14861 46929 43
46929 33623 10
14931 35085 43
35085 15792 22
15652 19646 43
19646 29972 1
16177 1227 43
16474 8852 43
16984 1905 43
17239 48002 43
48002 48385 14
17398 32159 43
17907 21950 43
18401 34320 43
34320 18578 37
18898 39703 43
19447 25892 43
19631 38851 43
19640 49934 43
20583 35185 43
21218 45179 43
21340 49442 43
21457 13861 43
21463 14222 43
22030 33857 43
22083 40209 43
22137 39827 43
23210 46107 43
23409 46260 43
23759 17561 43
24180 3497 43
24210 45584 43
25501 45561 43
25529 47678 43
47678 27490 30
26234 26260 43
26613 18153 43
26753 49845 43
27189 5149 43
27415 46826 43
27588 28241 43
27606 17959 43
17959 7225 21
7225 1834 29
27768 14606 43
27886 48812 43
28313 36623 43
28362 4987 43
4987 45180 9
45180 24916 38
28496 48669 43
28611 25377 43
28710 34363 43
29145 16836 43
29252 24963 43
29806 20057 43
30448 37018 43
31819 17430 43
17430 23103 22
32047 43172 43
32866 43915 43
33127 35272 43
33427 37990 43
33606 20442 43
20442 44692 23
20442 23378 41
33727 46299 43
33820 14751 43
34374 28827 43
34526 43603 43
34675 34220 43
34870 43666 43
34942 42569 43
35207 48870 43
35448 22008 43
35735 34935 43
35827 38255 43
36084 30750 43
36158 31994 43
36319 20375 43
37413 11218 43
37619 33411 43
33411 48787 4
38067 25740 43
38342 35360 43
35360 42981 13
39662 28385 43
39714 17972 43
39832 33808 43
40592 23013 43
41169 20723 43
41236 46297 43
41874 16619 43
42934 44717 43
43061 9513 43
43905 5552 43
5552 29941 1
44278 34551 43
44373 25258 43
44683 22851 43
45435 2827 43
45546 28729 43
45643 32817 43
46187 45145 43
47654 45970 43
48028 40018 43
49214 23029 43
23029 37007 1
49591 34461 43
34461 38207 37
258 4597 44
259 11270 44
625 16654 44
862 23073 44
932 35841 44
1196 36754 44
1201 34156 44
1634 22956 44
1760 41430 44
2096 1859 44
2181 12547 44
2408 5754 44
2507 32429 44
2558 46887 44
2678 11434 44
3201 18953 44
3292 48668 44
3471 23720 44
3496 49870 44
3966 4910 44
4112 49974 44
5341 47434 44
5883 19534 44
19534 47187 6
47187 21865 28
6401 19325 44
6749 13373 44
6939 13455 44
7030 10818 44
7239 16982 44
8156 4035 44
8161 32091 44
8279 49261 44
8808 13406 44
9167 14918 44
9907 14600 44
14600 20104 1
20104 17629 25
20104 39392 39
10398 34343 44
11106 9364 44
11197 18118 44
11217 37282 44
12176 35849 44
12484 25832 44
13386 46028 44
13410 30504 44
14752 24716 44
14887 48697 44
15105 30239 44
15162 47822 44
15929 28100 44
16527 12977 44
16597 40788 44
16679 42037 44
16823 11915 44
17225 22358 44
17546 19066 44
18016 36842 44
18179 32774 44
18768 28133 44
18952 43175 44
20597 28470 44
21530 43077 44
21791 8919 44
22236 21884 44
22502 20281 44
22681 36396 44
23146 32631 44
23345 28090 44
24484 44396 44
24702 35319 44
25264 20899 44
25437 43668 44
25684 47770 44
47770 13687 33
25988 36188 44
26200 25060 44
27013 29229 44
27566 23764 44
27776 26265 44
28026 4784 44
28076 46234 44
28545 38940 44
28629 41494 44
28681 19134 44
28900 18499 44
29098 40866 44
29169 36095 44
29268 43663 44
29775 39938 44
30712 49270 44
30818 36877 44
31150 35465 44
31682 46083 44
31712 33992 44
31765 39158 44
31905 35214 44
31961 23158 44
32364 15975 44
32386 19346 44
32409 2338 44
2338 20406 20
33762 10194 44
34132 10298 44
34405 44679 44
34591 41307 44
34608 29723 44
35255 22263 44
35456 32908 44
32908 16891 31
35517 47786 44
35814 42603 44
35840 18590 44
36179 7359 44
37439 25209 44
38169 15888 44
39221 43472 44
43472 15779 3
40201 6532 44
40229 31081 44
31081 26636 19
40777 14501 44
14501 23296 28
41071 36058 44
41527 48099 44
42039 18721 44
42657 22244 44
42722 42969 44
42974 2953 44
2953 515 21
43302 14007 44
43306 46956 44
43346 8526 44
43429 38977 44
43549 41526 44
41526 2453 3
43904 2224 44
44258 49320 44
49320 45877 31
44414 27730 44
45628 37724 44
46889 39160 44
47511 35069 44
47590 49754 44
47902 19300 44
48374 48314 44
49037 35451 44
49645 7562 44
143 24095 45
617 47362 45
672 32997 45
715 4935 45
872 41606 45
1071 40263 45
1510 5730 45
1556 22720 45
1615 1588 45
1640 39641 45
1863 41936 45
1872 41495 45
2026 38834 45
2226 5926 45
2367 22354 45
2713 31292 45
2737 25528 45
2810 7257 45
3138 13530 45
3582 34676 45
34676 44028 14
3876 23611 45
3920 34659 45
4181 41996 45
41996 34286 40
34286 23094 38
4624 49417 45
49417 6831 42
6831 47577 36
5011 49825 45
5998 15825 45
6432 25688 45
6559 14686 45
6640 31503 45
6756 38984 45
8065 41076 45
8479 3663 45
8697 32695 45
8866 48174 45
10584 42456 45
11274 23495 45
11448 22417 45
11605 30206 45
11694 22637 45
12402 38559 45
13888 46587 45
14327 40779 45
14355 29652 45
14444 12437 45
14489 39154 45
14892 32303 45
15081 26879 45
15136 28916 45
15169 40784 45
15997 30882 45
16513 47640 45
16818 20797 45
18073 25153 45
18647 36380 45
18959 47208 45
19047 35125 45
19679 48635 45
48635 45913 34
45913 43379 28
20106 15320 45
15320 49693 37
20202 15612 45
21229 13026 45
22208 8064 45
23848 18156 45
18156 26699 43
24244 30002 45
24606 42273 45
42273 48509 37
24606 48715 45
25185 19619 45
25217 8837 45
25636 24413 45
26602 8421 45
26619 49426 45
26835 21233 45
27666 32881 45
28666 28012 45
28012 15195 40
29069 40069 45
40069 11254 10
29718 19751 45
30085 42481 45
31131 47748 45
31449 33041 45
31812 30855 45
31833 36038 45
31908 26550 45
31946 24012 45
32008 12092 45
33082 18859 45
33549 5837 45
33568 36350 45
34126 39226 45
34195 1853 45
35822 36915 45
36066 45910 45
36212 45746 45
36591 22033 45
37054 5844 45
37331 18813 45
37404 10282 45
37881 38234 45
38100 31435 45
38130 4390 45
38378 43639 45
38492 24402 45
24402 22852 34
38772 39986 45
39814 49111 45
39849 138 45
138 30198 37
30198 13473 3
30198 49488 3
30198 48980 20
41273 42604 45
41826 12234 45
42357 17346 45
17346 40986 9
42438 27848 45
42814 28057 45
43203 46345 45
44055 44787 45
44787 10523 30
10523 35420 38
44886 45973 45
45360 16040 45
45639 46430 45
45719 31444 45
46283 39316 45
46464 3146 45
46803 30761 45
46997 43163 45
47688 20450 45
47783 42127 45
48091 14308 45
49440 8333 45
8333 11973 21
49683 18878 45
49740 35002 45
49947 10906 45
145 15805 46
401 17668 46
486 8969 46
519 668 46
719 6164 46
725 12797 46
970 38710 46
1058 34005 46
1609 47616 46
1986 20418 46
2335 49192 46
49192 3641 33
2396 13142 46
2463 28709 46
2464 35350 46
2604 4833 46
3529 42624 46
3995 21225 46
4351 21555 46
4374 42369 46
5032 7978 46
5531 45669 46
5816 28234 46
6530 38517 46
6627 39256 46
6748 26159 46
7203 26229 46
7304 11400 46
7947 37082 46
8870 36480 46
8994 23126 46
9398 43722 46
10270 40824 46
10345 36630 46
10630 48077 46
10902 29153 46
11047 31848 46
11328 40413 46
11703 49115 46
11802 43512 46
11844 34464 46
11912 17732 46
12300 41576 46
12766 17877 46
12934 6828 46
13125 3282 46
3282 18667 15
13304 652 46
652 15716 40
13738 23715 46
14213 24118 46
14853 23769 46
15077 44386 46
15644 30123 46
17079 27252 46
27252 23662 27
17735 4079 46
17836 39606 46
18771 4816 46
18847 21918 46
19365 5446 46
5446 42451 13
19621 35404 46
20079 13465 46
20157 25911 46
21363 13015 46
21990 43364 46
22614 29158 46
23473 46050 46
24382 4563 46
25776 20775 46
25835 44339 46
26369 22834 46
27866 4517 46
28940 27239 46
29626 43476 46
29659 19799 46
29933 32737 46
30863 9018 46
31468 30719 46
32260 35304 46
32624 14952 46
33231 26956 46
34314 20849 46
34651 38094 46
35103 15359 46
15359 29155 3
35799 21482 46
36428 37586 46
37025 14620 46
37827 10243 46
38650 49968 46
39290 40423 46
40448 29191 46
40549 27103 46
40695 18439 46
41240 44353 46
41374 30845 46
41481 23594 46
42223 3244 46
43109 47312 46
43259 37750 46
37750 20990 2
44915 23452 46
45224 32778 46
46324 30139 46
46495 35594 46
46869 28252 46
46958 34977 46
34977 35721 12
47376 32454 46
49200 48437 46
494 21510 47
871 44847 47
1302 13376 47
1465 30537 47
1554 5602 47
1648 22835 47
3369 12107 47
3689 31026 47
3999 46421 47
46421 49421 16
4073 6507 47
4139 6107 47
4243 17742 47
4285 15535 47
4396 43967 47
4717 34303 47
5000 42178 47
5329 25329 47
5555 12618 47
5622 35372 47
6192 37954 47
6445 15508 47
7704 11860 47
11860 30726 40
7963 37633 47
37633 32120 28
8177 40155 47
8341 38526 47
8519 20588 47
8560 40761 47
8587 43922 47
8727 18321 47
9074 16608 47
9227 43494 47
9996 28159 47
10769 42141 47
10975 28899 47
28899 44493 29
11645 45313 47
11787 47472 47
11789 5815 47
12344 14390 47
12501 45854 47
12558 34494 47
13042 26519 47
13192 30477 47
13312 42883 47
13334 13276 47
13615 31095 47
13812 30174 47
30174 28749 13
14168 49424 47
15102 32656 47
15210 43821 47
15253 27808 47
15442 46385 47
15670 25506 47
16058 16658 47
16860 46814 47
16924 3384 47
17522 16859 47
18057 35724 47
18244 42655 47
19381 48801 47
19879 35829 47
22102 2047 47
22316 35434 47
22938 28766 47
28766 47409 37
23062 44685 47
23909 48931 47
25177 37432 47
25415 33293 47
25763 7745 47
26058 47956 47
26752 9401 47
26917 44351 47
28265 45632 47
28448 48600 47
29736 33176 47
30227 32941 47
30775 24465 47
31274 36904 47
32058 13609 47
33430 38466 47
34554 22498 47
22498 31050 1
36134 12108 47
36601 31630 47
36643 33706 47
36690 43769 47
43769 7807 39
36809 18893 47
37976 4509 47
37987 33126 47
38241 49689 47
38272 42290 47
40147 26599 47
40837 28092 47
43259 4105 47
43444 31542 47
43705 47851 47
44274 29842 47
44700 5356 47
45311 1047 47
47835 17664 47
48381 30376 47
48397 37067 47
49685 34109 47
222 35468 48
921 41786 48
979 16949 48
2357 32042 48
2575 7263 48
3365 40458 48
5343 24815 48
24815 27028 37
5583 31544 48
5594 37217 48
6043 27755 48
6495 47862 48
7581 5485 48
7799 29671 48
8534 1061 48
9496 15010 48
9736 34888 48
9938 47355 48
10340 31735 48
10728 46358 48
46358 25589 10
11332 40195 48
12005 45667 48
12289 45652 48
45652 19544 34
15183 37952 48
15505 46945 48
16395 45863 48
17765 18190 48
17810 28684 48
28684 29499 34
17822 28359 48
17851 1936 48
18032 16009 48
19287 17799 48
19582 43947 48
19605 13586 48
20036 14921 48
20316 32843 48
20442 40756 48
20465 13488 48
20686 39237 48
21007 38657 48
38657 43433 44
43433 23913 26
21438 32006 48
21475 16856 48
21483 23510 48
21520 11346 48
22088 35788 48
24488 20186 48
24627 45396 48
24746 24215 48
25586 21027 48
26171 45075 48
26184 22714 48
28241 37600 48
29723 43888 48
30113 13283 48
30730 34984 48
31589 25128 48
32032 21073 48
21073 18585 40
32930 16697 48
35727 28584 48
28584 43550 15
35962 10766 48
36020 5711 48
36617 35778 48
36685 22685 48
36862 25955 48
25955 33668 45
36873 43041 48
37610 47442 48
38218 46334 48
39284 23946 48
42553 35678 48
42666 26744 48
43335 14464 48
43691 14012 48
45010 41657 48
47147 20984 48
137 31323 49
653 27222 49
867 7791 49
1184 5891 49
3636 27873 49
27873 30975 37
4029 46115 49
46115 7538 32
4550 30568 49
4649 47842 49
4803 46504 49
4935 38617 49
5492 5118 49
5118 34318 34
5932 1739 49
1739 32292 4
6087 15742 49
6488 5741 49
6490 30476 49
6876 28836 49
7001 22445 49
7040 24130 49
7483 16532 49
7856 16626 49
7910 27086 49
8701 28844 49
8871 19930 49
8962 34872 49
9667 17020 49
9667 36897 49
9993 16282 49
10090 46199 49
10738 35209 49
10921 39898 49
10925 20922 49
11174 36769 49
12506 38660 49
14594 30828 49
15290 35830 49
15332 31332 49
15339 9399 49
15878 26198 49
16390 2688 49
2688 8548 31
16390 19770 49
16688 43914 49
18278 38380 49
19023 48210 49
19981 37645 49
20305 47960 49
21544 37330 49
21996 39607 49
22010 9939 49
24826 21917 49
24867 26349 49
26365 2762 49
2762 20274 1
27483 26366 49
28026 9417 49
28073 20429 49
28405 27948 49
29319 44838 49
29326 35033 49
29429 46267 49
30011 49814 49
31385 33567 49
32539 41716 49
32544 48768 49
32705 43976 49
33053 14672 49
33257 12846 49
33320 46978 49
34749 26604 49
34942 21973 49
35179 31249 49
31249 31369 43
35354 45015 49
35438 22870 49
35856 20129 49
36566 47826 49
37270 43128 49
38992 15009 49
39250 33625 49
40252 41051 49
41051 41325 23
41202 44550 49
41276 29202 49
42823 20696 49
42864 45528 49
42879 17119 49
43726 38720 49
38720 48019 30
44789 35883 49
45064 46223 49
45248 36176 49
46331 42372 49
46622 24225 49
47362 23021 49
48940 29830 49
48964 23970 49
49253 39562 49
136 15393 50
389 42252 50
402 34490 50
650 1508 50
1152 18731 50
1247 13396 50
1302 22232 50
2368 49878 50
2745 22153 50
4990 32144 50
5927 16496 50
7100 37259 50
7923 26490 50
7928 39286 50
8404 21683 50
8655 14986 50
8731 42352 50
9224 45983 50
9748 14307 50
9795 44611 50
10491 11179 50
11942 1080 50
12369 45157 50
13814 10845 50
14003 31598 50
14031 17780 50
14263 33843 50
15132 40842 50
15187 33550 50
15454 40672 50
15788 32998 50
16298 43016 50
16833 42904 50
17687 21110 50
17964 32192 50
18926 20709 50
20933 47272 50
24563 4459 50
26137 2721 50
26181 34432 50
27375 47288 50
27663 13623 50
28544 41039 50
28638 43610 50
28721 49290 50
28826 30210 50
29215 14657 50
31294 6138 50
31619 19439 50
32962 24539 50
33595 22138 50
22138 42589 46
33980 43756 50
35206 49843 50
35610 15477 50
36494 24038 50
36758 21843 50
21843 44738 30
44738 32468 27
37254 30658 50
38772 39058 50
39528 42966 50
42966 36803 25
40598 42566 50
41438 25580 50
41991 46737 50
42485 34500 50
42530 47485 50
42717 38843 50
44641 44855 50
46618 15618 50
47442 9750 50
47446 49494 50
48040 30905 50
49071 20615 50
49229 47838 50
662 3620 51
1623 7036 51
1721 38028 51
3428 5182 51
5182 27140 8
5182 13747 25
5182 47412 37
4166 3632 51
4176 48548 51
48548 9830 35
5265 13120 51
6538 11340 51
6761 47050 51
6920 8400 51
8339 26520 51
9718 31296 51
11262 47529 51
12471 10295 51
12828 20786 51
14033 5655 51
15249 43652 51
16900 35644 51
16955 24490 51
17669 48405 51
19080 34981 51
20560 31611 51
20726 38765 51
21145 23997 51
22268 40974 51
22731 25164 51
23410 24483 51
23563 35332 51
35332 45225 48
23841 49032 51
24084 10297 51
24637 38661 51
24891 49805 51
25894 22565 51
25928 46477 51
26199 48095 51
27189 30041 51
27428 24373 51
28147 39648 51
28822 18235 51
29823 23267 51
30134 45617 51
31037 17743 51
31398 40807 51
31644 47625 51
32126 24350 51
24350 22621 10
32741 16025 51
34230 21169 51
34874 3992 51
3992 42002 24
35315 31027 51
35322 26950 51
35574 33636 51
37666 39347 51
37926 29952 51
39154 49353 51
39885 17788 51
42034 38835 51
42567 44424 51
43726 13106 51
43942 24367 51
45735 27843 51
48082 47349 51
49078 33235 51
49413 33817 51
536 15131 52
539 5808 52
2697 46053 52
2980 19570 52
3517 22648 52
4459 41027 52
6385 12013 52
7696 34987 52
7868 49610 52
7921 20842 52
8742 27157 52
9060 33273 52
9200 13412 52
13412 13369 19
9580 36584 52
10897 21955 52
11850 20881 52
13432 35705 52
13633 34258 52
13847 47715 52
15523 670 52
670 25628 47
16295 34755 52
16495 25639 52
16546 21951 52
16750 16175 52
17463 35525 52
18528 16146 52
19099 39411 52
19139 43139 52
19306 41152 52
19486 10390 52
19542 31105 52
20433 31959 52
20542 46858 52
21309 34752 52
21443 35535 52
21755 30414 52
22059 38352 52
22159 43906 52
43906 44257 43
43906 37800 49
22671 42448 52
22822 44033 52
22839 16155 52
23182 27971 52
23208 11198 52
23830 38871 52
23947 16728 52
25351 44793 52
25754 35361 52
25809 24057 52
25913 48672 52
27296 48450 52
27376 29325 52
27464 31088 52
27961 31447 52
30031 47193 52
30364 46286 52
30627 42458 52
30652 35839 52
30774 27142 52
33726 43206 52
34184 46441 52
34708 29973 52
29973 45975 13
35123 14149 52
35871 7936 52
7936 45310 41
35903 44022 52
37015 45949 52
37920 31780 52
38052 48398 52
41308 47479 52
47896 40647 52
267 36249 53
36249 16962 17
919 13230 53
3601 34839 53
4149 33152 53
5872 17793 53
6886 34667 53
7306 8554 53
8337 17469 53
9281 40822 53
9632 17262 53
10291 8768 53
10579 18661 53
10909 34436 53
11458 23077 53
12081 30315 53
12276 46132 53
12794 13176 53
13176 37218 11
13268 16430 53
14118 49212 53
14645 10321 53
15309 39433 53
15377 7541 53
7541 42382 52
15687 27434 53
27434 14448 20
16153 37678 53
16583 43340 53
16990 32902 53
17966 21867 53
17973 40796 53
22421 43329 53
22795 35365 53
24694 28504 53
24746 38906 53
38906 38812 14
25800 31701 53
26985 41434 53
27239 31257 53
27977 6305 53
28259 42297 53
29975 22925 53
34203 37894 53
34808 33678 53
35342 23251 53
35363 21180 53
35793 18055 53
36496 42497 53
36935 33278 53
37126 41985 53
38859 38809 53
39547 7252 53
39867 22530 53
40139 17879 53
44627 16705 53
46168 17407 53
47910 32217 53
47956 17165 53
361 29543 54
682 26237 54
961 1979 54
1979 19092 25
1432 10875 54
4176 22979 54
4233 32606 54
4271 16651 54
5206 27335 54
27335 48892 25
5570 33684 54
5579 1636 54
6173 2798 54
2798 3183 46
6189 44404 54
6364 21708 54
6719 37162 54
8748 19746 54
9022 36684 54
13153 15178 54
13344 20925 54
13637 21286 54
14019 23771 54
14353 43679 54
14494 11417 54
16028 25728 54
16033 26170 54
16648 11538 54
16957 18588 54
17419 31306 54
18368 22147 54
19397 11055 54
20158 40422 54
21042 19477 54
21685 26905 54
22386 35623 54
22424 41050 54
22700 46808 54
24438 6566 54
26453 39889 54
26457 16687 54
27341 15450 54
28485 37613 54
30750 46371 54
32319 32230 54
33215 28420 54
33503 35163 54
34188 27577 54
35551 12138 54
36163 28912 54
36503 45149 54
39293 14815 54
39604 44856 54
40257 46247 54
40412 8941 54
40486 23262 54
41016 45476 54
41181 48748 54
41696 33084 54
33084 46717 3
42010 32055 54
42725 48283 54
43342 45316 54
43993 38298 54
44327 40272 54
46201 42308 54
46548 35875 54
49400 10607 54
1634 37312 55
2223 34786 55
2406 38645 55
5310 14949 55
5753 13476 55
6739 32511 55
6785 24082 55
7453 12098 55
7734 48905 55
10035 39858 55
11155 5183 55
11263 14910 55
11389 18112 55
18112 18322 45
12420 28369 55
13450 8703 55
13499 37396 55
14607 41493 55
14679 44650 55
15737 41684 55
16242 20843 55
16697 15100 55
17646 15061 55
19770 9159 55
20350 39586 55
22895 23548 55
23796 9879 55
24689 38421 55
25212 24939 55
25551 15829 55
26201 34576 55
26985 19894 55
27884 39684 55
29142 39125 55
29668 21114 55
30252 39502 55
30374 31455 55
31983 12792 55
34500 40557 55
35012 27398 55
27398 5070 10
38042 42264 55
39370 6822 55
39908 40732 55
40778 20898 55
40871 44200 55
40890 35588 55
44052 35228 55
44261 27238 55
45400 40767 55
47134 29844 55
47989 44430 55
48835 27211 55
48996 29377 55
1689 41923 56
1798 5811 56
3046 26305 56
3148 13357 56
5100 6342 56
9226 16180 56
12543 16255 56
13184 16346 56
15195 33268 56
15629 38805 56
16384 236 56
19043 4916 56
20200 14266 56
20206 41241 56
20381 33563 56
22476 47162 56
47162 16307 28
23020 12061 56
23346 46788 56
24291 40255 56
24782 42518 56
25539 23018 56
28256 27994 56
28735 38839 56
30180 39723 56
33028 22976 56
33504 40530 56
33792 19352 56
34480 44549 56
37208 33135 56
39039 35707 56
39418 49705 56
39706 42620 56
40547 32769 56
43092 19433 56
43457 43249 56
47342 31502 56
47367 38410 56
38410 31511 48
1287 22586 57
1430 44167 57
1899 11120 57
11120 37707 3
2708 31084 57
31084 45364 4
3286 26248 57
6253 38604 57
6983 33214 57
7267 14026 57
8209 44594 57
8812 17598 57
10188 28880 57
12591 17567 57
16226 36526 57
16478 38748 57
17798 33100 57
17990 41845 57
18127 24213 57
20871 35613 57
21680 35039 57
23503 23349 57
27015 31220 57
28175 47216 57
29253 16498 57
29381 5762 57
29718 35684 57
29870 16920 57
31986 38658 57
32874 48153 57
48153 48714 3
33887 34049 57
35245 37968 57
41337 49547 57
43300 16668 57
43774 7777 57
44578 15991 57
47194 35514 57
48104 28163 57
48236 12464 57
1514 30604 58
2923 16572 58
2977 46384 58
5118 6603 58
6788 12135 58
9081 16939 58
9137 11096 58
9270 11103 58
9573 19281 58
10070 41582 58
10161 17371 58
10612 34172 58
15277 11549 58
15762 43525 58
18495 9619 58
20547 24427 58
21238 23908 58
21723 40612 58
24405 49155 58
27060 42947 58
29804 11783 58
30385 23512 58
23512 14197 33
30834 7016 58
33980 25413 58
34057 47089 58
34065 24434 58
34294 45437 58
36055 37180 58
38807 33501 58
39855 49012 58
40926 38366 58
41620 24396 58
43347 22299 58
44164 33179 58
45528 11899 58
48169 37618 58
1269 29551 59
1787 41899 59
2233 37311 59
3039 9449 59
3846 7747 59
5044 9236 59
6036 17985 59
8011 34949 59
9294 23266 59
11464 41866 59
13895 38284 59
15470 40508 59
15617 9937 59
16936 36832 59
17709 35443 59
18095 17164 59
19661 46397 59
21482 44846 59
23419 27984 59
23661 38877 59
24369 36721 59
27815 12309 59
32240 38427 59
33835 40183 59
37120 38769 59
40034 12265 59
40204 29560 59
40332 37425 59
41562 34658 59
41928 6769 59
43904 31951 59
45224 34543 59
46262 16865 59
47171 6383 59
47514 29951 59
49653 32883 59
49959 44923 59
119 24268 60
2655 4028 60
5508 42104 60
7488 24969 60
8891 48363 60
10136 14465 60
13858 41139 60
16294 45506 60
18334 30272 60
18546 10315 60
19849 27509 60
20068 28956 60
20954 25717 60
22224 36558 60
25504 30161 60
25985 46455 60
37793 26424 60
41688 40091 60
42790 26412 60
43627 35872 60
45127 17927 60
48392 5088 60
49387 43004 60
740 31836 61
2199 11856 61
4008 17130 61
4718 37777 61
4828 38776 61
4991 16359 61
5104 8975 61
8533 11322 61
12871 9969 61
16721 43924 61
18207 6020 61
20085 26854 61
20576 24940 61
21688 48193 61
48193 20778 34
21875 27741 61
23065 27419 61
24524 17161 61
24638 49366 61
24951 8834 61
25710 17395 61
26859 45062 61
27776 31626 61
27793 39694 61
29532 36233 61
36233 48419 33
48419 17781 12
30686 49953 61
31788 49742 61
35109 38290 61
35883 22058 61
38169 19112 61
43103 10929 61
49117 12012 61
12012 41044 47
1178 11199 62
1440 25433 62
2708 24645 62
3930 45611 62
4722 10604 62
6779 25904 62
8028 8943 62
9009 33925 62
11039 26208 62
11865 14373 62
14568 33256 62
15370 31210 62
16331 18977 62
17127 42394 62
17812 44972 62
18592 14217 62
20283 41814 62
22060 39015 62
22318 43296 62
23118 34290 62
25758 28146 62
27130 44670 62
30146 42651 62
34501 26583 62
35925 1294 62
37834 8363 62
44840 47094 62
48273 20221 62
375 33202 63
797 33770 63
5877 20637 63
7183 451 63
8696 29550 63
9083 31933 63
9611 5803 63
12387 45350 63
45350 14314 40
12677 5112 63
13783 5333 63
13943 24473 63
14970 46203 63
15477 44806 63
18374 47071 63
25012 10014 63
28123 42259 63
30885 38721 63
31084 36972 63
31653 14181 63
32615 9166 63
33555 38184 63
34922 34434 63
37972 40748 63
38845 8719 63
41585 822 63
822 332 9
43821 5669 63
43872 12195 63
44409 37767 63
44433 48037 63
44825 20107 63
46417 37734 63
48928 15686 63
149 15967 64
841 32791 64
3039 27641 64
7176 38268 64
9128 22868 64
9406 39223 64
10329 42875 64
11313 46114 64
12514 1387 64
12799 34399 64
15342 33262 64
33262 38036 61
16034 31942 64
20538 21968 64
21497 7334 64
22044 20143 64
26881 16638 64
27275 43435 64
28855 41781 64
29174 23728 64
30674 28495 64
30922 49076 64
31405 36102 64
38878 41449 64
40921 46185 64
1393 15343 65
2117 9017 65
5149 16363 65
13231 19783 65
13989 19721 65
14178 40388 65
17961 26049 65
18014 33670 65
18623 35919 65
18745 16361 65
20247 26677 65
22044 35994 65
25460 23362 65
28667 37340 65
32019 42528 65
42528 22695 24
34815 28121 65
41049 25613 65
41120 15839 65
43064 31828 65
45081 32088 65
2299 41435 66
3324 33936 66
3522 44480 66
6108 8513 66
11215 33106 66
12628 12844 66
13159 40575 66
15191 40236 66
15674 48400 66
16611 25285 66
16619 36687 66
25528 40316 66
32761 42585 66
36446 38111 66
37433 43200 66
39978 46989 66
40769 45558 66
41548 19691 66
44170 19987 66
45346 1305 66
2036 34112 67
10601 35537 67
11409 26233 67
12796 19632 67
14817 9160 67
15622 29744 67
18273 29816 67
18770 27320 67
21567 39870 67
25537 31813 67
33692 38880 67
34067 43649 67
36705 14987 67
38445 23125 67
38859 43881 67
43443 20558 67
43843 36236 67
44072 31585 67
3460 19326 68
4640 18251 68
17058 20944 68
20002 5072 68
24207 49696 68
31183 41531 68
36455 32010 68
40933 46942 68
43031 27119 68
45899 46535 68
4924 25096 69
25096 36616 49
8031 14094 69
9436 44514 69
11521 16113 69
13195 35769 69
16291 19714 69
18059 49867 69
49867 32480 4
19344 34082 69
24005 46137 69
26703 33305 69
26784 28477 69
27047 45250 69
37439 31459 69
38560 36970 69
44010 35982 69
48741 36381 69
49572 28471 69
115 13578 70
3016 42777 70
11471 20259 70
16819 37807 70
19259 48223 70
24753 21764 70
25838 26449 70
26821 19735 70
38338 11074 70
48369 10394 70
212 28539 71
28539 47836 2
4558 31569 71
4693 6321 71
8129 15533 71
8760 31010 71
11815 31866 71
31866 44772 64
44772 35861 10
16206 48851 71
17215 33791 71
20586 13684 71
31749 38898 71
36952 28549 71
39453 26486 71
40790 25521 71
45880 31424 71
49523 46994 71
2737 24766 72
4321 16812 72
6927 45507 72
15670 34577 72
18886 11916 72
38023 18257 72
46114 29974 72
47070 34285 72
34285 38976 72
49083 18613 72
2182 12894 73
4380 30398 73
7359 46191 73
26128 42596 73
31444 35324 73
43145 44659 73
705 9494 74
3182 18362 74
14217 19331 74
25967 34856 74
28049 34194 74
28122 49747 74
31237 36382 74
33372 36237 74
40627 25920 74
220 32853 75
4284 38283 75
8133 34700 75
14744 25107 75
17937 13617 75
18990 33353 75
22359 23655 75
22458 31217 75
30502 46242 75
37869 7411 75
39673 33437 75
45523 14925 75
49249 39188 75
16360 5760 76
40778 47519 76
45913 45143 76
1355 45043 77
44348 41535 77
899 49169 78
1971 17293 78
3977 10007 78
6725 30408 78
10095 12212 78
13775 38615 78
14928 5968 78
22776 38754 78
42363 28403 78
1775 37821 79
11360 24705 79
12094 22029 79
33649 27980 79
36442 43112 79
3012 46635 80
13846 18895 80
24462 38305 80
28562 21305 80
146 25891 81
259 35480 81
4768 19131 81
35642 18992 81
39466 30820 81
30820 32132 38
48062 49242 81
8371 26287 82
11756 30432 82
19388 37903 82
27256 40324 82
49367 34012 82
29738 39099 83
33578 32306 83
46771 24634 83
470 48222 84
28298 29619 84
39978 35697 84
41719 36592 84
45697 23592 84
11621 47459 85
30656 45783 85
32824 40284 85
40070 42573 85
46414 44525 85
47115 26302 85
14770 46321 86
20486 21057 86
12574 29057 87
19992 40417 87
11090 42846 88
18357 34347 88
26774 34757 88
41224 33426 88
30083 49522 89
33834 24400 89
1450 18725 91
22902 22658 91
31179 21275 91
26015 49482 92
26990 47419 93
7719 17722 94
34081 46594 94
34637 38497 94
12783 21112 97
42714 33921 97
10877 17280 98
12679 37495 98

Total MST weight: 764914

Execution Time: 237.53 ms
