Algorithm: Prim's MST

MST edges:
0 1 9
1 4275 7
0 8124 12
8124 2190 8
2190 1700 13
1700 8252 3
8252 424 6
424 1080 12
1080 824 2
824 8202 4
8202 2453 3
8202 9428 6
824 567 7
567 9190 4
567 6465 5
567 1392 6
1392 2423 2
1392 20 5
20 102 2
102 7315 6
7315 9509 5
567 1485 6
567 70 9
824 9584 9
9584 5310 1
5310 9588 8
9588 1007 9
1007 2019 9
70 9665 10
9665 2841 7
2841 9376 6
9376 1503 1
1503 6498 3
6498 3577 1
9376 2484 6
2453 7671 10
7671 1612 4
1612 4892 4
4892 3488 3
7671 802 9
1612 742 10
742 7536 3
7536 1253 7
742 5856 9
1253 2991 9
3488 3228 11
802 118 12
118 8197 1
118 7 4
118 2482 4
118 5006 8
7 43 11
43 9481 4
43 1002 7
2482 2839 11
5006 8075 11
118 2144 13
2144 7288 5
2019 7683 13
3228 3657 13
1080 4840 14
4840 3802 2
3802 4045 10
4045 1486 10
1486 9593 5
5856 369 14
369 6903 6
6903 1336 11
6498 8622 14
8622 3256 1
20 2149 15
2149 6922 2
2149 7607 2
7607 535 2
7607 5131 8
535 355 10
355 1750 2
355 1101 4
355 8683 5
8683 6845 3
6845 6804 5
6804 6306 1
6306 8682 5
6804 895 5
355 121 6
121 5256 4
5256 7774 3
7774 1716 2
1716 3634 3
7774 546 4
121 1203 6
546 3081 6
1750 140 7
140 6094 2
140 1934 7
140 1116 8
1116 5157 1
1750 4278 8
4278 7699 7
3081 9603 8
8682 2075 8
2075 5038 5
5038 4408 4
895 5152 9
1203 7122 9
1116 9526 10
5131 4467 10
4467 5047 1
5047 3688 1
5152 2755 10
2755 9262 5
9262 2070 2
2070 5522 4
5522 7681 1
5522 3361 7
2070 7212 9
7212 7468 8
6306 9498 10
5157 571 11
571 142 4
142 6934 8
571 4439 8
4439 4953 9
5256 244 11
244 968 1
968 2331 2
244 1302 3
2331 1223 3
1223 5269 3
2331 5762 3
244 2536 5
968 9476 5
2536 165 9
9476 9653 10
9653 8449 4
8682 3192 11
3192 6138 3
3192 2550 9
9498 2725 11
2725 2578 3
2578 5500 5
5500 4018 3
4018 1691 6
1691 3547 1
3547 7574 8
7574 3292 6
3292 1196 3
1196 6258 1
1196 1977 8
3547 4250 10
1750 6084 12
1934 1985 12
1985 5827 8
5827 4272 8
4272 5324 1
4272 7396 9
5324 4987 10
4987 556 7
556 9386 4
4987 8121 8
8121 4984 4
4984 7514 5
7514 1012 4
1012 1008 2
1012 5222 6
4984 9057 6
7514 4595 6
4595 2100 1
8121 8188 6
556 639 10
1008 2680 10
4987 4666 10
4666 3349 9
3349 1401 6
1401 2761 7
4666 3865 9
4666 8575 9
4987 9327 10
9327 2137 6
9327 6964 7
1012 9161 11
1401 4893 11
4893 3485 4
4987 7815 11
7815 4901 1
4901 516 6
8575 8090 11
8090 174 6
516 1480 12
2070 2461 12
2461 4898 1
2461 9339 3
9339 321 4
321 3724 4
9339 4889 5
9339 8034 7
9339 9921 7
9921 8254 7
8034 3799 8
9921 1481 9
1481 327 10
3724 7201 12
4272 7136 12
8449 7031 12
9498 4234 12
9603 1908 12
1908 9362 1
140 182 13
165 703 13
703 7891 6
7891 870 3
355 1363 13
1363 8167 13
8167 7770 2
7770 7936 7
7936 3788 6
3788 450 6
7936 6621 9
450 2048 11
8167 1640 12
1640 8690 1
8690 3157 7
3157 4547 5
3157 5200 6
1985 8626 13
2100 4564 13
4564 2758 4
2758 9929 8
2755 9163 13
9163 1663 11
3865 1438 13
4234 6011 13
6011 6236 6
6236 5350 8
4893 7610 13
7610 6142 1
7610 1195 4
1195 698 4
6142 8267 6
7610 4276 7
4276 4895 3
4276 1220 5
1220 228 8
228 7784 6
698 470 9
470 9311 8
9311 7515 1
9311 1733 3
7515 2796 7
2796 4863 5
9311 1144 9
1144 423 5
6142 5463 10
1220 2127 11
4276 7115 11
470 460 12
2127 1266 12
4276 5663 12
4895 7594 12
7594 7827 8
7827 2977 1
7827 7932 3
7827 9634 6
7827 1741 10
1741 5694 1
1741 6819 1
1741 1211 2
6819 4698 2
6819 9809 2
9809 3440 2
1741 5036 4
5036 5062 2
6819 5255 4
9809 8430 8
1741 5074 9
5036 7516 9
7516 806 3
806 5654 1
806 1282 3
1282 592 1
1282 5984 4
5654 4175 4
592 9115 7
9115 6317 6
9115 8004 7
8004 1646 3
806 2970 9
5074 5814 9
5814 4062 3
5814 4012 5
8004 7099 9
7099 9060 6
1211 558 10
558 560 6
558 3898 10
3898 8861 7
8861 8122 2
8861 3329 5
3898 3155 8
560 886 10
886 725 1
725 2056 2
886 5212 9
5212 7832 2
3155 5231 10
5231 133 3
5231 8285 7
8285 9225 2
133 287 8
287 4316 5
287 3314 6
3314 9968 3
9968 5774 4
287 524 7
5774 4563 7
4563 9885 2
4563 8204 8
8204 7781 3
8204 9128 5
133 7662 10
5774 420 10
420 1899 7
7781 5897 10
5897 4347 1
4347 5468 2
5468 215 4
215 7311 3
4347 3063 5
3063 9048 5
9048 6748 5
215 6134 9
6134 4405 6
7311 7444 10
7444 1945 3
1945 3452 9
3452 8383 9
8383 8901 2
8383 5977 5
8901 661 6
661 2627 3
5977 7405 8
8901 2890 10
2890 298 2
298 466 10
2970 4055 11
7781 9506 11
9506 678 9
9506 1843 10
678 3942 11
8285 7276 11
8901 4140 11
9634 5840 11
5840 929 3
929 1980 11
1980 9999 1
9999 5833 4
1980 8771 11
5833 9553 11
725 8354 12
2056 5227 12
5227 9775 5
9775 8106 1
8106 5080 5
8106 7259 6
5227 7531 7
9775 4597 7
4597 3975 7
3975 9628 7
9628 64 2
64 2765 5
2890 6196 12
3314 2421 12
2421 4996 4
2421 4704 5
4704 9085 3
9085 2936 1
2936 8176 7
4704 1243 7
8176 7245 7
2936 3611 9
7245 2136 9
2136 5498 1
2136 2452 3
5498 4475 4
4475 2504 2
4475 5051 4
5051 702 3
4475 6640 4
2136 7082 7
2504 8023 7
8023 5485 6
2504 1085 8
1085 2675 1
2675 1607 1
2675 5295 1
5295 4762 2
2675 9075 6
5295 832 6
5485 6500 8
6500 8311 4
5485 6859 8
5295 7830 10
6500 9637 10
9085 3437 10
5485 2783 11
8176 8763 11
8763 191 6
191 4202 2
8763 9738 6
9738 9956 10
9956 6172 1
9075 4363 11
4363 1849 10
4363 771 11
771 6782 1
6782 5198 2
3611 2180 12
2180 5439 2
5439 8395 8
8395 1465 2
4698 6625 12
6625 2987 4
4996 9064 12
9064 6330 3
6330 815 7
815 5053 5
5051 9095 12
9095 9729 9
9729 7016 5
9729 8874 11
8874 221 10
8874 9032 11
9032 51 2
51 4683 3
9032 5475 7
5475 4850 3
5475 9328 3
5475 872 5
872 8652 5
5475 2575 6
4683 7002 8
5475 3590 11
872 94 12
5295 3916 12
3916 1929 10
1929 4881 2
4881 2736 5
1929 3232 6
3232 148 5
148 76 1
148 9677 3
1929 917 7
917 398 4
917 9774 5
3232 7105 7
1929 2147 8
9677 7625 9
7625 3380 3
3380 4301 3
7625 9492 3
9492 8916 4
3380 6075 5
6075 6495 4
6495 2141 1
6075 8983 6
4301 8734 8
8734 8714 4
8734 1811 6
6495 1859 8
7625 8927 10
8927 1400 4
1859 5095 11
5095 3461 4
5095 8190 4
6495 6610 11
6610 9756 3
9756 2415 3
2415 7138 6
7138 3902 1
3902 6027 4
6027 8977 7
8977 9867 1
9867 2721 3
2721 6654 4
2721 6755 6
6654 8761 10
8761 7872 4
7872 554 6
554 8040 1
554 7661 7
7661 5068 2
5068 763 2
7872 47 7
5068 3804 8
47 7708 9
7872 5513 9
6755 6959 10
9867 2160 10
2160 5983 2
5983 7178 1
7178 4766 7
2160 9624 8
9624 6361 6
6361 9504 1
6361 7769 5
7769 2523 7
5983 6477 8
2160 1698 10
554 6550 11
3902 689 11
689 1916 4
1916 3880 3
689 9890 8
9890 2667 8
2667 7587 10
1916 1883 12
1916 2202 12
1916 5147 12
5147 2448 6
2448 4522 1
4522 6737 3
6737 2433 4
2448 6809 6
6809 4776 7
4776 6168 8
2433 1792 9
1792 4216 5
4216 854 1
2448 1492 10
4776 622 10
622 6365 10
6365 6185 9
2202 3992 12
3992 4385 11
4385 5491 5
5491 7156 1
7156 6644 3
4385 8572 7
2721 5346 12
4301 7360 12
7360 8973 5
6500 7987 12
6640 3812 12
7610 5133 12
7625 14 12
14 3529 6
8023 7312 12
8763 6930 12
6930 1680 9
1680 346 8
346 32 3
1680 1317 8
1680 3620 9
3620 3432 9
3432 4136 9
4136 2834 8
2834 4527 2
3432 9270 11
9270 2407 11
4527 3204 12
9225 5525 12
5525 5860 1
5860 510 5
510 8706 1
510 3751 7
9775 2983 12
9956 6490 12
6490 3653 4
3653 529 9
529 4814 1
4814 8963 2
529 5261 3
529 9424 4
8963 7298 9
64 366 13
366 5541 9
5541 2002 6
5541 6942 7
5541 7144 7
5541 1721 8
7144 6249 8
6942 4941 10
4941 2280 11
2280 6245 4
2280 2635 12
398 1463 13
1463 2428 7
1463 3109 10
3109 1866 12
698 9291 13
9291 1768 9
1768 9489 5
9489 7582 2
7582 8776 2
8776 7251 9
9291 5121 10
806 2707 13
1243 7086 13
1317 900 13
2147 8754 13
8754 6480 10
6480 9696 5
2721 9199 13
9199 7179 3
7179 1670 3
1670 7313 11
7313 7866 2
7313 7790 9
2987 1661 13
1661 1815 3
1815 9963 5
9963 5446 6
3063 6274 13
6274 9066 7
3432 412 13
3620 8250 13
8250 5955 3
5955 3631 8
3631 3110 5
3631 9611 12
9611 2558 5
2558 3624 7
3624 4648 2
3624 7992 5
7992 8475 5
8475 8112 3
8112 9213 2
7992 135 6
2558 1283 9
2558 258 11
258 1745 2
258 4205 6
258 9614 10
9614 9255 4
9614 6218 10
3624 2047 11
2047 27 2
27 4387 11
2558 2422 12
2422 7660 2
7660 4761 2
3624 9901 12
3916 3678 13
3678 2995 9
3678 8961 11
8961 6426 3
6426 8744 9
4683 3439 13
3439 2681 2
3439 6130 4
6130 1614 12
5491 2159 13
2159 5096 5
5096 218 6
5096 2174 9
2159 2274 11
2174 5596 12
6075 5584 13
5584 3911 1
3911 8972 1
8972 2115 1
2115 5766 2
5766 4726 2
5584 3596 3
3911 6363 5
8972 3967 5
2115 7404 6
7404 1939 4
3596 2072 6
2072 5013 1
6363 7121 6
2115 1427 7
3911 2265 7
2265 3 3
3 4204 5
4204 1367 4
1367 485 8
485 5257 2
2115 7222 8
5766 6676 8
6676 3304 4
7404 9356 8
8972 3457 9
3457 8196 6
8196 1347 3
1347 1674 4
3911 8482 10
5013 2641 10
2641 3956 9
3 7694 11
7694 3061 9
3061 6837 3
3967 3721 11
3721 1526 5
1526 9880 5
1526 1615 8
1615 3872 10
6676 8818 11
9356 5937 11
5937 7570 3
5937 7669 10
9880 5142 11
5142 2077 4
2077 523 7
485 2025 12
2025 8795 11
8795 1722 6
1722 6761 8
6761 1019 3
1019 8233 3
6761 2316 6
3061 3701 12
7222 6273 12
1019 905 13
1722 1735 13
1735 7300 5
1735 6228 10
7300 8841 12
8841 4074 9
3596 8546 13
8546 9582 8
3872 8168 13
6550 6786 13
6786 8753 12
8753 2145 7
2145 674 12
6676 7438 13
7438 5389 5
7438 9251 7
9251 4410 3
7300 2477 13
2477 6026 6
7396 4773 13
4773 9996 6
4773 1638 10
1638 4585 9
7660 8213 13
8213 1011 5
1011 623 1
1011 3649 6
8034 4910 13
4910 8156 8
8156 5642 3
4910 3793 9
3793 6154 8
6154 2818 10
2818 2979 13
5642 5481 13
5481 2134 12
2134 5480 5
8233 1308 13
1308 7012 9
7012 8331 1
8714 9878 13
8776 7339 13
8874 8236 13
8236 4576 3
4576 1474 4
1474 8164 7
4576 6956 9
6956 3885 6
3885 2081 2
3885 1095 5
1095 9412 2
2081 3358 7
8164 530 9
1095 5523 12
9064 2248 13
2248 5921 5
9128 8686 13
8686 4513 2
8686 3352 8
3352 3363 1
3363 9297 1
9297 1660 4
1660 1688 1
9297 4786 4
4786 9507 3
4786 9468 6
3352 3177 8
3363 4611 9
4611 1204 2
1688 4810 10
4810 1109 4
1109 6762 5
1109 7132 5
6762 1360 7
9297 5364 10
5364 8834 6
4786 1882 11
1882 8405 10
8834 7305 11
7305 7083 2
7083 7520 1
7520 275 2
9507 6276 11
6276 5560 9
5560 2358 7
1882 3406 12
3406 5728 1
3406 9010 1
5728 5592 5
5560 4380 12
4380 2714 8
4380 8621 11
8621 6716 6
1688 1831 13
1831 8867 4
8867 6711 7
6711 6858 9
6858 8725 10
8725 5647 4
5647 395 4
395 8888 6
8888 7859 1
5647 1921 6
395 473 11
3177 7189 13
7189 3998 1
3406 4431 13
8405 4621 13
4621 8797 10
8797 8417 12
8417 9451 9
8797 1092 13
9163 1396 13
9251 1233 13
1233 6790 8
9634 262 13
262 113 10
113 65 5
65 7395 3
7395 1791 1
1791 2152 3
7395 9224 3
65 204 5
204 5277 2
1791 751 5
65 3552 6
204 392 8
392 3284 1
3284 333 4
333 808 6
808 5509 4
333 21 7
21 358 1
5509 624 8
624 5908 2
333 5786 9
3552 99 9
3552 5711 9
5277 3537 9
3537 4584 4
4584 2224 4
2224 6391 3
3537 1382 6
99 536 10
536 6187 3
536 8537 3
6187 3236 3
3236 6151 2
204 154 10
154 8530 2
8530 4342 1
8530 1104 4
4342 9897 5
154 847 9
847 2498 9
2498 2924 3
2498 6368 4
2924 1407 8
204 2658 10
2924 3687 10
3687 6504 4
3687 3961 8
3284 9850 10
204 4869 11
1407 7203 11
7203 5879 8
1791 4541 11
4541 3456 2
3456 4710 1
3456 9470 7
9470 4951 6
2498 5118 11
2658 7226 11
5908 53 11
53 4282 7
4282 5124 3
53 7924 7
4282 2467 10
4282 2652 10
53 2911 11
53 9872 11
4282 5631 11
9224 4481 11
4481 8692 1
8692 9879 5
4481 3237 7
9879 9375 10
9375 9345 1
9375 214 2
214 5171 1
9345 3538 8
3538 5098 6
5098 1723 6
5171 1535 9
1723 8413 11
113 115 12
2498 837 12
2924 1393 12
3537 8489 12
5124 6660 12
5277 913 12
8489 1043 12
1043 5090 3
5090 9178 4
9178 7271 5
115 3995 13
204 384 13
384 8786 1
8786 5797 11
5797 5225 3
5225 9208 6
9208 819 4
5225 1708 7
819 951 8
951 227 2
227 4975 2
5225 9445 9
9445 5870 3
5870 1522 6
1522 1293 2
1522 2344 4
2344 9943 4
5870 5514 6
5514 6695 5
9943 1300 7
9208 7782 12
204 4609 13
4609 617 10
617 7750 9
7750 1596 9
1596 1551 8
7750 7209 9
7209 2689 3
2689 2348 2
2689 3141 4
3141 1785 2
7209 5512 5
1785 9217 11
9217 1082 1
1082 3153 7
9217 6438 9
1082 5188 12
5188 2239 2
5188 7264 3
7264 110 6
7264 5964 8
5964 5070 3
5070 8803 2
5070 7844 10
7844 1466 5
1466 75 1
1466 9767 4
75 4961 8
4961 4010 1
5964 8696 10
8696 9197 2
5188 7976 11
7976 8067 9
75 134 12
134 8084 4
8084 7139 2
8084 851 3
8084 7928 8
134 4104 11
384 3521 13
617 6291 13
6291 781 7
1522 4486 13
4486 1687 5
4010 3119 13
3119 5633 2
3119 2186 7
4486 8025 13
5098 3426 13
5171 1355 13
5631 729 13
729 431 2
729 2743 2
431 4038 5
431 5287 6
2743 597 7
597 2931 6
4038 6139 10
431 6642 12
2743 3765 12
3765 3240 1
3765 9093 5
9093 5941 5
5941 9480 6
3765 1471 10
5964 6758 13
6391 1075 13
7203 4562 13
8530 2900 13
2900 2096 2
2900 6131 9
2900 5026 12
5026 1432 3
9208 5945 13
9872 1111 13
1111 4356 11
3 2246 14
113 4952 14
4952 5436 13
5436 4668 10
4668 3172 5
258 627 14
366 1451 14
1451 5019 3
1451 962 7
395 677 14
470 588 14
702 6347 14
808 589 14
589 6631 10
589 1642 12
851 7443 14
854 522 14
1144 9005 14
1223 7291 14
7291 583 4
583 5459 4
583 8028 9
8028 6517 8
7291 417 11
417 2447 11
1407 8879 14
8879 7102 6
7102 8388 8
1471 7517 14
7517 5306 6
5306 2594 3
2594 8887 2
8887 4265 1
5306 4816 6
7517 6757 9
6757 4569 2
4816 724 10
724 1094 2
724 1036 9
1036 1447 4
1094 1289 10
1289 1761 3
1761 7549 1
4569 1167 12
4816 669 12
669 1443 11
1443 288 10
1094 4897 13
7549 538 13
1289 8027 14
1660 5973 14
5973 1793 10
1793 1405 3
1405 7275 2
1793 3428 5
3428 4244 1
1793 3026 12
3026 1566 2
1674 5442 14
5442 6376 1
5442 770 10
1688 6647 14
6647 9050 2
9050 8504 5
8504 5461 6
6647 7869 7
7869 3229 4
5461 7044 10
7044 8050 3
7044 5732 7
7044 4220 10
5732 7182 11
6647 3720 12
5461 1563 13
1563 2580 7
2580 8163 7
8163 9646 3
8163 527 5
8163 1838 10
1838 551 2
1838 3767 3
3767 6211 2
551 9973 6
1838 2566 9
2566 4345 3
4345 9826 6
527 55 14
55 1507 4
1750 8665 14
1899 1757 14
1921 2820 14
1929 9785 14
2070 4874 14
2077 8118 14
8118 8222 1
8222 1829 3
1829 8919 5
8919 5127 6
5127 9835 11
8222 7040 12
7040 3091 1
7040 7836 4
7836 253 2
253 4207 6
4207 675 2
7040 8614 8
8614 8373 1
8614 3261 3
7040 1458 11
1458 6446 7
6446 7321 1
7321 6939 2
6446 7475 6
7321 4829 10
7040 8109 11
8109 7124 5
7040 8773 11
8773 783 9
675 3126 12
3126 3418 1
2186 5629 14
5629 3132 7
2433 7382 14
7382 1851 13
2820 8516 14
8516 687 2
2890 9802 14
3292 8955 14
3799 5739 14
3804 9990 14
9990 330 4
9990 509 5
9990 4792 6
4792 5178 7
509 363 12
509 2110 12
2110 1232 7
1232 1747 3
1232 1137 10
330 3869 13
1747 464 13
9990 8677 13
8677 1705 1
8677 2947 6
1747 3218 14
3218 8428 6
3218 1953 10
1953 8443 11
8443 2305 7
8443 3833 11
3833 2513 12
2513 2079 4
2513 8339 12
1953 29 13
3898 5488 14
3961 220 14
220 250 9
4038 2143 14
2143 2060 5
2060 9666 8
2060 2178 12
4278 5789 14
5789 5609 11
5609 39 8
39 9605 1
39 6155 2
39 4633 4
39 7397 6
39 499 8
499 2824 3
2824 5373 5
5373 1624 2
2824 2538 9
499 5913 10
4633 8297 13
4481 1133 14
1133 3482 5
1133 3106 10
3106 8721 1
8721 4186 4
8721 9728 4
9728 1545 13
1545 1410 11
1410 7730 14
4481 9312 14
4666 640 14
640 8755 7
4869 668 14
4893 926 14
5227 2769 14
5277 6127 14
5633 1996 14
5786 4610 14
4610 7076 10
5827 6692 14
6131 4346 14
4346 6735 2
6245 727 14
6291 8624 14
6376 5314 14
5314 8451 11
5314 2616 13
6426 5656 14
5656 2243 8
2243 8601 12
6757 5383 14
5383 2138 12
2138 6777 7
6777 4724 2
2138 3504 8
3504 6568 5
6568 8389 7
2138 5975 8
6790 9687 14
7245 5834 14
7339 8788 14
7669 3542 14
3542 7358 7
7832 7039 14
7872 5134 14
5134 444 13
444 489 13
489 8816 14
8816 8934 4
8934 8580 1
8580 4865 2
4865 2475 1
2475 2993 2
8934 3273 3
8816 7241 6
2993 5898 7
8934 4705 12
2475 9600 13
9600 3458 2
3458 5298 8
9600 4594 9
3273 6636 13
6636 8420 11
8420 9567 7
9567 2598 6
8420 5107 11
8112 9856 14
8118 3436 14
3436 4312 11
8204 4124 14
8354 3643 14
3643 6913 14
8621 2858 14
2858 3459 5
3459 4094 6
4094 8824 7
8824 9936 8
9936 4120 3
9936 5830 11
5830 6140 4
6140 9189 4
9189 9515 4
9515 1450 2
1450 7129 3
6140 4518 5
4518 3283 1
3283 8048 2
1450 2846 6
2846 8584 8
8584 8175 10
8175 3715 11
3715 2345 6
2345 5457 1
5457 5872 5
5457 6099 7
2345 7365 8
7365 7646 5
7646 4438 6
5872 9460 9
3715 3279 10
2858 2687 12
2687 5416 12
5416 7457 1
7457 1061 3
1061 308 4
1061 7512 4
308 1540 7
1540 1409 3
1061 2632 9
2632 7263 2
2632 7873 4
5416 3303 9
1540 3070 10
7512 4319 13
8686 7525 14
7525 6835 1
7525 1958 7
7525 8120 11
8120 61 3
8120 8522 10
8522 7175 1
61 4896 13
4896 8911 2
4896 9537 11
8696 7037 14
9217 2031 14
2031 3585 14
9489 3530 14
3530 6153 13
9624 5021 14
5021 862 3
5021 3580 14
3580 7583 3
9756 3094 14
3094 1422 3
3094 4873 6
4873 8044 8
1422 6715 9
1422 7620 12
6715 5086 13
5086 5305 3
5086 8279 6
5086 6147 11
8279 2417 12
2417 7341 11
1422 618 14
9756 3650 14
9767 6619 14
6619 853 6
853 9633 3
9968 692 14
692 18 5
18 1951 5
1951 6481 8
1951 5233 13
5233 5794 4
5794 2825 11
5233 4737 14
4737 5589 11
14 30 15
30 311 4
311 3388 9
3388 4718 4
3388 1309 6
1309 3828 7
1309 3878 9
30 5357 13
5357 2346 5
3878 1456 13
1456 9303 8
3828 2916 14
2916 5492 2
5492 4501 6
5492 3374 10
2916 5247 14
5247 5058 2
5058 6700 4
5247 5953 9
6700 3795 11
3795 8553 4
8553 9813 8
3795 2505 12
4501 694 14
39 144 15
144 158 1
144 9844 2
9844 4964 1
144 225 4
4964 3154 5
4964 6423 5
6423 3586 2
3586 4025 3
144 7652 6
7652 2821 1
6423 2633 6
4964 6822 7
3154 4318 8
4318 426 8
158 2702 9
2702 8563 3
2702 467 5
2702 3476 5
426 6627 9
467 3658 9
4025 5602 9
5602 4679 1
5602 8358 1
4025 236 10
236 172 3
5602 2207 10
2207 734 10
734 3098 8
467 653 12
6822 9228 12
9228 8458 3
8358 7030 12
9844 3987 12
3987 7977 3
3987 1836 12
467 2691 13
2691 2528 9
2528 2059 5
2528 5046 5
5046 5381 11
5381 7537 8
7537 9847 2
7537 654 4
7537 684 7
684 4225 7
9847 3376 10
4025 8524 13
4318 2722 13
2722 169 5
169 8220 3
169 3711 11
8220 6002 11
6002 1434 5
5602 7324 13
7324 5818 6
7324 3378 8
7324 2245 12
5818 9352 13
6002 2817 13
2817 4349 10
2817 8942 10
8942 4317 3
9228 902 13
902 1694 14
1694 8793 11
8793 4675 4
4675 4974 8
1836 6469 14
6469 7841 5
6469 3576 9
3576 7295 1
2702 3554 14
3554 8849 12
4225 3484 14
4679 6706 14
6706 1810 6
1810 1795 6
1795 5664 3
1795 9779 5
5664 461 7
461 192 9
192 7693 5
7693 8142 7
8142 4960 6
192 2440 9
2440 2020 3
2020 5915 4
461 550 9
550 9830 4
2020 3522 9
3522 178 5
7693 7653 9
178 347 10
4960 2267 10
2267 8992 2
2267 362 6
2267 3960 7
8992 9732 9
192 1089 12
8992 2789 13
2789 8288 9
1810 7808 14
7808 2027 1
8793 3682 14
9352 2133 14
2133 9052 7
2133 2785 8
2785 3033 3
3033 5784 1
5784 6158 1
3033 352 2
6158 3725 5
2133 6029 8
6029 3333 8
3333 9697 4
9697 3959 3
3959 4932 1
3333 3105 5
3333 8094 5
3959 9723 6
4932 5294 6
3959 8412 7
5294 3348 8
9052 3564 8
3959 5489 9
5489 8444 4
5489 4482 6
3105 5787 10
5787 5467 4
5467 8385 2
5467 9521 4
5787 128 7
6029 8556 10
8556 1575 9
1575 8751 2
8751 9265 7
8751 8042 10
8042 78 6
78 874 7
874 8238 8
78 620 11
9521 6529 11
6529 3710 11
3710 2238 3
2238 8249 7
8249 5877 7
8249 787 9
8249 3532 9
3532 8080 9
8080 3857 5
3857 9931 2
3857 5838 9
8080 3000 9
3000 4800 6
4800 4596 4
3857 1039 10
1039 7442 2
3710 8889 11
4932 1110 12
8412 4059 12
4059 3415 3
3415 3946 6
3946 9474 5
9474 5503 1
4059 5395 6
5395 9448 1
9448 892 5
892 6132 3
4059 8141 6
3946 2672 7
892 1206 9
1206 1090 2
1206 5721 5
3415 948 9
948 1212 5
1212 451 8
451 576 10
576 4962 8
1039 1460 13
1460 3752 2
3752 5805 7
5805 7331 4
7331 7849 1
1575 6035 13
6035 6110 10
4596 8640 13
5489 6861 13
6861 1176 4
1176 9129 6
6861 9219 10
1176 9985 11
9985 3324 8
6158 3129 13
3129 9777 1
3129 9487 2
9777 9986 4
9129 6055 13
6055 3280 2
6055 6312 10
6312 1479 5
1479 3090 1
1479 6323 12
6323 8293 3
3280 2220 13
3280 3131 13
9931 8747 13
3280 3978 14
3978 5734 11
5734 4417 11
4417 6641 6
6641 38 2
38 4567 4
38 8255 10
4417 7490 11
38 3786 12
6641 7143 12
7143 1606 6
7143 3877 7
1606 1821 9
1821 6239 7
3877 757 9
3877 60 11
60 5144 6
5144 5963 3
5963 7103 4
60 9905 6
9905 6827 6
6827 1732 3
6827 3143 4
60 4103 7
60 2297 9
2297 4096 4
60 3346 9
4096 6537 10
5963 848 10
848 2473 2
848 5800 2
5800 555 5
848 4084 7
4084 1635 9
1635 1541 4
1606 2284 12
2284 8845 6
8845 6126 1
8845 126 4
2284 5428 7
4096 4765 12
4765 5546 1
4765 6807 4
1821 2559 13
2559 5563 1
5563 8781 5
2559 9668 8
2559 1194 10
1194 3870 11
1194 5698 11
1821 7336 13
7103 3931 13
3931 8030 3
1194 3807 14
4059 5374 14
4567 2073 14
2073 9694 3
9694 6248 2
9694 8466 8
9694 1554 10
1554 5101 2
1554 5140 6
5140 7101 9
1554 440 14
440 750 3
440 9179 3
440 2286 4
440 4640 4
440 3876 7
2286 5931 8
4640 928 10
440 2946 11
2946 4510 9
928 3472 11
3472 3108 10
2946 3754 12
750 5242 13
3876 9942 14
9942 9758 2
9758 3247 6
3247 1254 6
4596 6632 14
6632 2937 1
6632 3726 2
6632 7643 3
6632 4818 4
3726 9730 5
7643 9597 6
9730 2831 8
7643 7120 9
7120 2978 5
7643 7368 9
7368 4403 6
4403 1003 5
1003 7931 6
4403 4977 6
4977 5621 1
4403 5415 8
5415 9704 6
9704 4534 3
9597 5996 9
5996 8291 2
8291 4992 2
3726 6197 11
6197 5695 3
5695 690 1
6197 4034 8
4403 7522 11
7522 7320 5
2937 3243 12
3243 2751 11
2751 1637 8
1637 1524 2
3243 9908 11
3243 5601 12
1003 3384 13
3384 8185 3
6197 3779 13
8185 3421 13
9730 193 13
193 1275 6
1275 328 10
328 9763 7
9763 7493 6
7493 8072 5
328 79 8
79 2826 5
2826 4097 1
4097 8701 8
9763 4783 8
79 4 9
4 1383 6
1383 8000 7
8000 1947 1
8000 2146 1
1947 161 2
2146 1478 8
7493 1180 9
9763 6817 9
4 7995 11
7995 9027 10
9027 6293 1
6293 9140 2
161 498 11
498 9766 2
498 9043 8
498 868 9
868 1145 5
1145 4509 1
1145 5000 3
5000 2517 8
2517 2083 8
5000 5637 8
4509 4422 9
1947 817 11
817 503 8
503 415 6
415 5905 5
503 9551 8
4097 447 11
447 1798 2
447 5864 5
1798 9500 10
5864 8850 10
8850 8272 3
4509 642 11
5000 7238 11
8072 82 11
82 8104 4
82 455 5
455 2918 1
82 966 6
82 2035 7
966 3398 8
3398 8558 5
3398 3430 6
455 7433 9
7433 1712 4
2918 6611 9
6611 5312 7
498 4443 12
4443 6955 7
4443 6772 11
6772 6478 6
6955 8363 11
642 6507 12
6507 3837 4
817 4429 12
1145 9769 12
1180 8945 12
2517 8974 12
8974 492 2
8974 8617 6
8617 6868 5
3398 9894 12
79 125 13
82 211 13
161 175 13
415 4931 13
1145 1653 13
1653 6225 3
6225 6585 1
1712 5660 13
5660 6539 2
5660 4457 3
5660 9807 3
6539 1994 9
1994 7070 5
7070 4707 7
4707 1767 6
1767 7824 1
1767 721 5
5660 9606 10
4457 5612 11
6539 2952 12
2952 986 1
986 260 7
2952 8479 12
8479 3592 7
3592 733 6
733 5764 1
733 2342 8
6539 9845 12
9845 5925 8
5925 3013 8
3013 5239 8
5239 3831 7
3013 8886 10
3831 4213 12
721 9594 13
9594 6474 3
6474 3602 9
3602 1764 10
1764 4098 8
4098 334 9
1764 609 11
1764 1889 13
1798 4174 13
4174 6943 9
4213 6731 13
6731 519 12
519 3298 5
519 9321 7
519 8344 13
8344 495 11
495 8091 4
8091 2734 4
2734 3738 1
8091 5597 4
495 9320 8
3738 7231 11
5597 9800 11
9800 425 7
425 8299 8
8299 3120 2
8299 6577 2
6577 9139 4
8299 6743 10
9139 9058 11
495 1676 12
1676 9585 5
9585 2132 5
2132 8968 8
8968 8891 3
8891 4789 5
8891 3469 8
3469 5516 11
9585 3364 12
2734 5531 13
5637 1932 13
1932 599 8
1932 6745 8
6745 5476 4
5476 4821 9
4821 7560 2
7560 4993 6
4821 4391 8
4391 2529 1
2529 5747 2
2529 8528 6
4993 4740 9
5747 5190 9
5190 9365 2
9365 9276 9
9276 7590 2
7590 343 6
1932 9895 10
9895 4190 6
4190 3038 4
3038 1230 1
1230 4366 4
4366 9338 4
7590 2271 10
8528 7453 10
4391 8006 11
5190 7840 12
5764 5781 13
6868 7637 13
8974 7806 13
7806 3260 5
7806 3989 12
9551 7065 13
7065 8244 5
7065 8171 7
8171 6432 2
6432 2618 8
2618 4195 2
7065 2998 11
2998 4208 1
9763 4955 13
9766 2338 13
2338 8445 7
690 7792 14
7792 7109 10
7109 3929 8
3929 8387 2
8387 8820 1
8387 9081 5
9081 4815 8
4815 8447 5
4815 7700 8
7109 7207 9
7207 8268 4
8268 4024 9
4024 7686 2
7109 2629 11
2629 7449 9
7449 3331 4
7109 9167 11
8268 1379 12
9167 1378 12
1378 185 4
1378 6767 12
817 7949 14
7949 6133 3
7949 2050 6
6133 2197 13
3038 3095 14
3095 517 9
517 7170 10
7170 4271 10
4271 6834 6
3331 3505 14
3384 3969 14
3969 3563 2
3563 747 1
747 3062 1
3563 8838 4
3969 2973 4
2973 351 2
351 208 9
3062 7788 9
7788 6006 5
6006 9009 3
9009 7521 7
7788 2812 9
2812 6918 8
2812 9945 10
3969 249 10
249 104 2
104 1603 9
1603 8240 13
2812 849 13
849 1925 3
1925 1455 7
849 7088 9
1455 92 9
849 9340 10
9340 3909 6
849 1063 13
1063 1565 2
1063 8631 11
1565 1771 12
1771 5863 3
5863 4040 7
4040 8957 9
1565 3442 12
4422 6491 14
4443 7437 14
4534 776 14
776 867 10
867 9209 12
867 877 13
4821 5341 14
5341 4775 6
5341 1898 7
1898 9772 9
9772 5549 3
5341 6122 9
6122 9404 6
9772 3413 9
3413 3397 5
3397 2438 5
3397 5072 7
2438 1213 9
1213 3255 4
1213 2688 5
2688 6118 2
2688 7137 4
3255 6308 6
6308 7737 4
7737 1876 2
7137 6670 6
3255 7672 7
9772 9790 9
9790 9047 3
2438 1006 10
4775 7345 10
7345 2205 11
1006 7649 12
2205 5207 12
5207 4053 5
4053 988 6
988 5934 5
4053 357 9
357 309 3
6308 4731 12
4731 1166 11
7672 2653 12
2653 2958 3
2653 1886 6
2958 5390 11
2958 196 13
196 8713 1
8713 9079 1
196 152 7
152 5479 5
5479 7706 8
8713 9984 9
9984 1630 7
1630 803 4
8713 8117 11
196 1801 12
1801 9334 10
1630 6412 12
9079 4521 12
4053 5717 13
5717 1150 3
152 319 14
319 3064 2
3064 1062 12
1062 8181 9
8181 4888 12
319 8424 14
8424 6461 8
6461 8092 5
2958 4844 14
4844 8688 1
8688 4419 9
4419 4842 4
4842 9760 8
3413 3561 14
3561 6900 7
6900 2223 9
5190 5110 14
5110 8866 7
8866 6240 2
5239 3133 14
5637 528 14
528 9459 8
5800 2735 14
2735 3297 3
2735 2399 6
3297 2408 8
3297 6775 14
6775 8323 4
8323 3405 5
3405 7946 3
3405 9561 6
6775 8367 9
8323 1010 11
6225 2398 14
6239 5954 14
5954 8060 8
8060 5748 9
5954 3077 11
3077 8902 8
8902 8039 7
3077 2175 11
3077 9909 11
8060 4043 11
4043 5203 6
4043 295 8
8060 3980 12
3980 5909 2
3980 9014 6
6955 2835 14
2835 1096 1
7368 5559 14
5559 6080 2
5559 6031 3
6080 8089 4
8089 3142 1
3142 1928 4
8089 7978 4
7978 2298 4
7978 9540 4
6031 1087 5
1087 8184 3
1087 7056 5
7056 1609 4
6080 5722 5
5559 6658 9
6658 8081 6
8184 3641 10
3641 6270 5
6270 8161 1
8161 291 1
5559 871 11
871 9346 3
9346 5401 1
5401 3027 1
3027 1464 1
9346 8108 3
1464 1124 5
8108 5682 7
871 1072 9
8161 1297 12
8089 2717 13
2717 6404 7
2717 5113 9
5113 6476 6
6476 4177 7
1087 765 14
1928 6634 14
6634 2118 7
7788 6826 14
8092 6928 14
6928 1867 7
1867 8669 6
8669 9682 4
8669 8179 5
1867 9120 12
8387 580 14
580 8933 1
8933 4392 1
8933 1157 10
1157 6397 11
8387 6059 14
6059 2486 11
8747 5851 14
8751 7348 14
9594 6853 14
9758 5230 14
5230 2105 1
5230 4600 10
4600 9806 13
9758 9061 14
94 5411 15
118 9450 15
9450 5211 13
5211 5575 12
5575 7135 8
5575 2355 13
5211 784 14
784 9786 5
9786 7569 7
9786 2288 12
9786 8345 13
784 371 14
7135 4606 14
4606 5616 12
5616 8723 5
9450 7046 14
7046 1965 4
1965 9435 10
1965 130 14
121 427 15
427 502 3
502 907 5
907 1854 1
1854 768 6
121 869 15
869 1944 1
1944 5174 6
5174 2232 7
869 6459 10
1944 9928 13
1944 3579 14
182 5325 15
5325 3899 8
5325 5802 14
215 5012 15
5012 1592 2
5012 4400 5
5012 8426 5
8426 4006 3
5012 1717 7
5012 2226 7
2226 2938 6
258 2480 15
291 2671 15
357 2292 15
2292 3454 3
2292 4007 11
4007 6547 1
4007 3714 3
2292 2777 12
2777 2572 12
363 1134 15
1134 5892 4
5892 4699 13
4699 8348 2
384 2418 15
460 1103 15
1103 7403 3
485 5817 15
509 7026 15
684 6561 15
6561 1613 11
689 5273 15
689 7828 15
7828 5588 13
5588 242 8
242 8982 7
242 2739 8
2739 9787 5
9787 7254 2
7254 342 5
342 7877 4
342 547 5
547 3926 3
342 1487 6
242 2163 10
5588 9883 10
1487 270 11
270 949 6
270 994 6
2739 2882 13
9787 3201 13
3201 5887 9
690 127 15
127 387 2
127 7556 14
724 9296 15
725 4150 15
729 5122 15
5122 931 13
771 6945 15
6945 5323 10
832 9869 15
9869 6325 7
6325 8174 5
6325 7417 7
8174 6125 10
6125 5104 10
7417 5650 11
5650 5194 8
5650 6213 14
6213 2388 10
2388 5809 3
2388 2022 8
5809 289 12
289 4245 15
4245 361 5
361 591 14
837 1543 15
1543 759 1
1543 8837 1
759 9431 2
9431 616 6
8837 2723 8
2723 1350 3
2723 9750 3
1350 1318 6
1318 2879 3
1318 5733 6
1350 7702 6
7702 7376 1
7702 9166 2
7376 8295 3
2723 9258 6
7702 9196 11
9196 9455 6
9455 9563 1
9563 4050 1
870 1709 15
1709 1100 7
1100 238 1
895 6687 15
6687 9912 13
9912 3470 13
3470 8407 14
8407 2193 5
8407 5433 8
5433 8638 5
2193 1976 11
1976 3128 3
3128 3777 11
1976 2404 13
2404 4531 6
1007 6116 15
6116 5988 11
1085 7213 15
1089 6617 15
1092 861 15
861 87 4
87 9299 6
87 318 8
1092 4749 15
4749 1178 12
1178 934 5
934 9508 1
934 4494 12
1095 8954 15
8954 4512 7
8954 2400 11
1109 2235 15
1232 8224 15
8224 6014 6
6014 2718 7
6014 8002 13
8002 6233 1
8002 4108 6
8002 7568 13
7568 2830 14
1243 5466 15
5466 5002 8
5466 3745 13
1254 9870 15
9870 3922 14
3922 6981 2
9870 7910 14
1275 4355 15
1400 2664 15
2664 914 10
1456 920 15
920 3974 9
3974 6004 8
6004 1736 11
1478 4488 15
1478 6296 15
6296 8461 7
6296 8633 8
8461 2021 13
1607 8422 15
8422 7000 10
1615 2885 15
1694 2496 15
1886 1034 15
1034 7471 2
1034 4478 3
7471 2749 5
2749 2730 6
7471 2258 7
2258 5577 5
5577 3416 7
1034 7563 8
1899 594 15
594 5889 8
2159 1534 15
1534 2715 15
2715 1548 1
1548 1029 3
1548 3712 13
3712 9825 8
2186 7938 15
7938 6696 6
6696 5548 14
5548 8096 5
8096 8603 2
2190 1276 15
2245 4751 15
4751 4185 10
4185 3693 11
2248 8011 15
8011 1936 5
1936 9823 13
9823 8334 1
8334 1707 12
8334 4581 12
4581 7613 3
7613 9180 2
9180 6616 2
9180 9625 8
9625 4780 4
4780 5089 2
4780 6047 5
5089 2544 12
7613 6067 13
2398 4480 15
4480 6152 11
2480 9713 15
9713 9703 6
9713 9151 7
9151 6597 1
6597 5972 1
9703 9533 10
9533 1662 3
9533 3517 6
9713 9994 10
9994 487 2
9994 5 4
5 8432 4
8432 7237 3
7237 5846 2
5846 7038 5
8432 4445 5
487 3958 7
4445 2788 7
2788 506 6
506 822 3
2788 2401 8
3958 8152 8
2788 9398 9
3958 8183 9
8183 3771 1
3771 6388 5
8183 5803 9
506 789 11
1662 9564 11
9533 549 12
549 553 5
553 4309 1
4309 3271 10
549 8382 11
8382 8490 8
553 9587 14
9587 5393 5
822 650 14
822 6121 14
6121 6911 9
6911 3173 3
3173 8920 9
8920 9234 8
9234 7719 8
7719 9467 12
5846 9401 14
9401 5553 5
5553 3966 8
9467 4060 14
4060 4407 2
4407 2293 11
2293 1875 12
2293 2219 14
2293 4607 14
4607 2454 6
2454 9358 4
9358 2093 5
789 7923 15
7923 8784 9
7923 6095 10
2401 4334 15
2558 713 15
713 1935 3
713 4631 10
4631 2631 4
2631 77 10
77 2011 2
713 6277 11
6277 8819 2
77 5614 13
2631 7366 15
7366 3626 4
7366 1070 9
1070 1852 7
1852 6629 7
6629 9131 1
6629 6975 10
6975 7821 1
6975 3698 6
7366 2913 11
9131 7999 11
2641 7462 15
7462 6009 14
6009 9495 5
9495 2686 11
2735 2376 15
2749 2883 15
2831 8906 15
8906 5822 6
5822 5186 13
2973 4068 15
2983 2809 15
3141 6421 15
6421 8674 7
8674 324 10
324 6580 3
324 6473 4
6580 4148 13
4148 5667 2
5667 5567 9
5567 718 5
718 200 4
200 7961 1
5567 1513 9
5667 6343 9
3228 8862 15
8862 518 7
518 6403 15
3283 9106 15
9106 7052 2
7052 212 4
212 263 3
212 4083 3
212 190 7
190 9200 9
9200 1701 4
1701 4916 4
263 9573 9
9573 9889 6
9573 80 7
7052 793 10
793 708 1
7052 5039 10
9573 2062 13
2062 1326 14
212 9194 15
9194 6289 2
6289 8408 4
8408 4973 2
4973 482 2
482 171 7
171 345 3
171 3104 8
6289 3039 9
3039 9957 4
3039 3732 7
3732 8427 5
3039 8587 8
3039 2462 10
2462 4871 4
8587 628 11
628 252 10
252 1428 8
1428 9380 3
6289 446 12
446 2912 11
2912 5027 2
5027 6511 1
6511 1525 4
1525 5812 2
6511 2950 9
6511 2860 11
2860 1748 2
2950 1153 12
1153 7318 7
2860 5712 13
1748 6058 14
9194 712 14
3380 2530 15
3426 5600 15
3430 800 15
800 773 1
800 4106 2
800 974 8
974 829 14
3469 8639 15
8639 4042 3
8639 3681 5
8639 4201 12
4042 3497 13
3497 7663 4
7663 2726 3
3497 5573 5
5573 5034 6
5034 8021 9
5573 7107 10
2726 4324 11
3497 1436 12
1436 2233 1
2233 6750 2
6750 6425 2
2233 9410 3
1436 939 6
6750 6040 7
1436 7545 10
2233 6170 10
2233 3190 13
8021 8951 13
5573 9279 14
9279 478 3
478 4483 4
9279 9562 13
9562 5438 3
9562 1453 8
1453 6128 4
1453 9812 4
1453 3842 8
6128 1632 9
1632 8774 2
8774 1023 13
1023 2275 3
2275 3502 5
2233 7604 15
7604 4661 9
4661 3506 4
3506 1893 8
3506 6987 11
6987 1629 1
4661 5891 11
4055 1917 15
1917 3239 5
3239 859 13
4096 3209 15
4136 2179 15
4410 6025 15
6025 9059 9
4439 2300 15
2300 1117 12
4439 4711 15
4711 8894 1
4512 8239 15
8239 3703 4
3703 2089 1
3703 5974 1
5974 1824 4
1824 137 2
2089 4459 6
137 2926 12
2926 1426 10
1426 7692 1
2926 3121 12
3121 5881 12
5881 2065 6
5881 8380 8
8380 5056 13
5056 8493 6
8493 6186 8
6186 5398 6
5056 2695 14
2695 746 14
746 6467 12
6467 139 6
139 531 4
6467 7970 12
7970 4241 3
4513 9168 15
4521 1782 15
1782 1600 1
1600 8802 14
4567 1710 15
1710 6422 2
1710 8538 2
1710 7494 5
6422 6803 5
6803 1877 7
1877 5322 5
7494 2512 8
2512 8903 5
7494 3315 8
8538 5916 10
5916 5303 3
5303 2502 6
2502 9753 7
9753 4688 4
8903 8602 11
1877 6564 12
6564 4151 2
6564 2367 5
2367 2357 1
4610 5405 15
4610 9013 15
4780 4484 15
4800 9513 15
9513 6428 13
6428 5474 4
6428 4242 14
4842 4997 15
4951 280 15
4952 9227 15
5021 2585 15
2585 3289 5
3289 3337 9
3337 7826 6
2585 1744 11
1744 5942 11
5942 7917 4
3337 445 11
7917 9882 12
9882 7595 2
7595 6615 2
9882 3603 6
3603 8149 5
7595 4965 7
8149 2807 8
2807 8438 11
3337 6198 14
1744 641 15
641 299 3
299 1327 5
299 5989 6
641 7379 13
7379 6966 11
6966 5394 1
6966 960 6
6966 1035 12
1035 3344 11
3337 6685 15
6685 3736 9
3736 1319 7
1319 7477 12
7477 3102 4
5038 5204 15
5171 643 15
643 8302 6
8302 4471 10
4471 1016 3
1016 989 6
989 8468 5
8468 5919 6
989 5967 7
1016 7389 8
7389 373 2
7389 2798 7
989 3568 9
3568 9761 2
989 7094 9
4471 9993 10
373 8137 11
3568 2880 11
2798 9702 12
5222 7006 15
7006 7329 10
5442 1780 15
1780 4183 8
4183 2005 2
5573 5720 15
5573 8936 15
8936 9371 7
9371 1390 2
1390 160 7
160 1963 3
1963 9764 3
9371 7951 7
1963 269 8
8936 7654 8
160 7001 9
7001 666 8
7654 8151 11
8151 512 6
512 1411 2
8151 1856 6
1411 3041 10
7951 5094 11
1390 2729 12
2729 7412 4
2729 5579 8
5579 6000 3
7412 1004 13
1004 585 8
585 114 9
114 1594 1
114 4137 6
114 720 10
720 63 7
63 8051 7
8051 1531 9
8051 8271 9
4137 4753 10
4753 9235 11
9235 5929 5
5929 2568 7
2568 4651 8
4651 1511 10
1511 1461 6
1461 2613 3
1511 3569 10
3569 8565 4
269 390 14
390 4016 9
4016 7887 8
1390 2254 14
63 2006 15
114 8070 15
8070 1371 11
1371 2957 1
2957 4986 5
2957 1718 6
2957 8856 7
4986 7766 7
7766 7085 1
7085 6217 3
7085 9319 4
9319 8036 3
8036 5893 10
9319 9269 11
9269 5798 8
1371 1579 15
4753 1510 15
5747 9099 15
5797 1249 15
1249 3040 6
3040 1159 1
3040 9399 7
9399 5238 12
5238 7054 1
5238 1799 5
1799 7505 6
1799 2863 10
7054 2527 11
2527 9851 12
9851 3743 9
3743 3115 3
3743 1279 4
3115 8750 5
3743 626 12
626 5413 4
626 4602 9
4602 7151 7
1159 4580 13
7151 3510 14
3510 1826 13
1826 8697 11
3115 2961 15
5892 7772 15
5908 3022 15
3022 1269 14
6110 9923 15
6118 6419 15
6142 6999 15
6186 1622 15
6273 7344 15
6296 6195 15
6195 1651 15
1651 5847 5
5847 7280 7
1651 7019 12
7019 4005 10
6361 6287 15
6287 3150 5
6404 2804 15
2804 3990 11
2804 4750 14
6616 6076 15
6617 6353 15
6692 5206 15
6758 6285 15
6767 8026 15
8026 281 3
6777 7942 15
7942 8031 6
7942 3638 9
3638 6533 5
6533 6377 14
6377 9026 9
6987 4565 15
4565 2157 12
2157 4659 3
4659 4425 14
2157 4199 15
4199 9038 12
9038 5460 1
9038 8083 9
8083 9134 1
7030 1517 15
1517 1156 6
1156 7930 2
7930 3391 4
1156 7459 5
1156 8037 9
7459 1091 9
3391 5532 10
1091 2507 11
7039 1102 15
1102 8068 2
8068 1048 1
8068 8203 3
7136 8409 15
7175 3850 15
3850 8859 14
7241 2606 15
7376 1966 15
1966 5385 13
5385 6910 3
5385 775 7
5385 8536 7
6910 1013 9
1013 1957 4
1957 1973 13
1973 8046 3
8046 3523 9
3523 8045 1
8045 3252 9
8045 1604 10
1604 7656 9
7656 2838 5
2838 3845 2
7656 2268 7
2268 1044 9
1044 1752 9
1752 3417 13
1957 5292 13
1013 1581 14
7395 8150 15
7490 6801 15
6801 7765 1
7765 7552 4
7552 3633 6
3633 8939 12
7765 7035 12
7765 3004 13
7549 3205 15
3205 9 10
9 9971 4
9 1170 8
9 73 10
3205 5077 13
7590 5610 15
7643 6722 15
6722 846 3
846 6739 3
6739 103 2
103 7703 2
103 711 5
846 1580 13
846 326 15
326 5568 6
7750 8988 15
8988 8718 3
8718 9960 11
7840 4772 15
7877 836 15
7910 881 15
881 2449 12
2449 3480 2
3480 9910 15
9910 106 2
106 7080 1
7080 8001 4
9910 5032 6
5032 6811 5
8001 8473 13
8473 804 2
8473 2124 9
8473 7359 10
804 5735 11
2124 4742 14
4742 6886 5
4742 3639 6
3639 9419 5
4742 6336 8
6336 1993 9
4742 2849 13
1993 4211 14
8001 1954 14
1954 6825 1
6825 4571 1
4571 6540 11
6886 2116 15
2116 3167 15
3167 8492 14
8492 6431 12
6431 8178 1
8492 7855 12
7855 6460 1
6460 9261 2
9261 3704 5
3704 4665 4
3704 2878 8
7855 6386 12
6386 9896 1
9896 3868 6
3868 4819 6
6386 6237 13
6386 693 14
6431 5883 14
5883 3822 6
7961 1617 15
8045 1837 15
1837 5319 11
8331 4613 15
4613 6991 11
6991 6759 9
6759 4970 9
8602 3572 15
8640 1858 15
8683 3136 15
8773 8201 15
8201 4559 9
4559 7902 4
8837 3821 15
3821 8661 8
3821 6503 15
6503 3059 9
8887 7506 15
8934 9329 15
9047 9018 15
9018 4256 9
9059 9864 15
9864 9659 5
9659 7355 5
7355 613 3
9139 3073 15
3073 6596 4
6596 7503 3
7503 2794 5
6596 2620 11
2620 6876 15
6876 3948 11
3948 2626 5
2626 9143 6
9179 2354 15
2354 6394 14
6394 2894 11
2894 331 8
331 283 8
9197 805 15
9269 8375 15
8375 5447 3
8375 9643 6
9476 2921 15
9563 3709 15
3709 8049 5
8049 6535 2
9633 1106 15
9786 6348 15
9845 1138 15
9885 4107 15
9895 9652 15
18 11 16
11 19 3
11 7487 7
19 62 8
62 5045 5
5045 312 1
312 539 10
539 6309 2
6309 8658 1
539 5724 13
62 101 14
101 7282 3
101 6265 5
6265 5279 5
101 6030 10
6030 9369 1
9369 201 4
9369 2962 4
6030 8116 7
2962 7533 9
7533 3028 11
3028 2294 9
2294 5556 6
2294 7524 8
5556 2128 8
2128 2549 10
2549 2063 7
5556 7177 10
5279 4905 14
7177 6013 14
7487 7323 14
6309 5081 15
5081 4823 4
9369 2195 15
2195 6874 1
2195 7407 4
7407 2622 10
7407 4170 11
19 5235 16
5235 3685 1
39 403 16
62 5671 16
5671 1348 10
76 9590 16
110 6372 16
113 1181 16
1181 2943 3
133 112 16
139 2107 16
144 1633 16
1633 7823 3
1633 7705 8
7705 7845 1
7705 3181 4
3181 9789 7
9789 8650 2
7845 6571 7
7705 1668 10
1668 5829 7
7705 3773 10
3773 9857 2
3773 5518 4
9789 3002 13
1668 619 14
619 2162 9
7823 637 14
169 241 16
241 1197 11
1197 6268 14
171 959 16
959 1549 2
959 4009 3
258 9359 16
275 1500 16
1500 5993 8
5993 9706 2
9706 7257 5
9706 7817 6
7817 3291 6
7817 9123 9
9123 1706 11
1706 6292 6
9123 7542 13
7542 887 5
887 8562 2
7817 5456 15
299 335 16
330 5538 16
361 782 16
782 9821 10
9821 5092 2
5092 7648 2
5092 368 5
5092 9525 6
9525 6961 3
5092 5816 9
5092 6802 14
6802 520 1
6802 4058 1
6802 8318 1
8318 5116 11
5116 285 7
285 184 9
184 5782 10
5782 3307 7
5782 8392 7
5782 2859 8
8392 7508 11
285 4811 13
4811 7751 3
7751 5634 8
5634 5048 3
5048 5971 4
5048 1135 7
1135 843 6
843 4655 4
5048 579 10
579 85 2
579 6703 7
85 4682 8
1135 3871 12
7751 4354 13
85 400 14
400 8807 11
8807 7896 3
1135 6088 14
4354 3200 15
3200 5181 5
5181 7062 2
7062 6068 14
6068 2158 9
2158 8263 3
8263 4885 4
8263 5340 8
5340 6958 2
6958 2966 8
2966 2570 10
2570 2017 10
5340 6840 15
6840 6114 14
6114 3278 3
6114 3408 11
3408 2008 11
2008 1130 13
1130 1495 4
3408 164 14
164 5918 2
164 8433 2
164 4379 4
4379 8760 5
8433 6947 5
6947 2837 8
164 349 9
164 95 15
95 57 13
57 296 11
296 323 8
95 6924 14
7648 3536 15
9821 7726 15
7726 5542 8
85 8743 16
368 6141 16
509 6718 16
519 4100 16
4100 2150 12
2150 1765 2
4100 4660 14
4660 3194 8
3194 6266 6
6266 3410 10
3410 3006 9
3006 3144 4
3144 7255 3
3144 7356 4
3144 2972 5
3006 4781 11
4781 2851 8
2851 6433 1
2851 7711 1
6433 7013 11
7711 7868 11
7356 2732 13
2732 8637 6
7013 4061 14
4061 5123 7
5123 5853 2
5853 4553 7
4553 4451 8
4553 5551 12
4451 737 15
5853 4214 15
6266 9070 15
6433 1435 15
529 605 16
605 1759 8
1759 2442 9
2442 4616 3
1759 8569 14
536 1047 16
1047 4867 1
551 1808 16
1808 4261 15
4261 9407 8
576 2487 16
2487 735 15
735 4081 2
599 6727 16
6727 954 3
627 996 16
996 1459 6
1459 6383 4
1459 7378 13
7378 9078 5
9078 730 5
730 4371 15
4371 7867 4
4371 7301 8
7301 8962 6
653 31 16
31 34 7
31 1304 9
1304 1532 15
674 3474 16
3474 8228 14
689 3920 16
3920 3353 3
3353 1457 7
3920 7025 12
694 1069 16
1069 5044 7
784 1120 16
1120 9939 10
1120 4642 11
4642 8717 10
8717 26 1
26 590 2
26 1870 5
26 4026 15
4026 2139 7
4026 5484 13
849 132 16
132 2518 1
2518 3662 14
914 3103 16
3103 3652 8
3103 9272 10
949 37 16
951 6708 16
989 378 16
378 521 6
1004 9065 16
9065 1362 2
1039 1920 16
1110 305 16
1153 1773 16
1773 1874 12
1156 3310 16
1170 5276 16
5276 7098 13
7098 5448 1
7098 6973 12
1211 8503 16
1212 1050 16
1050 6256 16
1230 7489 16
1233 7256 16
1317 5272 16
5272 8780 9
8780 4496 9
8780 1806 11
1806 4091 8
1806 953 9
953 1267 5
1267 741 16
741 2413 12
1355 4593 16
4593 6064 7
6064 8312 5
6064 6917 9
4593 8851 10
8851 4044 4
4044 3330 1
3330 9353 1
9353 9021 9
9021 9669 4
6917 7618 12
3330 7535 15
7535 273 1
7535 9542 10
9542 6675 4
1360 3479 16
3479 7771 8
1409 1634 16
1634 3617 9
3617 3035 4
3617 2519 8
3035 9440 9
9440 5455 2
9440 9523 3
9523 8208 8
8208 7196 13
9440 5246 13
5246 2464 1
2464 4173 7
4173 4936 5
4173 7585 7
7585 3393 9
7585 7762 9
7762 1855 11
1461 3122 16
1507 3078 16
3078 1931 5
1931 199 7
1931 6261 10
1541 2694 16
1548 3448 16
3448 1756 14
1756 4008 4
4008 9635 2
9635 4077 4
9635 6183 11
6183 6733 4
6733 5258 1
5258 166 8
166 5683 2
6183 8259 11
8259 7622 2
8259 8234 8
6183 9808 12
1756 5992 14
166 1373 15
1373 6633 6
6633 2501 4
1756 2934 15
4008 3023 15
3023 2698 3
3023 5855 3
2698 8347 6
8347 4210 1
4210 8442 1
8442 9045 6
9045 3156 1
3156 1991 1
3156 8860 6
3023 8273 7
2698 3465 9
4210 3387 12
3387 2392 2
3387 7447 2
7447 2218 9
2392 9295 13
2698 6595 13
6595 1933 5
1933 7337 7
1933 9263 8
7337 7871 8
6595 5607 10
5607 8573 5
5607 6988 6
8573 1237 9
1237 6471 6
8347 7173 13
1933 738 14
2392 3030 14
3030 4333 7
4333 8758 8
8758 5590 11
4333 8729 13
8729 247 1
8729 6549 8
6549 2252 9
6549 3606 9
3606 4049 9
3465 9416 15
1575 7940 16
7940 696 7
696 8022 8
696 1818 9
7940 4172 9
4172 5529 5
4172 5783 7
5783 1408 2
8022 4227 9
696 9532 13
1592 3234 16
3234 1168 6
1733 7627 16
1741 4971 16
1798 1375 16
1811 7239 16
7239 7354 12
7354 2209 12
2209 3111 6
3111 8666 5
8666 7334 3
7334 2619 3
2619 9608 2
9608 4087 2
2619 8316 6
2619 3270 7
3270 1027 6
4087 100 7
7334 8625 9
1882 3263 16
2063 2043 16
2043 2457 14
2457 5471 7
2457 9022 7
5471 6449 10
6449 4878 10
4878 6092 11
6449 245 13
2070 107 16
2077 2234 16
2234 3965 1
2234 6508 13
2116 9927 16
9927 3645 3
3645 1873 13
1873 8907 2
8907 4937 14
4937 7294 4
2133 2249 16
2249 3825 4
2249 731 13
731 5792 9
5792 3414 12
3414 9863 3
2138 9843 16
9843 5004 6
9843 2856 12
5004 4748 15
4748 4627 11
4627 8790 3
2141 167 16
167 796 11
796 7401 7
7401 4337 2
2149 3584 16
3584 149 8
149 6821 11
6821 4732 8
2179 7221 16
2246 2773 16
2773 9874 1
9874 344 5
344 210 8
9874 306 8
9874 2084 9
2084 4820 3
2084 1140 9
1140 9698 1
1140 4736 4
9698 8310 4
306 453 10
4820 7297 10
1140 2595 11
2773 7325 11
210 267 12
267 9341 13
306 3275 14
3275 8406 9
2376 1683 16
2408 3939 16
3939 3381 12
3381 5347 5
5347 2663 14
2663 5586 4
5586 4755 12
4755 1587 12
1587 1175 2
1175 2170 16
2413 6738 16
6738 6097 7
2440 7956 16
7956 5296 7
5296 6396 8
6396 9640 11
9640 3319 5
2448 4054 16
4054 6281 7
4054 9801 10
2675 4468 16
2680 141 16
141 8843 6
2715 5811 16
2879 5453 16
2918 4302 16
4302 5772 6
2936 1420 16
2991 6671 16
3232 7623 16
7623 2135 8
3304 8138 16
3497 1797 16
1797 7491 1
3505 9783 16
3532 8606 16
8606 7875 2
7875 6295 4
8606 3674 6
7875 930 13
3564 9916 16
9916 8437 2
9916 9520 4
8437 5528 6
9520 3669 14
3682 1165 16
1165 615 6
615 303 16
615 1476 16
1476 3737 4
1476 1412 9
1412 3680 12
3737 1354 15
1354 700 14
700 5196 8
3709 2881 16
2881 8189 16
3754 4574 16
4574 8214 5
3978 1911 16
1911 4615 2
4615 8501 14
8501 9884 13
9884 633 3
1911 1544 16
1544 5219 13
5219 6998 9
6998 3127 2
6998 6888 3
6998 2217 6
6888 8059 11
6888 6057 15
4062 3949 16
3949 8065 1
8065 3113 10
3113 2225 10
2225 7789 5
7789 9610 7
3113 9888 12
7789 4235 12
4235 670 9
670 5576 2
670 2200 12
2200 1557 1
2200 5700 12
5700 4089 15
4089 1894 14
4089 5017 14
5017 7714 1
5017 5611 3
7714 1938 9
1938 474 13
1938 7736 13
5017 5125 14
9610 1758 15
1758 4583 8
4583 2925 13
2925 8732 5
4074 6190 16
6190 6326 14
4185 4771 16
4771 2738 9
4771 3973 11
3973 3932 14
3932 2604 2
3932 2554 10
2738 3246 15
3246 4727 13
4727 1645 2
4727 3438 2
3438 6506 6
6506 5901 2
5901 3862 7
3862 5132 11
1645 967 15
967 8191 3
8191 4555 7
8191 6220 7
967 9978 11
967 1224 14
2554 2852 16
4220 7478 16
7478 4734 4
4282 6847 16
6847 6851 11
4475 6219 16
4675 5075 16
4865 8800 16
8800 6356 11
6356 2533 3
6356 577 12
577 971 2
971 3938 4
3938 3225 3
971 2255 14
2533 2340 14
2340 5202 2
2340 7306 4
7306 7439 9
3225 7247 14
7247 4519 14
4519 9318 11
2255 1915 15
4885 9586 16
9586 5526 10
5526 2169 7
5526 8133 8
5526 1483 9
1483 6949 3
1483 4149 6
5526 9390 9
6949 8148 9
4953 5617 16
5617 9832 1
4992 6673 16
5127 1952 16
5202 9626 16
5235 313 16
313 248 8
5279 6954 16
6954 9198 2
5305 8469 16
8469 8097 14
8097 6766 13
5324 8496 16
5346 2383 16
2383 4543 10
2383 4191 11
4191 3823 4
3823 6443 3
4191 9391 4
4191 2556 10
3823 8740 13
4543 9623 14
9623 6032 12
6443 1446 14
1446 1172 3
1172 2649 9
1172 3001 15
2556 779 16
5364 9725 16
5405 5434 16
5434 9220 11
9220 8884 3
5434 7317 14
7317 821 10
821 8058 4
8058 5240 5
821 2976 9
2976 952 9
952 1666 3
1666 7670 9
7670 6066 1
6066 3587 1
6066 7087 7
6066 7347 9
5461 6612 16
6612 3233 5
5513 8527 16
8527 5440 6
5440 4162 9
4162 701 6
701 4138 4
4162 8742 9
8527 7965 9
5440 5661 11
4162 6069 14
5563 7698 16
5607 9505 16
5747 147 16
147 1864 16
1864 8247 13
8247 3257 4
1864 4676 14
3257 7527 16
4676 2366 16
2366 1053 4
5802 5263 16
5803 1322 16
1322 8320 14
5822 4447 16
4447 4056 7
4056 58 9
4056 6639 9
4056 382 10
58 7864 15
7864 4444 8
4444 9155 11
6639 3487 15
5974 2078 16
2078 9654 8
9654 1179 10
1179 820 14
820 5928 11
820 9247 12
9247 9744 7
9744 3728 7
3728 3559 5
6026 9678 16
9678 4372 6
4372 6814 7
9678 1490 14
9678 7935 14
7935 897 12
897 8511 4
8511 1107 5
8511 7963 8
7963 598 5
598 9354 2
7935 6734 12
6734 380 13
6110 5331 16
5331 2296 11
2296 2703 13
2703 9797 16
9797 8353 8
8353 3174 1
8353 736 4
736 7134 9
9797 7456 14
736 8675 16
6132 3274 16
6158 5911 16
5911 6674 5
6674 268 9
6277 8863 16
6353 9169 16
6433 3623 16
3623 3490 4
6500 7215 16
7215 8648 6
8648 4288 1
4288 2709 3
8648 1781 10
1781 1593 1
1781 2964 1
1593 3100 5
1593 2023 8
4288 9430 13
2709 8632 14
8632 5248 7
2964 8338 14
8338 5604 1
5604 5806 10
5806 1657 1
1657 6370 2
6370 662 9
5604 2437 12
8338 7839 14
7839 5281 1
7839 7650 10
7650 6222 12
6222 5940 6
6577 7787 16
7787 4827 6
6631 8705 16
6633 6688 16
6670 5259 16
5259 8823 16
8823 1341 6
1341 1353 4
1353 4788 10
4788 5910 6
4788 3705 11
3705 5146 2
5146 8143 7
8823 4635 13
4635 5285 4
3705 6723 16
6723 4757 12
4757 6985 13
4635 7458 16
6673 1182 16
6675 408 16
408 1177 10
1177 8544 9
8544 5043 2
1177 3566 11
1177 744 15
6696 1884 16
1884 9033 3
1884 9708 3
9708 4462 6
6801 3640 16
6922 3632 16
3632 6968 4
6968 1515 3
6968 9607 11
9607 6250 13
6250 9046 6
6250 1527 15
7046 9158 16
9158 54 3
54 448 2
448 8836 3
8836 3897 8
448 3927 12
3927 1385 3
1385 1226 3
1226 9067 3
448 1114 16
1114 2822 3
2822 9742 6
9742 2602 6
9742 9497 10
9497 1143 11
9497 2024 11
7087 5071 16
7275 8789 16
8789 8997 11
8997 5422 3
8789 1301 12
5422 7805 16
7805 1219 14
7321 2386 16
2386 9977 4
2386 3778 8
9977 2460 14
7348 1887 16
1887 2058 5
2058 6863 5
1887 3431 9
2058 5757 12
5757 2969 1
5757 3562 8
3562 4198 7
4198 5270 1
4198 3219 7
3562 5502 9
4198 1601 10
3562 2431 13
2431 6562 5
6562 876 12
4198 401 13
7360 4694 16
4694 3072 2
3072 1731 10
1731 7798 5
7798 6081 5
7798 8269 10
3072 6655 11
6655 2996 6
1731 1038 12
1038 2330 1
6655 8086 12
8086 2678 2
8086 1497 6
1497 7929 11
8086 6604 14
6604 9773 1
6604 3024 4
6604 9310 6
9310 7735 2
6604 5307 10
5307 224 5
6604 33 12
33 23 3
33 1652 3
23 2411 4
2411 4259 1
2411 9794 8
224 9029 13
9029 1078 6
1078 4092 5
1078 6207 5
1078 8703 5
4092 1171 7
4092 4561 7
4092 6021 7
6021 6451 2
4561 1340 11
1340 7838 1
4092 3803 12
3803 8 7
8 24 5
24 3311 6
3803 9330 12
9330 3810 8
3810 8999 6
1171 6231 14
1340 301 15
301 882 10
7798 2847 15
2847 2054 3
2054 2256 3
2256 542 11
542 1364 5
2054 6148 14
6148 979 10
979 1988 2
6148 3335 11
979 3099 16
2996 3162 16
3162 5499 3
7521 3149 16
7700 8441 16
7765 9793 16
9793 6850 6
6850 8515 1
7769 9185 16
7817 4013 16
4013 769 15
769 7687 1
7687 3171 9
3171 3727 10
3171 2787 12
3727 4709 13
769 2907 15
2907 1830 4
1830 1555 2
2907 9314 12
9314 354 1
9314 5845 7
5845 385 5
354 418 9
418 606 9
606 433 14
2787 976 15
976 3433 6
3433 7470 11
7470 9987 13
4709 6355 15
6355 7171 10
7470 1690 15
9987 7272 15
433 2289 16
2289 7111 1
2289 9488 12
8081 6334 16
6334 2565 10
8151 2259 16
8196 2583 16
2583 8653 12
8653 3054 7
8653 9453 13
8238 4777 16
4777 8218 9
8268 4544 16
4544 4514 10
4514 9282 13
8331 1033 16
1033 7227 2
7227 788 3
788 1263 7
7227 2216 8
1033 3343 13
3343 2374 14
7227 3686 14
8344 2636 16
8444 4290 16
4290 9538 6
8504 419 16
8544 5746 16
8631 302 16
302 8932 16
8932 723 3
723 8301 9
723 3654 12
8701 6395 16
8717 1273 16
8771 6672 16
6672 6234 14
8800 7330 16
8849 3389 16
3389 572 10
3389 8952 16
8952 5007 4
8919 726 16
726 8609 13
8609 3042 12
3042 896 15
896 9108 7
9108 8655 3
9018 1042 16
9032 4285 16
9046 5958 16
5958 6136 12
6136 3545 11
3545 7704 3
7704 4894 7
3545 2387 9
4894 3858 9
3858 9305 6
7704 9836 16
9047 6923 16
6923 2537 7
2537 2015 7
2015 9193 7
2537 9739 13
9075 9260 16
9085 6584 16
6584 3357 1
6584 9347 3
6584 2546 13
3357 9191 16
9099 923 16
9123 6229 16
9189 4130 16
9320 4111 16
4111 7461 8
9474 3191 16
3191 7023 4
7023 8076 7
8076 7937 7
9606 9357 16
9809 2221 16
9835 3339 16
3339 2030 1
3339 4623 16
9857 3316 16
9901 2188 16
2188 2923 2
2923 4280 11
2923 1788 15
1788 4146 2
9921 4004 16
9927 3853 16
9963 3595 16
9999 2369 16
2369 2439 3
2439 9938 12
9938 1046 3
1046 257 8
9938 4998 8
82 1878 17
1878 5639 1
1878 6410 4
6410 4499 1
4499 6860 3
6410 6111 8
6111 4436 1
4436 1262 7
4499 5907 9
6111 1045 12
4436 999 13
1262 9951 14
9951 3873 15
140 574 17
169 9662 17
184 406 17
406 8277 8
8277 2940 10
2940 7990 4
2940 1800 15
218 232 17
232 3411 4
3411 6043 8
241 8154 17
8154 9937 10
252 173 17
173 655 2
655 4923 5
4923 4706 1
4706 6470 1
6470 217 2
173 634 6
217 4076 8
4076 5321 4
217 504 9
504 7185 4
4706 4382 11
303 6360 17
6360 7606 15
333 3014 17
342 6033 17
357 6324 17
6324 852 2
852 2942 8
2942 4520 5
4520 7684 7
7684 3819 5
7684 903 12
852 6120 14
362 4847 17
4847 332 7
332 123 11
332 3356 12
3356 9816 3
4847 8782 12
3356 1118 13
1118 1760 9
1760 5599 1
1760 2393 12
123 256 15
1118 6628 15
362 5684 17
5684 6538 8
6538 1813 5
1813 1937 5
6538 5826 8
5826 6852 2
6852 7480 8
6852 480 9
480 3609 8
3609 3449 2
480 2469 9
1813 1324 10
1324 8956 8
7480 3075 11
8956 1891 14
1891 434 1
1937 4236 15
4236 9663 7
4236 904 8
480 4942 16
5826 3092 16
390 2465 17
400 644 17
644 1903 2
1903 2992 2
426 8811 17
8811 7800 2
8811 7636 6
7636 8384 3
8384 7194 8
7636 9834 14
444 1803 17
1803 3288 3
3288 866 5
3288 5450 9
3288 2562 12
1803 4918 13
3288 3625 13
866 672 16
672 9555 12
672 3608 15
455 375 17
547 3525 17
3525 477 12
555 6600 17
560 9881 17
9881 6646 16
6646 7943 12
661 514 17
668 1742 17
1742 2557 4
1742 2657 4
2557 1290 9
1290 5172 12
2557 1333 12
1333 432 1
432 68 9
68 13 6
13 564 9
564 3183 7
564 7095 10
1333 3342 14
729 222 17
222 5417 14
747 8873 17
8873 5569 1
5569 8979 7
8979 2266 8
2266 790 4
790 5539 7
2266 4180 8
2266 4769 14
5569 3268 14
5539 3797 16
8873 5336 16
5336 5158 8
5158 6457 6
6457 6618 5
770 6305 17
6305 7980 3
6305 9421 4
9421 6321 6
6321 2756 3
2756 9902 1
9902 3202 2
9902 9979 4
7980 8460 15
9979 6415 15
9979 6940 15
788 5844 17
820 9089 17
849 422 17
852 5990 17
5990 858 3
858 5486 17
926 709 17
709 2648 5
709 6857 15
931 129 17
129 2029 2
129 5278 8
989 8596 17
1010 1419 17
1419 1423 12
1419 5304 13
1423 8481 14
8481 6736 9
1036 1467 17
1168 6907 17
1282 3383 17
1347 899 17
899 8965 11
1407 7539 17
1490 2450 17
1490 2710 17
1510 3742 17
3742 4219 12
1511 7045 17
7045 8925 14
7045 2260 15
1593 2187 17
2187 5050 7
1617 348 17
1718 4928 17
1731 3112 17
1803 9186 17
9186 5536 10
5536 9727 5
9186 4383 11
4383 1964 5
1964 1611 9
1611 5191 16
1944 5237 17
1952 919 17
919 6337 5
6337 2108 8
2108 9860 9
1957 1786 17
1786 360 8
360 6212 5
1966 463 17
463 4430 15
1988 2001 17
2001 2954 4
2001 6159 5
2021 7666 17
2063 6575 17
6575 5443 2
6575 6379 7
6379 3423 11
6379 6881 15
6379 2944 16
2944 4143 9
2944 4925 16
4925 5979 11
5979 9240 4
5979 9491 15
9491 4101 5
4101 3943 7
3943 4279 16
4101 4239 16
2081 9771 17
9771 8129 14
2118 2855 17
2146 4767 17
4767 8595 7
8595 3427 3
3427 9583 2
3427 5378 3
5378 3137 1
9583 2312 4
2260 3371 17
2418 2148 17
2148 3124 17
3124 880 5
880 9995 15
2517 7228 17
2517 8450 17
8450 4733 9
8450 497 13
497 916 1
2681 1280 17
1280 1577 12
1577 7589 15
7589 6698 3
6698 3824 11
3824 2434 16
2434 8600 16
2689 6038 17
2689 6805 17
2714 6214 17
6214 2508 11
6214 1265 16
1265 2385 7
2385 2337 2
2337 6780 8
2385 3814 14
6780 8715 15
2337 2514 16
2738 1146 17
1146 3809 17
3809 3755 4
3755 2939 1
3755 8132 16
8132 4949 1
4949 7426 9
8132 6505 10
2738 4021 17
2809 933 17
933 2119 17
2119 9679 1
2119 8193 12
2837 1328 17
2939 5137 17
3024 9577 17
9577 7328 3
9577 7914 5
7914 4399 7
7328 251 9
251 438 10
438 9429 15
3243 5412 17
3307 4232 17
3393 1907 17
1907 753 16
3405 2697 17
2697 442 6
442 8520 16
3406 1183 17
3452 4790 17
4790 9426 12
3454 7208 17
7208 3152 11
3152 5185 1
3152 428 16
428 1329 11
3461 6677 17
3579 405 17
405 2468 12
3658 6177 17
3681 2754 17
2754 3050 4
3721 2026 17
2026 799 7
799 8205 13
8205 9397 11
9397 3163 10
3163 7205 10
8205 3242 14
3242 6541 2
3242 6119 10
799 206 16
206 2877 4
2877 3695 4
206 5691 6
5691 5625 2
206 9080 6
5691 7125 6
5691 3953 9
3953 7150 8
2877 1538 11
1538 4870 2
3695 5716 13
3695 7242 14
7205 4872 16
206 1184 17
1184 1819 16
1819 7500 1
1819 5561 2
7500 7586 15
3732 8654 17
8654 3660 16
3660 8144 14
3857 3302 17
3949 5437 17
5437 6166 7
5437 7216 11
7216 4770 6
4770 1499 14
7216 4702 15
4702 2341 2
2341 4700 4
4700 7243 5
4702 6310 5
4702 1344 12
1344 1820 8
6310 7530 12
7243 4551 13
1820 9920 16
1344 8526 17
8526 4299 9
4299 2984 3
2984 6579 10
3966 4238 17
4018 7760 17
4140 2194 17
2194 3524 15
3524 4048 12
4048 4490 13
4490 2347 6
2347 8833 4
4490 4933 8
4048 5926 15
5926 3759 12
3759 7200 11
7200 3265 4
5926 3007 14
3007 2269 9
4490 6279 15
4234 5290 17
5290 372 2
372 8619 10
5290 6192 10
6192 5005 10
5005 4795 12
5290 4237 13
5005 3453 16
5290 4228 16
4228 6519 9
6519 7651 4
7651 2247 7
7651 4995 9
4995 6051 3
6051 1559 9
1559 3982 1
6192 8319 16
8319 1287 10
1287 7032 1
1287 40 2
40 8990 5
40 2379 7
1287 124 7
124 9528 2
8319 3097 12
3097 1828 12
1828 6880 6
7032 834 15
8619 6482 16
6482 9840 3
834 365 17
1559 3207 17
4302 4572 17
4572 8959 16
8959 2795 1
8959 3281 2
8959 9892 14
9892 9245 5
2795 9961 15
9245 8892 16
9961 5648 16
4317 6884 17
6884 2395 16
2395 1941 17
1941 2887 17
4410 2503 17
2503 762 11
2503 3832 14
3832 8158 14
2503 6664 17
4499 6725 17
6725 9650 2
9650 2282 11
2282 6215 1
2282 3923 7
3923 6800 2
4555 1790 17
1790 5636 5
4602 7483 17
4633 1397 17
4676 6316 17
4707 7292 17
4726 1672 17
4757 3527 17
3527 9482 9
9482 7112 9
7112 1713 13
4819 5280 17
4821 452 17
452 370 3
452 5857 3
370 290 4
370 4546 9
4546 2869 6
5857 3003 10
3003 8935 1
4546 189 11
8935 3276 11
2869 5690 13
5690 8854 7
8854 8549 15
8549 4956 6
8935 6494 15
6494 5338 6
4842 6242 17
6242 6951 6
6242 4589 13
4847 7308 17
7308 1475 11
4894 5668 17
5668 9568 5
9568 7118 7
7118 5966 8
5966 5510 7
5510 9932 9
5510 2085 11
2085 9550 4
9932 1740 11
4910 1376 17
1376 1648 1
1648 6697 6
5043 3908 17
5051 6409 17
5090 552 17
552 1667 14
1667 3467 3
1667 1296 11
5127 5020 17
5020 4851 8
5147 9422 17
9422 3468 8
5338 4690 17
4690 1682 10
5413 7927 17
5447 7889 17
7889 4756 5
5486 490 17
490 278 8
490 1235 12
1235 97 9
97 195 10
97 987 13
1235 801 15
801 1430 13
1430 3770 7
3770 5419 4
5419 5445 6
5419 5743 11
1430 5229 16
5539 5719 17
5719 2436 12
5784 7778 17
7778 3069 13
5915 3937 17
5931 2997 17
2997 8944 1
8944 4797 14
4797 4802 7
4797 5675 14
5675 9253 7
5675 2481 8
9253 7559 9
2481 3933 13
4802 9726 17
5992 8465 17
8465 6024 5
6081 8352 17
6261 766 17
6310 6599 17
6324 8041 17
6363 5924 17
6397 7945 17
7945 8421 2
6478 6090 17
6090 4536 17
6580 5187 17
6604 4375 17
6639 7665 17
7665 7628 2
7665 2253 3
2253 5570 6
6700 5429 17
6772 8913 17
8913 2763 16
6825 8495 17
8495 1546 14
1546 2092 5
2092 7723 8
6949 1250 17
1250 163 6
7112 2155 17
2155 941 10
941 2999 11
2155 6740 15
6740 5365 5
5365 1073 15
1073 4591 1
1073 6649 12
941 9629 17
9629 2314 1
2314 2779 14
2779 636 8
636 9126 3
636 5091 12
7129 5832 17
7231 1343 17
1343 743 8
743 1595 15
7245 8088 17
8088 1514 6
1514 2922 3
8088 8393 6
8088 3783 7
3783 9278 5
2922 1299 8
1299 8486 8
8393 9127 8
1299 1769 9
1769 4539 3
8486 2310 11
2310 4147 12
4539 533 13
3783 2771 14
2771 8923 15
1769 2377 16
2377 4687 9
2377 6115 16
2922 4603 16
4603 5423 12
5423 5544 1
5544 7069 7
5544 3147 11
3147 890 8
890 4493 7
4493 573 2
3147 7814 9
7814 6230 9
7069 4479 15
4479 3663 16
3663 6137 3
3663 3718 17
7365 9382 17
7397 8018 17
7549 7707 17
7707 761 4
761 3924 6
3924 1888 15
1888 1131 3
1888 3463 4
1888 6146 13
7552 8969 17
7568 6594 17
7607 4720 17
7672 7390 17
7694 1158 17
1158 1558 7
1558 3800 1
7714 7619 17
7778 9483 17
7784 3093 17
7821 8877 17
7827 621 17
7896 5482 17
5482 1161 10
1161 381 9
5482 3839 11
3839 7445 2
1161 7410 12
7410 8063 7
3839 6301 14
6301 8542 7
7999 795 17
795 271 8
271 180 12
8031 6590 17
6590 235 16
8117 8611 17
8201 5776 17
5776 8591 1
8591 4017 16
8311 5725 17
8358 3114 17
8384 3613 17
8389 2456 17
2456 9595 9
9595 4978 3
9595 396 4
9595 7452 5
9595 863 13
8503 6174 17
8558 1909 17
1909 9817 4
8558 4497 17
8654 7997 17
8713 9721 17
8750 4741 17
4741 67 10
4741 8681 15
67 6603 17
8760 8101 17
8856 1260 17
1260 6813 2
6813 4587 5
1260 8332 9
8332 3012 7
8916 7079 17
7079 7147 17
7147 9976 3
8997 8517 17
8517 6882 9
6882 5069 13
9139 12 17
12 8698 1
8698 7274 9
12 602 11
602 3503 11
3503 7123 3
7274 3881 11
3881 4807 6
7274 6996 12
6996 5565 6
6996 6327 11
12 233 13
3503 7510 16
7510 1209 2
1209 3486 1
1209 7249 4
3503 8766 17
8766 437 4
437 7677 1
9189 9306 17
9197 5472 17
5472 1028 8
1028 8852 1
1028 5128 7
1028 534 12
534 120 13
120 4246 14
4246 6588 2
9319 5015 17
9341 7244 17
9430 7145 17
7145 2815 7
2815 665 6
665 6566 6
7145 2762 12
9445 7042 17
9646 1097 17
9659 7164 17
9771 7562 17
9785 1202 17
9851 3385 17
3385 5848 6
5848 3925 1
3385 7962 14
7962 7073 8
7073 1127 17
1127 4826 5
9878 3043 17
9884 9156 17
9978 3628 17
5 2 18
2 2230 1
2 22 6
22 2990 1
22 274 4
22 5750 5
22 1564 6
1564 8930 7
1564 9735 9
8930 7994 12
274 4003 13
5750 7034 13
61 42 18
42 3697 15
3697 2592 17
2592 5342 3
5342 2397 1
2397 5524 7
5524 8098 8
8098 946 11
8098 4515 12
4515 7441 2
4515 2317 3
7441 7989 3
7989 6883 5
2317 6430 10
6883 4396 10
7989 7033 11
7033 6950 3
6950 5232 4
4396 4743 12
7441 3588 12
3588 612 7
612 6485 7
6485 1812 8
2592 9619 14
9619 5680 1
9619 2853 9
2853 2901 10
2901 5060 10
4743 4368 14
4368 5640 1
4368 2394 12
5640 7224 12
6430 9798 16
5060 3164 17
3164 7448 7
3164 7911 13
7911 3790 3
3790 3409 4
3409 9670 7
9670 5384 4
9670 3168 8
9670 6764 11
3168 6223 17
6950 3425 17
3425 255 8
7989 9277 17
9277 2130 12
9798 6528 17
6528 4670 2
6528 6976 2
76 5638 18
5638 6624 15
104 2302 18
139 6300 18
171 915 18
267 6622 18
289 2277 18
2277 3370 11
371 9676 18
405 5382 18
564 1501 18
592 8555 18
605 1762 18
624 6418 18
6418 1885 5
665 315 18
677 2378 18
2378 6894 17
6894 5262 12
5262 3984 6
720 3637 18
742 3083 18
3083 2661 3
2661 4822 8
4822 277 8
277 449 11
820 9967 18
863 1359 18
1359 8592 5
1359 3151 7
3151 8491 15
8491 6544 14
900 2584 18
902 7753 18
979 839 18
1002 7285 18
7285 3849 2
3849 5165 6
7285 5414 13
5414 5969 11
5414 7565 12
5969 8219 14
7285 3267 14
1003 111 18
1003 4989 18
4989 1272 5
1003 5067 18
5067 7192 17
7192 3892 11
3892 5547 1
5547 9000 9
7192 8948 14
7192 1846 15
7192 8349 16
8948 1154 17
1154 8013 5
8013 8372 3
8372 9535 2
1010 122 18
122 83 4
83 143 2
143 5920 13
1036 1316 18
1316 7982 3
1316 8821 3
1039 1000 18
1000 9747 15
1080 3735 18
1289 5435 18
5435 9815 7
5435 5063 9
1401 841 18
1474 4568 18
4568 1321 9
4568 6729 16
6729 595 11
595 3999 17
595 3313 18
1321 6967 18
1478 5042 18
1526 3295 18
1545 3555 18
3555 663 14
663 5899 5
663 4782 6
1609 5894 18
5894 1699 11
1699 413 10
413 7163 1
413 7985 11
7985 975 4
975 356 14
356 494 9
356 9394 12
1633 7018 18
7018 7876 15
7876 2571 8
2571 8043 6
8043 9049 3
9049 9174 8
9174 5674 11
7876 5023 13
2571 2308 15
1635 3994 18
1637 3354 18
1723 5796 18
1735 150 18
150 117 11
117 5938 14
1797 4327 18
4327 8020 9
4327 5387 10
1803 3066 18
3066 6602 14
1830 9691 18
1838 3676 18
1876 4824 18
1920 7852 18
1939 5677 18
1944 3034 18
3034 4260 11
4260 1169 13
1169 7960 8
1947 7555 18
7555 1743 5
1977 1380 18
2011 44 18
2027 1787 18
2062 3594 18
2124 5824 18
2180 4171 18
4171 2868 2
2868 2321 16
2321 2814 15
2217 1872 18
2258 3557 18
2260 1406 18
2271 9250 18
9250 833 8
9250 9105 14
9105 8943 1
8943 3947 16
2284 8237 18
2292 2497 18
2648 2805 18
2672 1655 18
2687 7767 18
2738 4432 18
2831 3540 18
2880 7061 18
7061 7572 12
7572 9475 9
9475 3254 7
3000 2531 18
3040 7984 18
7984 5168 7
3059 6181 18
3083 8404 18
3099 8598 18
8598 7916 15
3112 5408 18
5408 5156 6
5156 8853 9
8853 8941 9
8941 1190 5
5156 691 14
691 9165 6
5408 5723 14
5408 4598 17
3181 2109 18
3207 1901 18
3261 4697 18
3335 8711 18
3423 6710 18
6710 443 6
443 6895 14
3484 3664 18
3487 3290 18
3487 6462 18
6462 6720 6
3523 2968 18
3530 5580 18
5580 2895 15
2895 3672 3
3672 9887 11
3563 6984 18
3596 4626 18
4626 5810 17
3596 7578 18
7578 6357 17
3603 4073 18
3645 8258 18
3724 4314 18
4314 8731 16
3732 5769 18
5769 9948 1
5769 5352 6
9948 4351 7
4351 2960 3
5769 7538 17
7538 9988 5
3743 6335 18
3783 937 18
937 2053 4
2053 1677 6
937 1064 16
1064 2586 1
2586 6298 8
2586 7793 13
1064 4458 18
4458 4401 3
4401 5220 12
4401 7591 16
3948 3494 18
3494 7392 2
4060 2871 18
2871 4843 17
4843 265 16
4843 7602 16
7602 5173 14
7602 4963 15
4843 3787 17
3787 8568 1
3787 4023 6
4023 3805 4
3805 8921 5
3787 8893 7
8893 8518 2
8518 7372 4
3805 4418 7
8921 6962 9
8921 4397 10
8568 4105 11
8518 5572 12
4023 2429 13
2429 7206 16
3805 4116 17
4116 6012 7
4116 2098 14
2429 4528 18
4174 9233 18
4198 984 18
984 8467 8
8467 6953 10
984 9580 14
4207 9871 18
4214 3145 18
4241 5035 18
4337 4845 18
4845 9162 9
9162 4712 17
4342 8809 18
8809 6591 8
6591 8155 2
8155 5571 4
8155 7598 7
7598 7633 4
7633 3511 2
8155 9393 8
6591 9681 13
5571 5808 16
5808 5813 9
5813 391 13
391 131 8
131 481 5
9681 7190 16
9681 2272 17
4356 9229 18
4559 2897 18
4655 2151 18
4655 4182 18
4660 758 18
758 814 8
758 4339 15
4789 5030 18
4795 4424 18
5020 4322 18
5030 8737 18
8737 1895 16
1895 9361 10
5198 4287 18
4287 2270 5
2270 3764 1
2270 5968 12
5225 7998 18
7998 8251 8
8251 3882 7
5270 9280 18
9280 4503 2
4503 5869 17
5869 8235 2
5869 1918 5
5276 5316 18
5411 1313 18
1313 8612 15
8612 745 10
1313 9283 15
1313 1245 17
1245 4295 9
4295 1681 1
1681 600 3
1681 2774 3
600 5947 6
600 540 11
4295 4064 14
4295 2290 15
2290 3785 1
2290 5731 1
5731 9695 1
3785 4325 3
4325 2038 2
4325 8791 4
2290 918 5
8791 4849 7
4849 7903 2
5731 9997 8
3785 8634 9
9997 2611 9
8634 7528 14
7528 2320 3
2290 5593 15
5593 2757 12
2757 6898 6
5442 6070 18
6070 2861 6
5446 1216 18
1216 4072 9
5484 41 18
41 1014 11
41 883 14
883 947 3
1014 5180 18
5502 7592 18
7592 559 15
559 456 10
456 5554 13
5529 2212 18
2212 2903 3
2212 5537 3
5537 5956 15
2212 659 18
659 9211 2
659 2328 6
2328 2650 9
9211 7460 10
7460 9685 7
9685 8435 12
8435 2567 4
2567 6375 8
8435 657 17
657 93 7
93 1924 9
2567 1258 18
1258 8989 13
8989 8846 9
8989 6717 11
6717 6518 13
5537 4768 18
4768 3277 1
3277 2708 13
2708 1879 14
1879 2203 1
2203 5326 9
5546 3600 18
3600 1809 16
5872 7799 18
5898 4000 18
4000 9904 7
5942 6683 18
5964 2410 18
6009 6091 18
6040 4532 18
6121 8111 18
8111 2445 14
6133 5615 18
6207 1026 18
6233 7746 18
7746 2741 4
2741 2668 9
2668 5613 7
7746 9862 9
9862 970 6
970 1472 7
9862 6039 7
6039 6515 6
2741 6891 11
6039 9596 13
9596 6707 1
6707 3116 1
6707 7020 14
9596 6037 14
9862 8047 14
2741 9417 15
7020 4557 16
4557 8398 9
970 8333 17
8398 601 17
601 6053 8
6053 8262 15
8262 3377 2
6276 4373 18
4373 3690 14
6330 2848 18
6470 8741 18
6505 186 18
186 4152 14
186 664 16
664 1999 15
1999 9002 2
1999 3258 11
1999 3615 17
186 4308 18
4308 1992 16
6591 9964 18
6660 5961 18
5961 532 14
532 1523 2
6723 2425 18
2425 2525 4
2425 7223 18
6738 4437 18
4437 1369 1
1369 7685 6
6772 3855 18
6826 2915 18
6911 4791 18
4791 1621 2
4791 548 5
548 2112 1
548 1056 12
6943 4622 18
4622 3912 16
3912 7406 3
6985 3060 18
3060 2793 5
7020 8410 18
8410 5882 6
5882 2683 4
5882 1332 12
1332 9188 2
9188 9565 6
5882 2905 18
7044 2117 18
7082 1126 18
1126 586 5
586 4799 11
586 5986 14
5986 7011 6
7011 9091 12
7121 2782 18
7175 472 18
472 138 1
138 6932 5
6932 4672 9
7189 5192 18
5192 4535 3
4535 888 1
7224 1398 18
1398 3976 1
7251 1509 18
1509 816 3
1509 8229 4
7271 972 18
972 5702 9
5702 5948 13
5702 7343 13
7343 7072 8
7426 4586 18
4586 6260 1
4586 638 4
638 9672 5
4586 2980 5
2980 2173 8
2173 4217 12
2173 3636 14
3636 4654 1
3636 3084 2
3636 145 5
145 1484 4
4654 3768 7
145 5288 14
1484 6499 17
2173 7696 18
7445 4900 18
7453 7071 18
7071 9221 14
7457 3875 18
7478 1339 18
1339 1746 12
1746 3403 4
3403 2988 5
7545 4504 18
4504 9256 12
4504 7725 18
7662 5109 18
7814 9231 18
9231 457 16
7823 5066 18
5066 3443 16
3443 6842 6
6842 842 10
842 294 1
294 2874 4
2874 4577 2
2874 2534 3
842 5138 7
2534 2705 14
6842 8586 16
7838 3241 18
3241 7738 16
7844 3983 18
7872 4498 18
8006 9415 18
8040 3220 18
3220 4338 8
8063 9348 18
8124 1556 18
8132 3796 18
3796 3977 4
8291 4030 18
8417 6227 18
6227 6160 4
6227 6788 11
8575 9204 18
8592 9548 18
8598 4517 18
4517 5994 18
8802 4128 18
8834 8590 18
8590 1737 7
1737 912 13
912 5852 16
5852 146 10
146 441 6
146 4605 6
441 6463 12
6463 7029 3
7029 2660 3
6463 2510 10
6463 8728 16
8728 5369 2
8728 2172 4
1737 9579 17
9579 7534 11
9579 4671 13
4671 9842 17
9842 8561 15
8836 458 18
458 2802 2
2802 9743 4
458 8402 12
9156 5410 18
9165 2299 18
2299 6986 2
6986 3341 8
9199 2362 18
9231 8115 18
8115 8649 4
8649 5755 9
9296 6679 18
9312 1724 18
9359 1312 18
9380 2441 18
2441 9254 4
9254 5504 6
5504 2579 3
2579 2621 4
2621 5618 6
5618 5665 4
5665 958 3
5504 2471 7
2621 922 9
5618 3148 9
3148 9343 5
5618 5014 11
5618 5875 15
5875 3761 8
3761 6995 7
3761 8768 14
8768 8670 6
3761 5622 15
922 8574 16
958 1679 16
5875 9023 16
9023 9858 2
9254 6638 16
2471 7089 17
3148 7152 17
958 8340 18
8340 5659 16
8768 1442 18
1442 5166 3
5166 9144 3
9492 8248 18
9540 377 18
377 198 8
377 1357 16
9593 8029 18
8029 2360 2
9742 1141 18
9773 5362 18
5362 379 18
9793 7853 18
7853 5444 11
5444 7075 18
7075 7904 10
7075 925 17
925 526 15
9798 2669 18
2669 6965 18
9834 4113 18
9990 4701 18
4701 3074 8
3074 8169 3
8169 8775 18
8775 2832 7
8775 7898 16
1 8471 19
8471 6606 8
6606 7925 5
20 1349 19
1349 9792 17
27 7890 19
7890 3535 5
29 7720 19
121 1784 19
122 71 19
71 8947 5
8947 5943 7
8947 4066 9
71 9642 11
9642 1185 10
131 6560 19
152 7834 19
7834 6516 3
169 658 19
199 5033 19
224 5209 19
5209 1041 2
1041 105 8
5209 6927 8
6927 3447 5
3447 9301 5
5209 3716 16
9301 8182 18
241 3372 19
3372 2018 12
247 1381 19
285 7599 19
299 209 19
209 364 4
209 997 5
209 8216 11
8216 1959 11
997 6320 14
366 2199 19
2199 8812 4
8812 2581 6
8812 1816 7
1816 4730 4
1816 2770 7
8812 9699 10
9699 7084 12
1816 4428 17
4730 7162 18
7162 6406 10
379 4570 19
380 893 19
893 2201 18
2201 5759 1
401 8710 19
8710 940 7
940 91 14
406 1533 19
1533 5449 15
406 5692 19
5692 5469 2
5469 3369 11
3369 2614 12
5469 2844 14
5469 5011 17
461 6969 19
6969 9053 5
553 1584 19
576 5478 19
601 1065 19
1065 9546 8
602 1136 19
1136 1678 13
650 8699 19
8699 8507 2
703 3644 19
736 1506 19
753 875 19
875 7957 10
7957 5114 6
7957 9919 6
9919 6765 9
768 7364 19
7364 7496 11
783 1368 19
843 6089 19
6089 6854 18
6854 6856 2
926 4516 19
4516 5164 16
5164 5143 16
4516 2495 18
2495 2227 6
2227 9226 14
968 3673 19
1023 754 19
1075 7362 19
1185 6682 19
6682 4123 16
1190 4911 19
1194 3244 19
3244 7777 13
7777 9458 10
9458 5885 6
5885 2778 1
5885 7952 4
7952 4473 4
5885 7551 9
7952 5308 13
3244 8722 15
1195 3531 19
3531 8308 5
1304 5754 19
5754 3930 4
3930 7287 2
3930 5183 3
5183 7047 5
5183 9539 13
9539 3558 12
5754 3601 13
3558 2045 16
2045 1079 3
9539 8581 17
8581 2552 13
1079 5666 19
1382 8207 19
8207 8929 7
8929 7883 13
7883 7064 6
7883 5902 15
1397 183 19
1438 9512 19
9512 3251 3
9512 4187 9
4187 2956 1
2956 9073 4
3251 7837 14
7837 3791 12
3791 8813 17
8813 9636 10
9636 8960 7
1466 3287 19
3287 4223 11
4223 3619 11
1481 4336 19
1554 748 19
1596 5376 19
5376 4358 6
5376 8483 6
4358 9094 13
1607 3910 19
1638 2624 19
2624 8937 5
8937 5139 7
5139 223 6
1722 5320 19
1737 4754 19
4754 4560 4
1820 2607 19
1843 7260 19
7260 1112 2
7260 4440 2
4440 7429 6
7429 9992 8
4440 4852 9
4852 9001 11
1859 483 19
483 8794 18
1887 4864 19
1921 5997 19
5997 4296 11
1952 3753 19
1973 9712 19
2001 2416 19
2416 9647 13
2030 1853 19
1853 1491 5
1853 749 6
1491 4270 10
4270 6605 9
6605 6909 2
6605 4247 3
1491 6993 10
1491 3889 15
3889 6346 15
1491 2541 18
6909 5452 18
5452 8940 18
749 9688 19
9688 9478 16
9478 1585 14
1585 2208 1
1585 8378 9
8378 8645 9
8645 9355 7
2208 5153 14
8378 155 15
5153 8594 18
8594 1969 9
1969 7739 14
7739 4135 12
4135 4921 5
4135 1833 7
1833 2446 5
4135 7773 14
2072 6173 19
2072 8082 19
2152 1055 19
1055 2701 8
2701 272 12
1055 5605 13
272 2278 16
2278 9918 12
9918 3772 12
2278 8898 13
5605 4663 16
272 3118 17
1055 1306 19
2179 2240 19
2193 8225 19
8225 4298 6
4298 3515 14
8225 462 16
462 9223 17
9223 8317 6
2205 6209 19
2288 7532 19
7532 6202 12
6202 7831 3
2292 9177 19
2298 3501 19
2328 9572 19
9572 3507 17
2342 4090 19
2347 9534 19
9534 5388 11
2397 2499 19
2423 1861 19
1861 109 12
109 1413 12
1413 4262 6
109 136 14
136 7286 9
2434 5591 19
2440 4134 19
4134 5477 12
5477 9970 6
9970 6589 13
6589 3762 8
3762 7819 18
2448 8687 19
8687 8752 1
8687 1147 10
8687 4803 12
4803 9368 12
9368 855 9
2480 2646 19
2513 8506 19
2626 4696 19
2668 4435 19
2738 7214 19
7214 9071 15
2769 6530 19
2822 7440 19
7440 7752 4
7752 2775 6
2775 5763 4
5763 3056 5
2775 8585 7
2863 8314 19
8314 3217 15
3217 3187 5
3187 3253 13
2882 8064 19
2901 7367 19
2918 8194 19
2957 6253 19
3093 9778 19
3265 6769 19
3427 6358 19
6358 8007 7
3458 9724 19
3505 4033 19
3594 5330 19
5330 3618 8
3637 9436 19
3645 8099 19
8099 2891 6
3720 264 19
3833 5170 19
3871 1437 19
1437 1294 11
1437 2813 18
3871 2353 19
2353 9484 4
2353 685 8
3899 9820 19
3933 3573 19
3942 5643 19
5643 2904 15
3959 1905 19
1905 8498 14
3967 3445 19
3982 1583 19
1583 2930 11
2930 2198 5
4049 5402 19
5402 3320 12
5402 5825 14
4123 1402 19
4124 3692 19
3692 1264 14
1264 5946 8
1264 4029 11
4029 9336 4
9336 9981 12
5946 2524 18
4217 7780 19
7780 2123 5
4223 5213 19
4256 7469 19
4265 8964 19
4288 3610 19
3610 1923 8
1923 9557 3
4346 1445 19
4399 1753 19
1753 4982 1
4982 4684 3
4400 3906 19
3906 8801 13
4488 3896 19
3896 4934 18
4547 9300 19
4567 4453 19
4453 6779 19
6779 3749 9
3749 7988 2
7988 1054 5
7988 1586 13
4591 5930 19
5930 7415 13
4593 2521 19
2521 2262 17
4621 4464 19
4464 4922 5
4642 6931 19
6931 9400 13
4660 4747 19
4711 156 19
4776 4657 19
4657 1697 3
4847 4848 19
5020 6728 19
6728 1986 10
1986 807 13
807 4554 1
4554 679 3
6728 8541 13
6728 2363 15
2363 3621 7
2363 9449 12
5046 7262 19
5107 7289 19
5168 5914 19
5914 6952 17
6952 1516 1
5914 6946 18
5257 2842 19
5303 4817 19
4817 9298 3
4817 2334 13
5402 5100 19
5522 3079 19
3079 4041 18
4041 4646 3
5524 1252 19
1252 9367 1
1252 6607 12
5600 7614 19
5604 8127 19
5615 4181 19
5618 4883 19
4883 9351 1
5629 5566 19
5824 9503 19
9503 4693 5
5826 9854 19
9854 1912 14
1912 45 12
9854 3424 18
3424 2154 9
2154 1257 6
3424 1187 13
1187 9019 8
9854 5871 18
5853 7712 19
7712 8401 5
7712 2548 12
2548 3581 11
2548 7153 16
8401 4523 17
4523 3951 11
3951 5162 9
5162 9114 18
5870 6193 19
5911 3996 19
5911 4027 19
5961 7155 19
5988 4470 19
6047 9757 19
9757 1244 7
1244 1623 4
6126 7749 19
7749 8360 5
7749 911 12
6158 1730 19
1730 9530 6
6173 6864 19
6186 8724 19
6192 6454 19
6202 5126 19
6220 9752 19
6229 4307 19
6289 8192 19
6358 9326 19
9326 5545 15
6395 2213 19
2213 3068 3
6397 3766 19
3766 8226 7
8226 8583 8
3766 9710 10
8583 5403 18
6426 9072 19
6607 8716 19
8716 6689 6
6731 6810 19
6810 2596 10
6736 5662 19
6826 995 19
995 5862 6
5862 6753 6
6942 2251 19
7089 2948 19
7209 9037 19
7298 6278 19
6278 7346 8
7346 376 6
7439 4266 19
7606 2985 19
2985 3123 2
7660 9510 19
9510 9335 7
9335 8857 2
9335 9930 9
9930 49 12
49 752 17
7726 6041 19
7726 6763 19
7938 7148 19
7148 9454 6
9454 2963 14
2963 8513 7
9454 8008 15
8008 2563 1
8027 6520 19
8029 2587 19
8092 9293 19
8155 7186 19
8267 6630 19
6630 7408 13
8319 5807 19
5807 9683 9
9683 8423 3
8423 8726 6
8726 9868 2
8320 7722 19
7722 2241 7
8344 6203 19
8360 8266 19
8395 878 19
8424 1550 19
8530 4991 19
8595 4784 19
8638 7024 19
8675 563 19
8751 3088 19
8813 9304 19
8866 2391 19
8867 6098 19
8894 2511 19
9089 7882 19
9180 3748 19
3748 813 11
3748 1251 14
9211 5693 19
9262 5392 19
5392 9519 15
9338 4109 19
9338 4617 19
9341 9056 19
9357 7499 19
7499 6663 7
7499 7791 11
7791 8871 12
8871 7501 9
7791 767 13
767 2313 16
8871 3400 17
3400 1686 4
9376 2941 19
9489 5404 19
5404 5912 9
9532 1774 19
1774 1860 8
9537 4919 19
4919 9810 1
4919 8835 14
4919 317 17
317 5313 8
317 7981 18
9810 2231 18
9542 6479 19
6479 7893 6
6479 15 8
15 6 5
6479 1005 10
6 3859 11
1005 2380 11
15 16 13
16 2156 5
16 5598 9
15 645 15
15 2351 15
15 965 17
965 5184 4
9573 9609 19
9609 4957 13
9634 5009 19
9670 4131 19
9670 9281 19
9281 9063 6
9063 2727 12
9702 3694 19
9894 1394 19
1394 985 5
9945 9006 19
9006 3986 15
3986 5135 14
9973 4830 19
4830 8620 13
0 8246 20
8246 8033 7
2 6259 20
6259 8368 14
67 170 20
170 2013 1
225 6963 20
232 4929 20
4929 7919 12
4929 1574 18
1574 8644 19
8644 9427 10
9427 5685 17
291 1298 20
371 566 20
566 1529 5
1529 3375 4
438 4813 20
441 1305 20
461 977 20
532 4855 20
534 1561 20
549 3854 20
600 6453 20
6453 8087 3
6453 4402 11
4402 5657 2
4402 9554 12
8087 4906 13
4906 5432 9
5657 237 16
237 304 5
808 8827 20
8827 1734 6
836 8993 20
890 1366 20
895 8480 20
8480 3746 19
3746 998 7
3746 5505 9
5505 8539 2
1046 7786 20
1050 1968 20
1064 1711 20
1070 5880 20
5880 5079 18
1075 2359 20
1114 873 20
873 3020 20
1126 4067 20
4067 4837 2
4837 9210 13
9210 6297 3
1264 8646 20
8646 5175 10
1283 9473 20
1293 3325 20
1302 4196 20
4196 2840 10
1436 4558 20
1484 1684 20
1684 8730 9
8730 4876 13
1497 5790 20
1549 1314 20
1617 7908 20
1634 9620 20
1666 4159 20
4159 5632 11
5632 6445 4
6445 2690 3
4159 4032 13
1811 5670 20
1887 5672 20
1931 6083 20
6083 3086 14
2123 119 20
2138 1983 20
1983 3185 7
1983 7544 16
2220 7947 20
7947 8136 2
7947 9549 11
9549 5932 11
7947 1129 13
1129 6699 9
2413 4746 20
2421 7764 20
2669 1702 20
1702 8425 11
8425 9082 3
2721 608 20
608 2427 4
2796 2692 20
2692 6342 12
2918 7266 20
2980 6581 20
6581 8478 17
6581 5129 18
5129 3272 12
2995 1240 20
1240 1229 1
3102 5040 20
5040 1948 2
5040 6816 8
1948 3195 9
5040 9686 9
3195 5686 14
3110 3655 20
3152 5318 20
3191 1346 20
1346 2902 14
3290 7579 20
3348 7900 20
3606 6944 20
6944 4277 6
3640 3747 20
3747 1975 6
3652 9292 20
9292 7432 15
7432 8651 4
9292 17 18
3727 5169 20
3755 7833 20
7833 4284 10
3814 9499 20
4055 9950 20
9950 7350 3
4113 6749 20
6749 2368 12
4223 7319 20
4225 3005 20
4410 2176 20
2176 1386 7
1386 2004 9
2176 9024 19
4523 8938 20
4563 3215 20
3215 454 4
3215 3583 8
454 6921 9
4605 8582 20
8582 5628 3
4605 9008 20
9008 6339 15
6339 2829 17
2829 9717 5
9717 7794 9
4611 9040 20
9040 7048 16
7048 9433 6
9433 5317 13
5317 9989 1
5317 5752 4
4655 9159 20
4675 1726 20
4750 1508 20
4799 5148 20
5148 7307 12
5148 7369 12
7307 2177 15
4889 5008 20
5008 6892 11
4905 4723 20
4723 4667 16
4667 3146 5
3146 1210 8
1210 3593 19
4906 7894 20
4987 9855 20
5043 4281 20
5104 7250 20
5123 7567 20
7567 2639 19
5126 2986 20
2986 9648 17
9648 2750 11
5142 2764 20
2764 5646 3
2764 7454 9
5156 181 20
181 399 16
5181 3811 20
3811 1389 2
3811 1542 4
1542 162 5
162 25 13
162 9015 16
1389 8147 19
8147 8123 15
5219 4548 20
4548 1807 13
1807 1695 7
5255 8693 20
8693 6189 4
8693 1650 14
5404 4472 20
4472 4046 19
5422 5608 20
5474 4039 20
5476 569 20
5660 9212 20
5731 3675 20
3675 5709 12
5709 4713 7
5797 3981 20
5894 4966 20
5898 7676 20
7676 5462 11
5919 4420 20
4420 9030 17
5973 9866 20
5990 5176 20
6026 1024 20
6099 7847 20
6110 5252 20
5252 3238 14
3238 3851 8
6195 2120 20
6259 5935 20
5935 8525 5
8525 6554 3
6554 717 9
8525 8199 9
717 2506 20
2506 1871 15
2506 5349 17
1871 6417 19
6417 3386 6
6417 8494 9
8494 3707 14
3707 3473 4
3707 7383 10
6417 4129 16
3707 3887 18
3887 4972 8
6461 4884 20
6462 4231 20
4231 168 16
168 963 14
963 316 4
316 3160 10
316 3739 11
963 7377 13
6482 5730 20
6562 2870 20
6579 3834 20
6621 1032 20
1032 2617 11
6664 5861 20
6670 6318 20
6318 9103 6
9103 3647 11
9103 1865 15
6706 4680 20
6834 6489 20
6489 9309 1
6489 1897 9
9309 297 10
297 9439 12
6489 8170 14
9439 8274 14
297 1076 16
1076 646 10
1897 2016 17
646 5623 18
1076 2827 20
6884 7450 20
6967 7349 20
7349 764 3
764 1839 2
1839 5878 15
7045 5163 20
5163 2319 12
7099 8110 20
7190 6060 20
7212 938 20
7247 9137 20
7300 7176 20
7334 1242 20
1242 3500 18
3500 7422 7
3500 9274 18
7377 9852 20
7429 9257 20
7443 8476 20
7592 6556 20
6556 5189 4
5189 3622 19
3622 4341 11
7628 3567 20
7648 3286 20
7752 6558 20
6558 537 6
537 1105 12
7841 4273 20
4273 4352 13
7894 2666 20
8151 898 20
898 5815 10
8185 961 20
8295 2906 20
2906 6109 3
2906 5950 15
8413 6885 20
8524 8908 20
8908 7180 18
8620 3756 20
3756 1021 14
1021 9544 2
8649 4774 20
4774 5679 3
4774 831 15
831 6645 7
6645 8628 4
831 246 8
246 9125 8
246 8769 18
8769 4176 8
4176 8545 2
4176 1128 6
8545 9132 14
9132 4243 16
8688 695 20
8731 2745 20
8816 3774 20
3774 6294 15
8818 8804 20
8804 1067 10
1067 1338 19
8843 4388 20
9056 1739 20
9057 8772 20
9059 7803 20
7803 9664 12
9067 4859 20
9070 2574 20
9156 2665 20
2665 9344 7
9344 4959 1
4959 557 2
2665 7218 9
7218 818 4
7218 2352 4
818 1323 5
1323 7492 14
7492 8260 13
2352 1568 15
2665 4406 18
9165 3997 20
9196 6344 20
9251 4508 20
4508 2953 16
9257 5355 20
5355 8257 16
8257 8014 19
9567 8359 20
9633 1955 20
9637 2908 20
2908 7281 8
9654 5630 20
5630 2540 12
5630 4141 13
9732 8062 20
9806 3775 20
3775 6201 9
9857 9237 20
9237 9933 1
9237 4968 10
4968 8223 3
9237 5701 14
5701 544 12
544 2560 2
9933 9232 14
9232 6078 7
9933 894 15
894 9671 6
9232 6532 16
6532 6345 10
9671 5706 16
5706 7797 13
7797 7058 18
9864 5353 20
9904 439 20
439 4866 13
4866 3952 12
0 254 21
3 2659 21
31 8676 21
57 2057 21
114 276 21
276 7716 7
119 3879 21
3879 4669 1
4669 6252 2
6252 2036 16
6252 6156 16
121 7813 21
135 239 21
155 6362 21
252 6455 21
262 7546 21
7546 4362 5
4362 6049 5
269 293 21
293 1896 2
293 1591 4
1896 4292 7
293 9406 13
283 9068 21
335 823 21
823 9124 5
823 1086 18
9124 6101 18
6101 7709 6
1086 2605 19
357 7021 21
377 6871 21
466 9333 21
478 5771 21
5771 3904 4
494 760 21
760 9266 13
760 9511 18
9511 8326 12
494 6016 21
530 578 21
578 3971 20
571 7605 21
608 4274 21
661 6176 21
752 778 21
778 1155 3
1155 9522 1
778 5896 3
1155 921 15
921 9302 1
921 6440 8
6440 3394 5
9302 6448 20
775 2276 21
2276 386 4
386 4119 4
4119 1074 12
808 1547 21
1547 4022 5
4022 2640 12
852 7969 21
7969 5737 2
7969 9332 6
5737 3829 11
1029 8872 21
8872 7161 11
8872 7059 13
7059 9604 14
8872 4161 17
1035 5274 21
1044 8668 21
1089 72 21
1096 500 21
500 4990 15
1179 2403 21
2403 2784 5
2403 1770 20
1770 1345 8
1280 1671 21
1671 1950 7
1950 7036 2
1950 1256 16
1298 8878 21
1306 4717 21
4717 8855 19
1322 2981 21
2981 9457 5
1406 4070 21
1407 2406 21
2406 8630 19
8630 6442 17
6442 7611 5
7611 6974 7
1435 3037 21
1443 9657 21
1484 1922 21
1922 2375 1
1509 4267 21
1541 4335 21
1557 5506 21
5506 6714 8
1577 5085 21
5085 6124 7
1585 9651 21
1801 2753 21
2753 2781 8
2753 2424 13
1803 8616 21
8616 4378 19
4378 8895 1
4378 2638 15
2638 6161 7
2638 6574 8
6574 5793 6
5793 5250 6
6161 5083 10
5083 4361 6
4361 7446 1
7446 8557 11
5793 3813 13
6161 5765 18
5765 9718 3
9718 6598 5
1929 2356 21
2356 8832 13
2356 6668 15
6668 2591 16
1944 1881 21
1957 2609 21
2609 1018 10
2100 5708 21
2110 9740 21
2241 6648 21
2272 9069 21
2290 3769 21
3769 5987 17
3769 2459 19
2317 6879 21
2380 8735 21
8735 4545 11
4545 7149 1
2388 1823 21
2438 9042 21
9042 1576 4
9042 1115 7
1115 4721 10
2506 9796 21
2560 6657 21
2686 809 21
809 697 21
697 9146 5
697 7975 11
697 2850 19
2708 7724 21
2788 8931 21
8931 6527 14
6527 2086 6
6527 8126 16
8126 6216 17
2842 4203 21
2948 3065 21
3028 98 21
3035 2766 21
3103 7657 21
3132 8391 21
8391 3934 9
3163 6427 21
6427 2164 7
6427 4686 13
4686 8615 18
3283 4293 21
4293 660 18
660 8499 1
660 625 12
625 3230 7
3230 6592 4
6592 7557 1
6592 756 3
7557 1473 4
756 9675 12
756 2685 14
7557 7597 14
1473 5464 15
5464 3101 15
660 6113 18
1473 9924 18
6592 508 19
508 9531 3
9924 5241 19
3313 5226 21
5226 4169 3
3374 8376 21
3517 7284 21
7284 6553 3
6553 3017 1
6553 7718 13
7284 3491 14
7718 6702 17
3017 9062 20
9062 2281 17
2281 8869 14
3552 6350 21
3557 2989 21
2989 4793 8
2989 507 21
507 88 19
3748 3575 21
3854 7049 21
7049 6741 8
3868 6246 21
6246 7293 1
6246 5284 8
4236 1066 21
1066 337 10
337 5329 2
5329 1191 12
1191 1926 9
337 3300 17
3300 6497 8
1191 3684 18
5329 3553 18
4259 7779 21
4290 7729 21
4302 1372 21
1372 491 16
491 5332 16
5332 1763 1
491 5927 19
5927 6567 18
6567 9613 10
9613 202 19
4309 8497 21
4324 229 21
4333 7664 21
4355 8643 21
4373 9130 21
4462 4935 21
4480 1649 21
1649 7488 11
4609 2543 21
2543 6971 14
4626 6875 21
6875 4825 12
4825 5386 8
5386 1388 5
1388 1960 7
1960 1414 17
1414 7232 19
5386 7467 20
7467 5799 15
4631 5179 21
5179 188 3
188 7822 11
188 6458 15
6458 9236 13
5179 6366 16
6366 8300 16
188 7400 18
7400 4035 3
4035 7220 16
4712 2608 21
2608 1840 8
4727 7933 21
4777 9811 21
9811 2601 14
9811 9853 15
4817 909 21
909 8745 3
909 8905 7
909 8074 16
8074 7188 18
4817 4079 21
4840 5356 21
4871 219 21
219 901 19
4871 7635 21
4876 1057 21
4937 7465 21
7465 6768 13
4966 5418 21
4977 3306 21
4993 1295 21
5047 4590 21
5168 1669 21
1669 3029 2
1669 6333 5
6333 4082 6
5220 2886 21
2886 8130 4
2886 8512 9
8512 9547 2
2886 9496 11
2886 5073 13
8512 314 13
9547 7482 16
7482 5703 4
7482 8576 12
8576 6795 15
5073 8660 19
8660 2409 1
2409 4258 5
8660 4861 9
4861 2628 12
5416 5055 21
5467 9947 21
5548 4028 21
5548 6073 21
6073 4526 6
4526 3175 1
4526 1218 14
1218 2862 7
1218 2196 16
6073 5760 19
1218 9171 20
5563 5778 21
5609 2095 21
2095 4858 18
5617 9003 21
9003 1842 1
1842 2343 8
2343 8195 4
9003 1714 8
9003 1022 11
5656 5868 21
5868 9203 18
5660 7548 21
5662 840 21
5679 4099 21
5722 7267 21
5790 3702 21
3702 3719 18
5793 5843 21
5843 4192 6
4192 3206 4
5843 3107 8
3206 4291 12
5800 2080 21
5840 9684 21
9684 8276 10
5862 6322 21
6322 8456 1
6122 6304 21
6304 7370 12
6131 9731 21
9731 3296 2
3296 9935 17
9731 4985 19
4985 8350 11
8350 1982 5
1982 6787 6
1982 4446 8
1982 1602 18
1602 2066 1
8350 4248 19
4248 4716 5
6153 9395 21
9395 9639 12
9639 4652 16
9395 9088 18
6161 6849 21
6181 3565 21
6181 3827 21
6237 4796 21
6301 5726 21
5726 3176 8
5726 6774 17
6301 9969 21
9969 3193 1
3193 9543 21
9543 3612 10
6321 3760 21
3760 8986 20
6396 811 21
811 3481 1
811 8981 16
811 2361 20
2361 5430 20
6425 3471 21
6430 910 21
910 240 9
6532 8453 21
6720 9465 21
9465 9074 4
9465 3010 15
3010 8589 16
8589 4421 2
6861 7063 21
7063 3666 18
6900 9591 21
9591 5696 10
6973 1149 21
6984 8777 21
8777 259 10
6995 2759 21
2759 3294 15
7200 2390 21
2390 2593 16
2390 1051 20
7201 6107 21
6107 7581 4
6107 1552 18
1552 4983 10
7317 4218 21
7570 2654 21
2654 3025 19
3025 7541 3
7541 2526 6
3025 2823 18
7618 4184 21
4184 3067 13
7633 7434 21
7434 9316 16
7665 3964 21
7676 7939 21
7939 8531 6
7939 8399 8
7939 2644 17
2644 7850 1
2644 3696 7
7739 9389 21
7770 8543 21
7788 7183 21
7794 8579 21
8579 8009 10
8009 1588 5
7794 9846 21
9846 338 15
9846 4118 18
7840 3299 21
8029 471 21
471 2412 8
471 1647 18
2412 2733 20
8149 7160 21
8155 7420 21
7420 5076 2
8155 9418 21
8389 1424 21
8393 2250 21
8408 7357 21
7357 5328 12
7357 5678 21
8506 3477 21
8506 7848 21
7848 9054 9
8545 8303 21
8646 2674 21
8681 1942 21
8797 6513 21
8913 8485 21
8920 3464 21
8964 8052 21
8052 8434 2
8434 2129 12
9210 2444 21
2444 1862 18
1862 1248 11
1862 3266 12
3266 9096 7
1248 9502 15
9235 9638 21
9269 4164 21
9343 4764 21
9355 5358 21
9365 6897 21
9421 234 21
234 5424 14
9426 7682 21
9451 2479 21
2479 9781 14
9520 4880 21
9525 5344 21
9604 8056 21
9643 1970 21
9654 4127 21
4127 5742 7
9812 325 21
325 8241 8
9853 7229 21
7229 3841 10
3841 4389 16
9951 7979 21
7979 4908 7
4908 2509 21
2509 7141 12
62 5681 22
67 827 22
115 7668 22
170 4381 22
183 9486 22
190 4575 22
217 2786 22
2786 1377 18
1377 4899 15
1377 2828 21
239 7886 22
240 1589 22
244 5970 22
293 3616 22
3616 9545 15
9545 2803 11
9545 6972 20
294 7858 22
7858 8995 4
333 1597 22
1597 4393 11
358 6384 22
6384 5102 4
5102 9776 17
9776 7674 3
6384 6938 21
6938 8914 4
8914 2309 20
2309 2192 2
2309 9195 7
9195 8134 12
538 8294 22
640 2463 22
771 6275 22
799 1009 22
1009 9656 7
808 3717 22
3717 4132 8
809 1431 22
1431 8540 1
1431 4257 4
859 587 22
587 1904 11
904 2287 22
929 1892 22
1032 8321 22
1038 8599 22
1053 9818 22
9818 1452 2
1107 2295 22
1155 1626 22
1196 3011 22
1232 9287 22
1242 7835 22
1249 6272 22
6272 7640 21
1455 2684 22
1538 8077 22
1555 4691 22
1607 3245 22
1623 8281 22
1624 7498 22
7498 7647 4
7498 9828 7
9828 3864 15
3864 8292 8
1678 1241 22
1687 7554 22
7554 8245 16
7554 9958 17
1701 4614 22
1726 9133 22
1741 2326 22
2326 8446 1
1801 2372 22
2372 8145 1
8145 7926 8
1846 1163 22
1872 7865 22
1932 7028 22
7028 4938 1
2001 4812 22
2050 5160 22
2093 3227 22
2108 9745 22
9745 4209 15
2162 5167 22
5167 611 4
611 1288 8
611 935 16
5167 9952 18
2277 5470 22
5470 7473 20
2691 2102 22
2741 4538 22
2782 7863 22
2812 4999 22
2990 1121 22
1121 6486 5
6486 5265 6
6486 1439 15
5265 7027 16
1121 9432 20
3084 6948 22
3116 3659 22
3659 5283 14
3127 2405 22
2405 35 3
35 1278 6
3240 6086 22
6086 8756 11
8756 8814 7
8814 9998 18
3280 4915 22
4915 5145 20
3297 5727 22
5727 6052 16
3314 4037 22
3432 1720 22
1720 5831 17
5831 5052 9
5831 6893 20
3437 5217 22
3547 7550 22
3588 3328 22
3328 3843 17
3791 4416 22
4416 6100 1
3823 7553 22
3934 6475 22
4124 3667 22
3667 3159 1
3159 3520 19
3520 3723 7
3520 8739 14
3159 4649 20
4195 2291 22
2291 5366 3
5366 3308 2
3308 1906 4
5366 5337 5
5337 6754 17
6754 885 7
4213 2811 22
2811 2142 1
2142 4306 1
2142 1162 12
4218 4200 22
4227 8200 22
4241 8439 22
4296 3444 22
3444 5493 17
4567 2055 22
2055 1802 10
4603 1890 22
1890 2576 11
2576 4350 7
4670 5785 22
5785 5985 10
5985 5705 11
5785 5159 12
5159 6205 4
6205 3492 9
6205 3683 14
3683 9536 16
3683 7463 20
7463 683 10
683 8253 19
683 2318 21
4852 2865 22
2865 3893 13
4869 9922 22
9922 9366 14
4901 8431 22
4942 3838 22
3838 6496 11
6496 2516 12
6496 2630 20
2630 9109 19
9109 8865 3
2630 6420 20
5004 5620 22
5011 8474 22
5032 9408 22
5035 8899 22
5060 2927 22
5170 9972 22
9972 3208 4
3208 6149 12
5232 3336 22
5317 3781 22
5430 2545 22
5548 7918 22
5639 8019 22
5662 5426 22
5691 2285 22
2285 7675 9
7675 3722 18
5985 4233 22
4233 8304 6
6012 4794 22
4794 5028 2
4794 6866 2
6866 1125 13
5028 826 21
6223 7497 22
7497 3216 19
3216 6042 1
6274 1025 22
6322 9833 22
9833 4155 17
6455 1331 22
1331 943 1
943 2876 12
2876 2435 7
6518 8554 22
8554 3214 10
6624 1910 22
1910 2261 12
6795 8533 22
6910 5627 22
6981 9462 22
7002 7715 22
7038 5521 22
7095 1814 22
7203 8078 22
8078 3914 8
3914 6380 15
6380 4525 5
6380 6785 10
6380 1664 11
1664 2324 4
2324 6666 1
6666 6877 19
7260 9574 22
7281 8135 22
7377 4618 22
4618 3170 2
3170 9645 16
7606 5673 22
5673 3434 7
3434 2206 12
2206 4156 8
4156 4311 13
7648 1214 22
7683 706 22
7774 2603 22
7911 4255 22
4255 74 10
74 2061 6
2061 4157 10
7924 3848 22
3848 5767 11
8028 9865 22
8117 4477 22
4477 6841 15
8138 1848 22
1848 5245 12
8151 1387 22
8321 9055 22
9055 3817 1
3817 374 22
8373 3533 22
3533 3096 14
8507 2920 22
2920 7558 14
7558 8305 4
8583 5729 22
5729 9954 5
9954 1518 5
5729 6056 22
8681 3051 22
8683 6593 22
8894 3991 22
3991 6650 12
3991 3955 19
3991 9284 19
8903 8858 22
9046 7795 22
9105 9205 22
9205 9207 18
9207 722 13
9139 6244 22
9213 9861 22
9861 86 4
86 4930 10
86 7425 21
9451 4229 22
4229 2485 19
9500 2303 22
2303 5031 4
9519 4592 22
4592 3789 12
9586 3326 22
3326 7351 18
9597 8958 22
8958 7128 19
7128 1727 20
9613 8815 22
9823 4945 22
4945 9748 9
9748 230 6
9833 5527 22
9908 9516 22
9912 8659 22
8659 6371 20
9986 4979 22
37 4449 23
4449 9780 13
114 3057 23
135 1825 23
1825 8694 5
1825 1093 16
1825 3089 22
140 3560 23
3560 6935 20
169 1320 23
180 6651 23
180 8054 23
201 1031 23
1031 3816 1
224 7198 23
7198 2332 7
232 1704 23
1704 3516 5
1704 2104 18
2104 5587 6
287 3055 23
379 1847 23
408 4715 23
415 1539 23
433 4588 23
4588 6659 17
6659 2168 14
499 9819 23
546 3250 23
3250 50 15
50 292 2
292 2049 9
50 36 18
36 416 20
3250 5819 20
563 4552 23
633 8100 23
636 4658 23
717 2028 23
2028 3293 12
760 7680 23
7680 973 4
783 7518 23
7518 2111 8
784 5736 23
821 9039 23
928 8882 23
8882 7630 7
7630 629 10
958 3212 23
1073 6484 23
1134 7580 23
1161 9392 23
9392 978 11
9392 2327 22
1183 7612 23
1263 3894 23
1332 4550 23
4550 6808 7
4550 2370 8
4550 6919 16
1375 6869 23
1410 4926 23
4926 8642 10
1603 5991 23
1638 4254 23
1679 9447 23
9447 9615 20
1712 2899 23
1721 4834 23
1787 716 23
1952 5339 23
2016 9104 23
9104 5458 6
2061 1689 23
1689 1553 11
2112 1268 23
2144 1537 23
2343 7721 23
2374 9388 23
2375 9443 23
2485 2333 23
2565 6175 23
2607 4476 23
2661 6106 23
6106 4158 22
2663 8186 23
8186 3248 21
3248 7856 19
2710 2492 23
2492 6307 1
6307 4485 15
2907 9035 23
2924 2673 23
2673 7747 20
2948 755 23
755 6744 6
755 6865 10
6744 5375 19
5375 9086 10
5375 2696 14
2696 593 1
9086 9949 15
3002 2959 23
3064 4912 23
4912 4969 9
4969 581 8
581 496 20
496 1330 23
3090 1425 23
3133 6135 23
6135 652 13
3254 9322 23
3331 1281 23
3456 6150 23
6150 3350 16
3350 879 3
3533 3861 23
3540 9552 23
3575 7678 23
7678 7713 5
7678 8509 21
8509 8548 7
3616 8767 23
3785 8330 23
3797 9020 23
3803 6839 23
3824 5064 23
3868 5286 23
5286 1470 10
1470 6046 12
5286 6206 21
6206 8325 17
8325 9084 9
3943 5234 23
3983 1083 23
1083 2662 16
4023 5003 23
5003 2612 14
4030 7909 23
4061 7895 23
4113 2125 23
2125 59 10
4149 69 23
4239 6393 23
4259 2971 23
4424 1627 23
4470 6536 23
6536 9630 21
9630 3551 3
3551 5315 20
5315 3757 10
3551 5978 21
9630 7172 21
7172 9317 16
9317 6226 5
6226 3776 16
3757 1789 23
1789 1462 8
4504 5519 23
4621 956 23
4756 1418 23
1418 1749 4
1418 8119 15
1749 7416 16
4775 5199 23
5199 1310 14
4782 3815 23
4803 8462 23
8462 1059 3
5032 7067 23
5089 9170 23
5109 1989 23
5211 48 23
48 2263 2
48 515 12
5222 4251 23
4251 4887 15
5284 6315 23
5312 4831 23
4831 407 23
5502 1832 23
1832 8764 19
5588 6257 23
5638 9112 23
9112 5024 20
5024 5886 6
9112 6063 20
6063 3852 19
5705 7436 23
7436 9667 16
9667 8103 18
9667 9991 21
5725 7166 23
5826 7846 23
7846 9201 2
5861 5210 23
5210 3578 6
3578 2893 6
2893 6065 11
5946 6982 23
6149 5354 23
6258 2451 23
6259 7119 23
6528 9690 23
6660 6704 23
6704 3907 7
3907 1207 10
1207 9477 8
6787 1530 23
1530 2965 15
2965 8140 7
8140 6314 8
2965 4415 18
1530 3648 21
3648 7041 17
6816 6798 23
6798 3019 3
6886 889 23
6981 7953 23
7064 6464 23
6464 6221 4
6221 6783 1
6464 810 7
810 5895 12
7152 4300 23
4300 1562 16
1562 7892 18
7892 5099 13
5099 7127 4
7228 5761 23
7291 6684 23
7475 89 23
89 3962 3
7518 2455 23
2455 7418 9
7565 2339 23
7708 4329 23
7720 8418 23
7777 3047 23
7798 1834 23
7894 4882 23
4882 8470 11
7919 2615 23
8083 7479 23
8148 6079 23
6079 2535 16
8189 9149 23
8257 2522 23
8332 4193 23
4193 6286 10
8388 7371 23
7371 1132 3
1132 2046 13
2046 4628 11
4628 279 10
4628 4566 10
4566 488 12
8404 1990 23
8569 1292 23
1292 1844 8
8715 4095 23
8756 9456 23
8851 8702 23
8702 2719 19
9010 1108 23
9015 2000 23
2000 8452 4
2000 5397 20
9027 6284 23
6284 5335 6
9053 3665 23
9144 6815 23
9228 9955 23
9393 7807 23
7807 4533 8
9458 4958 23
9573 964 23
964 2670 2
2670 6022 1
2670 8505 10
2670 5105 19
964 856 21
856 6007 14
6007 2699 14
2699 4114 17
9577 8685 23
8685 7796 15
7796 9119 6
9591 6085 23
9594 5267 23
5267 2951 20
9855 7804 23
9920 4057 23
51 56 24
56 3935 8
60 8396 24
68 9915 24
9915 8566 1
100 7197 24
118 1987 24
147 3021 24
182 4122 24
227 329 24
314 2121 24
2121 3446 10
2121 825 19
348 6199 24
463 3139 24
593 5111 24
5111 4154 4
4154 3860 19
3860 4377 20
633 46 24
811 6789 24
866 2042 24
870 1270 24
1270 7210 18
878 4455 24
964 1285 24
996 4160 24
1047 8069 24
8069 1841 2
1841 6044 3
6044 9102 3
1134 7757 24
1159 2866 24
2866 2810 23
1190 1845 24
1845 7810 2
1845 6543 22
1197 1077 24
1224 7601 24
7601 6992 19
1229 4907 24
1282 4065 24
4065 2542 8
1328 7785 24
1343 6912 24
6912 9631 19
9631 5049 12
9631 4456 17
1381 8500 24
8500 7117 18
1471 367 24
1509 8071 24
8071 9514 10
8071 7202 15
8071 8532 18
9514 7617 18
1538 4374 24
1561 2676 24
2676 409 2
409 8284 22
1579 1174 24
1174 1673 13
1673 9709 7
1689 9323 24
9323 828 6
9323 1665 9
828 2888 15
2888 6331 13
6331 5297 12
1697 1979 24
1815 2311 24
1821 7732 24
7732 2426 4
2426 4224 10
4224 5936 6
5936 5201 3
5201 9719 10
9719 4939 18
4939 6957 14
6957 993 1
993 682 4
682 9839 24
9839 8015 4
8015 7484 3
7484 8875 8
1855 4304 24
4304 4178 6
4178 7754 11
1917 9463 24
9463 1498 18
1992 785 24
785 3808 4
2017 5029 24
2190 6583 24
2192 465 24
465 4599 12
4599 1631 5
1631 8355 8
2281 5558 24
5558 8984 6
2308 3713 24
2340 1227 24
2460 7342 24
2542 6413 24
2583 7639 24
7639 96 5
7639 3604 15
3604 4487 15
4487 4085 13
2586 8212 24
8212 1857 11
2692 4326 24
2741 1234 24
2787 2932 24
2837 6806 24
3037 4681 24
3113 5842 24
5842 8073 7
3121 3379 24
3167 6747 24
3255 5117 24
3292 1729 24
1729 541 21
541 6243 12
541 1440 17
1440 3382 20
541 9891 22
3374 4744 24
3448 8411 24
3516 9831 24
3517 213 24
213 9980 17
3532 955 24
3562 4166 24
3768 1571 24
1571 5820 4
3799 3483 24
3814 3571 24
3571 4828 4
3848 5216 24
3947 945 24
4050 6048 24
6048 2171 22
2171 5555 3
5555 9377 4
5555 7270 7
7270 52 20
52 4321 16
4105 2800 24
4172 6062 24
4173 3312 24
3312 3534 12
3312 6501 17
6501 7741 18
7741 4875 4
4207 2034 24
2034 6338 21
4311 6812 24
6812 9472 23
4322 2551 24
2551 5193 24
4352 7921 24
4391 1754 24
1754 9926 11
1754 2573 15
2573 4542 5
4542 3321 2
2573 1037 7
1037 7114 7
7114 8704 7
2573 8342 13
3321 772 13
772 1160 2
1160 1335 3
1160 5311 7
1335 4015 12
8704 6072 16
1754 5562 18
8704 7820 20
9926 7014 20
4015 7283 22
7014 7066 22
4407 2677 24
4420 5740 24
4633 7584 24
7584 568 20
4756 1222 24
4772 6034 24
4837 9569 24
4871 4305 24
4876 3689 24
4895 7427 24
4955 7338 24
5002 780 24
780 1192 10
1192 1961 1
1192 4386 23
5086 3189 24
5147 353 24
5148 6483 24
6483 704 4
704 1972 19
5273 7576 24
7576 8647 1
7576 300 19
5448 6105 24
6105 4002 21
5558 673 24
673 4078 11
5592 1995 24
1995 6525 8
5668 5065 24
5792 1766 24
5880 8953 24
8953 9259 9
5947 2760 24
5953 2561 24
6034 6164 24
6084 2515 24
6107 6587 24
6216 6437 24
6243 2184 24
2184 5745 12
5745 1193 10
6304 5507 24
6549 8912 24
6561 7435 24
6641 6908 24
6908 6017 13
6647 4879 24
6698 1152 24
6708 4071 24
6775 9660 24
6845 5420 24
6849 7316 24
7054 9271 24
7127 2737 24
7251 2101 24
7406 9004 24
9004 1927 12
1927 3435 4
3435 9715 13
7454 6914 24
7607 3338 24
7684 8840 24
7735 6793 24
7787 6392 24
7856 2414 24
7887 6565 24
8043 7600 24
7600 9466 20
9466 6522 18
8049 2935 24
8174 7626 24
7626 2945 9
8224 584 24
584 2307 6
584 5900 11
8310 1221 24
1221 5688 22
8331 9464 24
8451 7167 24
8468 4409 24
8537 1217 24
1217 635 4
1217 511 14
8781 9239 24
9239 6855 21
9239 2074 23
8986 5266 24
5266 3866 18
3866 6656 22
9015 7068 24
9029 4433 24
9229 8890 24
8890 5866 18
9269 6576 24
6576 575 13
575 2322 15
9292 6832 24
9318 8870 24
8870 9566 23
9398 3734 24
9467 9286 24
9286 4920 23
4920 6614 6
9475 2304 24
9590 7658 24
9721 7768 24
9766 2402 24
9971 7008 24
7008 4212 4
18 7474 25
48 9471 25
9471 1796 13
67 3731 25
101 9799 25
158 4890 25
440 8971 25
444 5552 25
481 1605 25
550 3269 25
592 2553 25
635 5753 25
644 6191 25
679 7621 25
698 3422 25
757 3936 25
820 3886 25
3886 9490 10
890 5511 25
935 7113 25
7113 2854 6
941 7964 25
986 2373 25
1007 5501 25
1086 6873 25
1178 7881 25
1294 8738 25
1331 2014 25
1336 5367 25
1353 8559 25
8559 5495 1
1457 1482 25
1466 3763 25
3763 5406 22
1571 476 25
1718 1502 25
1502 4549 10
1502 2520 13
1502 1228 17
1228 9364 4
1228 8415 14
9364 7003 17
1774 7880 25
1841 5380 25
1890 8994 25
8994 6637 24
1954 5302 25
1959 6003 25
2109 7543 25
2111 1417 25
1417 1639 17
1639 2599 3
1639 2655 19
2655 7742 18
2599 2744 19
2744 6701 23
2136 5300 25
5300 2301 21
2139 6117 25
6117 4297 3
4297 5530 8
4297 3323 12
3323 8975 19
2307 6429 25
2519 8967 25
2657 393 25
393 4917 9
4917 6920 18
393 5451 21
5451 6487 9
5451 1071 18
1071 1291 3
1291 9405 16
5451 4677 18
2659 9090 25
9090 8787 10
2694 320 25
320 4320 7
320 9098 8
2741 9425 25
3083 7381 25
7381 3076 7
3076 6374 11
3097 411 25
3497 2189 25
3639 9734 25
9734 9617 5
3652 1599 25
1599 4390 17
3687 6546 25
3724 6178 25
3787 2283 25
3817 5718 25
3933 5581 25
4190 8160 25
4195 7906 25
4239 4370 25
4281 4860 25
4400 3182 25
3182 5215 1
5215 5624 5
5624 3546 3
4560 5018 25
4900 3396 25
4972 4450 25
4985 6665 25
5052 3044 25
3044 5635 5
5635 9707 3
5092 5496 25
5238 667 25
667 8896 11
5323 1001 25
5336 9308 25
9308 8810 22
5404 3087 25
5528 5543 25
5601 1573 25
5747 6752 25
5765 6794 25
5807 6559 25
5816 8924 25
5822 6690 25
5878 9438 25
5932 3158 25
3158 7593 15
5969 1246 25
1246 6311 23
5989 1334 25
1334 6771 14
6219 4125 25
4125 8128 2
6335 9083 25
6361 2126 25
2126 4835 23
6406 1728 25
1728 932 17
1728 2432 18
2432 4778 6
6515 5119 25
5119 4729 22
4729 3332 20
4729 8286 24
6591 4492 25
6598 6534 25
6534 9714 11
6644 8667 25
8667 7801 16
6645 2069 25
2069 2746 10
6663 9243 25
6771 7074 25
6860 9736 25
9736 3646 5
3646 9803 5
6920 4909 25
7031 5884 25
5884 6123 22
6123 6008 15
7056 8707 25
8707 2780 21
7581 1199 25
1199 1570 18
1570 3412 20
1570 4685 21
7583 81 25
7591 7181 25
7181 7854 11
7715 5299 25
7719 7697 25
7697 8346 16
7848 3317 25
7882 4364 25
7926 4222 25
8136 8510 25
8188 6378 25
8292 435 25
8420 2645 25
2645 9373 4
9373 6332 20
6332 2590 1
6332 7093 21
9373 5888 22
8424 9599 25
8470 28 25
8694 6742 25
8705 8397 25
8745 8287 25
8287 2873 8
8811 8502 25
9021 7874 25
9062 4809 25
9084 4530 25
4530 7217 25
7217 3196 22
3196 4838 23
9099 4088 25
9317 1981 25
1981 957 13
957 7968 10
957 8472 15
9531 8298 25
9735 5874 25
9739 2076 25
9850 9837 25
9837 4398 25
4398 3918 16
4398 9494 22
9861 8708 25
9863 2091 25
2091 3985 6
9894 9288 25
54 179 26
165 9784 26
9784 8605 13
9784 6773 23
169 2185 26
2185 8552 4
8552 570 2
570 3840 19
3840 116 12
116 8307 19
295 3231 26
366 4524 26
4524 6652 8
6652 9246 8
6652 8278 13
8278 9841 12
8278 5421 13
6652 2488 23
392 5228 26
5228 1804 6
508 1236 26
1236 176 10
538 6005 26
586 7386 26
600 6770 26
6770 1084 3
624 1052 26
670 6570 26
6570 1493 20
692 845 26
845 6302 8
717 6492 26
722 1643 26
1643 2153 11
775 9216 26
776 1356 26
861 9402 26
862 8679 26
882 1783 26
932 8381 26
8381 9016 23
1126 6341 26
1154 2007 26
2007 5873 15
5873 6077 7
5873 1659 14
1167 9618 26
1230 4639 26
1349 5676 26
1354 7523 26
1409 603 26
1438 205 26
1491 5334 26
5334 5550 25
1495 3518 26
1522 8242 26
1573 2466 26
1603 8400 26
1780 1060 26
1898 9017 26
2028 2191 26
2191 4903 11
2285 8700 26
2332 7631 26
7631 5768 17
2387 2819 26
2408 8909 26
2566 4846 26
2669 5343 26
5343 649 16
2709 5078 26
5078 7971 22
7971 8547 12
2744 5400 26
2873 3944 26
2874 9829 26
2938 404 26
2963 562 26
2964 1188 26
1188 6872 11
3044 2909 26
2909 9452 7
2909 3318 18
3318 9898 3
3279 2582 26
3286 3210 26
3371 9012 26
3372 7564 26
3391 5108 26
3424 5804 26
5804 838 25
838 604 14
3477 6352 26
6352 397 19
3479 388 26
3565 1644 26
1644 4343 3
4343 6926 8
3567 7966 26
3638 6573 26
6573 1608 7
1608 3988 10
1608 4442 22
4442 3301 7
3301 4165 16
4165 7973 12
7973 5291 5
7973 8918 6
3647 607 26
607 8792 1
8792 5960 22
5960 7309 24
7309 7509 7
3654 9136 26
3747 6408 26
6408 681 4
6408 9959 13
6408 9848 21
9848 942 2
3802 8351 26
3831 2724 26
2724 6255 7
3866 2651 26
2651 7314 6
3866 2975 26
3955 5534 26
3994 5867 26
4228 6730 26
4233 1696 26
1696 9363 21
1696 8386 25
8386 9814 24
9814 4914 7
4345 3706 26
3706 216 26
4399 3792 26
4475 7920 26
4480 865 26
865 7394 3
7394 4252 4
865 5775 5
4252 7857 7
4555 8172 26
4622 7577 26
7577 9940 20
4628 9383 26
4700 2228 26
4778 9289 26
4843 8429 26
8429 6626 14
4887 9791 26
4919 9875 26
4992 6751 26
5007 4167 26
5017 1239 26
1239 7958 4
1239 194 6
194 8608 12
8608 108 8
1239 1351 24
1351 8231 8
5190 3699 26
5232 9838 26
9838 7424 7
7424 1850 16
5336 3591 26
5424 3589 26
5554 9138 26
5894 5271 26
5899 8328 26
6039 1940 26
6178 4144 26
6285 4836 26
4836 1122 7
6327 9248 26
6500 7829 26
6536 884 26
6564 5770 26
6570 1835 26
6673 2082 26
6966 9374 26
9374 2892 24
7002 8162 26
8162 5351 8
7102 7710 26
7129 8796 26
7331 2910 26
7473 8613 26
7505 3045 26
7681 8897 26
7852 6288 26
6288 6526 16
6526 8436 8
8436 812 13
7891 2772 26
8268 6264 26
6264 8689 24
8314 1528 26
8333 7017 26
8382 8829 26
8393 7430 26
7430 2974 3
8449 8720 26
8505 9575 26
8511 1142 26
1142 5359 7
8700 1919 26
8718 2244 26
2244 2090 12
2090 2336 12
8908 339 26
339 3729 20
3729 6781 15
9009 4537 26
4537 6578 13
9168 5933 26
5933 4582 8
9246 8928 26
9429 3125 26
9665 2131 26
9748 6586 26
9784 9331 26
9896 4943 26
1 3519 27
45 4808 27
52 9720 27
93 1088 27
120 7090 27
7090 4644 21
4644 6387 2
4644 1315 25
137 7513 27
171 3661 27
190 676 27
204 2161 27
2161 2711 8
249 7234 27
7234 2229 20
287 7304 27
374 8177 27
415 5407 27
5407 4286 2
560 7353 27
7353 3455 26
744 5578 27
5578 4556 8
4556 4946 8
4946 4264 1
4946 4511 13
806 340 27
340 4507 7
813 9184 27
9184 1930 22
884 6724 27
904 4014 27
4014 4641 4
1074 632 27
632 3844 9
1128 4121 27
1138 4126 27
1268 3794 27
1317 5582 27
5582 6756 7
1319 4303 27
4303 4854 16
1326 5715 27
1390 2236 27
1407 9903 27
1586 777 27
1600 505 27
505 7431 6
1643 8727 27
8727 7363 15
7363 5540 12
5540 7485 9
7485 8114 22
1653 908 27
908 1441 3
908 3691 12
3691 2647 7
2647 7414 5
2647 3708 12
908 4787 14
1441 4853 15
3691 4069 17
1797 5687 27
1929 4194 27
1987 3884 27
2020 8488 27
8488 2012 14
2224 4359 27
2229 3493 27
2431 2634 27
2536 1399 27
2570 6609 27
2574 8629 27
2699 3402 27
2727 6093 27
2811 2044 27
2044 2382 22
2976 6521 27
3000 2728 27
3004 4206 27
4206 9349 16
4206 9914 23
3279 774 27
3433 5645 27
5645 6200 19
3467 6019 27
3708 5155 27
5155 8808 3
8808 7374 5
7374 5425 11
5425 4465 16
3816 4645 27
4645 307 14
4006 4384 27
4290 2610 27
2610 6848 3
2610 1404 17
4559 8805 27
4751 4839 27
4860 9827 27
9827 7100 5
7100 486 21
486 6269 24
4975 6204 27
5019 5293 27
5053 1590 27
1590 7361 3
7361 4714 6
5176 4414 27
5192 3508 27
5233 9350 27
5453 7842 27
5537 1058 27
1058 8315 20
5541 4904 27
4904 8828 22
5552 8282 27
5630 7624 27
5902 2845 27
2845 991 3
5914 8567 27
6017 4940 27
4940 9157 9
9157 5154 1
9157 6364 15
5154 2371 27
6142 2643 27
6152 6563 27
6186 8357 27
6195 1215 27
6212 6232 27
6289 9518 27
6491 8825 27
6515 1429 27
6855 5585 27
6920 9541 27
9541 4340 21
7017 5483 27
7250 6319 27
6319 8672 14
8672 7884 13
8672 6523 15
7884 3138 22
7257 2430 27
2430 7246 23
7323 8673 27
8673 8529 22
7444 3605 27
3605 3730 6
7553 8085 27
7576 969 27
969 8159 27
8159 6340 25
7614 9576 27
7687 1119 27
7754 5361 27
5361 3213 15
5361 3071 19
3071 6224 10
6224 3782 7
3071 5976 24
5976 7204 5
7819 3629 27
7876 10 27
10 2237 8
10 421 16
7928 9242 27
9242 9110 1
7936 9765 27
8006 5649 27
8014 3264 27
8219 525 27
525 1489 18
8284 3539 27
3539 1725 14
8389 835 27
8499 8550 27
8660 5218 27
8675 3134 27
3134 3498 14
3498 9873 9
8782 5016 27
8808 7142 27
8878 9479 27
9479 8736 11
8918 7413 27
9020 9441 27
9040 5714 27
9045 7888 27
9093 3347 27
9114 475 27
9134 6389 27
9213 6182 27
9246 6061 27
6061 3758 16
3758 8459 15
9253 5849 27
9253 6241 27
9352 5205 27
5205 8842 24
9484 9107 27
9594 9218 27
9218 4253 14
295 7922 28
343 2329 28
355 7184 28
7184 9267 15
9267 1496 11
419 5982 28
616 5309 28
654 7878 28
673 5082 28
5082 7986 13
5082 7731 16
5082 1914 17
722 4988 28
861 2088 28
896 6235 28
6235 7399 23
987 2872 28
2872 596 10
1224 4500 28
1235 5253 28
1248 545 28
545 8848 14
1260 3169 28
1436 3031 28
1455 8313 28
1522 1900 28
1639 5906 28
1667 7691 28
1712 6238 28
1739 4886 28
1742 5497 28
1842 1567 28
1958 4163 28
4163 6450 5
4163 3556 12
4163 9206 19
9206 7302 17
6450 1198 25
1198 9294 18
9294 8265 17
2049 5952 28
2342 1274 28
2416 699 28
2475 1049 28
2533 8950 28
2580 2917 28
2583 8564 28
8564 9011 2
8564 3541 20
3541 3009 9
2612 1703 28
2672 1030 28
1030 8976 19
2979 3355 28
3355 1869 2
3014 7934 28
3043 3846 28
3846 950 10
950 402 9
950 4841 21
950 8324 21
950 4739 24
3104 9673 28
3106 5097 28
5097 3197 6
3127 3856 28
3856 1776 11
3194 2532 28
3335 2808 28
3397 6010 28
3561 3282 28
3282 8748 10
8748 1902 6
3577 3570 28
3737 6436 28
6436 4947 20
3747 6087 28
3786 7322 28
7322 9886 4
3932 3784 28
3784 3651 20
3651 2483 21
4039 7504 28
4045 8139 28
4100 4608 28
4234 2836 28
4274 4833 28
4319 4801 28
4801 1658 19
4380 9381 28
9381 8635 2
4479 1370 28
1370 6878 22
6878 3979 8
3979 9337 25
4535 5208 28
5208 7451 2
5208 7268 13
4557 7734 28
4574 5773 28
4615 9117 28
4755 2867 28
4963 3032 28
3032 261 14
3032 2474 14
2474 6778 8
6778 3351 13
261 9142 26
4968 9900 28
4978 1512 28
1512 9641 3
5043 5594 28
5209 4653 28
5355 9983 28
5388 6846 28
5560 6439 28
5620 3656 28
3656 469 13
5961 7519 28
7519 794 15
5984 5465 28
5990 6792 28
5992 6165 28
6165 9560 1
9560 2589 15
6042 3198 28
3198 8061 2
3198 8095 24
6123 7060 28
6508 6157 28
6534 6271 28
6271 7299 22
7299 9782 4
6600 8113 28
6758 5106 28
6775 1068 28
6869 786 28
6886 5780 28
6972 9092 28
7127 9446 28
7206 3950 28
7232 1433 28
7349 6074 28
6074 5371 14
7431 6351 28
7643 8390 28
7698 4063 28
7780 2625 28
2625 7335 9
7857 6838 28
7883 9041 28
9041 4328 16
8113 231 28
8143 4994 28
8163 9953 28
8351 1325 28
8706 5025 28
5025 8534 19
9125 4427 28
9242 7907 28
9473 5150 28
5150 7472 23
9596 3221 28
9663 4902 28
9729 2315 28
9748 2106 28
9763 6179 28
6179 1628 27
1628 648 18
1628 3211 20
9797 2792 28
2792 2857 5
2857 6721 2
9799 5093 28
9818 2740 28
9873 8826 28
79 177 29
220 430 29
328 891 29
891 1421 5
1421 3679 16
3679 310 6
891 3835 27
365 284 29
374 2752 29
375 6844 29
428 4505 29
599 5087 29
716 341 29
867 2720 29
879 7944 29
975 7385 29
1007 5221 29
1024 1271 29
1289 9148 29
9148 8607 14
1332 7775 29
7775 2215 12
2215 1286 14
1351 6691 29
6691 9701 7
1487 8656 29
1549 1123 29
1688 5949 29
5949 8881 14
1705 4215 29
1766 1827 29
1845 3513 29
1912 4360 29
2022 2642 29
2642 8211 12
8211 8987 18
8211 6620 25
6620 9622 20
2218 7776 29
2740 707 29
2867 2222 29
2222 1454 5
2869 6572 29
6572 2097 24
2913 1693 29
2923 2257 29
3115 6608 29
3149 1560 29
3196 9822 29
9822 3901 2
9822 2165 20
2165 9315 27
9315 6104 15
6104 2864 8
6104 4495 20
3202 8369 29
8369 9570 11
8369 2767 12
3771 4310 29
4310 3740 24
3815 3259 29
3821 8970 29
3834 5841 29
5841 680 18
680 7419 1
680 4376 2
5841 3509 26
3509 8374 3
680 5487 29
3946 4413 29
3987 3478 29
3478 5923 17
3478 2039 27
4220 9674 29
4247 9121 29
4320 4785 29
4420 2349 29
2349 980 9
4422 5136 29
4552 6681 29
4774 459 29
459 8232 15
4810 4632 29
4851 2843 29
4953 9974 29
9974 7912 15
5030 7159 29
5055 5741 29
5552 7547 29
5733 7495 29
5761 5022 29
5022 7269 11
5813 9680 29
9680 6502 10
6027 9501 29
6048 5854 29
6056 7380 29
6322 8806 29
6392 5197 29
5197 8053 3
6446 4269 29
4269 8570 26
6622 3186 29
6721 2470 29
6972 9181 29
6974 1284 29
1284 688 24
688 2949 16
688 9788 16
6981 2799 29
2799 3528 21
3528 6102 2
3528 7050 8
6996 2140 29
7054 8966 29
8966 7812 6
7172 9147 29
7190 1778 29
7245 6970 29
7346 6746 29
7530 7476 29
7909 1984 29
7935 8623 29
8623 8900 10
8623 6444 11
8127 8885 29
8885 7278 8
8885 2103 10
8459 2491 29
8499 9759 29
8850 6163 29
6163 2919 22
8856 8394 29
8394 3495 18
9022 8440 29
9223 5535 29
9418 2898 29
2898 4115 1
9475 2032 29
2032 8215 6
8215 7043 28
9821 6299 29
9886 3496 29
9957 7526 29
345 7126 30
7126 2569 22
2569 2182 2
2569 1403 19
581 927 30
927 8487 1
758 5998 30
5998 7230 15
812 4139 30
821 2064 30
1156 9409 30
1171 9632 30
1407 5707 30
1518 3053 30
1533 9187 30
1568 9141 30
1571 5999 30
5999 8678 2
5999 1817 28
1635 7941 30
1684 9559 30
1787 740 30
740 8261 16
740 8783 29
1791 3334 30
1879 3399 30
3399 8946 29
1898 7511 30
1948 7258 30
1979 4344 30
1992 2325 30
2022 7455 30
2034 9150 30
9150 3222 22
2083 3635 30
3635 6143 11
3635 3327 12
2104 3368 30
2106 5644 30
2120 3249 30
2131 9442 30
2393 8618 30
2439 5260 30
5260 5057 14
2452 3395 30
2510 153 30
2568 3750 30
3750 7235 5
3750 3512 8
2593 9755 30
2599 7609 30
2685 5858 30
2738 3903 30
2784 6867 30
2848 3360 30
2877 7745 30
3051 8309 30
3071 5836 30
3125 1619 30
3176 5372 30
3192 2003 30
3196 197 30
197 1358 9
1358 1099 14
3210 6557 30
3282 1978 30
3286 3806 30
3494 9982 30
3567 2384 30
3569 7199 30
3613 2588 30
4025 6385 30
6385 5275 25
5275 7641 20
4095 992 30
992 6290 24
4121 1342 30
4175 1231 30
4556 7057 30
4644 5377 30
4737 8521 30
4747 6129 30
4770 3462 30
4784 6929 30
4904 6020 30
5040 5520 30
5520 7195 1
5520 3451 6
5047 8847 30
5089 1868 30
5262 9571 30
5306 2476 30
2476 3614 11
2476 8604 11
3614 414 17
5334 5054 30
5054 6263 22
6263 9946 29
5436 6836 30
5541 6732 30
5706 3582 30
5772 5533 30
5533 7608 26
7608 6028 1
6028 7727 5
7608 2806 5
6014 7009 30
7009 9028 15
6214 7540 30
7540 8636 16
7540 7885 28
7885 7481 20
7481 203 28
6496 1415 30
6923 7879 30
6930 6936 30
7269 394 30
394 9965 8
7320 3365 30
7489 8370 30
7768 3993 30
7866 9461 30
7981 9737 30
9737 6144 18
8056 9751 30
8678 9768 30
9208 8337 30
9547 1416 30
9549 6514 30
9571 4619 30
9624 7296 30
7296 9025 18
9626 6937 30
9732 187 30
9885 1151 30
9964 9598 30
228 4927 31
320 6901 31
325 9324 31
600 8610 31
8610 9135 21
9135 2381 29
628 1578 31
709 1504 31
724 7689 31
7689 5788 1
5788 6713 28
916 7728 31
7728 336 6
7728 5494 30
1219 8844 31
1294 7391 31
1299 1307 31
1313 226 31
1324 6171 31
6171 6601 8
6601 4529 25
4529 5903 20
4529 9644 29
1343 6267 31
1455 151 31
1535 8379 31
8379 1139 27
1139 8746 13
1139 3900 22
1705 1675 31
1816 9621 31
1908 7566 31
7566 6643 2
7566 4466 16
4466 8830 6
8830 9290 1
9290 3373 16
9290 1620 25
1620 1477 25
2246 5658 31
2291 1582 31
2351 4423 31
2358 9941 31
2464 798 31
2770 6555 31
2809 791 31
791 2539 1
2539 1444 27
3098 6399 31
3106 8985 31
8985 6613 6
3397 7629 31
3405 6760 31
3415 2071 31
3435 6545 31
3439 7158 31
3470 1098 31
3500 1186 31
3502 651 31
3682 6784 31
3694 6488 31
3704 4133 31
3962 2037 31
4044 436 31
4207 8733 31
4479 4725 31
4886 6925 31
6925 8822 10
4923 8514 31
5075 656 31
656 3407 3
5099 7959 31
5222 4643 31
4643 286 2
286 2716 25
5239 7387 31
5266 3429 31
5752 5041 31
5759 7667 31
5852 1598 31
1598 2700 18
5938 8419 31
5993 9111 31
9111 4011 17
4011 6167 6
9111 2365 19
2365 2656 26
2656 4745 26
6425 6103 31
6103 4763 6
6599 8038 31
6655 3401 31
6955 5904 31
7009 6828 31
7064 7388 31
7271 2623 31
2623 4093 27
7271 5837 31
7693 6018 31
7723 5348 31
8001 2364 31
8013 1494 31
1494 2306 7
8186 9403 31
8193 8883 31
8465 6915 31
8775 4294 31
8870 5084 31
9091 4353 31
9441 5161 31
5161 1469 1
49 1395 32
74 3700 32
173 4832 32
188 479 32
487 6468 32
542 1755 32
1755 4760 8
4760 2776 27
2776 6411 8
6411 7409 5
1755 4856 30
590 4967 32
697 6818 32
768 7755 32
7755 5713 25
925 5603 32
1105 1536 32
1536 1794 8
1794 8005 6
1119 9962 32
9962 6184 12
1195 6452 32
1288 6023 32
1293 8024 32
1329 8032 32
1471 4263 32
1570 2211 32
1651 610 32
1799 6983 32
1968 3340 32
1994 159 32
2038 6082 32
2138 8414 32
2258 7811 32
2280 4638 32
2283 5059 32
2492 8641 32
2627 9524 32
2821 2682 32
2682 7993 11
3162 5839 32
5839 7240 27
7240 2494 5
3192 5151 32
5151 2389 23
3284 5391 32
5391 9313 1
5391 6862 3
3310 5251 32
3357 2833 32
3456 4153 32
3645 1822 32
3982 3913 32
4361 4019 32
4418 6381 32
4476 6661 32
4595 5651 32
4795 3597 32
4833 2350 32
5073 6398 32
5245 719 32
719 266 4
5337 5264 32
5264 6382 19
6382 1751 18
1751 2122 12
2122 5010 21
5528 1772 32
1772 7402 18
5585 3188 32
5621 4647 32
5746 6405 32
5764 3905 32
5802 3048 32
3048 6799 7
5877 84 32
84 157 7
5877 857 32
5893 3420 32
5901 4283 32
4283 7154 32
5955 8125 32
6003 9493 32
9493 8991 24
6019 3359 32
3359 2458 2
3359 4604 24
6026 3917 32
6089 5944 32
5944 4454 15
6095 6791 32
6116 7905 32
6332 5115 32
6445 1449 32
1449 3199 6
6496 350 32
6538 4268 32
6560 2933 32
6594 7096 32
7096 2094 4
6619 6456 32
6932 5268 32
7149 4806 32
7305 8910 32
8910 1719 14
7358 5282 32
5282 7384 10
7454 9795 32
7487 8016 32
7732 7529 32
8278 3836 32
3836 5583 17
3836 9627 30
3836 5345 32
8475 9396 32
8594 9934 32
8601 8198 32
8741 3818 32
8847 9076 32
8849 1962 32
1962 7157 15
8940 9893 32
9021 5236 32
9259 1971 32
1971 7168 20
9354 9437 32
9546 3670 32
9659 1521 32
9987 5564 32
5564 5088 2
5088 4634 15
26 5120 33
557 7573 33
584 4313 33
599 7187 33
757 6623 33
1029 9372 33
9372 8785 8
1093 1863 33
1194 6833 33
1397 8759 33
1458 8327 33
1838 3599 33
1872 8329 33
2163 9100 33
9100 1259 27
2494 4673 33
2525 8876 33
8876 9517 23
2626 2264 33
2757 792 33
792 5669 21
792 2791 31
2950 6548 33
3354 3015 33
3015 4950 5
3572 6870 33
3718 7393 33
3850 6367 33
3857 2637 33
3897 5182 33
3898 7326 33
3977 6194 33
6194 8762 31
4297 9877 33
9877 5379 19
5379 860 29
4334 8798 33
8798 9153 2
9153 3345 17
4536 1779 33
1779 924 8
4570 9655 33
4614 8210 33
8210 4758 6
5187 6050 33
5312 2928 33
2928 4411 11
5411 5751 33
5804 5758 33
5842 493 33
493 5777 26
5777 2955 20
6307 5756 33
6324 3867 33
6804 5490 33
5490 3367 10
6870 4708 33
4708 4735 3
6925 4448 33
4448 8221 12
6930 8664 33
7408 4624 33
7451 8306 33
7526 7758 33
8181 5689 33
8274 6824 33
8357 4728 33
4728 3161 18
8727 8206 33
8206 3945 27
9082 3963 33
3963 9804 23
9165 6208 33
9200 3677 33
9416 3466 33
9453 9116 33
9484 1113 33
9606 3475 33
9665 4434 33
9677 983 33
9971 5922 33
153 6933 34
158 7225 34
434 8335 34
667 5224 34
792 9173 34
887 1337 34
966 614 34
1077 2790 34
1152 9097 34
9097 4365 30
1155 4197 34
1301 8290 34
1331 7748 34
1345 5744 34
1415 7673 34
1431 1017 34
1459 2041 34
1614 8839 34
1729 3733 34
1804 3285 34
3285 3970 3
3285 7333 11
1869 2052 34
2320 8523 34
8523 6941 4
2401 5427 34
2836 7273 34
2877 6001 34
3119 7870 34
3169 5141 34
3194 1715 34
3311 6162 34
3854 8978 34
3939 5370 34
4072 5409 34
5409 8949 15
4078 9824 34
9824 4703 25
4130 3016 34
4356 3008 34
4362 7901 34
4419 7861 34
7861 7340 27
4498 844 34
4906 3135 34
3135 8057 14
3135 8341 17
5011 3262 34
5100 4579 34
5104 9558 34
9558 5130 6
5334 9164 34
5404 3957 34
5605 5995 34
5995 1303 33
1303 7022 34
5690 7106 34
5902 4179 34
5926 2033 34
5953 5327 34
5327 6434 2
6434 4913 25
5986 7862 34
6614 2742 34
7158 8217 34
7263 6905 34
6905 4502 20
4502 8904 6
7315 8366 34
7336 1448 34
1448 2577 23
2577 1164 2
1164 1520 20
7337 5001 34
7547 7169 34
7602 4142 34
7722 9175 34
9175 4426 14
4426 9307 20
9175 8709 31
7872 8256 34
8238 8448 34
8470 936 34
936 2087 29
8925 501 34
9591 2472 34
9873 7851 34
9915 6036 34
9945 4695 34
9946 5473 34
9959 7983 34
154 1956 35
1956 7596 6
186 7253 35
204 1943 35
222 7701 35
413 2478 35
542 2801 35
2801 2419 23
623 647 35
700 543 35
543 7575 33
1060 732 35
1067 7352 35
1443 5959 35
1643 7055 35
7055 6906 3
1736 944 35
944 1692 17
1953 3226 35
3226 3166 6
3166 4924 10
2222 4357 35
2267 8817 35
2345 8270 35
2346 6977 35
2406 7638 35
2407 1488 35
2453 6896 35
6896 7252 12
2465 2210 35
2742 3968 35
2834 8508 35
8508 8457 28
2866 8454 35
3968 8264 35
4054 7967 35
4143 6466 35
4306 9385 35
4537 3550 35
4584 2067 35
4615 5254 35
4777 4674 35
4879 6726 35
5022 6667 35
5164 7679 35
5267 8778 35
5444 6552 35
5794 6145 35
5921 9899 35
6118 3607 35
6173 1946 35
6315 7690 35
6381 9152 35
6410 3874 35
6656 4719 35
7584 2889 35
7699 7053 35
7850 3460 35
8470 2693 35
8971 8365 35
8365 8209 8
8209 5823 19
9025 4491 35
9098 2597 35
9657 6188 35
9827 4367 35
9909 7051 35
9955 9034 35
16 7131 36
97 3018 36
97 9805 36
269 468 36
387 4601 36
4601 6776 20
483 3741 36
3741 7464 16
753 1656 36
867 322 36
966 6678 36
1000 9273 36
1046 3058 36
1061 1311 36
1311 5890 15
5890 4460 21
1207 389 36
1236 9118 36
1237 7860 36
1274 7632 36
2168 9770 36
9770 4636 17
4636 4075 16
4075 7091 4
2171 1205 36
2257 6280 36
2352 7634 36
2361 5917 36
2419 7743 36
2450 5396 36
5396 6531 34
2727 4230 36
2880 513 36
2975 1777 36
3172 1255 36
3330 6904 36
3424 9285 36
3433 2167 36
3709 3036 36
3036 8695 7
4053 7818 36
4125 9325 36
4276 5517 36
5517 2242 25
4454 6887 36
4482 5214 36
4566 6709 36
4592 5149 36
5149 2068 12
4636 6282 36
4916 4629 36
5079 9411 36
5154 2181 36
5556 7466 36
5769 4489 36
5832 5333 36
5333 1015 12
1015 1020 36
1020 6569 6
5883 7398 36
6020 6416 36
6068 4752 36
6222 9762 36
6316 8243 36
6833 2564 36
6983 7130 36
7020 3883 36
7362 3919 36
7393 4944 36
7718 3390 36
7873 3820 36
8132 9700 36
8171 3489 36
8222 8799 36
8893 981 36
9048 6997 36
9151 7248 36
9524 3117 36
9729 5965 36
17 2099 37
189 5249 37
347 4637 37
466 9252 37
607 484 37
735 1391 37
889 9360 37
931 9859 37
1257 90 37
1267 6493 37
1284 5557 37
1347 9423 37
1370 207 37
1582 2273 37
2121 3322 37
2723 8484 37
2726 9746 37
2778 8691 37
8691 7165 8
2986 6262 37
6262 2600 30
3268 4759 37
3436 8998 37
8998 7411 32
3448 3419 37
3711 6994 37
3726 9434 37
9434 9616 6
9434 1913 10
4028 7279 37
7279 3235 9
4358 8463 37
8463 3598 20
4365 1641 37
1641 1616 4
4484 8364 37
4503 8455 37
4515 8571 37
4931 6329 37
5310 2040 37
2040 3549 21
5660 1374 37
5867 6071 37
5999 6169 37
6169 4452 24
6127 3895 37
6271 6830 37
6319 8102 37
6378 7948 37
6418 7783 37
6575 7615 37
6683 1208 37
1208 797 23
1208 8157 33
8157 9749 5
6900 7110 37
7462 7265 37
7896 6989 37
7939 4798 37
8396 4630 37
8537 8035 37
8736 4573 37
8748 6359 37
8969 9906 37
9343 5363 37
9492 6712 37
9735 1225 37
211 8187 38
217 982 38
297 630 38
630 9387 7
9387 7843 22
298 3223 38
380 7688 38
1272 9183 38
1379 4348 38
1393 8757 38
8757 3049 35
3049 7077 35
1478 6108 38
6108 5749 37
1508 6662 38
1903 5859 38
1921 2797 38
2057 6303 38
2107 5821 38
2211 5619 38
5619 9249 19
2461 850 38
3098 9036 38
3173 7261 38
7261 6797 33
3235 2493 38
3446 8765 38
4090 9705 38
4216 4117 38
4286 4862 38
4292 4620 38
4489 8362 38
4496 8980 38
4574 6251 38
4628 6829 38
4881 1238 38
1238 8107 34
5886 2768 38
6167 1775 38
6240 9925 38
6248 8403 38
6446 4052 38
7028 5704 38
7309 6890 38
7657 4249 38
8084 3179 38
8259 3954 38
3954 8597 27
8330 1468 38
8494 4981 38
8894 7310 38
8957 9230 38
9381 4168 38
193 631 39
310 8012 39
8012 2489 25
361 3165 39
365 2204 39
559 1738 39
630 410 39
712 3305 39
731 1247 39
1247 8173 36
772 1569 39
992 2323 39
1094 6254 39
1222 1081 39
1329 9264 39
1377 7486 39
1481 6015 39
1513 7972 39
3104 4506 39
3158 9649 39
3287 5574 39
3288 8356 39
3814 8066 39
8066 3642 31
3815 1261 39
3965 4395 39
4184 6045 39
4652 8275 39
4708 6686 39
6686 8371 29
4985 9661 39
4995 9378 39
5042 7756 39
7756 9966 14
5274 8079 39
5396 9602 39
6218 7659 39
6286 1805 39
6959 7588 39
7156 1277 39
7518 9414 39
7631 5399 39
8489 9176 39
9288 8131 39
9538 2967 39
9568 4240 39
9721 3178 39
498 4612 40
1139 565 40
565 5652 8
1161 9556 40
1890 4080 40
4080 8289 1
2695 7616 40
2811 6390 40
2832 671 40
671 8915 2
671 7428 17
3829 7954 40
4501 8922 40
4914 5223 40
5223 2396 25
5321 9907 40
9907 5301 39
5941 2748 40
6318 3798 40
6456 6402 40
6470 4463 40
6574 3514 40
7153 8749 40
7633 2166 40
7671 728 40
7910 4331 40
8012 6705 40
8706 9268 40
9308 1610 40
91 2747 41
2747 4980 40
141 2214 41
266 6447 41
307 7507 41
598 705 41
839 8684 41
913 8831 41
953 7303 41
1137 4031 41
1152 6542 41
1267 9911 41
1826 2114 41
1919 6979 41
2628 3847 41
3847 6472 34
2743 7108 41
2888 7332 41
3162 8996 41
3351 7974 41
3379 5828 41
3388 3046 41
3551 2896 41
2896 9342 20
9342 3630 34
3673 4020 41
4043 4221 41
4221 3499 23
4869 3921 41
4932 6551 41
5050 9420 41
5205 6509 41
5229 714 41
5800 6823 41
6823 9913 34
9913 2555 10
6298 6831 41
6359 3080 41
6937 2500 41
7190 3780 41
7480 243 41
7638 3366 41
7756 3392 41
7769 1040 41
8442 9007 41
9501 8868 41
311 6349 42
578 6960 42
1008 4145 42
1298 9601 42
1461 6054 42
1551 1148 42
1653 4189 42
1741 2929 42
1841 9077 42
1885 7010 42
1929 8588 42
2476 5655 42
3776 5103 42
3927 1949 42
4549 8712 42
5706 6401 42
6011 7236 42
7236 6313 28
6313 6512 17
6714 3941 42
6847 4086 42
7473 9160 42
7756 8627 42
8318 5177 42
8867 8093 42
9252 7078 42
9633 7104 42
7104 9222 17
9712 9241 42
18 66 43
487 7233 43
735 2183 43
749 7005 43
775 9612 43
1138 9876 43
9876 3972 39
1220 5779 43
1433 8010 43
2372 5515 43
2832 7642 43
3416 5957 43
4088 282 43
4847 4001 43
5316 6096 43
5631 9975 43
9975 5441 2
5441 4662 41
5799 3928 43
5987 582 43
6139 8227 43
6360 5939 43
6631 9578 43
7126 6653 43
6653 6669 6
7178 6889 43
7504 5795 43
7928 7733 43
8656 5981 43
8868 9592 43
9089 8464 43
9183 7097 43
9251 5454 43
9486 4540 43
61 9741 44
821 2816 44
910 7950 44
7950 2009 37
977 4625 44
1062 4868 44
1392 9214 44
1585 7899 44
1659 8680 44
8680 4404 16
1703 8770 44
2243 7502 44
2581 2547 44
2670 6247 44
2969 6328 44
3220 7802 44
3451 5791 44
3457 6582 44
3921 3526 44
4144 4656 44
4432 3548 44
4778 4112 44
4920 7763 44
7763 5037 12
5427 2113 44
5581 3671 44
5685 6414 44
7401 7092 44
7092 3574 3
7763 4954 44
8289 1967 44
9466 8296 44
9541 7219 44
97 2884 45
258 4469 45
1033 9384 45
1176 8519 45
1993 7290 45
2124 4330 45
2297 3203 45
2625 8535 45
3189 3940 45
3203 8146 45
3437 1384 45
3502 4047 45
4016 3309 45
4100 6112 45
4699 6990 45
5028 8880 45
8880 1625 3
5058 9711 45
5478 9215 45
5780 8926 45
6113 9527 45
7973 9581 45
546 5431 46
708 7423 46
1408 5641 46
2665 4323 46
2777 7717 46
3429 4738 46
5682 4102 46
4102 4441 14
5829 9370 46
6372 8551 46
6476 8377 46
6489 7373 46
7175 9192 46
8899 6899 46
9094 8917 46
9233 8416 46
9258 6407 46
98 715 47
805 9101 47
1053 3140 47
1222 1685 47
1590 3801 47
1683 6980 47
6980 7561 17
1842 9716 47
9716 9244 31
2367 5360 47
3252 8017 47
3595 9154 47
3785 8165 47
4068 9044 47
6634 9692 47
6874 6978 47
7147 4692 47
7593 8662 47
9735 5244 47
575 6524 48
836 9849 48
1570 9051 48
2109 9529 48
2388 1201 48
1201 686 19
2399 3052 48
2572 9087 48
2705 429 48
429 2490 9
3038 6400 48
3112 1997 48
3567 6424 48
3578 8166 48
4291 1572 48
4682 8105 48
5150 2420 48
6946 5738 48
7213 5962 48
8140 5368 48
9047 830 48
9049 6635 48
9111 4289 48
9242 4394 48
9606 4805 48
9987 7193 48
481 2875 49
937 5606 49
1110 4226 49
4226 2914 19
2914 4036 27
3650 7655 49
4629 710 49
4749 6693 49
4826 3082 49
6640 5289 49
7648 8055 49
7879 7421 49
8105 9122 49
8165 7740 49
8233 8657 49
8359 2335 49
8521 7015 49
9103 6354 49
9556 4315 49
168 7744 50
438 5112 50
513 6180 50
658 4332 50
714 2731 50
1702 1200 50
2115 3863 50
2159 9917 50
4654 4188 50
4739 7146 50
5001 7913 50
5230 6510 50
5872 7004 50
5912 9689 50
9689 4948 13
8491 1636 50
8877 6796 50
6796 5835 15
117 1361 51
574 7761 51
607 3362 51
722 8280 51
3086 9444 51
4066 6373 51
4341 4461 51
4657 9589 51
5110 3826 51
3826 5595 27
5642 4369 51
6597 7174 51
9090 2704 51
2704 9944 4
193 9172 52
897 6902 52
1331 4474 52
1399 6719 52
1961 7955 52
2612 8003 52
5493 3915 52
5543 9733 52
8953 6369 52
80 2279 53
345 359 53
1246 4779 53
1259 7133 53
2229 8336 53
3558 8153 53
4654 7695 53
6489 4664 53
6794 3441 53
7030 4051 53
4051 1974 31
4051 5710 42
7084 5061 53
8234 739 53
739 5951 44
8826 990 53
9286 8230 53
1414 7809 54
1985 864 54
2055 6283 54
2142 9238 54
2498 4412 54
2952 2010 54
3038 8719 54
4102 6441 54
4592 1505 54
5542 4976 54
7656 7915 54
8672 8361 54
9198 5699 54
1350 3744 55
2024 3543 55
4518 8663 55
8147 4804 55
8605 4722 55
4722 2443 24
9266 7116 55
9433 4578 55
1848 5653 56
5653 6916 20
2180 2712 56
3820 9031 56
5780 6435 56
9906 7645 56
370 5243 57
746 561 57
1430 5697 57
3858 383 57
7654 3180 57
8017 3130 57
3130 4891 56
9739 7140 57
2247 5508 58
3896 3890 58
3890 4650 44
3890 7007 55
5047 2706 58
5942 3184 58
7033 7644 58
7039 9722 58
8459 8779 58
9549 9658 58
1215 3085 59
2519 6843 59
2658 3830 59
3392 2713 59
1484 1998 60
1568 1352 60
2013 8671 60
2551 1189 60
3021 9145 60
3926 8560 60
4480 7375 60
4537 7571 60
6309 7825 60
7153 3627 60
9420 5850 60
5850 2679 8
575 1365 61
4100 4877 61
6316 1519 61
6854 8593 61
707 5876 62
2345 6820 62
38 7191 63
67 7759 63
3535 2982 63
3671 8578 63
3830 7991 63
4562 9754 63
2261 4857 64
3244 4678 64
6295 7327 64
9527 9413 64
988 1654 65
1955 7897 65
2090 7211 65
5404 8864 65
9943 5801 65
2314 8322 66
7387 9485 66
8043 9202 66
8779 7277 66
637 7081 67
1298 3888 67
9542 5626 67
1074 7603 68
2321 8180 68
2394 1173 68
2690 9379 68
5229 6680 68
7222 3224 68
8933 8477 68
9978 3891 69
1434 4110 70
4524 9113 70
4310 3450 71
934 2051 73
3259 1880 73
5207 5980 73
2330 6210 74
4040 7996 74
98 3668 75
377 5195 75
436 7816 75
1562 1618 75
1455 9275 76
4896 4689 76
9274 8577 77
2625 9693 78
7104 5865 78
3283 8343 80
8978 3544 81
345 2994 84
2209 9469 86
755 3404 87
5543 6694 87
7017 8283 89
180 906 93
1472 9182 95

Total MST weight: 153388

Execution Time: 40.572 ms
